impression_id,campaign_id,play_event_id,served_at,programme_id,ad_position,device_type,revenue_gbp
IMP00000001,CAM0020,EV00019752,2025-03-11T14:59:03,P006,mid,tablet,0.0408
IMP00000002,CAM0045,EV00002999,2025-09-12T19:46:05,P018,pre,mobile,0.0417
IMP00000003,CAM0052,EV00011472,2025-12-12T22:38:54,P039,pre,mobile,0.0446
IMP00000004,CAM0038,EV00016353,2025-10-20T19:01:36,P031,mid,mobile,0.0421
IMP00000005,CAM0056,EV00011465,2025-06-09T17:29:52,P032,mid,mobile,0.0211
IMP00000006,CAM0051,EV00003288,2025-10-31T17:24:34,P019,mid,mobile,0.0257
IMP00000007,CAM0023,EV00002927,2025-08-02T18:41:15,P051,pre,streaming_stick,0.0257
IMP00000008,CAM0011,EV00001179,2025-05-20T07:07:39,P038,pre,tablet,0.0284
IMP00000009,CAM0045,EV00018531,2025-11-08T23:56:01,P037,pre,mobile,0.0361
IMP00000010,CAM0014,EV00000798,2025-05-02T15:54:29,P053,pre,mobile,0.0447
IMP00000011,CAM0011,EV00009150,2025-03-12T19:44:52,P042,pre,streaming_stick,0.0307
IMP00000012,CAM0036,EV00010725,2025-02-22T20:43:20,P032,mid,tablet,0.0281
IMP00000013,CAM0022,EV00018033,2025-07-05T14:53:08,P052,pre,streaming_stick,0.0267
IMP00000014,CAM0046,EV00000031,2025-12-23T11:25:36,P021,pre,tablet,0.0414
IMP00000015,CAM0050,EV00014166,2025-01-05T13:15:42,P047,pre,mobile,0.0222
IMP00000016,CAM0013,EV00007692,2025-04-08T18:09:22,P055,mid,mobile,0.0237
IMP00000017,CAM0028,EV00018482,2025-09-11T16:48:54,P038,mid,tablet,0.0269
IMP00000018,CAM0006,EV00011128,2025-10-30T13:37:52,P020,mid,tablet,0.0295
IMP00000019,CAM0020,EV00016907,2025-08-05T10:00:13,P024,post,desktop,0.0224
IMP00000020,CAM0005,EV00017913,2025-12-20T12:36:02,P030,pre,mobile,0.0409
IMP00000021,CAM0025,EV00017420,2025-03-01T18:14:32,P022,post,mobile,0.03
IMP00000022,CAM0008,EV00004699,2025-03-28T15:00:06,P055,pre,tablet,0.0365
IMP00000023,CAM0020,EV00002666,2025-08-26T17:00:38,P037,pre,mobile,0.0263
IMP00000024,CAM0045,EV00001060,2025-06-22T07:50:51,P009,pre,tablet,0.0382
IMP00000025,CAM0058,EV00009414,2025-10-11T10:00:57,P001,mid,mobile,0.026
IMP00000026,CAM0040,EV00014225,2025-04-07T14:28:51,P053,mid,smart_tv,0.0428
IMP00000027,CAM0058,EV00002734,2025-11-19T14:32:51,P027,mid,smart_tv,0.0254
IMP00000028,CAM0021,EV00016428,2025-08-19T23:55:37,P002,pre,smart_tv,0.031
IMP00000029,CAM0035,EV00015087,2025-05-29T15:26:58,P028,mid,tablet,0.0211
IMP00000030,CAM0048,EV00018217,2025-04-29T15:51:15,P033,pre,smart_tv,0.0388
IMP00000031,CAM0031,EV00017690,2025-01-25T16:34:03,P025,pre,smart_tv,0.0268
IMP00000032,CAM0045,EV00008616,2025-05-29T13:23:36,P041,mid,mobile,0.0361
IMP00000033,CAM0056,EV00006969,2025-07-02T10:04:31,P046,pre,streaming_stick,0.0324
IMP00000034,CAM0045,EV00009572,2025-05-05T18:47:35,P034,pre,tablet,0.0325
IMP00000035,CAM0052,EV00014037,2025-10-24T18:45:04,P012,pre,streaming_stick,0.0326
IMP00000036,CAM0010,EV00009281,2025-10-20T13:33:59,P030,pre,desktop,0.0249
IMP00000037,CAM0035,EV00007641,2025-10-25T16:10:37,P027,mid,tablet,0.0334
IMP00000038,CAM0048,EV00010087,2025-12-06T23:35:34,P026,post,tablet,0.0415
IMP00000039,CAM0056,EV00002338,2025-09-20T12:14:15,P034,post,mobile,0.0215
IMP00000040,CAM0005,EV00016234,2025-10-26T14:17:43,P038,pre,mobile,0.0374
IMP00000041,CAM0056,EV00019651,2025-06-14T18:07:29,P050,mid,mobile,0.038
IMP00000042,CAM0058,EV00015497,2025-09-27T22:47:21,P032,mid,smart_tv,0.0245
IMP00000043,CAM0005,EV00019722,2025-06-11T10:31:06,P024,pre,tablet,0.0309
IMP00000044,CAM0054,EV00019668,2025-10-13T18:07:11,P012,mid,tablet,0.0308
IMP00000045,CAM0021,EV00018834,2025-02-11T15:36:41,P047,pre,mobile,0.0428
IMP00000046,CAM0047,EV00014518,2025-10-10T21:33:38,P018,pre,mobile,0.0373
IMP00000047,CAM0043,EV00009417,2025-11-08T16:05:51,P050,pre,streaming_stick,0.0247
IMP00000048,CAM0038,EV00004168,2025-08-04T11:38:39,P041,post,mobile,0.0206
IMP00000049,CAM0025,EV00003343,2025-08-28T15:18:49,P025,mid,mobile,0.0293
IMP00000050,CAM0047,EV00007775,2025-12-13T13:43:34,P043,pre,mobile,0.0303
IMP00000051,CAM0027,EV00009219,2025-09-19T12:52:36,P032,mid,tablet,0.0264
IMP00000052,CAM0004,EV00008269,2025-12-10T21:19:49,P058,mid,desktop,0.0227
IMP00000053,CAM0023,EV00009758,2025-11-11T23:35:36,P031,mid,mobile,0.0307
IMP00000054,CAM0041,EV00009214,2025-11-28T17:16:04,P037,mid,mobile,0.0206
IMP00000055,CAM0040,EV00006020,2025-10-15T00:48:00,P047,mid,mobile,0.0319
IMP00000056,CAM0043,EV00007161,2025-10-13T14:14:07,P001,mid,tablet,0.0291
IMP00000057,CAM0011,EV00015308,2025-04-04T21:14:48,P012,mid,mobile,0.0383
IMP00000058,CAM0005,EV00000388,2025-06-21T18:20:17,P024,pre,mobile,0.0387
IMP00000059,CAM0039,EV00013667,2025-03-29T15:51:51,P053,pre,mobile,0.0229
IMP00000060,CAM0019,EV00003440,2025-09-24T19:08:45,P048,pre,tablet,0.0311
IMP00000061,CAM0045,EV00018866,2025-04-29T17:57:24,P028,pre,tablet,0.032
IMP00000062,CAM0009,EV00016128,2025-12-05T13:28:23,P036,pre,tablet,0.0352
IMP00000063,CAM0005,EV00016999,2025-11-26T19:01:37,P004,post,mobile,0.0434
IMP00000064,CAM0016,EV00007690,2025-04-08T17:39:23,P055,pre,mobile,0.0221
IMP00000065,CAM0050,EV00005191,2025-07-07T08:26:57,P017,mid,mobile,0.0404
IMP00000066,CAM0004,EV00007724,2025-01-05T19:02:33,P061,pre,smart_tv,0.0281
IMP00000067,CAM0059,EV00001576,2025-09-30T13:50:04,P015,mid,mobile,0.0239
IMP00000068,CAM0012,EV00008240,2025-08-01T11:56:37,P037,pre,tablet,0.0287
IMP00000069,CAM0011,EV00006773,2025-10-12T14:26:31,P029,pre,tablet,0.0445
IMP00000070,CAM0059,EV00019128,2025-01-29T13:35:09,P021,mid,desktop,0.032
IMP00000071,CAM0010,EV00018931,2025-08-13T09:01:48,P051,post,tablet,0.0328
IMP00000072,CAM0034,EV00012875,2025-02-10T21:20:26,P057,post,mobile,0.0369
IMP00000073,CAM0057,EV00015682,2025-09-24T15:52:34,P043,post,mobile,0.0311
IMP00000074,CAM0014,EV00014006,2025-06-08T17:46:23,P043,pre,mobile,0.0304
IMP00000075,CAM0044,EV00009803,2025-02-10T15:26:06,P062,mid,tablet,0.0309
IMP00000076,CAM0006,EV00012042,2025-05-17T15:00:14,P010,pre,mobile,0.0431
IMP00000077,CAM0006,EV00009720,2025-10-11T21:24:50,P054,pre,mobile,0.0288
IMP00000078,CAM0015,EV00010151,2025-01-30T12:30:45,P045,pre,mobile,0.025
IMP00000079,CAM0040,EV00019291,2025-08-14T17:36:01,P025,mid,mobile,0.0323
IMP00000080,CAM0022,EV00013757,2025-06-25T19:29:34,P057,pre,mobile,0.0394
IMP00000081,CAM0007,EV00014442,2025-10-17T21:24:21,P005,pre,desktop,0.033
IMP00000082,CAM0031,EV00008633,2025-12-26T15:19:41,P017,pre,mobile,0.0252
IMP00000083,CAM0053,EV00012812,2025-10-06T15:21:14,P039,pre,desktop,0.0371
IMP00000084,CAM0041,EV00012864,2025-12-02T18:49:02,P054,pre,mobile,0.0448
IMP00000085,CAM0036,EV00015687,2025-11-18T18:42:24,P061,post,mobile,0.0443
IMP00000086,CAM0046,EV00017563,2025-09-26T09:07:05,P019,pre,tablet,0.0231
IMP00000087,CAM0009,EV00001373,2025-08-01T12:43:19,P053,mid,tablet,0.0223
IMP00000088,CAM0055,EV00008111,2025-10-28T22:20:35,P029,mid,smart_tv,0.0273
IMP00000089,CAM0020,EV00014332,2025-07-01T19:02:36,P060,mid,tablet,0.0259
IMP00000090,CAM0009,EV00013725,2025-03-13T21:22:14,P042,mid,mobile,0.0401
IMP00000091,CAM0035,EV00014677,2025-11-02T22:43:06,P038,pre,streaming_stick,0.0398
IMP00000092,CAM0044,EV00005423,2025-10-23T15:19:50,P030,mid,mobile,0.0213
IMP00000093,CAM0026,EV00018941,2025-02-25T06:57:36,P007,post,mobile,0.0247
IMP00000094,CAM0023,EV00010912,2025-02-06T21:16:18,P022,post,tablet,0.0302
IMP00000095,CAM0011,EV00010913,2025-10-28T12:08:06,P029,pre,desktop,0.0446
IMP00000096,CAM0031,EV00013554,2025-09-20T16:42:49,P047,pre,mobile,0.0403
IMP00000097,CAM0012,EV00007034,2025-02-27T20:36:17,P020,mid,tablet,0.0216
IMP00000098,CAM0030,EV00001221,2025-11-28T16:25:00,P015,mid,mobile,0.0207
IMP00000099,CAM0059,EV00001046,2025-04-26T12:09:37,P050,pre,mobile,0.0403
IMP00000100,CAM0022,EV00007882,2025-02-04T08:26:55,P028,mid,tablet,0.0422
IMP00000101,CAM0027,EV00010255,2025-12-19T15:32:49,P047,mid,mobile,0.0443
IMP00000102,CAM0059,EV00002320,2025-12-20T18:24:49,P036,pre,mobile,0.0444
IMP00000103,CAM0058,EV00012621,2025-02-01T14:32:25,P023,pre,tablet,0.0244
IMP00000104,CAM0030,EV00008165,2025-04-08T12:01:53,P031,mid,mobile,0.0425
IMP00000105,CAM0045,EV00016798,2025-01-02T18:12:20,P043,mid,streaming_stick,0.0407
IMP00000106,CAM0033,EV00004470,2025-11-03T15:33:25,P017,mid,mobile,0.0229
IMP00000107,CAM0005,EV00008023,2025-08-22T11:45:43,P020,mid,mobile,0.0373
IMP00000108,CAM0001,EV00001512,2025-10-18T12:41:40,P013,mid,mobile,0.0405
IMP00000109,CAM0016,EV00018947,2025-11-06T16:14:46,P027,pre,tablet,0.0352
IMP00000110,CAM0051,EV00005272,2025-11-09T23:39:21,P051,mid,mobile,0.0365
IMP00000111,CAM0010,EV00013875,2025-05-17T09:03:19,P003,mid,tablet,0.0325
IMP00000112,CAM0044,EV00011719,2025-12-14T16:22:35,P040,mid,mobile,0.0377
IMP00000113,CAM0040,EV00015671,2025-07-12T12:47:39,P022,mid,tablet,0.0231
IMP00000114,CAM0021,EV00006579,2025-01-23T12:32:54,P004,pre,tablet,0.0441
IMP00000115,CAM0010,EV00003356,2025-01-17T17:53:50,P059,pre,mobile,0.0213
IMP00000116,CAM0038,EV00019957,2025-11-08T13:53:36,P012,pre,mobile,0.0417
IMP00000117,CAM0032,EV00014495,2025-08-17T13:55:58,P019,mid,desktop,0.029
IMP00000118,CAM0029,EV00012446,2025-08-09T15:22:22,P034,pre,desktop,0.0282
IMP00000119,CAM0029,EV00015148,2025-09-03T17:28:59,P043,pre,tablet,0.0287
IMP00000120,CAM0012,EV00004716,2025-03-19T15:04:40,P052,mid,streaming_stick,0.0234
IMP00000121,CAM0031,EV00009089,2025-12-15T21:24:02,P053,pre,tablet,0.0386
IMP00000122,CAM0056,EV00017197,2025-10-27T10:19:13,P051,pre,smart_tv,0.0208
IMP00000123,CAM0040,EV00014447,2025-02-03T23:16:56,P023,pre,mobile,0.0281
IMP00000124,CAM0003,EV00002835,2025-06-16T13:31:40,P050,post,tablet,0.0431
IMP00000125,CAM0048,EV00013660,2025-02-14T12:15:18,P058,pre,mobile,0.0272
IMP00000126,CAM0002,EV00020238,2025-06-10T20:12:59,P059,pre,tablet,0.0325
IMP00000127,CAM0039,EV00013163,2025-05-29T22:39:40,P013,mid,mobile,0.0278
IMP00000128,CAM0029,EV00013919,2025-09-05T15:17:21,P026,pre,tablet,0.0306
IMP00000129,CAM0043,EV00015859,2025-04-14T13:15:44,P016,post,tablet,0.0225
IMP00000130,CAM0006,EV00008646,2025-12-17T15:00:19,P029,mid,desktop,0.0344
IMP00000131,CAM0005,EV00011561,2025-08-10T16:06:34,P040,pre,mobile,0.0284
IMP00000132,CAM0049,EV00018760,2025-10-01T16:18:33,P041,mid,tablet,0.0306
IMP00000133,CAM0026,EV00014104,2025-04-28T18:35:47,P035,pre,mobile,0.0206
IMP00000134,CAM0017,EV00017345,2025-04-08T16:10:11,P006,mid,mobile,0.0369
IMP00000135,CAM0057,EV00009512,2025-09-10T06:23:16,P051,mid,tablet,0.0252
IMP00000136,CAM0031,EV00014943,2025-01-22T22:39:30,P053,mid,mobile,0.0368
IMP00000137,CAM0030,EV00016323,2025-09-02T18:02:47,P040,mid,streaming_stick,0.0368
IMP00000138,CAM0045,EV00017146,2025-10-19T22:37:16,P017,pre,streaming_stick,0.0254
IMP00000139,CAM0005,EV00008445,2025-06-27T13:05:34,P013,mid,mobile,0.0258
IMP00000140,CAM0043,EV00019113,2025-01-18T10:50:58,P008,mid,tablet,0.0425
IMP00000141,CAM0002,EV00016211,2025-10-15T18:17:30,P060,pre,tablet,0.0306
IMP00000142,CAM0018,EV00013588,2025-07-16T16:51:16,P036,pre,tablet,0.02
IMP00000143,CAM0057,EV00011717,2025-12-14T15:52:33,P040,pre,mobile,0.0259
IMP00000144,CAM0030,EV00007282,2025-10-05T17:18:33,P011,pre,desktop,0.0335
IMP00000145,CAM0032,EV00005558,2025-12-12T16:07:44,P022,pre,mobile,0.0328
IMP00000146,CAM0030,EV00010522,2025-06-16T06:52:36,P054,pre,mobile,0.0431
IMP00000147,CAM0041,EV00001356,2025-01-23T20:08:41,P018,post,tablet,0.0271
IMP00000148,CAM0032,EV00019303,2025-08-11T15:36:40,P033,post,mobile,0.0436
IMP00000149,CAM0007,EV00017423,2025-04-07T23:58:16,P018,mid,tablet,0.0385
IMP00000150,CAM0018,EV00019993,2025-01-06T13:33:42,P010,pre,tablet,0.0252
IMP00000151,CAM0001,EV00001969,2025-06-27T19:19:49,P028,mid,tablet,0.0339
IMP00000152,CAM0052,EV00008640,2025-03-04T12:08:34,P013,pre,mobile,0.0377
IMP00000153,CAM0025,EV00003854,2025-12-05T08:56:13,P052,mid,tablet,0.02
IMP00000154,CAM0028,EV00009821,2025-02-09T19:20:01,P003,mid,desktop,0.041
IMP00000155,CAM0044,EV00006921,2025-03-11T14:21:48,P011,post,mobile,0.0331
IMP00000156,CAM0052,EV00001010,2025-04-17T15:43:09,P018,mid,mobile,0.0227
IMP00000157,CAM0013,EV00012194,2025-05-23T14:03:27,P059,mid,tablet,0.0403
IMP00000158,CAM0007,EV00007465,2025-08-27T09:25:50,P047,pre,mobile,0.0289
IMP00000159,CAM0057,EV00001989,2025-11-21T19:29:07,P031,pre,tablet,0.0396
IMP00000160,CAM0057,EV00016680,2025-07-07T21:43:08,P036,pre,desktop,0.0236
IMP00000161,CAM0002,EV00014385,2025-08-07T19:19:00,P053,mid,smart_tv,0.0442
IMP00000162,CAM0003,EV00000082,2025-11-20T15:52:47,P058,mid,tablet,0.0346
IMP00000163,CAM0008,EV00008116,2025-12-07T15:59:17,P007,post,tablet,0.0329
IMP00000164,CAM0008,EV00001811,2025-01-24T21:27:10,P004,mid,tablet,0.0269
IMP00000165,CAM0027,EV00009120,2025-01-03T16:00:45,P044,pre,tablet,0.0343
IMP00000166,CAM0051,EV00000409,2025-10-05T13:12:46,P061,pre,mobile,0.0215
IMP00000167,CAM0014,EV00002828,2025-03-29T07:43:49,P001,mid,tablet,0.0385
IMP00000168,CAM0038,EV00014650,2025-07-28T19:56:32,P025,pre,tablet,0.0402
IMP00000169,CAM0047,EV00016816,2025-07-16T21:15:01,P037,pre,tablet,0.0284
IMP00000170,CAM0050,EV00011572,2025-12-28T17:18:39,P001,pre,mobile,0.0297
IMP00000171,CAM0057,EV00002576,2025-04-03T08:33:12,P038,mid,tablet,0.0239
IMP00000172,CAM0005,EV00009064,2025-08-16T23:20:56,P009,pre,tablet,0.0298
IMP00000173,CAM0054,EV00010039,2025-09-10T21:41:41,P049,pre,smart_tv,0.027
IMP00000174,CAM0028,EV00016818,2025-07-16T21:45:01,P037,mid,tablet,0.0439
IMP00000175,CAM0019,EV00013183,2025-04-01T18:10:04,P044,pre,tablet,0.025
IMP00000176,CAM0056,EV00010258,2025-12-18T18:45:24,P052,pre,streaming_stick,0.0207
IMP00000177,CAM0058,EV00002496,2025-02-09T00:22:23,P036,post,streaming_stick,0.0424
IMP00000178,CAM0016,EV00006764,2025-11-17T00:10:04,P032,post,tablet,0.0347
IMP00000179,CAM0013,EV00013528,2025-05-04T17:42:11,P026,pre,desktop,0.0395
IMP00000180,CAM0053,EV00004709,2025-08-21T17:00:02,P033,pre,tablet,0.0256
IMP00000181,CAM0053,EV00003816,2025-05-22T17:12:31,P054,pre,tablet,0.0292
IMP00000182,CAM0043,EV00000894,2025-04-27T13:02:09,P036,mid,tablet,0.0223
IMP00000183,CAM0029,EV00016557,2025-02-21T18:52:54,P003,mid,streaming_stick,0.0338
IMP00000184,CAM0015,EV00018245,2025-12-19T20:03:16,P014,pre,tablet,0.0446
IMP00000185,CAM0045,EV00019047,2025-05-25T15:17:08,P053,pre,tablet,0.0259
IMP00000186,CAM0049,EV00003715,2025-01-20T17:09:35,P049,pre,tablet,0.0437
IMP00000187,CAM0021,EV00008272,2025-01-26T12:55:25,P042,pre,streaming_stick,0.0249
IMP00000188,CAM0052,EV00002883,2025-05-09T12:19:52,P009,mid,tablet,0.0276
IMP00000189,CAM0023,EV00014714,2025-10-28T12:09:53,P060,pre,desktop,0.0311
IMP00000190,CAM0006,EV00000232,2025-06-15T20:30:04,P056,pre,mobile,0.027
IMP00000191,CAM0040,EV00009325,2025-03-20T13:12:50,P026,mid,tablet,0.0342
IMP00000192,CAM0054,EV00015035,2025-11-19T17:40:52,P055,pre,mobile,0.043
IMP00000193,CAM0042,EV00010064,2025-11-21T12:29:44,P061,mid,mobile,0.0246
IMP00000194,CAM0049,EV00008170,2025-01-28T11:22:10,P053,mid,smart_tv,0.0447
IMP00000195,CAM0024,EV00001851,2025-10-14T12:38:28,P053,mid,tablet,0.0435
IMP00000196,CAM0009,EV00002174,2025-12-20T19:15:41,P002,mid,mobile,0.0213
IMP00000197,CAM0044,EV00013195,2025-11-11T09:30:11,P062,pre,smart_tv,0.0372
IMP00000198,CAM0042,EV00000728,2025-11-18T21:58:56,P006,pre,mobile,0.0296
IMP00000199,CAM0046,EV00004465,2025-01-30T13:20:48,P031,mid,tablet,0.0393
IMP00000200,CAM0008,EV00007524,2025-01-01T17:24:31,P021,pre,mobile,0.0282
IMP00000201,CAM0005,EV00010447,2025-12-23T11:27:04,P037,pre,mobile,0.0203
IMP00000202,CAM0056,EV00019822,2025-05-29T10:19:04,P043,mid,smart_tv,0.0359
IMP00000203,CAM0056,EV00008754,2025-04-24T19:19:16,P008,mid,tablet,0.0293
IMP00000204,CAM0018,EV00007372,2025-07-11T14:24:36,P022,mid,tablet,0.028
IMP00000205,CAM0022,EV00002134,2025-05-19T00:49:07,P032,mid,tablet,0.043
IMP00000206,CAM0035,EV00004385,2025-06-09T09:57:06,P046,mid,tablet,0.0313
IMP00000207,CAM0038,EV00010663,2025-05-21T21:48:01,P007,pre,tablet,0.0327
IMP00000208,CAM0038,EV00005909,2025-08-19T16:14:27,P009,mid,tablet,0.0343
IMP00000209,CAM0013,EV00015636,2025-06-22T23:40:40,P060,pre,mobile,0.0347
IMP00000210,CAM0043,EV00017859,2025-07-03T16:19:06,P057,post,streaming_stick,0.0211
IMP00000211,CAM0030,EV00007224,2025-05-30T22:18:15,P037,mid,tablet,0.0236
IMP00000212,CAM0040,EV00019606,2025-09-24T12:42:51,P005,pre,mobile,0.0215
IMP00000213,CAM0045,EV00001612,2025-12-01T18:42:15,P023,mid,tablet,0.0272
IMP00000214,CAM0014,EV00011424,2025-11-09T18:42:28,P019,pre,mobile,0.0393
IMP00000215,CAM0012,EV00012004,2025-05-29T14:15:21,P054,pre,tablet,0.0426
IMP00000216,CAM0001,EV00019719,2025-08-07T18:03:50,P044,mid,tablet,0.0307
IMP00000217,CAM0006,EV00006467,2025-04-26T06:51:23,P033,pre,mobile,0.0305
IMP00000218,CAM0016,EV00013115,2025-09-08T10:46:57,P049,pre,mobile,0.0312
IMP00000219,CAM0014,EV00006427,2025-01-13T17:55:42,P052,mid,tablet,0.0442
IMP00000220,CAM0029,EV00019563,2025-01-21T19:37:50,P032,pre,mobile,0.025
IMP00000221,CAM0052,EV00016288,2025-03-16T23:16:57,P055,mid,desktop,0.0336
IMP00000222,CAM0016,EV00005870,2025-04-20T16:37:05,P005,pre,mobile,0.0322
IMP00000223,CAM0059,EV00005940,2025-03-21T14:52:06,P003,pre,tablet,0.0411
IMP00000224,CAM0053,EV00000637,2025-07-05T21:45:54,P051,pre,mobile,0.02
IMP00000225,CAM0050,EV00014184,2025-09-12T15:49:34,P053,pre,smart_tv,0.0349
IMP00000226,CAM0012,EV00012162,2025-02-12T15:22:19,P035,mid,tablet,0.0228
IMP00000227,CAM0041,EV00005898,2025-01-15T16:58:31,P001,pre,tablet,0.0212
IMP00000228,CAM0056,EV00012263,2025-10-05T15:52:24,P043,pre,tablet,0.0364
IMP00000229,CAM0038,EV00000317,2025-10-20T17:45:14,P041,mid,mobile,0.0421
IMP00000230,CAM0034,EV00016572,2025-11-16T18:04:52,P012,mid,tablet,0.0231
IMP00000231,CAM0038,EV00007440,2025-08-19T10:35:41,P058,pre,smart_tv,0.0343
IMP00000232,CAM0052,EV00006561,2025-08-01T18:21:31,P041,pre,tablet,0.0234
IMP00000233,CAM0016,EV00010333,2025-03-08T14:22:01,P026,mid,mobile,0.0392
IMP00000234,CAM0022,EV00012285,2025-08-12T12:15:12,P055,pre,tablet,0.0399
IMP00000235,CAM0022,EV00010437,2025-08-03T10:02:52,P033,pre,tablet,0.0234
IMP00000236,CAM0009,EV00009412,2025-10-11T09:31:00,P001,pre,mobile,0.033
IMP00000237,CAM0028,EV00019214,2025-12-12T13:10:29,P017,pre,mobile,0.0271
IMP00000238,CAM0044,EV00013147,2025-04-06T15:52:50,P051,pre,tablet,0.0205
IMP00000239,CAM0051,EV00002339,2025-06-22T22:38:43,P046,pre,desktop,0.0262
IMP00000240,CAM0054,EV00012421,2025-07-17T10:48:48,P041,mid,tablet,0.043
IMP00000241,CAM0009,EV00013520,2025-10-18T08:25:28,P051,pre,smart_tv,0.0269
IMP00000242,CAM0059,EV00005922,2025-12-30T09:07:46,P055,pre,mobile,0.0272
IMP00000243,CAM0028,EV00009476,2025-10-07T14:26:04,P023,mid,smart_tv,0.0337
IMP00000244,CAM0058,EV00015072,2025-03-06T11:18:30,P050,mid,mobile,0.0421
IMP00000245,CAM0023,EV00011982,2025-04-27T19:00:23,P016,pre,mobile,0.0202
IMP00000246,CAM0044,EV00007834,2025-06-02T07:32:46,P016,pre,tablet,0.0336
IMP00000247,CAM0025,EV00019887,2025-10-06T13:24:06,P010,pre,mobile,0.0321
IMP00000248,CAM0049,EV00019436,2025-01-07T14:47:16,P042,pre,tablet,0.0414
IMP00000249,CAM0003,EV00017281,2025-02-04T13:41:50,P048,pre,mobile,0.0242
IMP00000250,CAM0053,EV00001641,2025-06-11T21:30:49,P042,pre,tablet,0.027
IMP00000251,CAM0016,EV00001175,2025-04-22T17:44:23,P021,mid,tablet,0.029
IMP00000252,CAM0022,EV00007515,2025-11-07T18:01:48,P061,mid,tablet,0.0219
IMP00000253,CAM0036,EV00002051,2025-04-11T12:59:08,P031,pre,mobile,0.0232
IMP00000254,CAM0044,EV00011474,2025-12-12T23:08:57,P039,mid,mobile,0.0306
IMP00000255,CAM0057,EV00004191,2025-06-07T18:42:35,P042,pre,tablet,0.0398
IMP00000256,CAM0026,EV00010669,2025-03-17T15:51:42,P036,pre,tablet,0.0437
IMP00000257,CAM0010,EV00010092,2025-12-16T20:00:55,P034,pre,mobile,0.0214
IMP00000258,CAM0013,EV00016038,2025-12-25T22:29:31,P017,pre,mobile,0.0278
IMP00000259,CAM0032,EV00008985,2025-04-28T18:34:21,P007,pre,mobile,0.0448
IMP00000260,CAM0032,EV00014383,2025-08-07T18:33:59,P053,pre,smart_tv,0.0332
IMP00000261,CAM0049,EV00006430,2025-06-07T09:22:28,P018,pre,mobile,0.0332
IMP00000262,CAM0054,EV00018747,2025-08-30T13:49:58,P010,pre,streaming_stick,0.0362
IMP00000263,CAM0039,EV00015008,2025-09-05T15:42:15,P060,mid,tablet,0.0379
IMP00000264,CAM0032,EV00006469,2025-12-25T19:05:55,P020,pre,tablet,0.0251
IMP00000265,CAM0035,EV00017805,2025-01-27T16:20:37,P001,pre,smart_tv,0.0408
IMP00000266,CAM0046,EV00014961,2025-12-07T12:13:15,P041,mid,mobile,0.0242
IMP00000267,CAM0027,EV00015758,2025-07-11T23:03:08,P032,mid,mobile,0.041
IMP00000268,CAM0009,EV00018986,2025-11-25T00:00:01,P038,pre,smart_tv,0.038
IMP00000269,CAM0029,EV00012595,2025-11-12T16:46:33,P020,post,tablet,0.0445
IMP00000270,CAM0037,EV00008831,2025-03-21T15:04:44,P006,mid,tablet,0.0294
IMP00000271,CAM0021,EV00007296,2025-09-25T17:19:44,P007,pre,mobile,0.0331
IMP00000272,CAM0032,EV00008076,2025-04-23T18:21:38,P027,mid,desktop,0.0376
IMP00000273,CAM0057,EV00015862,2025-12-09T19:06:27,P014,mid,smart_tv,0.0433
IMP00000274,CAM0048,EV00018298,2025-01-02T21:50:25,P042,mid,tablet,0.0229
IMP00000275,CAM0024,EV00011588,2025-07-30T09:43:56,P042,pre,mobile,0.0296
IMP00000276,CAM0047,EV00010231,2025-03-11T23:23:18,P047,pre,smart_tv,0.0268
IMP00000277,CAM0047,EV00018106,2025-08-25T15:00:06,P027,mid,streaming_stick,0.0385
IMP00000278,CAM0016,EV00016421,2025-10-11T09:48:43,P047,pre,mobile,0.0301
IMP00000279,CAM0011,EV00004090,2025-02-05T08:16:26,P006,pre,streaming_stick,0.0351
IMP00000280,CAM0005,EV00009400,2025-12-19T15:34:56,P012,post,mobile,0.0441
IMP00000281,CAM0013,EV00002949,2025-12-11T23:36:13,P027,pre,mobile,0.0219
IMP00000282,CAM0053,EV00014376,2025-01-23T09:20:27,P015,mid,tablet,0.0339
IMP00000283,CAM0055,EV00000153,2025-03-15T10:47:55,P057,pre,tablet,0.0255
IMP00000284,CAM0050,EV00004052,2025-01-28T18:28:56,P029,pre,smart_tv,0.0407
IMP00000285,CAM0030,EV00016992,2025-07-21T18:29:17,P021,mid,mobile,0.0277
IMP00000286,CAM0016,EV00001422,2025-01-07T17:34:49,P053,mid,smart_tv,0.0203
IMP00000287,CAM0032,EV00002108,2025-04-18T20:37:16,P048,mid,tablet,0.0357
IMP00000288,CAM0018,EV00018888,2025-04-21T11:06:59,P020,mid,smart_tv,0.0341
IMP00000289,CAM0041,EV00018675,2025-08-13T18:17:04,P043,post,tablet,0.0245
IMP00000290,CAM0044,EV00012588,2025-09-04T17:56:10,P027,mid,tablet,0.0257
IMP00000291,CAM0045,EV00000006,2025-12-08T19:25:41,P059,pre,tablet,0.0384
IMP00000292,CAM0006,EV00014743,2025-11-17T19:15:08,P061,mid,tablet,0.0209
IMP00000293,CAM0014,EV00008045,2025-09-06T14:32:09,P024,mid,mobile,0.0201
IMP00000294,CAM0001,EV00017078,2025-11-13T09:47:27,P041,post,mobile,0.0438
IMP00000295,CAM0006,EV00014016,2025-03-06T09:35:24,P054,mid,mobile,0.021
IMP00000296,CAM0026,EV00009946,2025-12-08T11:14:20,P056,pre,mobile,0.0224
IMP00000297,CAM0035,EV00015290,2025-01-27T18:48:25,P062,pre,tablet,0.0283
IMP00000298,CAM0007,EV00010568,2025-10-18T15:11:17,P007,mid,tablet,0.0343
IMP00000299,CAM0030,EV00002816,2025-10-28T18:14:33,P058,pre,mobile,0.0381
IMP00000300,CAM0028,EV00019450,2025-04-23T13:58:54,P020,mid,tablet,0.0304
IMP00000301,CAM0030,EV00005496,2025-06-26T08:56:39,P037,post,tablet,0.0212
IMP00000302,CAM0035,EV00008611,2025-12-28T13:17:29,P047,mid,mobile,0.0315
IMP00000303,CAM0009,EV00001092,2025-12-26T18:30:25,P016,pre,mobile,0.0387
IMP00000304,CAM0014,EV00006528,2025-06-04T17:14:37,P043,mid,desktop,0.0292
IMP00000305,CAM0025,EV00017955,2025-05-11T19:53:00,P023,mid,tablet,0.0412
IMP00000306,CAM0020,EV00009712,2025-12-28T14:16:45,P017,pre,streaming_stick,0.025
IMP00000307,CAM0054,EV00015978,2025-02-03T16:53:22,P062,pre,smart_tv,0.0336
IMP00000308,CAM0009,EV00008553,2025-10-18T21:36:11,P043,pre,mobile,0.0247
IMP00000309,CAM0007,EV00015435,2025-11-16T20:46:59,P016,pre,mobile,0.0266
IMP00000310,CAM0021,EV00004126,2025-02-25T14:50:46,P021,pre,streaming_stick,0.0401
IMP00000311,CAM0037,EV00007288,2025-08-09T06:52:09,P053,mid,tablet,0.0236
IMP00000312,CAM0024,EV00005929,2025-09-28T12:46:37,P014,pre,tablet,0.0444
IMP00000313,CAM0009,EV00008184,2025-06-28T20:51:34,P023,pre,smart_tv,0.0295
IMP00000314,CAM0039,EV00003971,2025-10-12T23:21:51,P032,pre,mobile,0.0414
IMP00000315,CAM0044,EV00008052,2025-05-17T19:28:58,P050,pre,tablet,0.0219
IMP00000316,CAM0001,EV00014570,2025-07-22T15:42:56,P032,mid,mobile,0.0449
IMP00000317,CAM0052,EV00018613,2025-07-15T16:56:00,P041,pre,streaming_stick,0.0221
IMP00000318,CAM0012,EV00009010,2025-05-13T15:48:23,P010,pre,tablet,0.0317
IMP00000319,CAM0008,EV00012911,2025-09-09T15:28:40,P016,pre,tablet,0.0363
IMP00000320,CAM0053,EV00005013,2025-03-23T16:59:43,P006,post,tablet,0.0238
IMP00000321,CAM0045,EV00008594,2025-10-09T21:43:36,P007,mid,tablet,0.0271
IMP00000322,CAM0052,EV00013322,2025-08-01T19:55:34,P055,pre,tablet,0.0339
IMP00000323,CAM0033,EV00007951,2025-10-18T18:29:23,P056,mid,streaming_stick,0.0314
IMP00000324,CAM0028,EV00012608,2025-02-15T11:54:27,P041,mid,tablet,0.0227
IMP00000325,CAM0059,EV00006960,2025-05-15T18:25:51,P023,pre,tablet,0.0252
IMP00000326,CAM0013,EV00016579,2025-05-26T23:35:52,P042,post,desktop,0.0303
IMP00000327,CAM0012,EV00015227,2025-06-07T19:47:43,P013,post,desktop,0.032
IMP00000328,CAM0015,EV00002778,2025-04-22T18:13:58,P048,mid,smart_tv,0.0443
IMP00000329,CAM0022,EV00016129,2025-07-04T13:36:15,P058,pre,smart_tv,0.0336
IMP00000330,CAM0053,EV00004377,2025-12-18T13:08:01,P055,pre,smart_tv,0.0365
IMP00000331,CAM0025,EV00017222,2025-02-07T14:17:48,P004,pre,streaming_stick,0.0303
IMP00000332,CAM0045,EV00002807,2025-11-12T12:31:25,P021,pre,tablet,0.0228
IMP00000333,CAM0002,EV00001338,2025-08-04T10:29:45,P037,pre,tablet,0.0231
IMP00000334,CAM0011,EV00019041,2025-12-18T20:56:34,P016,post,tablet,0.0273
IMP00000335,CAM0040,EV00016298,2025-09-06T07:19:48,P012,post,tablet,0.0353
IMP00000336,CAM0015,EV00009455,2025-01-10T14:38:01,P041,pre,tablet,0.0322
IMP00000337,CAM0046,EV00009257,2025-05-06T23:06:26,P044,pre,streaming_stick,0.0364
IMP00000338,CAM0012,EV00008318,2025-06-18T13:26:26,P029,pre,mobile,0.0342
IMP00000339,CAM0045,EV00007853,2025-08-25T16:31:46,P056,pre,tablet,0.0233
IMP00000340,CAM0010,EV00016140,2025-04-08T16:20:29,P045,pre,tablet,0.0356
IMP00000341,CAM0004,EV00013977,2025-08-27T18:46:17,P055,mid,tablet,0.0285
IMP00000342,CAM0017,EV00018242,2025-07-06T23:31:52,P058,mid,tablet,0.0252
IMP00000343,CAM0019,EV00010859,2025-12-22T18:30:38,P043,pre,mobile,0.0222
IMP00000344,CAM0047,EV00009313,2025-04-25T06:51:34,P028,mid,tablet,0.0397
IMP00000345,CAM0033,EV00016953,2025-06-09T12:26:48,P007,pre,tablet,0.0244
IMP00000346,CAM0032,EV00005939,2025-06-04T10:43:34,P052,pre,tablet,0.029
IMP00000347,CAM0002,EV00005532,2025-06-27T16:49:20,P034,pre,desktop,0.0263
IMP00000348,CAM0050,EV00014733,2025-04-14T17:49:20,P011,mid,tablet,0.0361
IMP00000349,CAM0052,EV00018370,2025-10-05T18:03:57,P053,mid,desktop,0.0417
IMP00000350,CAM0022,EV00011667,2025-08-26T16:57:56,P016,pre,mobile,0.0416
IMP00000351,CAM0020,EV00015574,2025-08-08T23:06:25,P057,pre,tablet,0.0314
IMP00000352,CAM0034,EV00009841,2025-11-18T19:11:12,P040,pre,mobile,0.0339
IMP00000353,CAM0037,EV00002584,2025-09-18T14:12:11,P018,pre,mobile,0.0328
IMP00000354,CAM0024,EV00011816,2025-02-26T19:05:51,P014,pre,desktop,0.0288
IMP00000355,CAM0054,EV00004265,2025-09-01T20:59:49,P060,mid,tablet,0.0407
IMP00000356,CAM0015,EV00012120,2025-06-14T13:28:46,P030,mid,tablet,0.0265
IMP00000357,CAM0047,EV00018191,2025-09-25T21:28:16,P039,pre,mobile,0.0354
IMP00000358,CAM0029,EV00012219,2025-01-18T23:42:34,P003,pre,mobile,0.0402
IMP00000359,CAM0009,EV00013386,2025-12-25T17:20:33,P060,mid,mobile,0.0311
IMP00000360,CAM0038,EV00016145,2025-01-17T12:30:27,P044,pre,desktop,0.042
IMP00000361,CAM0054,EV00019709,2025-06-06T09:47:02,P027,post,mobile,0.0234
IMP00000362,CAM0010,EV00000490,2025-11-15T11:47:45,P046,post,tablet,0.0391
IMP00000363,CAM0017,EV00003293,2025-05-01T07:48:43,P054,mid,tablet,0.0288
IMP00000364,CAM0030,EV00005322,2025-11-12T17:09:28,P001,pre,tablet,0.0262
IMP00000365,CAM0058,EV00016735,2025-07-11T22:53:17,P015,mid,mobile,0.0289
IMP00000366,CAM0001,EV00012843,2025-10-29T22:00:09,P012,pre,tablet,0.0345
IMP00000367,CAM0030,EV00006589,2025-09-03T21:51:54,P043,pre,tablet,0.0252
IMP00000368,CAM0020,EV00005416,2025-05-17T17:48:44,P031,pre,tablet,0.0445
IMP00000369,CAM0019,EV00005152,2025-01-23T16:18:42,P024,mid,mobile,0.0356
IMP00000370,CAM0037,EV00013711,2025-08-23T19:28:56,P028,pre,tablet,0.0383
IMP00000371,CAM0010,EV00017815,2025-12-08T14:34:30,P028,pre,mobile,0.0359
IMP00000372,CAM0047,EV00019362,2025-11-09T15:55:24,P016,mid,mobile,0.0241
IMP00000373,CAM0030,EV00010512,2025-10-19T18:01:29,P048,pre,mobile,0.045
IMP00000374,CAM0048,EV00016294,2025-09-06T06:19:45,P012,pre,tablet,0.0283
IMP00000375,CAM0056,EV00001192,2025-11-21T17:15:34,P048,mid,tablet,0.0263
IMP00000376,CAM0006,EV00006810,2025-12-17T23:28:23,P001,pre,mobile,0.0364
IMP00000377,CAM0049,EV00000085,2025-01-30T15:36:26,P043,pre,streaming_stick,0.0383
IMP00000378,CAM0024,EV00003130,2025-05-29T06:19:11,P052,pre,mobile,0.0412
IMP00000379,CAM0052,EV00001867,2025-03-26T11:51:50,P006,mid,tablet,0.0294
IMP00000380,CAM0029,EV00018853,2025-01-16T13:34:36,P043,pre,smart_tv,0.0309
IMP00000381,CAM0005,EV00007350,2025-08-29T08:49:05,P060,mid,smart_tv,0.0388
IMP00000382,CAM0027,EV00001759,2025-02-15T09:24:56,P049,post,tablet,0.0249
IMP00000383,CAM0032,EV00010273,2025-09-27T13:43:28,P027,pre,mobile,0.0233
IMP00000384,CAM0033,EV00017115,2025-07-11T22:59:27,P032,post,mobile,0.0375
IMP00000385,CAM0010,EV00018478,2025-12-05T17:55:27,P047,pre,tablet,0.0325
IMP00000386,CAM0009,EV00007700,2025-10-24T14:25:21,P049,pre,tablet,0.0201
IMP00000387,CAM0012,EV00015052,2025-06-24T00:07:23,P052,mid,tablet,0.0264
IMP00000388,CAM0020,EV00006740,2025-09-07T10:36:51,P038,mid,desktop,0.0234
IMP00000389,CAM0046,EV00008834,2025-02-08T18:03:36,P036,pre,mobile,0.0393
IMP00000390,CAM0007,EV00005162,2025-06-13T12:56:34,P060,mid,mobile,0.0231
IMP00000391,CAM0056,EV00004648,2025-03-06T09:38:02,P007,mid,mobile,0.0206
IMP00000392,CAM0058,EV00009343,2025-08-20T18:45:48,P022,pre,tablet,0.0422
IMP00000393,CAM0032,EV00010312,2025-01-18T21:30:47,P029,mid,tablet,0.0361
IMP00000394,CAM0056,EV00001862,2025-06-19T21:33:19,P007,post,tablet,0.0444
IMP00000395,CAM0047,EV00013436,2025-05-28T18:11:13,P052,pre,streaming_stick,0.0417
IMP00000396,CAM0015,EV00014195,2025-08-11T22:03:36,P027,pre,tablet,0.0204
IMP00000397,CAM0059,EV00015006,2025-09-05T15:19:42,P060,pre,tablet,0.0349
IMP00000398,CAM0036,EV00016384,2025-04-04T15:18:36,P009,pre,tablet,0.0334
IMP00000399,CAM0007,EV00010529,2025-03-19T20:04:59,P020,mid,tablet,0.0215
IMP00000400,CAM0048,EV00018001,2025-10-26T20:18:32,P038,mid,mobile,0.0364
IMP00000401,CAM0038,EV00014622,2025-12-29T13:30:11,P029,pre,mobile,0.0364
IMP00000402,CAM0007,EV00009268,2025-10-07T20:22:47,P041,pre,tablet,0.0267
IMP00000403,CAM0042,EV00014602,2025-01-08T20:18:28,P059,pre,mobile,0.0336
IMP00000404,CAM0031,EV00015437,2025-11-16T21:16:56,P016,mid,mobile,0.0417
IMP00000405,CAM0034,EV00014772,2025-11-29T16:20:38,P059,mid,mobile,0.0243
IMP00000406,CAM0040,EV00004690,2025-12-19T21:40:32,P038,mid,streaming_stick,0.0278
IMP00000407,CAM0041,EV00000592,2025-01-27T09:21:51,P060,pre,tablet,0.035
IMP00000408,CAM0011,EV00012015,2025-10-24T18:42:12,P006,pre,streaming_stick,0.0223
IMP00000409,CAM0016,EV00007425,2025-10-28T22:38:08,P061,mid,smart_tv,0.029
IMP00000410,CAM0037,EV00009680,2025-05-15T09:54:20,P023,pre,streaming_stick,0.0377
IMP00000411,CAM0003,EV00000712,2025-10-27T08:45:43,P030,mid,streaming_stick,0.0303
IMP00000412,CAM0015,EV00001244,2025-07-14T10:40:50,P037,pre,mobile,0.045
IMP00000413,CAM0006,EV00018039,2025-03-08T18:27:29,P026,pre,tablet,0.0316
IMP00000414,CAM0057,EV00011691,2025-11-01T15:01:04,P051,mid,smart_tv,0.0396
IMP00000415,CAM0035,EV00013502,2025-11-27T13:21:05,P056,mid,streaming_stick,0.0448
IMP00000416,CAM0031,EV00017120,2025-08-20T19:39:21,P046,pre,mobile,0.0328
IMP00000417,CAM0045,EV00018419,2025-10-13T19:59:20,P008,mid,tablet,0.0289
IMP00000418,CAM0001,EV00008862,2025-05-06T15:07:20,P033,pre,mobile,0.0314
IMP00000419,CAM0055,EV00002233,2025-09-08T19:16:05,P004,mid,mobile,0.0432
IMP00000420,CAM0007,EV00002569,2025-04-22T16:33:07,P002,pre,tablet,0.0393
IMP00000421,CAM0029,EV00006578,2025-05-20T15:00:41,P057,post,tablet,0.0203
IMP00000422,CAM0019,EV00003341,2025-08-28T15:03:48,P025,pre,mobile,0.0271
IMP00000423,CAM0046,EV00010102,2025-03-19T08:19:07,P054,pre,mobile,0.0314
IMP00000424,CAM0037,EV00015460,2025-03-03T13:54:24,P013,mid,mobile,0.037
IMP00000425,CAM0056,EV00002520,2025-03-04T11:01:51,P044,pre,streaming_stick,0.0368
IMP00000426,CAM0049,EV00017647,2025-04-06T17:13:24,P026,mid,tablet,0.043
IMP00000427,CAM0008,EV00019582,2025-06-14T13:41:42,P054,post,tablet,0.03
IMP00000428,CAM0057,EV00009026,2025-02-05T15:00:22,P001,pre,desktop,0.0282
IMP00000429,CAM0023,EV00015973,2025-04-10T16:18:55,P006,pre,desktop,0.0374
IMP00000430,CAM0038,EV00012606,2025-02-15T10:54:28,P041,pre,tablet,0.0336
IMP00000431,CAM0015,EV00016139,2025-03-15T12:12:54,P012,pre,tablet,0.0343
IMP00000432,CAM0040,EV00003116,2025-02-26T11:51:56,P010,pre,mobile,0.0267
IMP00000433,CAM0015,EV00005038,2025-04-28T11:49:35,P050,pre,mobile,0.0333
IMP00000434,CAM0030,EV00010571,2025-01-04T11:48:27,P001,pre,tablet,0.025
IMP00000435,CAM0031,EV00013202,2025-11-04T20:26:44,P004,pre,tablet,0.0241
IMP00000436,CAM0027,EV00008128,2025-01-03T22:57:59,P032,pre,mobile,0.0326
IMP00000437,CAM0012,EV00000448,2025-12-20T18:21:09,P004,pre,mobile,0.0385
IMP00000438,CAM0013,EV00001731,2025-06-19T16:05:04,P054,pre,tablet,0.0312
IMP00000439,CAM0043,EV00019662,2025-08-18T12:45:39,P051,pre,tablet,0.031
IMP00000440,CAM0054,EV00011251,2025-10-28T15:14:26,P062,mid,mobile,0.0431
IMP00000441,CAM0059,EV00017459,2025-07-21T18:00:42,P014,pre,mobile,0.0353
IMP00000442,CAM0056,EV00011536,2025-11-23T20:01:53,P002,pre,mobile,0.0444
IMP00000443,CAM0036,EV00016344,2025-09-11T13:51:00,P025,mid,tablet,0.0214
IMP00000444,CAM0032,EV00017930,2025-03-21T16:07:20,P024,pre,streaming_stick,0.0337
IMP00000445,CAM0001,EV00007967,2025-05-01T08:07:29,P058,mid,tablet,0.0436
IMP00000446,CAM0017,EV00013312,2025-06-29T21:41:06,P034,pre,mobile,0.0417
IMP00000447,CAM0022,EV00010331,2025-03-08T14:09:34,P026,pre,mobile,0.0311
IMP00000448,CAM0055,EV00003157,2025-01-22T19:12:07,P038,mid,desktop,0.0338
IMP00000449,CAM0010,EV00006637,2025-08-02T18:12:58,P008,pre,tablet,0.044
IMP00000450,CAM0035,EV00009983,2025-07-04T15:08:51,P051,pre,mobile,0.0251
IMP00000451,CAM0045,EV00000185,2025-01-28T00:00:45,P036,mid,mobile,0.0318
IMP00000452,CAM0047,EV00010691,2025-12-25T22:56:41,P006,mid,mobile,0.0386
IMP00000453,CAM0039,EV00005196,2025-09-23T20:25:06,P030,mid,mobile,0.0295
IMP00000454,CAM0001,EV00018905,2025-04-18T08:48:05,P049,pre,tablet,0.0299
IMP00000455,CAM0020,EV00013241,2025-12-14T22:14:42,P024,post,tablet,0.0412
IMP00000456,CAM0010,EV00008199,2025-11-30T13:52:55,P017,pre,mobile,0.0388
IMP00000457,CAM0026,EV00017435,2025-06-21T17:39:16,P021,pre,mobile,0.0288
IMP00000458,CAM0007,EV00020127,2025-02-09T17:03:59,P032,pre,tablet,0.0442
IMP00000459,CAM0052,EV00000443,2025-09-02T19:06:10,P042,pre,tablet,0.0444
IMP00000460,CAM0047,EV00010894,2025-07-11T14:17:20,P001,mid,mobile,0.0382
IMP00000461,CAM0049,EV00004185,2025-01-18T12:26:33,P017,post,mobile,0.0306
IMP00000462,CAM0023,EV00013721,2025-05-16T20:04:03,P041,pre,mobile,0.0379
IMP00000463,CAM0028,EV00001200,2025-05-28T15:45:45,P061,pre,tablet,0.0301
IMP00000464,CAM0019,EV00003581,2025-01-09T16:49:37,P055,mid,mobile,0.0428
IMP00000465,CAM0038,EV00000204,2025-09-28T18:31:25,P036,pre,mobile,0.0289
IMP00000466,CAM0010,EV00006560,2025-03-30T17:21:01,P059,pre,mobile,0.0265
IMP00000467,CAM0030,EV00014247,2025-04-04T11:42:45,P044,mid,mobile,0.0207
IMP00000468,CAM0038,EV00006825,2025-09-29T19:09:27,P030,pre,tablet,0.0274
IMP00000469,CAM0001,EV00005119,2025-12-29T14:50:22,P039,pre,tablet,0.0265
IMP00000470,CAM0048,EV00014709,2025-08-06T13:47:31,P006,pre,mobile,0.0261
IMP00000471,CAM0031,EV00018571,2025-07-31T14:11:00,P047,pre,tablet,0.0247
IMP00000472,CAM0055,EV00009147,2025-08-17T18:07:55,P025,mid,mobile,0.0356
IMP00000473,CAM0049,EV00001376,2025-04-27T18:52:53,P049,pre,smart_tv,0.0218
IMP00000474,CAM0022,EV00018096,2025-09-05T20:06:24,P010,mid,mobile,0.0433
IMP00000475,CAM0007,EV00010230,2025-10-28T09:09:30,P003,pre,tablet,0.0428
IMP00000476,CAM0012,EV00013109,2025-03-13T15:42:50,P058,post,tablet,0.0379
IMP00000477,CAM0027,EV00018214,2025-10-16T19:59:58,P024,mid,mobile,0.0277
IMP00000478,CAM0044,EV00001216,2025-04-14T21:13:21,P050,mid,smart_tv,0.0285
IMP00000479,CAM0005,EV00008006,2025-01-09T15:34:58,P016,pre,tablet,0.0416
IMP00000480,CAM0008,EV00006569,2025-01-15T14:07:42,P032,pre,tablet,0.0348
IMP00000481,CAM0029,EV00019246,2025-01-08T20:05:48,P046,pre,tablet,0.0335
IMP00000482,CAM0024,EV00011795,2025-03-08T15:41:57,P010,mid,tablet,0.0254
IMP00000483,CAM0017,EV00019019,2025-03-16T08:40:35,P003,pre,streaming_stick,0.0431
IMP00000484,CAM0002,EV00010762,2025-03-10T14:09:08,P012,mid,tablet,0.0226
IMP00000485,CAM0007,EV00006318,2025-07-18T10:04:29,P017,mid,smart_tv,0.0359
IMP00000486,CAM0028,EV00006724,2025-07-28T19:45:53,P031,mid,mobile,0.0285
IMP00000487,CAM0034,EV00005560,2025-12-12T16:37:39,P022,mid,mobile,0.03
IMP00000488,CAM0010,EV00016183,2025-02-24T15:50:41,P062,mid,tablet,0.0312
IMP00000489,CAM0037,EV00008914,2025-05-06T14:09:30,P030,pre,desktop,0.0423
IMP00000490,CAM0004,EV00003197,2025-01-23T13:52:21,P025,pre,mobile,0.0431
IMP00000491,CAM0053,EV00009996,2025-11-25T17:20:48,P033,pre,mobile,0.023
IMP00000492,CAM0047,EV00013074,2025-09-09T16:48:06,P050,pre,mobile,0.0308
IMP00000493,CAM0029,EV00018030,2025-03-11T22:59:41,P008,mid,tablet,0.0403
IMP00000494,CAM0005,EV00002367,2025-12-02T18:32:43,P003,mid,tablet,0.0411
IMP00000495,CAM0031,EV00002494,2025-02-08T23:52:26,P036,mid,streaming_stick,0.0374
IMP00000496,CAM0046,EV00019144,2025-10-19T12:40:58,P025,pre,desktop,0.0396
IMP00000497,CAM0029,EV00015703,2025-08-25T14:47:57,P007,pre,streaming_stick,0.0269
IMP00000498,CAM0006,EV00017953,2025-05-11T19:22:56,P023,pre,tablet,0.0419
IMP00000499,CAM0054,EV00003705,2025-01-23T13:55:02,P030,pre,mobile,0.0328
IMP00000500,CAM0027,EV00008308,2025-06-03T15:05:51,P014,pre,tablet,0.0212
IMP00000501,CAM0007,EV00007867,2025-06-08T12:27:49,P048,mid,mobile,0.0264
IMP00000502,CAM0035,EV00020247,2025-01-13T23:02:50,P057,post,tablet,0.0401
IMP00000503,CAM0034,EV00018596,2025-02-04T16:02:49,P009,pre,mobile,0.0361
IMP00000504,CAM0039,EV00007555,2025-08-17T19:54:28,P003,pre,mobile,0.0443
IMP00000505,CAM0005,EV00017668,2025-08-23T15:43:39,P020,pre,tablet,0.0375
IMP00000506,CAM0043,EV00005478,2025-04-29T17:43:47,P001,mid,desktop,0.0313
IMP00000507,CAM0056,EV00006974,2025-06-03T08:39:49,P042,pre,mobile,0.021
IMP00000508,CAM0041,EV00004475,2025-11-26T12:06:38,P001,mid,tablet,0.0249
IMP00000509,CAM0034,EV00013909,2025-01-22T19:34:40,P003,pre,streaming_stick,0.0233
IMP00000510,CAM0031,EV00015057,2025-12-28T12:44:42,P008,mid,mobile,0.0223
IMP00000511,CAM0057,EV00004747,2025-11-18T15:56:05,P025,pre,smart_tv,0.0428
IMP00000512,CAM0006,EV00006418,2025-08-20T13:12:37,P027,mid,mobile,0.0408
IMP00000513,CAM0023,EV00018615,2025-07-15T17:55:59,P041,mid,streaming_stick,0.0307
IMP00000514,CAM0052,EV00006721,2025-06-11T16:33:28,P005,post,streaming_stick,0.0267
IMP00000515,CAM0033,EV00000940,2025-01-09T12:26:19,P015,pre,tablet,0.0248
IMP00000516,CAM0050,EV00009938,2025-06-20T19:48:43,P010,pre,mobile,0.0324
IMP00000517,CAM0053,EV00001606,2025-12-19T20:52:33,P058,mid,tablet,0.0217
IMP00000518,CAM0044,EV00001553,2025-11-17T17:48:10,P030,pre,tablet,0.0404
IMP00000519,CAM0017,EV00001114,2025-10-14T20:25:37,P016,pre,desktop,0.0347
IMP00000520,CAM0041,EV00016173,2025-06-15T13:39:17,P012,mid,smart_tv,0.0333
IMP00000521,CAM0041,EV00019966,2025-02-05T14:58:56,P035,pre,desktop,0.0439
IMP00000522,CAM0007,EV00018235,2025-11-10T13:04:34,P057,pre,tablet,0.0284
IMP00000523,CAM0036,EV00018304,2025-08-16T12:50:15,P006,pre,mobile,0.0446
IMP00000524,CAM0013,EV00004164,2025-08-04T09:38:37,P041,pre,mobile,0.0276
IMP00000525,CAM0034,EV00014311,2025-04-18T13:37:01,P045,mid,streaming_stick,0.0441
IMP00000526,CAM0059,EV00002711,2025-04-27T12:58:00,P049,pre,tablet,0.0308
IMP00000527,CAM0045,EV00002761,2025-06-15T20:30:22,P041,pre,mobile,0.0392
IMP00000528,CAM0018,EV00006630,2025-02-25T16:37:34,P035,pre,mobile,0.0206
IMP00000529,CAM0039,EV00004791,2025-09-22T20:22:07,P008,mid,mobile,0.0216
IMP00000530,CAM0011,EV00008977,2025-11-13T17:20:09,P033,mid,smart_tv,0.0398
IMP00000531,CAM0049,EV00007726,2025-01-05T19:32:35,P061,mid,smart_tv,0.0237
IMP00000532,CAM0026,EV00004774,2025-12-20T18:24:15,P057,pre,mobile,0.0246
IMP00000533,CAM0034,EV00020059,2025-01-27T16:54:50,P016,pre,tablet,0.0378
IMP00000534,CAM0021,EV00006079,2025-06-23T16:36:02,P036,pre,tablet,0.0299
IMP00000535,CAM0023,EV00009316,2025-09-24T15:35:30,P041,pre,mobile,0.0399
IMP00000536,CAM0049,EV00006266,2025-05-31T17:55:28,P038,mid,mobile,0.0436
IMP00000537,CAM0041,EV00017905,2025-12-26T14:47:54,P022,mid,mobile,0.0429
IMP00000538,CAM0004,EV00004268,2025-06-03T15:05:35,P045,pre,tablet,0.0422
IMP00000539,CAM0049,EV00012898,2025-03-23T10:36:53,P044,mid,streaming_stick,0.0208
IMP00000540,CAM0016,EV00006807,2025-07-02T11:33:11,P026,mid,mobile,0.0274
IMP00000541,CAM0011,EV00012029,2025-10-03T21:08:37,P037,mid,tablet,0.0311
IMP00000542,CAM0006,EV00015615,2025-08-07T22:28:07,P013,pre,tablet,0.0332
IMP00000543,CAM0038,EV00005404,2025-05-25T15:54:11,P057,pre,mobile,0.0227
IMP00000544,CAM0002,EV00008422,2025-11-05T21:46:02,P025,mid,mobile,0.0224
IMP00000545,CAM0028,EV00008538,2025-09-04T16:52:51,P027,mid,mobile,0.0371
IMP00000546,CAM0018,EV00009469,2025-01-01T08:02:38,P048,pre,tablet,0.034
IMP00000547,CAM0058,EV00008806,2025-03-26T17:34:46,P027,pre,mobile,0.0297
IMP00000548,CAM0022,EV00003586,2025-05-25T18:04:40,P039,mid,mobile,0.0203
IMP00000549,CAM0046,EV00011407,2025-07-13T16:54:37,P036,pre,mobile,0.0385
IMP00000550,CAM0040,EV00001239,2025-12-07T16:29:07,P044,pre,desktop,0.033
IMP00000551,CAM0056,EV00001287,2025-06-14T13:17:39,P043,pre,tablet,0.0326
IMP00000552,CAM0058,EV00015721,2025-12-26T12:26:36,P052,pre,mobile,0.0414
IMP00000553,CAM0030,EV00002386,2025-07-09T18:26:25,P044,post,tablet,0.0231
IMP00000554,CAM0030,EV00006696,2025-09-27T16:20:20,P015,mid,desktop,0.0258
IMP00000555,CAM0050,EV00015040,2025-11-14T18:25:07,P058,pre,tablet,0.0327
IMP00000556,CAM0052,EV00018454,2025-08-28T20:17:36,P044,pre,tablet,0.0428
IMP00000557,CAM0004,EV00005938,2025-02-13T17:22:42,P052,post,tablet,0.0278
IMP00000558,CAM0018,EV00019480,2025-04-22T08:12:34,P061,pre,mobile,0.0356
IMP00000559,CAM0014,EV00014434,2025-12-16T18:58:29,P038,mid,mobile,0.0213
IMP00000560,CAM0051,EV00016903,2025-08-05T09:30:13,P024,pre,desktop,0.0267
IMP00000561,CAM0034,EV00002851,2025-11-17T18:17:48,P021,mid,tablet,0.0388
IMP00000562,CAM0017,EV00018232,2025-11-07T16:38:11,P007,pre,smart_tv,0.0393
IMP00000563,CAM0038,EV00015630,2025-11-04T20:27:49,P008,pre,tablet,0.0219
IMP00000564,CAM0004,EV00001309,2025-10-23T18:47:18,P058,pre,mobile,0.0356
IMP00000565,CAM0014,EV00011197,2025-05-04T23:58:15,P038,pre,mobile,0.0386
IMP00000566,CAM0013,EV00006101,2025-04-15T15:48:39,P034,mid,mobile,0.0222
IMP00000567,CAM0003,EV00019352,2025-07-28T20:49:09,P058,mid,tablet,0.0378
IMP00000568,CAM0017,EV00017560,2025-09-22T18:22:09,P021,mid,mobile,0.04
IMP00000569,CAM0013,EV00012788,2025-02-16T14:09:27,P025,pre,tablet,0.044
IMP00000570,CAM0034,EV00010753,2025-04-04T11:54:35,P045,mid,tablet,0.0432
IMP00000571,CAM0044,EV00009781,2025-12-15T17:01:36,P053,pre,tablet,0.0336
IMP00000572,CAM0058,EV00016476,2025-02-12T16:12:03,P059,mid,tablet,0.0263
IMP00000573,CAM0004,EV00011528,2025-08-13T20:19:39,P001,mid,mobile,0.0346
IMP00000574,CAM0023,EV00005441,2025-05-09T11:51:23,P029,pre,tablet,0.0356
IMP00000575,CAM0039,EV00001841,2025-01-12T14:41:51,P029,mid,tablet,0.0207
IMP00000576,CAM0026,EV00016650,2025-05-29T10:33:50,P016,mid,smart_tv,0.0443
IMP00000577,CAM0009,EV00011264,2025-04-15T09:51:29,P035,pre,mobile,0.028
IMP00000578,CAM0017,EV00000800,2025-05-02T16:39:29,P053,mid,mobile,0.0229
IMP00000579,CAM0048,EV00002270,2025-09-11T13:55:58,P026,post,desktop,0.0385
IMP00000580,CAM0019,EV00008347,2025-02-16T14:39:07,P057,mid,tablet,0.0399
IMP00000581,CAM0051,EV00016216,2025-04-04T17:29:04,P005,pre,smart_tv,0.0384
IMP00000582,CAM0023,EV00016619,2025-10-27T10:52:51,P011,mid,smart_tv,0.0206
IMP00000583,CAM0011,EV00014828,2025-04-27T16:49:12,P011,pre,tablet,0.0384
IMP00000584,CAM0030,EV00011724,2025-11-29T11:05:17,P039,mid,tablet,0.0318
IMP00000585,CAM0026,EV00012999,2025-09-06T06:19:30,P025,pre,tablet,0.0444
IMP00000586,CAM0002,EV00007206,2025-01-11T00:13:49,P017,post,mobile,0.0448
IMP00000587,CAM0018,EV00006394,2025-01-13T21:22:48,P046,post,tablet,0.0237
IMP00000588,CAM0020,EV00008322,2025-05-29T21:26:07,P023,mid,tablet,0.029
IMP00000589,CAM0045,EV00012282,2025-11-06T17:26:09,P027,mid,mobile,0.0302
IMP00000590,CAM0005,EV00010499,2025-01-30T16:56:23,P056,post,mobile,0.0387
IMP00000591,CAM0037,EV00002823,2025-07-02T14:17:26,P051,mid,tablet,0.022
IMP00000592,CAM0043,EV00016564,2025-09-18T18:54:24,P022,post,mobile,0.0276
IMP00000593,CAM0052,EV00008824,2025-08-05T15:23:40,P020,pre,mobile,0.0246
IMP00000594,CAM0036,EV00015534,2025-03-18T23:35:37,P041,pre,desktop,0.036
IMP00000595,CAM0044,EV00000771,2025-10-03T11:12:28,P002,pre,mobile,0.0284
IMP00000596,CAM0003,EV00006538,2025-10-20T14:00:14,P026,pre,mobile,0.0295
IMP00000597,CAM0023,EV00017088,2025-05-07T21:16:58,P029,post,desktop,0.0286
IMP00000598,CAM0023,EV00012349,2025-08-06T20:52:03,P025,pre,tablet,0.0216
IMP00000599,CAM0005,EV00014231,2025-01-07T20:08:29,P027,pre,mobile,0.0257
IMP00000600,CAM0005,EV00001803,2025-04-23T13:29:40,P060,post,tablet,0.0355
IMP00000601,CAM0041,EV00011470,2025-01-19T21:48:59,P055,mid,mobile,0.0264
IMP00000602,CAM0011,EV00003192,2025-10-01T00:04:18,P026,post,mobile,0.0337
IMP00000603,CAM0048,EV00001833,2025-08-22T17:35:59,P056,post,tablet,0.0221
IMP00000604,CAM0033,EV00003862,2025-06-20T14:45:17,P055,pre,tablet,0.0294
IMP00000605,CAM0048,EV00018433,2025-09-25T17:05:35,P045,pre,desktop,0.0277
IMP00000606,CAM0019,EV00014579,2025-12-03T19:14:56,P031,mid,tablet,0.0402
IMP00000607,CAM0045,EV00001478,2025-12-30T17:14:51,P028,pre,tablet,0.0413
IMP00000608,CAM0034,EV00014200,2025-05-01T15:36:36,P036,pre,mobile,0.023
IMP00000609,CAM0054,EV00005951,2025-11-20T13:02:51,P051,pre,tablet,0.0295
IMP00000610,CAM0043,EV00005797,2025-06-13T22:49:14,P002,mid,tablet,0.038
IMP00000611,CAM0020,EV00017341,2025-07-02T17:57:04,P040,pre,mobile,0.0407
IMP00000612,CAM0058,EV00008653,2025-10-17T20:11:03,P061,pre,mobile,0.0351
IMP00000613,CAM0017,EV00005064,2025-06-10T10:26:49,P055,pre,tablet,0.0201
IMP00000614,CAM0026,EV00018805,2025-08-03T09:33:57,P012,pre,mobile,0.0302
IMP00000615,CAM0003,EV00003961,2025-08-21T09:53:34,P003,pre,mobile,0.035
IMP00000616,CAM0057,EV00015705,2025-08-25T15:02:59,P007,mid,streaming_stick,0.0333
IMP00000617,CAM0053,EV00000852,2025-03-26T17:26:09,P032,post,mobile,0.0384
IMP00000618,CAM0043,EV00016839,2025-02-02T11:03:07,P005,pre,mobile,0.0306
IMP00000619,CAM0015,EV00011998,2025-05-25T17:05:12,P030,pre,desktop,0.021
IMP00000620,CAM0025,EV00011577,2025-05-28T20:17:04,P038,pre,mobile,0.0348
IMP00000621,CAM0050,EV00007185,2025-10-10T00:42:47,P014,post,smart_tv,0.0349
IMP00000622,CAM0001,EV00013069,2025-09-06T17:07:10,P038,pre,tablet,0.0292
IMP00000623,CAM0011,EV00014914,2025-04-17T20:45:21,P056,pre,smart_tv,0.0409
IMP00000624,CAM0015,EV00009335,2025-09-16T08:18:15,P045,mid,tablet,0.0254
IMP00000625,CAM0050,EV00009813,2025-10-18T14:00:50,P040,mid,streaming_stick,0.0279
IMP00000626,CAM0037,EV00000591,2025-08-27T19:00:17,P059,mid,tablet,0.0447
IMP00000627,CAM0035,EV00000763,2025-07-20T17:11:04,P018,mid,tablet,0.0296
IMP00000628,CAM0025,EV00003272,2025-10-18T22:05:32,P004,mid,mobile,0.0366
IMP00000629,CAM0037,EV00014399,2025-08-27T20:57:21,P008,mid,streaming_stick,0.0447
IMP00000630,CAM0039,EV00008748,2025-11-17T07:25:56,P054,pre,mobile,0.0294
IMP00000631,CAM0006,EV00018186,2025-11-19T17:46:22,P003,pre,mobile,0.042
IMP00000632,CAM0002,EV00001362,2025-02-14T11:51:02,P040,pre,mobile,0.0317
IMP00000633,CAM0009,EV00013410,2025-05-29T09:23:45,P015,mid,tablet,0.0202
IMP00000634,CAM0025,EV00018582,2025-03-03T22:35:51,P050,mid,desktop,0.0413
IMP00000635,CAM0032,EV00004634,2025-07-11T07:51:07,P019,pre,tablet,0.0325
IMP00000636,CAM0031,EV00011036,2025-06-26T21:22:21,P027,mid,mobile,0.0379
IMP00000637,CAM0032,EV00002853,2025-11-17T18:47:48,P021,post,tablet,0.0439
IMP00000638,CAM0043,EV00005790,2025-01-14T06:37:23,P045,pre,mobile,0.0255
IMP00000639,CAM0041,EV00014776,2025-06-09T17:57:00,P046,pre,mobile,0.0278
IMP00000640,CAM0059,EV00003864,2025-06-20T15:15:18,P055,mid,tablet,0.0349
IMP00000641,CAM0057,EV00020173,2025-03-02T21:06:48,P040,pre,tablet,0.0387
IMP00000642,CAM0006,EV00003305,2025-11-21T22:29:48,P062,pre,mobile,0.0279
IMP00000643,CAM0005,EV00004235,2025-10-28T15:30:11,P054,pre,mobile,0.0385
IMP00000644,CAM0009,EV00009330,2025-11-05T11:59:51,P026,mid,smart_tv,0.0416
IMP00000645,CAM0009,EV00006323,2025-04-14T07:35:05,P027,mid,smart_tv,0.0347
IMP00000646,CAM0039,EV00007736,2025-06-12T07:07:00,P060,mid,tablet,0.0272
IMP00000647,CAM0010,EV00018536,2025-07-09T21:44:31,P050,pre,mobile,0.0297
IMP00000648,CAM0006,EV00014882,2025-08-09T15:56:13,P039,pre,tablet,0.0388
IMP00000649,CAM0044,EV00003258,2025-01-03T00:25:09,P011,mid,tablet,0.0232
IMP00000650,CAM0033,EV00011679,2025-05-18T10:31:44,P029,mid,mobile,0.0323
IMP00000651,CAM0047,EV00011287,2025-09-19T16:14:53,P045,pre,mobile,0.0218
IMP00000652,CAM0016,EV00003312,2025-03-17T10:36:01,P033,mid,mobile,0.038
IMP00000653,CAM0045,EV00016589,2025-12-18T14:00:46,P004,pre,mobile,0.0209
IMP00000654,CAM0038,EV00015631,2025-07-06T17:46:05,P032,pre,mobile,0.0424
IMP00000655,CAM0042,EV00003210,2025-07-10T18:29:39,P038,pre,tablet,0.043
IMP00000656,CAM0035,EV00001317,2025-06-30T09:39:22,P031,mid,mobile,0.0404
IMP00000657,CAM0001,EV00007147,2025-08-28T00:20:39,P004,mid,mobile,0.03
IMP00000658,CAM0001,EV00013842,2025-12-01T00:18:49,P048,mid,tablet,0.0209
IMP00000659,CAM0041,EV00005492,2025-06-26T07:56:39,P037,pre,tablet,0.0374
IMP00000660,CAM0040,EV00009300,2025-12-25T18:26:15,P062,mid,tablet,0.0251
IMP00000661,CAM0006,EV00003950,2025-09-15T21:02:24,P062,post,tablet,0.0246
IMP00000662,CAM0054,EV00005469,2025-02-26T11:29:26,P019,mid,mobile,0.0422
IMP00000663,CAM0030,EV00008310,2025-06-03T15:35:50,P014,mid,tablet,0.0428
IMP00000664,CAM0025,EV00005142,2025-06-22T23:07:57,P037,mid,desktop,0.0406
IMP00000665,CAM0058,EV00011165,2025-11-12T11:14:18,P023,pre,smart_tv,0.042
IMP00000666,CAM0019,EV00009295,2025-01-30T16:32:33,P026,pre,tablet,0.0202
IMP00000667,CAM0051,EV00008154,2025-11-23T16:28:55,P001,pre,streaming_stick,0.0362
IMP00000668,CAM0039,EV00000689,2025-04-04T13:41:52,P052,mid,mobile,0.0278
IMP00000669,CAM0039,EV00012706,2025-04-26T06:54:02,P036,pre,mobile,0.0364
IMP00000670,CAM0043,EV00006040,2025-07-25T16:02:07,P060,pre,smart_tv,0.0278
IMP00000671,CAM0042,EV00014056,2025-05-18T06:54:25,P042,pre,smart_tv,0.0368
IMP00000672,CAM0036,EV00014554,2025-01-21T19:59:55,P039,pre,desktop,0.0213
IMP00000673,CAM0015,EV00018623,2025-12-11T16:03:18,P053,pre,tablet,0.0223
IMP00000674,CAM0042,EV00011039,2025-11-26T09:38:23,P037,pre,tablet,0.0407
IMP00000675,CAM0012,EV00005742,2025-01-11T11:09:57,P057,post,mobile,0.022
IMP00000676,CAM0038,EV00016305,2025-06-23T06:02:05,P024,pre,tablet,0.0321
IMP00000677,CAM0056,EV00014132,2025-06-15T15:17:06,P019,pre,smart_tv,0.0266
IMP00000678,CAM0015,EV00017685,2025-04-22T16:31:57,P054,pre,smart_tv,0.0226
IMP00000679,CAM0027,EV00010723,2025-02-22T19:39:17,P032,pre,tablet,0.0353
IMP00000680,CAM0057,EV00001897,2025-01-10T00:12:51,P036,mid,desktop,0.0244
IMP00000681,CAM0058,EV00017604,2025-01-13T13:14:37,P017,mid,streaming_stick,0.0365
IMP00000682,CAM0019,EV00016291,2025-09-06T11:09:28,P054,mid,mobile,0.0207
IMP00000683,CAM0047,EV00010117,2025-12-10T23:56:11,P015,pre,mobile,0.0256
IMP00000684,CAM0050,EV00014337,2025-09-05T23:27:28,P062,mid,mobile,0.0353
IMP00000685,CAM0019,EV00019976,2025-06-27T14:05:22,P058,pre,mobile,0.0418
IMP00000686,CAM0037,EV00020166,2025-07-22T18:57:34,P024,pre,mobile,0.0387
IMP00000687,CAM0016,EV00015892,2025-06-26T15:06:20,P048,pre,tablet,0.0353
IMP00000688,CAM0015,EV00019201,2025-06-07T13:58:13,P013,pre,desktop,0.035
IMP00000689,CAM0011,EV00005183,2025-08-23T19:55:44,P016,mid,tablet,0.0401
IMP00000690,CAM0035,EV00018894,2025-04-26T17:10:17,P001,pre,mobile,0.0315
IMP00000691,CAM0044,EV00019674,2025-08-20T23:21:49,P014,pre,mobile,0.0205
IMP00000692,CAM0017,EV00012548,2025-08-26T20:22:37,P050,pre,tablet,0.0421
IMP00000693,CAM0016,EV00004800,2025-07-03T15:39:13,P035,mid,tablet,0.0376
IMP00000694,CAM0050,EV00001431,2025-08-31T16:16:40,P035,pre,tablet,0.0363
IMP00000695,CAM0001,EV00015506,2025-02-23T22:14:59,P009,pre,tablet,0.0437
IMP00000696,CAM0055,EV00004516,2025-08-30T09:28:53,P044,mid,mobile,0.0396
IMP00000697,CAM0016,EV00008536,2025-09-04T16:40:22,P027,pre,mobile,0.0403
IMP00000698,CAM0008,EV00012709,2025-06-12T15:55:52,P042,pre,smart_tv,0.0405
IMP00000699,CAM0032,EV00009479,2025-08-29T16:30:07,P010,pre,tablet,0.0341
IMP00000700,CAM0020,EV00003571,2025-09-17T14:01:25,P040,mid,mobile,0.0297
IMP00000701,CAM0040,EV00009015,2025-09-19T11:52:03,P054,mid,desktop,0.0209
IMP00000702,CAM0031,EV00003462,2025-06-20T13:34:23,P049,pre,mobile,0.0346
IMP00000703,CAM0020,EV00006081,2025-06-23T17:06:04,P036,mid,tablet,0.0225
IMP00000704,CAM0050,EV00007163,2025-10-13T14:44:08,P001,post,tablet,0.0239
IMP00000705,CAM0053,EV00015910,2025-01-19T15:54:21,P050,pre,mobile,0.0355
IMP00000706,CAM0036,EV00009945,2025-03-25T18:06:57,P013,mid,streaming_stick,0.0345
IMP00000707,CAM0058,EV00007062,2025-12-07T15:29:24,P013,mid,mobile,0.0303
IMP00000708,CAM0043,EV00005247,2025-05-27T19:08:47,P047,pre,tablet,0.0372
IMP00000709,CAM0017,EV00015580,2025-02-26T11:50:12,P002,pre,mobile,0.0228
IMP00000710,CAM0054,EV00010090,2025-06-14T17:41:12,P033,mid,mobile,0.0243
IMP00000711,CAM0041,EV00013962,2025-02-09T09:55:56,P003,pre,mobile,0.0366
IMP00000712,CAM0017,EV00008777,2025-07-23T09:41:05,P005,mid,mobile,0.0444
IMP00000713,CAM0042,EV00002497,2025-03-26T17:33:42,P062,pre,tablet,0.0305
IMP00000714,CAM0057,EV00017093,2025-10-17T21:58:58,P015,mid,desktop,0.0266
IMP00000715,CAM0059,EV00008919,2025-08-14T08:42:06,P060,pre,desktop,0.0204
IMP00000716,CAM0051,EV00006689,2025-08-05T20:50:57,P057,pre,tablet,0.0329
IMP00000717,CAM0030,EV00013704,2025-07-16T20:13:30,P024,mid,desktop,0.0424
IMP00000718,CAM0033,EV00016236,2025-10-26T14:47:43,P038,mid,mobile,0.0213
IMP00000719,CAM0018,EV00009911,2025-06-21T07:54:28,P009,mid,tablet,0.0441
IMP00000720,CAM0042,EV00016255,2025-07-02T15:45:31,P048,mid,smart_tv,0.0437
IMP00000721,CAM0011,EV00013032,2025-01-14T17:11:07,P003,mid,tablet,0.0244
IMP00000722,CAM0035,EV00009081,2025-01-01T22:42:21,P040,mid,tablet,0.0344
IMP00000723,CAM0030,EV00007455,2025-02-25T06:26:19,P025,pre,mobile,0.0296
IMP00000724,CAM0002,EV00009141,2025-10-02T08:25:34,P023,mid,mobile,0.0406
IMP00000725,CAM0045,EV00019219,2025-04-07T13:45:39,P013,pre,tablet,0.0215
IMP00000726,CAM0006,EV00003045,2025-04-15T13:03:07,P003,pre,tablet,0.0329
IMP00000727,CAM0035,EV00015815,2025-08-22T14:08:40,P049,mid,desktop,0.0275
IMP00000728,CAM0040,EV00016095,2025-05-21T14:02:40,P058,pre,streaming_stick,0.0352
IMP00000729,CAM0015,EV00014024,2025-02-05T16:43:13,P043,mid,mobile,0.0287
IMP00000730,CAM0025,EV00015614,2025-12-26T16:05:25,P008,post,tablet,0.0239
IMP00000731,CAM0022,EV00008736,2025-08-27T09:56:54,P018,mid,mobile,0.0206
IMP00000732,CAM0031,EV00001945,2025-10-31T16:22:24,P024,pre,tablet,0.0433
IMP00000733,CAM0054,EV00006419,2025-08-21T13:31:40,P049,pre,desktop,0.0361
IMP00000734,CAM0014,EV00013694,2025-04-03T14:45:51,P051,mid,tablet,0.0427
IMP00000735,CAM0014,EV00019959,2025-11-08T14:23:37,P012,mid,mobile,0.0417
IMP00000736,CAM0021,EV00019864,2025-01-05T16:29:17,P015,pre,desktop,0.0311
IMP00000737,CAM0041,EV00011333,2025-10-02T13:18:09,P056,mid,desktop,0.025
IMP00000738,CAM0058,EV00005804,2025-12-17T20:35:23,P009,pre,tablet,0.0321
IMP00000739,CAM0046,EV00015919,2025-10-26T12:32:01,P062,post,desktop,0.0292
IMP00000740,CAM0026,EV00005514,2025-10-15T19:44:14,P026,mid,tablet,0.0209
IMP00000741,CAM0047,EV00004737,2025-07-17T16:08:06,P021,pre,streaming_stick,0.0394
IMP00000742,CAM0009,EV00001315,2025-06-30T08:41:17,P031,pre,mobile,0.0333
IMP00000743,CAM0023,EV00003348,2025-12-31T16:37:06,P045,mid,desktop,0.0331
IMP00000744,CAM0009,EV00016550,2025-01-19T17:20:15,P011,pre,desktop,0.0292
IMP00000745,CAM0018,EV00018944,2025-04-01T13:46:11,P026,mid,mobile,0.0439
IMP00000746,CAM0029,EV00019760,2025-12-11T10:04:27,P061,pre,tablet,0.0276
IMP00000747,CAM0019,EV00011321,2025-05-26T13:20:22,P041,pre,mobile,0.0219
IMP00000748,CAM0011,EV00000342,2025-05-24T19:06:40,P029,mid,mobile,0.0411
IMP00000749,CAM0024,EV00006205,2025-04-25T18:01:09,P005,pre,mobile,0.0271
IMP00000750,CAM0004,EV00014088,2025-05-23T14:52:56,P045,mid,tablet,0.0381
IMP00000751,CAM0034,EV00015258,2025-05-29T12:05:15,P033,pre,mobile,0.0215
IMP00000752,CAM0030,EV00012406,2025-11-16T22:29:49,P015,mid,tablet,0.0317
IMP00000753,CAM0034,EV00003884,2025-01-26T19:56:42,P028,mid,tablet,0.0231
IMP00000754,CAM0025,EV00016386,2025-04-04T15:48:37,P009,mid,tablet,0.0378
IMP00000755,CAM0051,EV00005041,2025-11-17T14:03:35,P033,mid,mobile,0.0264
IMP00000756,CAM0048,EV00020139,2025-12-11T12:20:02,P037,mid,tablet,0.0379
IMP00000757,CAM0002,EV00014964,2025-01-21T23:29:49,P003,pre,mobile,0.0212
IMP00000758,CAM0016,EV00016131,2025-07-04T14:06:15,P058,mid,smart_tv,0.0392
IMP00000759,CAM0035,EV00000023,2025-01-10T14:59:41,P005,mid,tablet,0.0375
IMP00000760,CAM0011,EV00012048,2025-05-21T14:08:47,P033,pre,tablet,0.0448
IMP00000761,CAM0029,EV00017738,2025-10-15T22:46:43,P051,mid,mobile,0.0222
IMP00000762,CAM0048,EV00002148,2025-09-20T09:27:17,P007,pre,smart_tv,0.0429
IMP00000763,CAM0038,EV00019992,2025-12-02T13:40:34,P037,pre,mobile,0.0213
IMP00000764,CAM0024,EV00015820,2025-10-13T18:07:20,P009,pre,mobile,0.0423
IMP00000765,CAM0026,EV00020165,2025-01-14T14:06:42,P050,pre,mobile,0.0288
IMP00000766,CAM0037,EV00009709,2025-05-18T14:59:46,P025,mid,mobile,0.0359
IMP00000767,CAM0010,EV00004776,2025-12-20T18:54:12,P057,mid,mobile,0.036
IMP00000768,CAM0057,EV00004980,2025-10-09T13:12:43,P031,pre,mobile,0.0425
IMP00000769,CAM0029,EV00017758,2025-12-11T19:57:50,P009,pre,mobile,0.0272
IMP00000770,CAM0038,EV00001940,2025-10-21T14:00:15,P010,pre,tablet,0.0204
IMP00000771,CAM0046,EV00003576,2025-11-20T13:31:28,P055,mid,tablet,0.0439
IMP00000772,CAM0018,EV00007892,2025-06-05T12:58:42,P026,mid,tablet,0.0324
IMP00000773,CAM0019,EV00016895,2025-06-03T17:22:21,P027,mid,tablet,0.0421
IMP00000774,CAM0005,EV00008201,2025-11-30T14:22:58,P017,mid,mobile,0.0366
IMP00000775,CAM0038,EV00013626,2025-07-23T22:43:54,P040,pre,tablet,0.0296
IMP00000776,CAM0056,EV00004864,2025-04-22T17:15:42,P031,pre,tablet,0.0303
IMP00000777,CAM0035,EV00006145,2025-10-27T12:44:20,P056,pre,mobile,0.0431
IMP00000778,CAM0028,EV00001625,2025-07-31T11:38:38,P041,pre,mobile,0.0263
IMP00000779,CAM0045,EV00009955,2025-12-07T20:51:46,P042,post,tablet,0.0352
IMP00000780,CAM0029,EV00013812,2025-06-07T20:25:48,P051,pre,mobile,0.0392
IMP00000781,CAM0029,EV00017689,2025-04-22T16:56:57,P054,post,smart_tv,0.0356
IMP00000782,CAM0028,EV00008402,2025-09-17T14:11:58,P026,pre,desktop,0.0226
IMP00000783,CAM0020,EV00000265,2025-06-30T15:59:01,P041,pre,tablet,0.0248
IMP00000784,CAM0048,EV00007731,2025-10-05T22:52:10,P055,mid,mobile,0.0261
IMP00000785,CAM0028,EV00006117,2025-11-06T21:00:57,P027,mid,mobile,0.0249
IMP00000786,CAM0016,EV00008071,2025-08-03T15:35:53,P014,mid,tablet,0.0219
IMP00000787,CAM0035,EV00010392,2025-09-24T20:49:21,P035,pre,mobile,0.0246
IMP00000788,CAM0039,EV00000755,2025-06-19T15:49:16,P039,post,mobile,0.0274
IMP00000789,CAM0019,EV00014860,2025-05-06T13:32:12,P022,mid,streaming_stick,0.0361
IMP00000790,CAM0025,EV00003285,2025-11-07T19:16:46,P052,post,tablet,0.0346
IMP00000791,CAM0045,EV00015472,2025-05-30T19:48:15,P008,post,streaming_stick,0.0229
IMP00000792,CAM0033,EV00005720,2025-02-26T18:59:37,P016,pre,mobile,0.0214
IMP00000793,CAM0002,EV00011754,2025-02-08T19:49:43,P050,pre,mobile,0.0311
IMP00000794,CAM0021,EV00013584,2025-02-24T19:50:52,P013,mid,tablet,0.0225
IMP00000795,CAM0049,EV00015857,2025-04-14T12:45:46,P016,mid,tablet,0.042
IMP00000796,CAM0032,EV00019489,2025-05-21T00:26:40,P014,post,tablet,0.0209
IMP00000797,CAM0022,EV00002406,2025-01-01T17:39:37,P024,mid,mobile,0.0359
IMP00000798,CAM0036,EV00017343,2025-04-08T15:55:13,P006,pre,mobile,0.0434
IMP00000799,CAM0054,EV00001630,2025-08-30T10:43:51,P024,mid,streaming_stick,0.0306
IMP00000800,CAM0042,EV00004499,2025-05-26T07:32:28,P046,pre,mobile,0.0447
IMP00000801,CAM0034,EV00006162,2025-06-29T10:13:53,P011,mid,mobile,0.029
IMP00000802,CAM0022,EV00005157,2025-07-25T16:34:07,P012,mid,smart_tv,0.0272
IMP00000803,CAM0008,EV00004578,2025-08-16T19:44:36,P057,post,desktop,0.0412
IMP00000804,CAM0021,EV00015879,2025-03-13T16:18:13,P024,post,tablet,0.0216
IMP00000805,CAM0058,EV00017669,2025-06-26T15:53:27,P052,pre,mobile,0.0291
IMP00000806,CAM0007,EV00000903,2025-06-22T16:03:01,P028,mid,tablet,0.0438
IMP00000807,CAM0001,EV00001048,2025-04-26T13:09:34,P050,mid,mobile,0.0398
IMP00000808,CAM0021,EV00017389,2025-11-19T15:53:22,P060,post,tablet,0.0212
IMP00000809,CAM0004,EV00004283,2025-06-09T21:24:41,P042,pre,tablet,0.0312
IMP00000810,CAM0007,EV00006601,2025-11-14T09:19:58,P033,mid,tablet,0.0226
IMP00000811,CAM0001,EV00001185,2025-12-18T17:32:05,P019,pre,mobile,0.027
IMP00000812,CAM0039,EV00015044,2025-11-14T19:25:03,P058,post,tablet,0.0301
IMP00000813,CAM0039,EV00016796,2025-01-02T17:59:53,P043,pre,streaming_stick,0.0307
IMP00000814,CAM0011,EV00016111,2025-08-22T07:45:54,P021,post,smart_tv,0.0229
IMP00000815,CAM0051,EV00014998,2025-01-25T20:28:42,P031,mid,streaming_stick,0.0203
IMP00000816,CAM0035,EV00004222,2025-02-23T14:34:15,P035,mid,smart_tv,0.0289
IMP00000817,CAM0008,EV00002020,2025-12-25T12:58:25,P009,pre,mobile,0.037
IMP00000818,CAM0001,EV00000498,2025-09-03T13:09:01,P018,pre,tablet,0.0284
IMP00000819,CAM0040,EV00006120,2025-01-05T22:51:41,P020,pre,smart_tv,0.0295
IMP00000820,CAM0029,EV00006924,2025-09-27T17:40:21,P037,mid,mobile,0.0411
IMP00000821,CAM0050,EV00016793,2025-07-30T21:52:21,P023,mid,tablet,0.0388
IMP00000822,CAM0001,EV00001468,2025-10-15T19:30:08,P036,pre,tablet,0.0314
IMP00000823,CAM0049,EV00018786,2025-10-20T21:33:43,P036,mid,tablet,0.0393
IMP00000824,CAM0006,EV00012006,2025-05-29T14:27:51,P054,mid,tablet,0.0369
IMP00000825,CAM0030,EV00009540,2025-10-24T11:47:03,P005,pre,desktop,0.0374
IMP00000826,CAM0012,EV00004153,2025-02-07T19:36:37,P045,mid,smart_tv,0.0304
IMP00000827,CAM0021,EV00002033,2025-04-26T14:32:19,P003,mid,tablet,0.0304
IMP00000828,CAM0008,EV00017161,2025-06-30T12:10:35,P050,pre,tablet,0.0392
IMP00000829,CAM0045,EV00006999,2025-01-04T16:22:56,P026,pre,mobile,0.0289
IMP00000830,CAM0027,EV00010641,2025-05-25T13:58:18,P049,pre,smart_tv,0.0272
IMP00000831,CAM0046,EV00001687,2025-04-21T22:02:27,P060,pre,tablet,0.0426
IMP00000832,CAM0037,EV00003262,2025-05-09T07:21:19,P023,mid,desktop,0.0427
IMP00000833,CAM0034,EV00005582,2025-07-11T21:59:40,P034,mid,tablet,0.0421
IMP00000834,CAM0057,EV00016458,2025-01-11T17:58:13,P007,pre,tablet,0.029
IMP00000835,CAM0022,EV00020162,2025-11-04T16:18:20,P046,mid,tablet,0.0421
IMP00000836,CAM0023,EV00001801,2025-04-23T13:07:07,P060,mid,tablet,0.0345
IMP00000837,CAM0052,EV00018526,2025-04-24T15:01:36,P031,mid,tablet,0.0425
IMP00000838,CAM0030,EV00010647,2025-02-27T16:05:14,P041,pre,mobile,0.024
IMP00000839,CAM0016,EV00019830,2025-09-21T10:19:28,P040,pre,tablet,0.0398
IMP00000840,CAM0025,EV00000856,2025-01-19T12:04:22,P031,mid,tablet,0.022
IMP00000841,CAM0043,EV00005552,2025-04-07T17:09:12,P014,post,tablet,0.0328
IMP00000842,CAM0013,EV00000681,2025-03-13T18:30:12,P048,mid,tablet,0.041
IMP00000843,CAM0029,EV00016134,2025-04-18T15:53:07,P015,pre,mobile,0.021
IMP00000844,CAM0002,EV00017084,2025-05-07T20:51:57,P029,pre,desktop,0.0447
IMP00000845,CAM0013,EV00011677,2025-05-18T10:19:17,P029,pre,mobile,0.0264
IMP00000846,CAM0042,EV00009457,2025-01-10T15:37:59,P041,mid,tablet,0.0339
IMP00000847,CAM0047,EV00009736,2025-03-15T09:30:17,P043,mid,mobile,0.0399
IMP00000848,CAM0042,EV00010183,2025-06-03T17:41:22,P021,mid,tablet,0.0395
IMP00000849,CAM0055,EV00005867,2025-05-17T20:21:09,P047,mid,tablet,0.0449
IMP00000850,CAM0041,EV00000524,2025-11-30T17:37:45,P038,pre,tablet,0.0444
IMP00000851,CAM0057,EV00011798,2025-05-17T06:44:35,P022,pre,desktop,0.0427
IMP00000852,CAM0035,EV00016186,2025-07-17T20:54:30,P040,pre,mobile,0.0396
IMP00000853,CAM0011,EV00003729,2025-09-19T23:38:31,P034,mid,mobile,0.0278
IMP00000854,CAM0035,EV00005011,2025-03-23T16:44:45,P006,mid,tablet,0.0428
IMP00000855,CAM0041,EV00000783,2025-08-04T10:56:21,P057,mid,tablet,0.0275
IMP00000856,CAM0031,EV00018795,2025-12-22T17:53:53,P049,mid,mobile,0.0419
IMP00000857,CAM0002,EV00004636,2025-07-11T08:21:06,P019,mid,tablet,0.0295
IMP00000858,CAM0033,EV00000658,2025-08-21T23:20:27,P013,pre,mobile,0.036
IMP00000859,CAM0007,EV00005704,2025-06-10T23:10:02,P023,mid,tablet,0.0388
IMP00000860,CAM0029,EV00001524,2025-01-21T15:24:23,P022,post,mobile,0.0293
IMP00000861,CAM0056,EV00019573,2025-06-06T17:28:08,P059,pre,tablet,0.0436
IMP00000862,CAM0032,EV00000065,2025-10-21T10:53:38,P057,pre,tablet,0.0274
IMP00000863,CAM0044,EV00002343,2025-06-22T23:38:47,P046,post,desktop,0.0366
IMP00000864,CAM0019,EV00017719,2025-03-13T15:09:17,P052,mid,tablet,0.0254
IMP00000865,CAM0047,EV00018083,2025-11-17T14:12:14,P006,mid,tablet,0.0392
IMP00000866,CAM0018,EV00010201,2025-07-23T12:07:28,P042,pre,tablet,0.0446
IMP00000867,CAM0004,EV00007755,2025-01-17T21:23:37,P024,mid,tablet,0.0223
IMP00000868,CAM0034,EV00017674,2025-05-09T23:01:17,P022,mid,mobile,0.0257
IMP00000869,CAM0001,EV00017982,2025-11-18T15:53:49,P032,pre,smart_tv,0.0366
IMP00000870,CAM0007,EV00008048,2025-02-01T14:36:21,P042,pre,tablet,0.0269
IMP00000871,CAM0048,EV00018073,2025-06-06T13:57:01,P030,mid,tablet,0.0288
IMP00000872,CAM0018,EV00003538,2025-10-06T14:40:34,P049,pre,tablet,0.0403
IMP00000873,CAM0001,EV00019880,2025-09-10T13:00:19,P042,mid,tablet,0.0423
IMP00000874,CAM0056,EV00016765,2025-04-28T12:01:10,P034,mid,mobile,0.0241
IMP00000875,CAM0054,EV00000213,2025-12-07T17:34:15,P043,mid,mobile,0.0415
IMP00000876,CAM0040,EV00017733,2025-06-27T22:10:49,P040,mid,mobile,0.0391
IMP00000877,CAM0031,EV00000566,2025-08-29T14:49:15,P043,pre,tablet,0.0414
IMP00000878,CAM0043,EV00003351,2025-02-13T16:23:18,P001,pre,tablet,0.0264
IMP00000879,CAM0015,EV00001065,2025-01-04T16:05:54,P049,pre,tablet,0.035
IMP00000880,CAM0024,EV00005348,2025-04-26T17:09:44,P003,pre,mobile,0.0367
IMP00000881,CAM0050,EV00008484,2025-06-23T20:06:19,P062,mid,mobile,0.0214
IMP00000882,CAM0010,EV00011911,2025-07-30T20:38:48,P035,pre,desktop,0.042
IMP00000883,CAM0054,EV00002670,2025-08-26T18:00:36,P037,post,mobile,0.022
IMP00000884,CAM0036,EV00004658,2025-11-06T21:49:44,P056,post,mobile,0.0329
IMP00000885,CAM0026,EV00003596,2025-06-12T10:42:35,P051,mid,mobile,0.037
IMP00000886,CAM0026,EV00007511,2025-04-28T17:11:21,P039,pre,desktop,0.0244
IMP00000887,CAM0040,EV00004970,2025-02-20T17:57:55,P022,pre,mobile,0.0299
IMP00000888,CAM0028,EV00018009,2025-02-10T19:50:08,P047,pre,smart_tv,0.0383
IMP00000889,CAM0030,EV00005056,2025-03-11T00:04:38,P019,mid,tablet,0.0411
IMP00000890,CAM0013,EV00005815,2025-03-31T10:42:38,P027,mid,mobile,0.0266
IMP00000891,CAM0048,EV00014479,2025-06-07T13:03:21,P059,mid,tablet,0.0269
IMP00000892,CAM0044,EV00015011,2025-10-14T16:41:45,P047,pre,tablet,0.0235
IMP00000893,CAM0010,EV00005187,2025-10-17T13:12:00,P010,mid,mobile,0.0325
IMP00000894,CAM0052,EV00014446,2025-10-17T22:09:20,P005,post,desktop,0.0439
IMP00000895,CAM0040,EV00014063,2025-12-14T18:27:41,P035,mid,mobile,0.0328
IMP00000896,CAM0037,EV00014741,2025-11-17T18:45:04,P061,pre,tablet,0.0242
IMP00000897,CAM0047,EV00006444,2025-02-20T18:25:13,P008,mid,mobile,0.0249
IMP00000898,CAM0027,EV00010920,2025-09-12T16:07:28,P023,mid,tablet,0.0274
IMP00000899,CAM0035,EV00005360,2025-09-20T20:19:56,P050,pre,smart_tv,0.0248
IMP00000900,CAM0044,EV00019687,2025-07-16T19:59:35,P044,mid,mobile,0.0348
IMP00000901,CAM0044,EV00005529,2025-07-27T22:22:04,P003,mid,mobile,0.0344
IMP00000902,CAM0042,EV00004953,2025-03-20T13:14:12,P006,mid,tablet,0.0261
IMP00000903,CAM0034,EV00007181,2025-10-09T23:42:48,P014,pre,smart_tv,0.0282
IMP00000904,CAM0046,EV00000646,2025-04-02T10:47:54,P023,pre,mobile,0.0316
IMP00000905,CAM0057,EV00012063,2025-08-02T18:53:12,P037,mid,mobile,0.0402
IMP00000906,CAM0024,EV00009823,2025-02-09T19:35:04,P003,post,desktop,0.0362
IMP00000907,CAM0003,EV00004960,2025-05-26T07:46:40,P028,mid,mobile,0.0282
IMP00000908,CAM0011,EV00014441,2025-03-15T12:08:18,P032,post,mobile,0.0321
IMP00000909,CAM0013,EV00011325,2025-05-26T15:20:18,P041,post,mobile,0.0206
IMP00000910,CAM0054,EV00000879,2025-04-23T22:54:21,P011,pre,smart_tv,0.0287
IMP00000911,CAM0059,EV00019939,2025-12-05T16:55:23,P020,pre,smart_tv,0.0394
IMP00000912,CAM0045,EV00000237,2025-09-08T17:24:49,P019,pre,mobile,0.038
IMP00000913,CAM0051,EV00020089,2025-08-03T11:04:46,P048,mid,mobile,0.0213
IMP00000914,CAM0045,EV00011454,2025-08-06T16:11:39,P015,mid,streaming_stick,0.0235
IMP00000915,CAM0013,EV00003310,2025-03-17T09:22:02,P033,pre,mobile,0.0296
IMP00000916,CAM0023,EV00007955,2025-06-04T18:07:53,P020,pre,mobile,0.0273
IMP00000917,CAM0056,EV00012118,2025-06-14T13:16:13,P030,pre,tablet,0.0447
IMP00000918,CAM0013,EV00019395,2025-07-19T15:37:20,P034,pre,tablet,0.0322
IMP00000919,CAM0004,EV00015556,2025-05-24T10:48:00,P032,mid,desktop,0.0351
IMP00000920,CAM0023,EV00016905,2025-08-05T09:45:18,P024,mid,desktop,0.022
IMP00000921,CAM0005,EV00015960,2025-07-16T23:33:18,P059,mid,tablet,0.0428
IMP00000922,CAM0018,EV00015019,2025-12-25T08:00:46,P009,mid,mobile,0.0443
IMP00000923,CAM0055,EV00019369,2025-10-26T12:07:02,P058,mid,tablet,0.0268
IMP00000924,CAM0051,EV00002392,2025-10-06T18:07:18,P025,pre,tablet,0.0233
IMP00000925,CAM0021,EV00017910,2025-01-02T17:12:10,P014,mid,mobile,0.0291
IMP00000926,CAM0030,EV00011402,2025-12-14T10:18:43,P033,pre,smart_tv,0.03
IMP00000927,CAM0029,EV00015047,2025-02-01T22:57:36,P052,mid,tablet,0.0376
IMP00000928,CAM0038,EV00015065,2025-07-16T16:52:57,P047,pre,tablet,0.0411
IMP00000929,CAM0059,EV00000352,2025-03-06T18:54:25,P030,mid,smart_tv,0.0321
IMP00000930,CAM0058,EV00006530,2025-06-04T17:27:07,P043,post,desktop,0.0416
IMP00000931,CAM0043,EV00009778,2025-09-04T23:18:23,P058,mid,tablet,0.0308
IMP00000932,CAM0012,EV00015898,2025-02-16T14:10:03,P028,pre,tablet,0.0337
IMP00000933,CAM0029,EV00012762,2025-04-14T12:24:36,P057,mid,mobile,0.0366
IMP00000934,CAM0029,EV00000761,2025-07-20T16:41:09,P018,pre,tablet,0.0381
IMP00000935,CAM0039,EV00017595,2025-06-25T21:04:34,P037,pre,mobile,0.0249
IMP00000936,CAM0035,EV00019707,2025-06-06T09:34:32,P027,mid,mobile,0.0264
IMP00000937,CAM0023,EV00010114,2025-02-12T13:51:26,P048,mid,tablet,0.0373
IMP00000938,CAM0054,EV00006958,2025-01-15T15:51:45,P002,mid,tablet,0.0355
IMP00000939,CAM0040,EV00004951,2025-03-20T12:59:11,P006,pre,tablet,0.0282
IMP00000940,CAM0030,EV00012091,2025-03-12T18:30:38,P022,pre,mobile,0.0306
IMP00000941,CAM0041,EV00019049,2025-05-25T16:02:08,P053,mid,tablet,0.0274
IMP00000942,CAM0019,EV00016471,2025-11-12T12:20:46,P034,mid,smart_tv,0.0434
IMP00000943,CAM0050,EV00019282,2025-04-17T16:06:52,P011,pre,tablet,0.039
IMP00000944,CAM0003,EV00004432,2025-12-07T14:31:36,P017,pre,smart_tv,0.0203
IMP00000945,CAM0028,EV00004166,2025-08-04T10:38:39,P041,mid,mobile,0.0276
IMP00000946,CAM0030,EV00015646,2025-08-26T14:19:39,P042,pre,mobile,0.0219
IMP00000947,CAM0051,EV00011541,2025-01-15T21:37:25,P041,pre,tablet,0.0363
IMP00000948,CAM0015,EV00013458,2025-08-26T12:15:08,P056,post,mobile,0.0325
IMP00000949,CAM0005,EV00008729,2025-01-19T21:19:18,P005,pre,mobile,0.0333
IMP00000950,CAM0019,EV00012627,2025-04-26T18:07:31,P031,mid,mobile,0.0333
IMP00000951,CAM0036,EV00007702,2025-03-16T16:07:07,P058,pre,mobile,0.0297
IMP00000952,CAM0052,EV00000224,2025-06-09T17:47:08,P015,mid,desktop,0.0402
IMP00000953,CAM0042,EV00019583,2025-03-12T21:03:36,P054,pre,mobile,0.0429
IMP00000954,CAM0036,EV00005074,2025-07-05T19:40:46,P038,pre,mobile,0.0218
IMP00000955,CAM0001,EV00017939,2025-06-28T22:30:05,P031,post,smart_tv,0.0314
IMP00000956,CAM0035,EV00005657,2025-03-16T22:46:50,P012,pre,desktop,0.0383
IMP00000957,CAM0036,EV00007887,2025-02-07T16:23:43,P028,mid,mobile,0.0321
IMP00000958,CAM0049,EV00015521,2025-10-28T12:48:23,P004,pre,tablet,0.0427
IMP00000959,CAM0018,EV00014697,2025-04-29T17:59:12,P062,mid,streaming_stick,0.0273
IMP00000960,CAM0007,EV00004538,2025-10-04T16:22:44,P050,post,mobile,0.0291
IMP00000961,CAM0028,EV00014295,2025-07-11T14:15:51,P056,mid,mobile,0.0303
IMP00000962,CAM0020,EV00017199,2025-09-04T17:43:13,P007,pre,tablet,0.0235
IMP00000963,CAM0030,EV00012943,2025-02-13T20:03:22,P053,mid,tablet,0.0217
IMP00000964,CAM0041,EV00017730,2025-04-13T00:26:21,P046,mid,mobile,0.03
IMP00000965,CAM0012,EV00004949,2025-02-24T19:28:59,P062,mid,mobile,0.0391
IMP00000966,CAM0005,EV00001437,2025-09-27T17:18:52,P043,mid,mobile,0.045
IMP00000967,CAM0011,EV00002929,2025-08-02T18:56:12,P051,mid,streaming_stick,0.0368
IMP00000968,CAM0032,EV00000827,2025-01-30T09:47:13,P014,pre,tablet,0.0391
IMP00000969,CAM0020,EV00007026,2025-11-21T18:59:26,P020,post,streaming_stick,0.0243
IMP00000970,CAM0009,EV00019873,2025-09-20T16:48:46,P009,pre,tablet,0.0416
IMP00000971,CAM0023,EV00019913,2025-03-21T07:11:44,P046,mid,smart_tv,0.022
IMP00000972,CAM0042,EV00010342,2025-10-13T14:31:51,P053,mid,tablet,0.0276
IMP00000973,CAM0035,EV00011758,2025-02-08T21:49:45,P050,post,mobile,0.0302
IMP00000974,CAM0045,EV00010551,2025-10-30T12:47:28,P028,pre,tablet,0.0253
IMP00000975,CAM0009,EV00015055,2025-12-28T12:14:43,P008,pre,mobile,0.0295
IMP00000976,CAM0022,EV00010908,2025-02-06T20:16:14,P022,pre,tablet,0.021
IMP00000977,CAM0020,EV00006225,2025-07-12T12:16:49,P039,pre,tablet,0.0261
IMP00000978,CAM0049,EV00011793,2025-03-08T15:29:27,P010,pre,tablet,0.0422
IMP00000979,CAM0032,EV00001757,2025-02-15T08:39:56,P049,mid,tablet,0.0345
IMP00000980,CAM0022,EV00008460,2025-08-17T18:48:59,P040,mid,tablet,0.0262
IMP00000981,CAM0001,EV00004692,2025-10-04T16:06:06,P029,pre,tablet,0.0362
IMP00000982,CAM0008,EV00003818,2025-05-22T17:25:00,P054,mid,tablet,0.0279
IMP00000983,CAM0038,EV00005393,2025-02-03T14:33:45,P001,pre,tablet,0.0398
IMP00000984,CAM0037,EV00014505,2025-11-20T11:57:56,P003,mid,mobile,0.031
IMP00000985,CAM0055,EV00009384,2025-12-05T14:23:09,P017,pre,mobile,0.0276
IMP00000986,CAM0004,EV00017141,2025-09-19T09:39:53,P058,mid,mobile,0.0381
IMP00000987,CAM0059,EV00011891,2025-09-10T13:29:29,P055,pre,mobile,0.0422
IMP00000988,CAM0035,EV00000616,2025-04-27T20:52:34,P058,pre,tablet,0.0354
IMP00000989,CAM0034,EV00016170,2025-08-19T17:24:38,P018,pre,desktop,0.0442
IMP00000990,CAM0052,EV00001510,2025-10-18T12:11:40,P013,pre,mobile,0.0242
IMP00000991,CAM0019,EV00009634,2025-04-08T16:09:37,P026,mid,mobile,0.044
IMP00000992,CAM0022,EV00017570,2025-02-09T19:06:17,P013,pre,desktop,0.0224
IMP00000993,CAM0009,EV00005686,2025-03-21T16:33:17,P023,pre,tablet,0.0448
IMP00000994,CAM0035,EV00004237,2025-12-04T11:36:09,P012,pre,tablet,0.0369
IMP00000995,CAM0031,EV00016293,2025-09-06T11:21:59,P054,post,mobile,0.0232
IMP00000996,CAM0020,EV00004529,2025-08-01T18:01:51,P051,pre,mobile,0.0305
IMP00000997,CAM0007,EV00016008,2025-05-16T19:00:27,P035,mid,mobile,0.0353
IMP00000998,CAM0028,EV00002531,2025-09-02T10:10:09,P027,mid,tablet,0.0333
IMP00000999,CAM0057,EV00011930,2025-04-22T19:53:25,P006,pre,tablet,0.0302
IMP00001000,CAM0028,EV00004677,2025-06-15T16:17:08,P002,post,smart_tv,0.0413
IMP00001001,CAM0006,EV00000293,2025-10-16T11:42:13,P052,post,mobile,0.0424
IMP00001002,CAM0043,EV00014244,2025-08-01T14:42:34,P024,post,tablet,0.0344
IMP00001003,CAM0029,EV00009917,2025-01-25T14:48:43,P043,mid,tablet,0.044
IMP00001004,CAM0027,EV00018202,2025-04-11T16:29:16,P020,mid,desktop,0.0376
IMP00001005,CAM0054,EV00008774,2025-03-23T16:24:32,P041,pre,tablet,0.0349
IMP00001006,CAM0059,EV00011642,2025-02-08T19:50:25,P028,pre,mobile,0.0401
IMP00001007,CAM0013,EV00011927,2025-05-11T21:52:44,P001,mid,tablet,0.0422
IMP00001008,CAM0052,EV00000599,2025-09-20T17:48:16,P007,mid,tablet,0.0244
IMP00001009,CAM0031,EV00015128,2025-04-29T22:06:19,P040,pre,mobile,0.0259
IMP00001010,CAM0040,EV00017321,2025-01-03T18:35:23,P012,pre,mobile,0.0257
IMP00001011,CAM0019,EV00001136,2025-02-12T19:30:57,P054,mid,tablet,0.0242
IMP00001012,CAM0047,EV00008750,2025-11-17T07:38:26,P054,mid,mobile,0.0215
IMP00001013,CAM0058,EV00004586,2025-08-07T00:29:48,P034,mid,tablet,0.0422
IMP00001014,CAM0021,EV00010219,2025-08-19T17:02:56,P058,post,mobile,0.0244
IMP00001015,CAM0049,EV00003410,2025-08-26T09:03:38,P012,pre,tablet,0.0226
IMP00001016,CAM0052,EV00004419,2025-05-27T12:52:48,P036,pre,tablet,0.0246
IMP00001017,CAM0030,EV00001261,2025-11-12T13:10:43,P047,pre,mobile,0.0375
IMP00001018,CAM0038,EV00008497,2025-12-12T16:03:30,P016,pre,mobile,0.0206
IMP00001019,CAM0021,EV00014482,2025-04-01T18:12:02,P027,pre,tablet,0.0284
IMP00001020,CAM0018,EV00006240,2025-02-15T07:13:21,P062,pre,tablet,0.0367
IMP00001021,CAM0038,EV00006816,2025-07-25T16:25:30,P049,mid,mobile,0.0267
IMP00001022,CAM0013,EV00001371,2025-08-01T11:58:19,P053,pre,tablet,0.0319
IMP00001023,CAM0034,EV00000648,2025-04-02T11:17:51,P023,mid,mobile,0.0314
IMP00001024,CAM0009,EV00004985,2025-11-16T20:20:21,P052,pre,tablet,0.0356
IMP00001025,CAM0008,EV00011517,2025-06-13T13:31:13,P055,post,tablet,0.0255
IMP00001026,CAM0015,EV00006009,2025-07-08T17:01:58,P005,pre,tablet,0.0261
IMP00001027,CAM0004,EV00003501,2025-07-06T16:33:41,P023,post,tablet,0.0254
IMP00001028,CAM0040,EV00008293,2025-11-12T18:23:44,P041,post,streaming_stick,0.0306
IMP00001029,CAM0028,EV00004659,2025-02-20T17:02:21,P061,pre,mobile,0.0377
IMP00001030,CAM0035,EV00008119,2025-06-08T12:34:53,P042,mid,mobile,0.0292
IMP00001031,CAM0025,EV00006780,2025-07-25T16:46:52,P001,mid,mobile,0.0245
IMP00001032,CAM0023,EV00014705,2025-07-05T09:21:58,P013,pre,mobile,0.0434
IMP00001033,CAM0033,EV00004307,2025-01-07T15:17:13,P057,mid,tablet,0.0234
IMP00001034,CAM0021,EV00015970,2025-08-19T16:11:26,P037,mid,tablet,0.0399
IMP00001035,CAM0054,EV00010982,2025-11-06T11:40:33,P033,pre,tablet,0.044
IMP00001036,CAM0004,EV00007116,2025-03-12T19:58:23,P025,mid,streaming_stick,0.0431
IMP00001037,CAM0057,EV00009354,2025-05-28T08:04:18,P001,pre,tablet,0.0378
IMP00001038,CAM0010,EV00015253,2025-09-16T09:51:29,P023,pre,mobile,0.0319
IMP00001039,CAM0040,EV00015792,2025-02-17T08:18:25,P049,pre,mobile,0.0435
IMP00001040,CAM0043,EV00015552,2025-10-13T11:24:39,P013,pre,mobile,0.0335
IMP00001041,CAM0008,EV00000491,2025-07-09T18:02:06,P056,pre,tablet,0.0411
IMP00001042,CAM0011,EV00007355,2025-04-17T14:36:22,P057,mid,mobile,0.0444
IMP00001043,CAM0049,EV00005644,2025-06-21T14:50:04,P008,mid,mobile,0.0266
IMP00001044,CAM0032,EV00018296,2025-01-02T21:37:55,P042,pre,tablet,0.0222
IMP00001045,CAM0005,EV00011694,2025-10-19T14:55:35,P011,pre,mobile,0.0302
IMP00001046,CAM0032,EV00012981,2025-09-20T14:54:09,P009,mid,tablet,0.0375
IMP00001047,CAM0026,EV00016978,2025-06-19T08:28:23,P002,pre,mobile,0.0242
IMP00001048,CAM0020,EV00012573,2025-03-02T21:53:27,P006,pre,mobile,0.0375
IMP00001049,CAM0025,EV00008894,2025-03-05T10:03:08,P020,post,smart_tv,0.0412
IMP00001050,CAM0045,EV00016980,2025-06-19T08:58:26,P002,mid,mobile,0.0371
IMP00001051,CAM0019,EV00002440,2025-05-12T13:43:46,P010,pre,tablet,0.031
IMP00001052,CAM0002,EV00015321,2025-11-16T20:19:25,P021,pre,tablet,0.0253
IMP00001053,CAM0012,EV00016451,2025-10-16T10:53:40,P028,mid,mobile,0.0399
IMP00001054,CAM0055,EV00008133,2025-10-08T17:26:04,P051,pre,streaming_stick,0.0447
IMP00001055,CAM0012,EV00010282,2025-06-10T18:59:20,P021,pre,tablet,0.0246
IMP00001056,CAM0011,EV00019522,2025-08-09T08:29:07,P018,pre,smart_tv,0.0216
IMP00001057,CAM0009,EV00012000,2025-05-25T17:17:42,P030,mid,desktop,0.0327
IMP00001058,CAM0044,EV00001532,2025-11-23T21:38:22,P050,mid,tablet,0.0436
IMP00001059,CAM0059,EV00011598,2025-10-01T15:18:13,P008,pre,tablet,0.0349
IMP00001060,CAM0038,EV00000170,2025-09-02T16:28:10,P004,post,smart_tv,0.022
IMP00001061,CAM0043,EV00013964,2025-02-09T10:10:59,P003,mid,mobile,0.0264
IMP00001062,CAM0038,EV00008669,2025-11-11T12:35:32,P004,pre,tablet,0.0243
IMP00001063,CAM0014,EV00012523,2025-12-12T17:31:57,P052,mid,mobile,0.0244
IMP00001064,CAM0045,EV00017318,2025-02-16T13:56:47,P007,post,tablet,0.0258
IMP00001065,CAM0018,EV00001620,2025-05-08T18:37:05,P021,pre,tablet,0.044
IMP00001066,CAM0026,EV00017069,2025-11-12T11:15:49,P048,pre,smart_tv,0.0435
IMP00001067,CAM0040,EV00016636,2025-07-20T19:56:09,P012,post,mobile,0.0317
IMP00001068,CAM0013,EV00014417,2025-07-09T11:04:15,P018,pre,mobile,0.0269
IMP00001069,CAM0051,EV00015188,2025-12-03T00:16:04,P023,mid,tablet,0.0348
IMP00001070,CAM0011,EV00004276,2025-04-30T12:27:43,P058,pre,tablet,0.0446
IMP00001071,CAM0001,EV00014934,2025-02-06T14:34:35,P051,mid,tablet,0.0252
IMP00001072,CAM0001,EV00003683,2025-01-04T22:51:33,P047,pre,mobile,0.0402
IMP00001073,CAM0056,EV00001322,2025-10-10T17:19:16,P045,mid,desktop,0.034
IMP00001074,CAM0053,EV00001711,2025-11-27T23:33:18,P016,mid,mobile,0.0283
IMP00001075,CAM0014,EV00019726,2025-06-11T11:01:04,P024,post,tablet,0.0237
IMP00001076,CAM0023,EV00018251,2025-01-31T13:29:19,P058,pre,tablet,0.0312
IMP00001077,CAM0058,EV00010136,2025-06-22T23:29:40,P057,pre,tablet,0.044
IMP00001078,CAM0001,EV00020171,2025-12-27T21:35:47,P057,pre,tablet,0.0442
IMP00001079,CAM0037,EV00008267,2025-12-10T20:49:52,P058,pre,desktop,0.0434
IMP00001080,CAM0057,EV00011116,2025-06-12T18:53:42,P013,mid,mobile,0.0394
IMP00001081,CAM0029,EV00012938,2025-03-15T18:20:01,P059,mid,tablet,0.0415
IMP00001082,CAM0013,EV00005948,2025-12-06T12:49:27,P002,mid,mobile,0.035
IMP00001083,CAM0039,EV00004489,2025-08-22T14:20:42,P051,pre,mobile,0.038
IMP00001084,CAM0033,EV00005614,2025-03-05T15:27:06,P012,mid,tablet,0.0403
IMP00001085,CAM0005,EV00005647,2025-10-16T13:09:30,P033,pre,tablet,0.0345
IMP00001086,CAM0010,EV00004411,2025-02-16T19:57:59,P043,mid,mobile,0.0332
IMP00001087,CAM0002,EV00000597,2025-09-20T17:33:14,P007,pre,tablet,0.0373
IMP00001088,CAM0033,EV00007992,2025-06-13T09:50:56,P015,pre,smart_tv,0.0398
IMP00001089,CAM0047,EV00009160,2025-06-11T21:33:20,P005,pre,tablet,0.029
IMP00001090,CAM0003,EV00014945,2025-01-22T23:24:30,P053,post,mobile,0.0419
IMP00001091,CAM0031,EV00007818,2025-08-26T23:31:28,P045,pre,tablet,0.0375
IMP00001092,CAM0041,EV00001102,2025-03-10T19:29:16,P040,pre,desktop,0.0295
IMP00001093,CAM0019,EV00007991,2025-06-07T13:04:04,P020,post,streaming_stick,0.0214
IMP00001094,CAM0017,EV00000505,2025-12-19T13:13:48,P060,pre,tablet,0.021
IMP00001095,CAM0016,EV00002689,2025-07-12T00:22:48,P019,mid,mobile,0.0314
IMP00001096,CAM0019,EV00005504,2025-10-13T23:09:02,P006,mid,mobile,0.0288
IMP00001097,CAM0034,EV00011847,2025-02-14T21:32:05,P006,mid,mobile,0.0354
IMP00001098,CAM0012,EV00004102,2025-01-12T17:22:31,P039,mid,desktop,0.0207
IMP00001099,CAM0008,EV00002130,2025-11-21T13:48:54,P033,post,tablet,0.0407
IMP00001100,CAM0024,EV00020198,2025-02-19T22:07:49,P007,mid,streaming_stick,0.0237
IMP00001101,CAM0004,EV00011358,2025-09-21T13:02:22,P036,mid,streaming_stick,0.0278
IMP00001102,CAM0026,EV00009130,2025-04-13T13:22:03,P033,pre,tablet,0.0429
IMP00001103,CAM0033,EV00000908,2025-04-29T21:57:41,P026,mid,tablet,0.0292
IMP00001104,CAM0028,EV00004049,2025-08-20T18:31:55,P029,mid,mobile,0.0306
IMP00001105,CAM0052,EV00004012,2025-09-20T17:35:25,P056,pre,tablet,0.0412
IMP00001106,CAM0006,EV00004183,2025-01-18T11:56:37,P017,mid,mobile,0.0321
IMP00001107,CAM0025,EV00012174,2025-10-13T15:40:43,P033,mid,mobile,0.0445
IMP00001108,CAM0049,EV00011868,2025-11-30T23:26:01,P026,mid,tablet,0.0331
IMP00001109,CAM0055,EV00011278,2025-07-29T19:08:21,P045,mid,streaming_stick,0.0302
IMP00001110,CAM0052,EV00001279,2025-08-12T14:45:55,P060,pre,mobile,0.0398
IMP00001111,CAM0050,EV00014948,2025-12-23T17:37:08,P009,mid,tablet,0.0201
IMP00001112,CAM0051,EV00005377,2025-01-08T20:20:49,P036,pre,mobile,0.0354
IMP00001113,CAM0004,EV00008064,2025-04-15T11:55:01,P031,post,tablet,0.0378
IMP00001114,CAM0010,EV00014136,2025-01-15T18:06:51,P029,pre,streaming_stick,0.0376
IMP00001115,CAM0017,EV00017747,2025-06-22T13:55:01,P021,pre,tablet,0.0324
IMP00001116,CAM0034,EV00005434,2025-12-17T19:47:36,P036,pre,streaming_stick,0.0398
IMP00001117,CAM0019,EV00010730,2025-05-12T22:16:48,P052,mid,smart_tv,0.0361
IMP00001118,CAM0056,EV00009971,2025-08-19T17:57:19,P023,mid,desktop,0.0206
IMP00001119,CAM0047,EV00011786,2025-01-03T20:15:03,P011,pre,tablet,0.0394
IMP00001120,CAM0036,EV00010997,2025-08-09T11:46:11,P052,mid,mobile,0.0221
IMP00001121,CAM0052,EV00001703,2025-09-14T07:28:08,P022,pre,streaming_stick,0.026
IMP00001122,CAM0016,EV00015893,2025-03-04T22:15:42,P052,pre,tablet,0.0281
IMP00001123,CAM0043,EV00009495,2025-03-26T18:42:15,P030,mid,mobile,0.0399
IMP00001124,CAM0024,EV00012203,2025-04-03T10:29:53,P055,post,desktop,0.0251
IMP00001125,CAM0013,EV00008502,2025-11-28T08:16:09,P043,pre,tablet,0.0383
IMP00001126,CAM0029,EV00013231,2025-12-16T00:01:33,P044,post,desktop,0.042
IMP00001127,CAM0032,EV00004506,2025-09-04T22:54:17,P005,mid,mobile,0.0382
IMP00001128,CAM0059,EV00005764,2025-07-17T17:07:41,P050,pre,streaming_stick,0.0208
IMP00001129,CAM0002,EV00019070,2025-09-25T13:52:20,P028,pre,mobile,0.0298
IMP00001130,CAM0015,EV00017484,2025-06-11T18:19:27,P046,post,smart_tv,0.0359
IMP00001131,CAM0001,EV00002704,2025-09-17T14:45:55,P055,mid,desktop,0.0368
IMP00001132,CAM0006,EV00012840,2025-01-13T15:54:39,P006,mid,tablet,0.0321
IMP00001133,CAM0036,EV00016207,2025-08-30T21:38:51,P060,mid,mobile,0.0323
IMP00001134,CAM0051,EV00000692,2025-05-27T17:07:54,P050,pre,desktop,0.0358
IMP00001135,CAM0034,EV00006832,2025-12-27T12:24:42,P041,mid,tablet,0.0343
IMP00001136,CAM0059,EV00014911,2025-09-25T15:04:13,P003,mid,mobile,0.0389
IMP00001137,CAM0059,EV00000281,2025-09-05T19:33:24,P038,mid,desktop,0.0229
IMP00001138,CAM0010,EV00004646,2025-03-06T09:23:02,P007,pre,mobile,0.0417
IMP00001139,CAM0055,EV00008567,2025-03-23T07:11:34,P006,post,desktop,0.0223
IMP00001140,CAM0015,EV00000793,2025-07-15T16:57:54,P045,mid,tablet,0.0212
IMP00001141,CAM0037,EV00013227,2025-12-15T23:36:37,P044,pre,desktop,0.0229
IMP00001142,CAM0052,EV00015294,2025-01-27T19:48:24,P062,post,tablet,0.0266
IMP00001143,CAM0040,EV00003499,2025-07-06T16:03:45,P023,mid,tablet,0.0424
IMP00001144,CAM0033,EV00007601,2025-03-23T20:16:14,P039,pre,streaming_stick,0.0317
IMP00001145,CAM0018,EV00008999,2025-06-21T12:16:05,P013,post,mobile,0.0277
IMP00001146,CAM0034,EV00009067,2025-08-17T18:23:07,P009,mid,tablet,0.0427
IMP00001147,CAM0006,EV00002752,2025-04-26T15:55:22,P012,pre,mobile,0.032
IMP00001148,CAM0018,EV00015245,2025-07-23T09:26:04,P058,pre,streaming_stick,0.0396
IMP00001149,CAM0051,EV00005217,2025-04-13T13:57:29,P052,pre,mobile,0.0326
IMP00001150,CAM0006,EV00016314,2025-04-17T22:18:46,P027,pre,tablet,0.025
IMP00001151,CAM0002,EV00010828,2025-09-19T11:02:40,P052,mid,mobile,0.0421
IMP00001152,CAM0048,EV00012020,2025-02-13T16:59:01,P051,pre,tablet,0.0242
IMP00001153,CAM0004,EV00004603,2025-10-01T15:19:24,P025,pre,tablet,0.0203
IMP00001154,CAM0047,EV00017166,2025-08-17T11:15:55,P032,pre,mobile,0.0402
IMP00001155,CAM0041,EV00019448,2025-04-23T13:28:52,P020,pre,tablet,0.0421
IMP00001156,CAM0009,EV00013974,2025-07-18T12:52:28,P040,mid,desktop,0.0306
IMP00001157,CAM0007,EV00017328,2025-01-27T14:11:27,P016,mid,tablet,0.0426
IMP00001158,CAM0056,EV00014927,2025-02-18T18:02:46,P044,mid,tablet,0.0306
IMP00001159,CAM0051,EV00010078,2025-03-30T14:00:23,P027,pre,tablet,0.0281
IMP00001160,CAM0024,EV00016723,2025-11-09T23:28:49,P042,pre,mobile,0.0305
IMP00001161,CAM0047,EV00004107,2025-03-01T21:28:32,P061,mid,smart_tv,0.0243
IMP00001162,CAM0005,EV00014252,2025-04-01T00:13:36,P004,mid,smart_tv,0.0394
IMP00001163,CAM0058,EV00015446,2025-06-20T21:02:37,P029,pre,tablet,0.0413
IMP00001164,CAM0003,EV00012109,2025-01-20T23:40:48,P062,pre,tablet,0.0442
IMP00001165,CAM0042,EV00018687,2025-01-09T16:35:37,P002,pre,mobile,0.0315
IMP00001166,CAM0019,EV00001676,2025-05-28T16:21:35,P040,pre,smart_tv,0.0221
IMP00001167,CAM0004,EV00019371,2025-10-26T12:37:03,P058,post,tablet,0.0274
IMP00001168,CAM0047,EV00012577,2025-03-02T22:23:31,P006,post,mobile,0.0202
IMP00001169,CAM0019,EV00010133,2025-09-12T18:12:25,P032,pre,smart_tv,0.0329
IMP00001170,CAM0043,EV00020094,2025-06-19T15:59:20,P027,mid,mobile,0.0219
IMP00001171,CAM0038,EV00007111,2025-02-16T16:15:03,P004,mid,mobile,0.0266
IMP00001172,CAM0009,EV00002263,2025-06-21T18:48:47,P039,mid,mobile,0.0423
IMP00001173,CAM0018,EV00009379,2025-11-10T09:02:14,P013,pre,mobile,0.0235
IMP00001174,CAM0057,EV00008410,2025-08-17T22:13:17,P028,pre,mobile,0.0442
IMP00001175,CAM0033,EV00005382,2025-07-23T07:28:39,P050,pre,smart_tv,0.0374
IMP00001176,CAM0039,EV00002231,2025-09-08T18:48:33,P004,pre,mobile,0.0227
IMP00001177,CAM0048,EV00002541,2025-04-15T09:50:13,P038,pre,mobile,0.0279
IMP00001178,CAM0041,EV00020104,2025-07-28T20:44:28,P032,pre,tablet,0.0257
IMP00001179,CAM0034,EV00000750,2025-01-18T19:41:10,P018,mid,tablet,0.03
IMP00001180,CAM0054,EV00007335,2025-10-30T17:33:39,P043,mid,mobile,0.0415
IMP00001181,CAM0016,EV00006750,2025-09-01T21:08:59,P022,mid,tablet,0.0419
IMP00001182,CAM0043,EV00005140,2025-06-22T22:37:58,P037,pre,desktop,0.0243
IMP00001183,CAM0014,EV00016193,2025-04-18T14:53:55,P049,mid,tablet,0.0287
IMP00001184,CAM0059,EV00013669,2025-03-29T16:36:53,P053,mid,mobile,0.0275
IMP00001185,CAM0010,EV00002511,2025-11-27T15:21:32,P001,mid,tablet,0.0338
IMP00001186,CAM0056,EV00018093,2025-12-28T15:21:25,P006,post,mobile,0.026
IMP00001187,CAM0028,EV00003781,2025-12-09T18:38:29,P017,pre,desktop,0.0433
IMP00001188,CAM0001,EV00011813,2025-05-28T20:47:23,P023,mid,mobile,0.0232
IMP00001189,CAM0029,EV00005429,2025-01-13T19:03:29,P043,pre,desktop,0.0324
IMP00001190,CAM0041,EV00011208,2025-05-18T15:43:49,P020,mid,desktop,0.0241
IMP00001191,CAM0029,EV00004057,2025-07-29T10:05:08,P052,pre,tablet,0.0287
IMP00001192,CAM0014,EV00001023,2025-10-24T19:43:41,P011,post,streaming_stick,0.0269
IMP00001193,CAM0016,EV00000935,2025-07-11T16:27:29,P052,pre,desktop,0.0436
IMP00001194,CAM0051,EV00001334,2025-02-11T23:18:45,P055,pre,tablet,0.0289
IMP00001195,CAM0003,EV00000148,2025-03-26T11:33:30,P028,pre,tablet,0.0223
IMP00001196,CAM0035,EV00012887,2025-06-30T16:25:23,P016,mid,tablet,0.0244
IMP00001197,CAM0010,EV00008262,2025-07-03T00:01:18,P013,mid,mobile,0.0434
IMP00001198,CAM0040,EV00004087,2025-03-07T13:13:45,P003,mid,tablet,0.0326
IMP00001199,CAM0012,EV00011858,2025-09-12T17:44:09,P057,mid,mobile,0.0205
IMP00001200,CAM0003,EV00014322,2025-12-21T07:50:28,P062,mid,tablet,0.0239
IMP00001201,CAM0006,EV00018957,2025-02-25T20:00:38,P026,pre,mobile,0.0249
IMP00001202,CAM0023,EV00001219,2025-11-28T15:55:01,P015,pre,mobile,0.0311
IMP00001203,CAM0004,EV00003165,2025-10-07T15:22:03,P052,pre,mobile,0.037
IMP00001204,CAM0026,EV00001590,2025-11-14T08:06:15,P025,pre,tablet,0.0424
IMP00001205,CAM0037,EV00009908,2025-04-25T08:34:34,P039,post,mobile,0.04
IMP00001206,CAM0038,EV00003340,2025-09-18T13:21:44,P059,pre,mobile,0.0344
IMP00001207,CAM0047,EV00014539,2025-12-24T15:03:12,P039,pre,tablet,0.0397
IMP00001208,CAM0026,EV00004192,2025-04-23T09:13:36,P030,pre,mobile,0.0393
IMP00001209,CAM0043,EV00005155,2025-07-25T16:04:08,P012,pre,smart_tv,0.0242
IMP00001210,CAM0020,EV00015659,2025-09-02T14:40:06,P044,pre,tablet,0.0369
IMP00001211,CAM0001,EV00013672,2025-04-18T09:57:52,P041,pre,desktop,0.0394
IMP00001212,CAM0058,EV00018649,2025-10-01T10:02:43,P031,mid,tablet,0.0219
IMP00001213,CAM0042,EV00014763,2025-04-03T17:52:42,P048,mid,mobile,0.0327
IMP00001214,CAM0030,EV00014414,2025-01-21T13:09:17,P003,mid,mobile,0.0407
IMP00001215,CAM0006,EV00006284,2025-03-06T18:05:53,P039,pre,tablet,0.0435
IMP00001216,CAM0052,EV00016775,2025-08-06T21:53:02,P047,mid,tablet,0.0289
IMP00001217,CAM0010,EV00013608,2025-01-25T16:58:53,P013,pre,mobile,0.0412
IMP00001218,CAM0030,EV00003138,2025-02-28T18:35:43,P005,pre,tablet,0.0307
IMP00001219,CAM0006,EV00004555,2025-10-02T16:03:46,P019,mid,mobile,0.0377
IMP00001220,CAM0020,EV00008892,2025-03-05T09:33:11,P020,mid,smart_tv,0.0357
IMP00001221,CAM0051,EV00003788,2025-08-22T16:33:09,P044,mid,desktop,0.0374
IMP00001222,CAM0024,EV00019167,2025-08-07T13:12:03,P038,pre,tablet,0.0371
IMP00001223,CAM0026,EV00002206,2025-06-29T22:44:36,P013,pre,tablet,0.0425
IMP00001224,CAM0001,EV00009994,2025-01-06T09:18:33,P056,pre,tablet,0.0371
IMP00001225,CAM0054,EV00008901,2025-08-22T14:35:03,P003,mid,mobile,0.0368
IMP00001226,CAM0027,EV00015592,2025-11-03T08:00:24,P041,pre,tablet,0.0444
IMP00001227,CAM0053,EV00012204,2025-02-21T09:43:44,P030,pre,tablet,0.0418
IMP00001228,CAM0042,EV00012134,2025-08-30T14:27:56,P050,mid,tablet,0.0326
IMP00001229,CAM0025,EV00006220,2025-01-29T21:54:46,P060,pre,mobile,0.0208
IMP00001230,CAM0054,EV00016286,2025-03-16T22:46:58,P055,pre,desktop,0.0419
IMP00001231,CAM0027,EV00016779,2025-03-31T19:42:10,P008,mid,mobile,0.0445
IMP00001232,CAM0058,EV00018104,2025-08-25T14:47:35,P027,pre,streaming_stick,0.0297
IMP00001233,CAM0007,EV00001555,2025-11-17T18:00:36,P030,mid,tablet,0.0204
IMP00001234,CAM0047,EV00005626,2025-04-09T06:34:49,P004,pre,tablet,0.0309
IMP00001235,CAM0026,EV00012698,2025-03-03T14:22:58,P047,mid,mobile,0.034
IMP00001236,CAM0033,EV00012107,2025-02-14T06:20:27,P049,pre,mobile,0.0273
IMP00001237,CAM0010,EV00012596,2025-01-23T19:10:07,P052,pre,tablet,0.0242
IMP00001238,CAM0051,EV00006535,2025-08-03T19:45:03,P014,post,mobile,0.0288
IMP00001239,CAM0015,EV00004125,2025-02-10T19:54:41,P013,mid,tablet,0.0327
IMP00001240,CAM0028,EV00001592,2025-04-19T14:49:37,P007,pre,smart_tv,0.0346
IMP00001241,CAM0029,EV00011119,2025-06-20T20:59:00,P058,pre,tablet,0.0221
IMP00001242,CAM0007,EV00016537,2025-08-14T16:44:50,P020,pre,mobile,0.0321
IMP00001243,CAM0004,EV00015024,2025-07-26T17:03:17,P029,mid,desktop,0.0229
IMP00001244,CAM0026,EV00008424,2025-01-21T08:24:17,P011,pre,tablet,0.0315
IMP00001245,CAM0052,EV00019349,2025-07-28T15:52:13,P036,mid,mobile,0.0364
IMP00001246,CAM0023,EV00007815,2025-08-17T19:17:21,P041,mid,tablet,0.0423
IMP00001247,CAM0013,EV00007246,2025-04-19T13:58:10,P003,mid,tablet,0.0265
IMP00001248,CAM0051,EV00001498,2025-01-17T21:30:53,P057,pre,tablet,0.0434
IMP00001249,CAM0040,EV00014487,2025-08-23T14:17:39,P049,pre,mobile,0.0439
IMP00001250,CAM0013,EV00017428,2025-12-07T15:14:20,P051,mid,mobile,0.0375
IMP00001251,CAM0011,EV00009407,2025-05-23T14:16:38,P030,pre,tablet,0.0241
IMP00001252,CAM0047,EV00013618,2025-07-09T12:03:01,P031,mid,mobile,0.036
IMP00001253,CAM0056,EV00017064,2025-06-30T11:56:06,P014,pre,streaming_stick,0.0335
IMP00001254,CAM0006,EV00013500,2025-11-27T12:51:02,P056,pre,streaming_stick,0.0335
IMP00001255,CAM0009,EV00001043,2025-10-10T14:40:36,P033,mid,mobile,0.0442
IMP00001256,CAM0024,EV00005725,2025-08-14T08:42:22,P013,pre,desktop,0.0401
IMP00001257,CAM0052,EV00008473,2025-02-14T13:56:34,P008,pre,desktop,0.0369
IMP00001258,CAM0003,EV00016582,2025-01-01T18:27:37,P024,mid,tablet,0.0393
IMP00001259,CAM0027,EV00005222,2025-06-21T14:22:40,P007,pre,mobile,0.032
IMP00001260,CAM0029,EV00017923,2025-07-12T11:12:21,P044,pre,mobile,0.0259
IMP00001261,CAM0059,EV00007697,2025-04-02T14:44:42,P032,mid,mobile,0.0299
IMP00001262,CAM0033,EV00015445,2025-06-02T20:26:41,P019,pre,streaming_stick,0.0228
IMP00001263,CAM0022,EV00009623,2025-05-17T23:49:05,P011,pre,tablet,0.0303
IMP00001264,CAM0056,EV00011484,2025-09-16T15:29:04,P005,mid,desktop,0.0368
IMP00001265,CAM0001,EV00015375,2025-10-28T22:06:43,P003,pre,smart_tv,0.0213
IMP00001266,CAM0040,EV00008707,2025-10-11T15:42:07,P061,mid,streaming_stick,0.0405
IMP00001267,CAM0008,EV00013299,2025-11-30T14:52:50,P025,pre,desktop,0.0236
IMP00001268,CAM0004,EV00008079,2025-01-20T17:11:31,P055,pre,tablet,0.0423
IMP00001269,CAM0032,EV00003808,2025-08-22T01:06:52,P033,mid,mobile,0.0372
IMP00001270,CAM0059,EV00010327,2025-11-07T17:30:59,P030,pre,tablet,0.0331
IMP00001271,CAM0046,EV00004742,2025-03-10T18:26:44,P025,pre,mobile,0.0213
IMP00001272,CAM0058,EV00008074,2025-04-23T18:09:08,P027,pre,desktop,0.0343
IMP00001273,CAM0038,EV00008320,2025-05-29T20:56:10,P023,pre,tablet,0.0258
IMP00001274,CAM0052,EV00014929,2025-02-18T18:15:17,P044,post,tablet,0.0233
IMP00001275,CAM0005,EV00013657,2025-01-04T22:04:50,P036,mid,mobile,0.0291
IMP00001276,CAM0038,EV00019649,2025-06-14T17:07:25,P050,pre,mobile,0.0418
IMP00001277,CAM0039,EV00004509,2025-10-04T14:09:52,P055,pre,tablet,0.0231
IMP00001278,CAM0005,EV00003346,2025-12-31T16:14:34,P045,pre,desktop,0.0365
IMP00001279,CAM0027,EV00013568,2025-08-19T22:39:34,P036,pre,tablet,0.0366
IMP00001280,CAM0032,EV00007067,2025-10-29T15:54:19,P014,mid,mobile,0.0274
IMP00001281,CAM0017,EV00008762,2025-11-30T14:52:50,P014,pre,desktop,0.0251
IMP00001282,CAM0057,EV00012701,2025-08-06T15:40:50,P046,pre,streaming_stick,0.0262
IMP00001283,CAM0021,EV00003113,2025-11-05T18:15:39,P027,mid,streaming_stick,0.0384
IMP00001284,CAM0004,EV00011409,2025-07-13T17:24:38,P036,mid,mobile,0.0249
IMP00001285,CAM0054,EV00011338,2025-09-13T22:07:43,P054,mid,mobile,0.0292
IMP00001286,CAM0007,EV00009507,2025-07-15T13:18:13,P023,mid,mobile,0.0241
IMP00001287,CAM0033,EV00004244,2025-02-05T18:22:40,P059,mid,mobile,0.0209
IMP00001288,CAM0023,EV00015158,2025-07-07T16:53:28,P017,mid,desktop,0.0207
IMP00001289,CAM0017,EV00002091,2025-07-08T23:33:12,P043,pre,tablet,0.0274
IMP00001290,CAM0003,EV00015267,2025-09-16T16:39:20,P042,pre,mobile,0.0313
IMP00001291,CAM0050,EV00007999,2025-07-18T21:05:18,P033,mid,mobile,0.0414
IMP00001292,CAM0044,EV00014096,2025-03-20T17:22:20,P035,mid,mobile,0.0339
IMP00001293,CAM0021,EV00013428,2025-05-08T11:43:07,P048,mid,desktop,0.0261
IMP00001294,CAM0044,EV00003668,2025-09-23T13:59:17,P015,mid,mobile,0.0223
IMP00001295,CAM0005,EV00005671,2025-04-26T09:20:31,P036,post,tablet,0.0288
IMP00001296,CAM0002,EV00000315,2025-10-20T16:45:15,P041,pre,mobile,0.0272
IMP00001297,CAM0012,EV00004714,2025-03-19T14:34:37,P052,pre,streaming_stick,0.0386
IMP00001298,CAM0005,EV00006627,2025-09-12T16:07:55,P034,mid,tablet,0.0223
IMP00001299,CAM0036,EV00003811,2025-07-19T14:46:22,P058,pre,tablet,0.0305
IMP00001300,CAM0009,EV00000550,2025-11-07T08:46:09,P009,post,mobile,0.0429
IMP00001301,CAM0046,EV00006919,2025-03-11T13:51:52,P011,mid,mobile,0.0294
IMP00001302,CAM0002,EV00012565,2025-05-19T16:28:48,P044,mid,mobile,0.0274
IMP00001303,CAM0026,EV00001520,2025-01-21T14:24:23,P022,pre,mobile,0.0358
IMP00001304,CAM0040,EV00014751,2025-10-13T18:16:18,P045,pre,tablet,0.0278
IMP00001305,CAM0016,EV00019870,2025-04-27T19:24:46,P017,mid,smart_tv,0.0264
IMP00001306,CAM0031,EV00013765,2025-02-16T14:20:59,P008,post,tablet,0.0295
IMP00001307,CAM0025,EV00014702,2025-01-21T14:56:13,P027,mid,tablet,0.0412
IMP00001308,CAM0049,EV00018014,2025-06-09T17:13:59,P048,pre,desktop,0.0225
IMP00001309,CAM0013,EV00011195,2025-08-19T16:25:38,P026,pre,mobile,0.033
IMP00001310,CAM0020,EV00011749,2025-12-13T18:14:39,P057,pre,tablet,0.0246
IMP00001311,CAM0026,EV00011776,2025-09-19T17:40:24,P021,pre,mobile,0.0213
IMP00001312,CAM0018,EV00008782,2025-01-21T23:26:07,P004,pre,mobile,0.0342
IMP00001313,CAM0035,EV00002421,2025-04-24T14:02:41,P006,pre,tablet,0.0221
IMP00001314,CAM0038,EV00013783,2025-09-13T10:52:05,P024,pre,streaming_stick,0.0345
IMP00001315,CAM0042,EV00004909,2025-10-15T11:31:46,P010,mid,mobile,0.0439
IMP00001316,CAM0011,EV00000465,2025-01-04T11:09:23,P046,mid,tablet,0.0437
IMP00001317,CAM0038,EV00000627,2025-05-29T14:36:07,P024,pre,tablet,0.0347
IMP00001318,CAM0006,EV00010500,2025-07-03T14:25:28,P017,pre,tablet,0.036
IMP00001319,CAM0047,EV00017487,2025-07-23T12:38:33,P021,mid,tablet,0.0376
IMP00001320,CAM0045,EV00014227,2025-04-07T15:13:48,P053,post,smart_tv,0.0245
IMP00001321,CAM0051,EV00012159,2025-06-14T12:24:47,P018,post,tablet,0.0311
IMP00001322,CAM0013,EV00014053,2025-07-15T22:51:05,P026,mid,tablet,0.0413
IMP00001323,CAM0032,EV00019465,2025-01-19T18:00:56,P038,mid,mobile,0.0305
IMP00001324,CAM0027,EV00020084,2025-10-26T16:05:26,P035,mid,smart_tv,0.0236
IMP00001325,CAM0047,EV00019975,2025-06-14T12:27:12,P037,pre,mobile,0.0425
IMP00001326,CAM0039,EV00005964,2025-03-14T16:15:42,P024,pre,mobile,0.0429
IMP00001327,CAM0040,EV00001036,2025-01-16T16:37:47,P025,pre,smart_tv,0.0211
IMP00001328,CAM0013,EV00015409,2025-02-27T20:29:27,P013,post,tablet,0.0402
IMP00001329,CAM0004,EV00005452,2025-02-28T06:14:04,P007,pre,mobile,0.044
IMP00001330,CAM0048,EV00016231,2025-12-20T16:21:00,P024,mid,tablet,0.0372
IMP00001331,CAM0041,EV00019724,2025-06-11T10:46:05,P024,mid,tablet,0.021
IMP00001332,CAM0025,EV00016443,2025-12-20T18:21:09,P026,pre,mobile,0.0414
IMP00001333,CAM0034,EV00010844,2025-05-25T19:41:56,P004,pre,tablet,0.0226
IMP00001334,CAM0012,EV00006304,2025-10-24T16:35:25,P004,mid,mobile,0.0274
IMP00001335,CAM0035,EV00008345,2025-02-16T14:09:05,P057,pre,tablet,0.0306
IMP00001336,CAM0041,EV00011654,2025-04-17T19:27:24,P039,mid,tablet,0.0413
IMP00001337,CAM0037,EV00002433,2025-07-02T19:13:55,P048,pre,mobile,0.0381
IMP00001338,CAM0030,EV00001721,2025-01-12T23:48:20,P029,pre,tablet,0.0395
IMP00001339,CAM0010,EV00018224,2025-07-09T17:15:58,P032,mid,mobile,0.0202
IMP00001340,CAM0015,EV00017720,2025-03-04T16:05:31,P003,pre,streaming_stick,0.0324
IMP00001341,CAM0027,EV00009887,2025-11-28T18:39:19,P019,pre,mobile,0.0335
IMP00001342,CAM0001,EV00000758,2025-04-08T14:56:23,P022,mid,tablet,0.0257
IMP00001343,CAM0025,EV00001675,2025-02-26T23:33:02,P039,post,tablet,0.03
IMP00001344,CAM0014,EV00012858,2025-08-01T14:12:12,P014,pre,tablet,0.0443
IMP00001345,CAM0018,EV00001312,2025-09-08T19:15:52,P042,mid,mobile,0.0247
IMP00001346,CAM0057,EV00015822,2025-10-13T18:37:19,P009,mid,mobile,0.0359
IMP00001347,CAM0045,EV00012186,2025-10-17T19:20:07,P013,post,mobile,0.0368
IMP00001348,CAM0022,EV00017704,2025-09-25T16:18:43,P008,mid,tablet,0.0262
IMP00001349,CAM0036,EV00017406,2025-08-15T15:54:37,P012,pre,mobile,0.0256
IMP00001350,CAM0020,EV00008573,2025-01-27T15:02:10,P051,pre,tablet,0.0326
IMP00001351,CAM0033,EV00001536,2025-09-17T09:26:48,P012,pre,desktop,0.0219
IMP00001352,CAM0049,EV00007877,2025-12-03T17:07:04,P043,mid,desktop,0.0311
IMP00001353,CAM0004,EV00012246,2025-05-28T08:21:52,P045,mid,tablet,0.025
IMP00001354,CAM0056,EV00012344,2025-04-12T16:50:24,P060,pre,tablet,0.0248
IMP00001355,CAM0038,EV00001916,2025-01-21T18:58:12,P006,mid,tablet,0.0243
IMP00001356,CAM0036,EV00015232,2025-12-13T11:58:50,P054,post,mobile,0.0254
IMP00001357,CAM0045,EV00002382,2025-07-09T18:01:24,P044,pre,tablet,0.0262
IMP00001358,CAM0032,EV00003081,2025-07-17T17:39:49,P048,mid,streaming_stick,0.0415
IMP00001359,CAM0030,EV00012948,2025-10-23T22:55:28,P022,mid,mobile,0.0371
IMP00001360,CAM0043,EV00009450,2025-10-19T23:10:46,P052,mid,streaming_stick,0.034
IMP00001361,CAM0033,EV00000304,2025-09-22T14:53:51,P054,post,tablet,0.0351
IMP00001362,CAM0026,EV00013003,2025-09-06T06:49:30,P025,post,tablet,0.0333
IMP00001363,CAM0053,EV00016465,2025-10-16T16:49:00,P022,mid,tablet,0.0324
IMP00001364,CAM0023,EV00007785,2025-08-01T06:06:01,P058,pre,smart_tv,0.0247
IMP00001365,CAM0052,EV00015649,2025-05-11T21:04:53,P047,pre,mobile,0.0354
IMP00001366,CAM0026,EV00002039,2025-06-27T14:12:34,P014,post,mobile,0.0246
IMP00001367,CAM0022,EV00014061,2025-12-14T17:10:06,P035,pre,mobile,0.0369
IMP00001368,CAM0016,EV00017984,2025-11-18T16:57:49,P032,mid,smart_tv,0.0418
IMP00001369,CAM0058,EV00004842,2025-12-15T15:44:02,P052,mid,mobile,0.0362
IMP00001370,CAM0029,EV00018379,2025-09-06T15:03:55,P011,pre,mobile,0.0205
IMP00001371,CAM0016,EV00015643,2025-08-21T23:27:46,P040,mid,tablet,0.0325
IMP00001372,CAM0055,EV00005431,2025-01-13T19:15:59,P043,mid,desktop,0.0256
IMP00001373,CAM0038,EV00005116,2025-07-24T15:51:40,P038,mid,smart_tv,0.0279
IMP00001374,CAM0009,EV00006789,2025-11-06T11:15:57,P020,post,mobile,0.0294
IMP00001375,CAM0013,EV00015085,2025-05-29T15:14:29,P028,pre,tablet,0.0268
IMP00001376,CAM0031,EV00008673,2025-02-16T11:06:00,P032,pre,tablet,0.0401
IMP00001377,CAM0023,EV00012265,2025-10-30T12:48:31,P001,pre,tablet,0.0235
IMP00001378,CAM0029,EV00011419,2025-06-17T20:53:02,P048,pre,tablet,0.0243
IMP00001379,CAM0010,EV00016033,2025-08-22T16:00:08,P045,pre,mobile,0.0265
IMP00001380,CAM0004,EV00004353,2025-10-23T15:21:03,P036,pre,smart_tv,0.0356
IMP00001381,CAM0019,EV00008396,2025-06-15T13:33:16,P024,pre,mobile,0.034
IMP00001382,CAM0002,EV00014679,2025-11-02T23:13:05,P038,mid,streaming_stick,0.045
IMP00001383,CAM0023,EV00005522,2025-04-23T13:29:18,P049,pre,tablet,0.0289
IMP00001384,CAM0012,EV00006326,2025-07-28T19:37:19,P048,pre,tablet,0.0259
IMP00001385,CAM0037,EV00009306,2025-02-11T22:49:36,P037,pre,smart_tv,0.0318
IMP00001386,CAM0033,EV00000404,2025-07-17T13:23:39,P005,pre,mobile,0.0436
IMP00001387,CAM0059,EV00000959,2025-04-05T11:28:55,P031,mid,mobile,0.0264
IMP00001388,CAM0036,EV00013381,2025-11-11T06:19:39,P035,pre,tablet,0.0386
IMP00001389,CAM0038,EV00012611,2025-09-01T17:34:29,P022,mid,mobile,0.0419
IMP00001390,CAM0025,EV00001574,2025-09-30T13:20:03,P015,pre,mobile,0.0381
IMP00001391,CAM0033,EV00017224,2025-02-07T14:45:14,P004,mid,streaming_stick,0.04
IMP00001392,CAM0030,EV00012366,2025-03-02T14:37:20,P031,mid,mobile,0.0241
IMP00001393,CAM0028,EV00006523,2025-12-18T09:06:48,P016,pre,desktop,0.0442
IMP00001394,CAM0004,EV00013129,2025-02-18T09:04:41,P053,mid,tablet,0.0302
IMP00001395,CAM0040,EV00013379,2025-01-15T09:15:40,P040,mid,mobile,0.0346
IMP00001396,CAM0032,EV00009059,2025-01-10T15:26:19,P033,pre,tablet,0.0239
IMP00001397,CAM0053,EV00013723,2025-03-13T21:09:40,P042,pre,mobile,0.0445
IMP00001398,CAM0038,EV00018533,2025-11-09T00:25:58,P037,mid,mobile,0.024
IMP00001399,CAM0058,EV00015078,2025-03-13T15:20:28,P011,pre,mobile,0.0202
IMP00001400,CAM0050,EV00000629,2025-05-29T14:51:08,P024,mid,tablet,0.043
IMP00001401,CAM0017,EV00000250,2025-09-14T15:18:51,P045,pre,mobile,0.0427
IMP00001402,CAM0046,EV00016968,2025-05-21T09:09:39,P042,pre,mobile,0.0293
IMP00001403,CAM0054,EV00012434,2025-10-20T13:30:19,P009,pre,mobile,0.0373
IMP00001404,CAM0023,EV00014541,2025-12-24T15:33:16,P039,mid,tablet,0.0266
IMP00001405,CAM0007,EV00002859,2025-09-13T11:46:08,P033,pre,mobile,0.0353
IMP00001406,CAM0007,EV00018551,2025-02-02T16:35:08,P060,pre,smart_tv,0.0327
IMP00001407,CAM0050,EV00017817,2025-12-08T14:47:03,P028,mid,mobile,0.0308
IMP00001408,CAM0034,EV00009328,2025-11-05T11:47:24,P026,pre,smart_tv,0.0252
IMP00001409,CAM0017,EV00008080,2025-09-12T19:49:46,P052,pre,mobile,0.0266
IMP00001410,CAM0040,EV00000803,2025-02-20T14:29:02,P011,mid,tablet,0.039
IMP00001411,CAM0023,EV00009188,2025-08-09T11:42:49,P013,pre,streaming_stick,0.0251
IMP00001412,CAM0008,EV00001972,2025-05-20T12:58:26,P047,mid,smart_tv,0.0425
IMP00001413,CAM0037,EV00004749,2025-11-18T16:11:03,P025,mid,smart_tv,0.0313
IMP00001414,CAM0014,EV00016092,2025-05-22T20:47:13,P043,mid,tablet,0.0439
IMP00001415,CAM0039,EV00002469,2025-05-07T16:11:17,P017,pre,tablet,0.0286
IMP00001416,CAM0035,EV00012217,2025-12-24T13:00:33,P029,pre,mobile,0.0353
IMP00001417,CAM0003,EV00017007,2025-04-17T15:39:02,P052,mid,tablet,0.0446
IMP00001418,CAM0018,EV00004379,2025-12-18T13:37:58,P055,mid,smart_tv,0.0411
IMP00001419,CAM0047,EV00016634,2025-07-20T19:26:07,P012,mid,mobile,0.0287
IMP00001420,CAM0013,EV00015741,2025-07-03T16:33:33,P054,mid,desktop,0.0291
IMP00001421,CAM0041,EV00000719,2025-09-17T16:22:12,P023,post,mobile,0.0349
IMP00001422,CAM0002,EV00014077,2025-06-20T20:10:55,P042,post,mobile,0.0204
IMP00001423,CAM0041,EV00006330,2025-04-03T21:53:20,P052,mid,mobile,0.0337
IMP00001424,CAM0047,EV00005300,2025-05-03T19:41:47,P016,mid,streaming_stick,0.043
IMP00001425,CAM0044,EV00001790,2025-04-14T13:17:09,P062,mid,tablet,0.0385
IMP00001426,CAM0029,EV00004835,2025-11-02T08:19:15,P029,pre,tablet,0.0287
IMP00001427,CAM0029,EV00007880,2025-02-04T08:14:22,P028,pre,tablet,0.0377
IMP00001428,CAM0046,EV00007479,2025-09-05T11:45:20,P050,post,streaming_stick,0.0267
IMP00001429,CAM0028,EV00016284,2025-03-24T15:56:27,P057,pre,streaming_stick,0.024
IMP00001430,CAM0053,EV00006968,2025-12-26T19:32:12,P031,mid,mobile,0.0267
IMP00001431,CAM0050,EV00006902,2025-03-25T16:14:59,P001,mid,mobile,0.0232
IMP00001432,CAM0050,EV00000357,2025-08-31T08:46:22,P011,mid,tablet,0.0279
IMP00001433,CAM0039,EV00017026,2025-10-17T16:44:52,P058,mid,mobile,0.0252
IMP00001434,CAM0040,EV00002491,2025-02-28T06:42:33,P006,post,mobile,0.0231
IMP00001435,CAM0059,EV00006871,2025-05-21T18:28:31,P025,mid,mobile,0.0402
IMP00001436,CAM0056,EV00017265,2025-05-18T16:15:58,P048,mid,mobile,0.0399
IMP00001437,CAM0005,EV00005669,2025-04-26T08:50:27,P036,mid,tablet,0.0327
IMP00001438,CAM0052,EV00019221,2025-04-07T14:15:37,P013,mid,tablet,0.0386
IMP00001439,CAM0047,EV00019325,2025-04-11T11:05:31,P013,pre,mobile,0.0408
IMP00001440,CAM0014,EV00018742,2025-03-04T12:32:41,P019,pre,mobile,0.037
IMP00001441,CAM0016,EV00013268,2025-06-09T17:13:08,P045,pre,desktop,0.0234
IMP00001442,CAM0013,EV00012061,2025-08-02T18:23:14,P037,pre,mobile,0.0418
IMP00001443,CAM0032,EV00013353,2025-08-21T10:16:55,P028,pre,tablet,0.0269
IMP00001444,CAM0003,EV00006480,2025-10-28T11:23:13,P006,pre,streaming_stick,0.0423
IMP00001445,CAM0019,EV00019397,2025-07-19T16:43:19,P034,mid,tablet,0.0431
IMP00001446,CAM0017,EV00003099,2025-10-17T20:09:42,P028,pre,mobile,0.0323
IMP00001447,CAM0055,EV00020108,2025-07-28T22:52:26,P032,post,tablet,0.0379
IMP00001448,CAM0046,EV00007864,2025-01-21T08:25:46,P025,pre,tablet,0.0271
IMP00001449,CAM0013,EV00002027,2025-01-12T17:31:51,P062,pre,mobile,0.0204
IMP00001450,CAM0037,EV00018333,2025-04-02T13:42:42,P021,pre,mobile,0.0359
IMP00001451,CAM0020,EV00016410,2025-07-18T17:57:41,P052,mid,desktop,0.0419
IMP00001452,CAM0046,EV00009063,2025-01-10T17:54:16,P033,post,tablet,0.0348
IMP00001453,CAM0047,EV00018910,2025-08-26T09:25:31,P038,pre,smart_tv,0.023
IMP00001454,CAM0051,EV00003608,2025-09-18T23:17:54,P061,pre,mobile,0.0356
IMP00001455,CAM0058,EV00010027,2025-02-02T12:57:38,P039,pre,tablet,0.0349
IMP00001456,CAM0001,EV00013343,2025-04-19T13:53:51,P038,pre,tablet,0.0299
IMP00001457,CAM0004,EV00015209,2025-08-02T16:40:56,P043,mid,desktop,0.0209
IMP00001458,CAM0011,EV00007638,2025-12-10T18:20:18,P003,post,mobile,0.0293
IMP00001459,CAM0022,EV00014345,2025-05-07T23:46:13,P050,pre,mobile,0.0419
IMP00001460,CAM0018,EV00014416,2025-01-21T13:24:19,P003,post,mobile,0.0205
IMP00001461,CAM0013,EV00018078,2025-12-12T17:32:50,P022,mid,mobile,0.0337
IMP00001462,CAM0032,EV00007149,2025-12-18T18:42:52,P010,pre,streaming_stick,0.028
IMP00001463,CAM0027,EV00001976,2025-06-22T21:19:01,P025,mid,streaming_stick,0.0431
IMP00001464,CAM0043,EV00002649,2025-10-10T16:52:20,P028,pre,desktop,0.0234
IMP00001465,CAM0045,EV00015235,2025-12-02T13:40:48,P031,pre,mobile,0.0367
IMP00001466,CAM0046,EV00006892,2025-04-14T17:53:25,P048,pre,mobile,0.0406
IMP00001467,CAM0010,EV00014047,2025-09-06T06:50:22,P026,pre,tablet,0.0356
IMP00001468,CAM0050,EV00011274,2025-06-03T15:38:46,P025,pre,smart_tv,0.0436
IMP00001469,CAM0043,EV00019133,2025-02-25T06:28:12,P009,pre,mobile,0.0274
IMP00001470,CAM0054,EV00003517,2025-04-15T11:05:52,P049,pre,tablet,0.0221
IMP00001471,CAM0026,EV00012416,2025-09-24T10:25:21,P026,mid,mobile,0.0232
IMP00001472,CAM0034,EV00005677,2025-11-25T09:39:10,P052,pre,tablet,0.0315
IMP00001473,CAM0016,EV00002298,2025-11-22T15:44:35,P057,mid,mobile,0.0427
IMP00001474,CAM0048,EV00017229,2025-04-08T12:13:46,P034,mid,mobile,0.0261
IMP00001475,CAM0009,EV00019253,2025-01-19T15:35:14,P046,mid,tablet,0.0302
IMP00001476,CAM0026,EV00013730,2025-09-30T13:51:21,P019,mid,mobile,0.0332
IMP00001477,CAM0023,EV00019679,2025-03-04T12:29:07,P047,pre,mobile,0.0254
IMP00001478,CAM0040,EV00013926,2025-01-21T13:29:13,P006,mid,mobile,0.0268
IMP00001479,CAM0048,EV00019805,2025-06-15T13:25:57,P002,pre,smart_tv,0.0209
IMP00001480,CAM0031,EV00007631,2025-12-05T18:54:23,P009,mid,mobile,0.0321
IMP00001481,CAM0017,EV00015515,2025-08-05T14:31:09,P035,post,mobile,0.0434
IMP00001482,CAM0036,EV00018907,2025-04-18T09:33:05,P049,mid,tablet,0.0429
IMP00001483,CAM0040,EV00011245,2025-02-13T19:30:13,P007,mid,tablet,0.0262
IMP00001484,CAM0013,EV00007012,2025-03-27T09:00:31,P006,pre,smart_tv,0.0428
IMP00001485,CAM0004,EV00000387,2025-02-16T15:02:33,P057,post,mobile,0.0205
IMP00001486,CAM0036,EV00003510,2025-07-25T15:07:09,P013,mid,desktop,0.0299
IMP00001487,CAM0008,EV00011737,2025-01-30T23:16:10,P055,mid,mobile,0.0259
IMP00001488,CAM0039,EV00010849,2025-05-26T10:14:42,P047,post,tablet,0.0232
IMP00001489,CAM0012,EV00003907,2025-11-16T19:41:02,P005,pre,tablet,0.0323
IMP00001490,CAM0047,EV00002088,2025-10-14T12:20:04,P037,mid,tablet,0.0315
IMP00001491,CAM0030,EV00009388,2025-07-18T12:33:00,P030,mid,desktop,0.0383
IMP00001492,CAM0025,EV00009581,2025-06-25T20:16:33,P059,pre,mobile,0.0202
IMP00001493,CAM0034,EV00019050,2025-06-28T08:53:18,P040,pre,tablet,0.0406
IMP00001494,CAM0045,EV00000360,2025-08-29T08:31:33,P002,pre,mobile,0.0223
IMP00001495,CAM0038,EV00017715,2025-11-12T11:16:56,P055,pre,smart_tv,0.0226
IMP00001496,CAM0058,EV00002261,2025-06-21T18:18:50,P039,pre,mobile,0.0284
IMP00001497,CAM0050,EV00018529,2025-03-27T20:17:18,P049,pre,smart_tv,0.035
IMP00001498,CAM0040,EV00003546,2025-10-10T08:51:55,P023,mid,smart_tv,0.027
IMP00001499,CAM0055,EV00016248,2025-12-16T19:00:04,P056,mid,mobile,0.0381
IMP00001500,CAM0026,EV00008250,2025-04-29T17:27:06,P004,pre,tablet,0.0404
IMP00001501,CAM0024,EV00010507,2025-01-09T15:37:55,P010,pre,smart_tv,0.0313
IMP00001502,CAM0024,EV00004688,2025-12-19T21:10:28,P038,pre,streaming_stick,0.0415
IMP00001503,CAM0050,EV00005564,2025-12-30T00:09:30,P044,mid,tablet,0.0344
IMP00001504,CAM0019,EV00007480,2025-03-31T19:30:37,P012,pre,desktop,0.0433
IMP00001505,CAM0045,EV00009727,2025-02-27T12:23:55,P031,mid,tablet,0.0444
IMP00001506,CAM0012,EV00006354,2025-05-28T17:55:20,P017,mid,tablet,0.0438
IMP00001507,CAM0059,EV00007682,2025-12-07T15:27:43,P041,mid,smart_tv,0.0237
IMP00001508,CAM0054,EV00005314,2025-08-06T15:38:41,P011,mid,tablet,0.0335
IMP00001509,CAM0034,EV00010044,2025-04-26T09:52:59,P014,mid,tablet,0.0316
IMP00001510,CAM0021,EV00007937,2025-09-23T17:22:50,P012,pre,mobile,0.039
IMP00001511,CAM0029,EV00003638,2025-02-12T11:33:45,P024,mid,tablet,0.0334
IMP00001512,CAM0052,EV00013535,2025-09-12T13:35:24,P051,mid,tablet,0.0372
IMP00001513,CAM0034,EV00017232,2025-04-26T15:20:04,P051,pre,tablet,0.0376
IMP00001514,CAM0038,EV00019037,2025-12-18T19:56:33,P016,pre,tablet,0.0413
IMP00001515,CAM0047,EV00015279,2025-07-18T12:12:56,P025,pre,mobile,0.0444
IMP00001516,CAM0008,EV00015565,2025-12-05T06:12:39,P031,pre,tablet,0.0265
IMP00001517,CAM0058,EV00009661,2025-06-15T20:41:13,P046,mid,mobile,0.0316
IMP00001518,CAM0051,EV00013413,2025-02-23T15:13:46,P028,pre,tablet,0.0279
IMP00001519,CAM0020,EV00002364,2025-12-16T19:16:03,P004,pre,tablet,0.0437
IMP00001520,CAM0009,EV00006463,2025-03-22T15:53:32,P037,pre,tablet,0.0204
IMP00001521,CAM0050,EV00012066,2025-04-26T11:21:28,P049,pre,mobile,0.0443
IMP00001522,CAM0007,EV00012987,2025-10-30T14:31:39,P024,pre,desktop,0.044
IMP00001523,CAM0008,EV00016270,2025-03-04T15:36:52,P025,pre,tablet,0.044
IMP00001524,CAM0059,EV00003591,2025-04-23T11:16:12,P051,mid,tablet,0.0261
IMP00001525,CAM0038,EV00002783,2025-07-21T17:31:38,P047,mid,smart_tv,0.0364
IMP00001526,CAM0020,EV00019424,2025-11-25T11:55:26,P008,mid,smart_tv,0.04
IMP00001527,CAM0035,EV00019982,2025-01-29T11:10:44,P046,pre,streaming_stick,0.0427
IMP00001528,CAM0004,EV00015383,2025-04-12T23:28:49,P048,pre,desktop,0.0281
IMP00001529,CAM0009,EV00002318,2025-10-22T18:25:46,P018,mid,tablet,0.0282
IMP00001530,CAM0044,EV00017878,2025-03-25T09:54:37,P008,pre,mobile,0.0223
IMP00001531,CAM0050,EV00016575,2025-05-26T23:10:55,P042,pre,desktop,0.0325
IMP00001532,CAM0019,EV00002699,2025-04-22T08:53:40,P059,mid,mobile,0.0339
IMP00001533,CAM0040,EV00013630,2025-03-19T08:41:42,P005,mid,mobile,0.0364
IMP00001534,CAM0033,EV00000094,2025-04-03T10:56:54,P013,pre,smart_tv,0.0345
IMP00001535,CAM0058,EV00015390,2025-06-19T22:39:42,P028,mid,tablet,0.0449
IMP00001536,CAM0024,EV00000436,2025-01-14T11:51:17,P022,pre,mobile,0.0274
IMP00001537,CAM0032,EV00005917,2025-04-23T22:54:49,P036,pre,smart_tv,0.0259
IMP00001538,CAM0025,EV00011920,2025-10-23T15:17:54,P028,pre,smart_tv,0.0256
IMP00001539,CAM0044,EV00018150,2025-01-17T08:27:11,P054,pre,mobile,0.0223
IMP00001540,CAM0024,EV00003188,2025-09-30T23:39:17,P026,pre,mobile,0.0319
IMP00001541,CAM0025,EV00006765,2025-12-10T13:41:30,P028,pre,mobile,0.0202
IMP00001542,CAM0022,EV00002888,2025-08-24T13:33:06,P059,mid,mobile,0.0203
IMP00001543,CAM0012,EV00011781,2025-01-05T18:27:22,P046,pre,mobile,0.0368
IMP00001544,CAM0006,EV00011017,2025-12-13T13:28:33,P005,pre,mobile,0.0326
IMP00001545,CAM0003,EV00016869,2025-01-19T15:55:55,P039,pre,mobile,0.0311
IMP00001546,CAM0033,EV00013052,2025-02-18T08:30:49,P054,mid,tablet,0.043
IMP00001547,CAM0045,EV00018846,2025-10-29T17:23:08,P017,mid,smart_tv,0.0295
IMP00001548,CAM0025,EV00008913,2025-12-24T19:14:27,P046,mid,mobile,0.0447
IMP00001549,CAM0012,EV00013769,2025-02-20T23:13:08,P046,mid,mobile,0.0447
IMP00001550,CAM0053,EV00003524,2025-08-17T15:19:29,P005,mid,tablet,0.0232
IMP00001551,CAM0034,EV00001274,2025-11-12T14:59:25,P030,post,mobile,0.0324
IMP00001552,CAM0010,EV00002599,2025-03-05T21:11:13,P028,pre,mobile,0.0236
IMP00001553,CAM0036,EV00018942,2025-04-01T13:33:43,P026,pre,mobile,0.0229
IMP00001554,CAM0011,EV00012660,2025-05-28T11:09:01,P011,pre,tablet,0.0398
IMP00001555,CAM0046,EV00009053,2025-01-04T12:16:26,P044,mid,mobile,0.042
IMP00001556,CAM0034,EV00012502,2025-09-14T18:27:08,P042,mid,tablet,0.0437
IMP00001557,CAM0020,EV00004075,2025-03-12T15:09:37,P037,pre,tablet,0.0294
IMP00001558,CAM0058,EV00013247,2025-11-30T22:48:22,P032,pre,tablet,0.0432
IMP00001559,CAM0044,EV00003821,2025-09-07T15:14:41,P008,pre,tablet,0.0213
IMP00001560,CAM0042,EV00006357,2025-09-17T15:55:12,P033,pre,desktop,0.0438
IMP00001561,CAM0051,EV00016397,2025-06-02T14:13:04,P035,pre,mobile,0.0411
IMP00001562,CAM0032,EV00004610,2025-02-18T19:11:42,P003,mid,mobile,0.035
IMP00001563,CAM0015,EV00002561,2025-09-15T16:38:24,P009,mid,desktop,0.0313
IMP00001564,CAM0049,EV00016614,2025-11-30T13:27:05,P034,pre,streaming_stick,0.043
IMP00001565,CAM0017,EV00010143,2025-12-23T17:50:40,P045,mid,mobile,0.0448
IMP00001566,CAM0050,EV00007159,2025-10-13T13:44:07,P001,pre,tablet,0.0249
IMP00001567,CAM0051,EV00002160,2025-04-18T16:26:41,P048,pre,mobile,0.0353
IMP00001568,CAM0029,EV00016516,2025-04-18T15:52:07,P005,pre,mobile,0.0309
IMP00001569,CAM0005,EV00008486,2025-06-23T20:36:14,P062,post,mobile,0.0369
IMP00001570,CAM0041,EV00005832,2025-09-06T13:01:42,P003,pre,mobile,0.0292
IMP00001571,CAM0044,EV00008756,2025-04-24T19:49:19,P008,post,tablet,0.0266
IMP00001572,CAM0005,EV00015326,2025-10-09T12:01:40,P015,pre,smart_tv,0.0256
IMP00001573,CAM0003,EV00014626,2025-12-29T13:55:12,P029,post,mobile,0.0201
IMP00001574,CAM0034,EV00020016,2025-04-15T10:40:04,P026,mid,mobile,0.0271
IMP00001575,CAM0051,EV00005902,2025-08-23T20:44:00,P057,pre,mobile,0.0281
IMP00001576,CAM0045,EV00018126,2025-08-20T11:28:33,P055,pre,tablet,0.0252
IMP00001577,CAM0041,EV00017504,2025-03-28T09:56:03,P008,mid,tablet,0.0324
IMP00001578,CAM0013,EV00004372,2025-01-12T17:45:24,P028,mid,tablet,0.0237
IMP00001579,CAM0057,EV00013073,2025-09-06T18:07:09,P038,post,tablet,0.039
IMP00001580,CAM0055,EV00011318,2025-06-20T15:50:36,P034,mid,tablet,0.0428
IMP00001581,CAM0024,EV00005792,2025-01-14T06:59:50,P045,mid,mobile,0.0379
IMP00001582,CAM0021,EV00004894,2025-02-08T14:37:55,P062,pre,smart_tv,0.0415
IMP00001583,CAM0055,EV00013522,2025-10-18T08:40:31,P051,mid,smart_tv,0.0425
IMP00001584,CAM0058,EV00013825,2025-05-12T12:37:07,P025,mid,mobile,0.0249
IMP00001585,CAM0002,EV00001806,2025-09-27T17:08:34,P035,mid,desktop,0.0253
IMP00001586,CAM0006,EV00007045,2025-01-15T19:30:17,P056,pre,tablet,0.0257
IMP00001587,CAM0053,EV00001874,2025-10-20T17:38:55,P035,pre,mobile,0.039
IMP00001588,CAM0041,EV00010181,2025-06-03T17:11:18,P021,pre,tablet,0.0206
IMP00001589,CAM0007,EV00003696,2025-07-27T16:02:24,P003,mid,tablet,0.0343
IMP00001590,CAM0016,EV00013294,2025-10-17T13:31:53,P038,pre,desktop,0.0316
IMP00001591,CAM0008,EV00010940,2025-10-08T18:51:22,P020,mid,mobile,0.0367
IMP00001592,CAM0051,EV00005137,2025-08-05T10:21:25,P046,pre,mobile,0.0402
IMP00001593,CAM0059,EV00016263,2025-07-18T16:20:24,P012,pre,smart_tv,0.0414
IMP00001594,CAM0045,EV00007534,2025-09-23T18:29:43,P009,pre,desktop,0.028
IMP00001595,CAM0040,EV00014533,2025-06-07T20:53:33,P054,post,mobile,0.0406
IMP00001596,CAM0026,EV00003038,2025-06-16T16:11:02,P041,mid,mobile,0.0251
IMP00001597,CAM0054,EV00015365,2025-12-12T19:48:23,P047,mid,tablet,0.0203
IMP00001598,CAM0043,EV00017584,2025-05-12T21:00:05,P057,post,mobile,0.0287
IMP00001599,CAM0041,EV00002579,2025-03-27T20:19:01,P021,pre,smart_tv,0.0237
IMP00001600,CAM0011,EV00012148,2025-11-21T17:49:17,P055,pre,mobile,0.0327
IMP00001601,CAM0008,EV00014587,2025-04-26T15:58:26,P057,pre,tablet,0.0442
IMP00001602,CAM0010,EV00010841,2025-03-16T13:40:57,P024,pre,desktop,0.0394
IMP00001603,CAM0038,EV00007070,2025-11-17T22:30:38,P029,pre,tablet,0.0407
IMP00001604,CAM0046,EV00003612,2025-08-16T13:43:37,P035,pre,tablet,0.0401
IMP00001605,CAM0029,EV00020240,2025-06-10T20:58:02,P059,mid,tablet,0.0398
IMP00001606,CAM0009,EV00016133,2025-07-04T14:36:14,P058,post,smart_tv,0.0322
IMP00001607,CAM0045,EV00017000,2025-04-12T08:04:01,P029,pre,tablet,0.0242
IMP00001608,CAM0046,EV00015001,2025-09-04T12:48:03,P004,pre,tablet,0.0363
IMP00001609,CAM0050,EV00020134,2025-04-13T23:43:19,P054,mid,tablet,0.0416
IMP00001610,CAM0013,EV00007565,2025-08-11T13:50:09,P018,pre,mobile,0.039
IMP00001611,CAM0013,EV00018510,2025-06-13T12:28:54,P043,pre,tablet,0.0226
IMP00001612,CAM0025,EV00015495,2025-09-27T21:43:22,P032,pre,smart_tv,0.0321
IMP00001613,CAM0032,EV00004260,2025-05-28T20:46:08,P044,mid,tablet,0.0301
IMP00001614,CAM0038,EV00007798,2025-09-10T18:00:58,P042,pre,tablet,0.0391
IMP00001615,CAM0011,EV00007422,2025-09-26T18:40:14,P009,pre,tablet,0.0365
IMP00001616,CAM0032,EV00000070,2025-01-07T23:37:49,P033,pre,tablet,0.043
IMP00001617,CAM0021,EV00019514,2025-11-06T12:13:17,P057,mid,tablet,0.0444
IMP00001618,CAM0019,EV00001026,2025-09-29T13:05:17,P021,mid,tablet,0.0423
IMP00001619,CAM0024,EV00008711,2025-11-13T13:22:06,P011,pre,mobile,0.0403
IMP00001620,CAM0045,EV00005855,2025-04-11T19:30:17,P003,pre,tablet,0.0373
IMP00001621,CAM0019,EV00012103,2025-10-28T18:04:01,P013,mid,tablet,0.0254
IMP00001622,CAM0031,EV00013972,2025-07-18T12:22:28,P040,pre,desktop,0.0352
IMP00001623,CAM0059,EV00005745,2025-06-13T00:20:37,P057,mid,mobile,0.0366
IMP00001624,CAM0054,EV00003402,2025-08-12T11:49:06,P002,mid,mobile,0.0371
IMP00001625,CAM0004,EV00019895,2025-01-23T16:29:57,P008,pre,mobile,0.022
IMP00001626,CAM0024,EV00010120,2025-03-10T23:47:58,P028,mid,tablet,0.0393
IMP00001627,CAM0058,EV00019152,2025-08-22T11:28:14,P029,mid,mobile,0.0409
IMP00001628,CAM0005,EV00012585,2025-02-21T12:04:28,P023,mid,mobile,0.0385
IMP00001629,CAM0001,EV00014380,2025-07-05T21:56:14,P024,mid,mobile,0.0372
IMP00001630,CAM0026,EV00015794,2025-02-17T09:03:27,P049,mid,mobile,0.0238
IMP00001631,CAM0036,EV00009816,2025-02-23T20:52:38,P027,pre,desktop,0.0206
IMP00001632,CAM0014,EV00011938,2025-07-20T15:25:40,P062,mid,mobile,0.0329
IMP00001633,CAM0017,EV00012318,2025-04-11T11:00:32,P015,pre,mobile,0.0386
IMP00001634,CAM0034,EV00015877,2025-03-13T16:03:13,P024,mid,tablet,0.0357
IMP00001635,CAM0003,EV00020185,2025-03-26T15:16:48,P058,pre,mobile,0.022
IMP00001636,CAM0035,EV00010553,2025-10-30T12:59:54,P028,mid,tablet,0.0288
IMP00001637,CAM0036,EV00011929,2025-05-11T22:22:45,P001,post,tablet,0.037
IMP00001638,CAM0009,EV00017380,2025-08-05T11:55:24,P022,pre,mobile,0.0394
IMP00001639,CAM0012,EV00002455,2025-09-04T22:48:53,P061,pre,tablet,0.0238
IMP00001640,CAM0041,EV00001679,2025-07-21T12:26:22,P035,mid,tablet,0.0282
IMP00001641,CAM0051,EV00019942,2025-07-22T16:27:49,P042,pre,mobile,0.0407
IMP00001642,CAM0013,EV00006032,2025-06-04T16:23:48,P002,pre,tablet,0.0226
IMP00001643,CAM0003,EV00018988,2025-11-25T00:30:02,P038,mid,smart_tv,0.0426
IMP00001644,CAM0051,EV00015108,2025-09-21T17:35:57,P012,post,tablet,0.026
IMP00001645,CAM0036,EV00016198,2025-06-02T21:35:20,P058,mid,smart_tv,0.035
IMP00001646,CAM0058,EV00005766,2025-07-17T18:07:39,P050,mid,streaming_stick,0.0268
IMP00001647,CAM0017,EV00012169,2025-02-03T15:33:15,P026,post,mobile,0.0321
IMP00001648,CAM0052,EV00008274,2025-01-26T13:07:58,P042,mid,streaming_stick,0.0349
IMP00001649,CAM0049,EV00007243,2025-11-06T14:31:33,P034,pre,tablet,0.044
IMP00001650,CAM0055,EV00001788,2025-04-14T12:47:07,P062,pre,tablet,0.0271
IMP00001651,CAM0053,EV00012003,2025-02-13T14:06:06,P052,pre,tablet,0.0442
IMP00001652,CAM0059,EV00000139,2025-11-30T23:11:22,P006,pre,tablet,0.0217
IMP00001653,CAM0012,EV00005174,2025-02-20T14:30:53,P057,pre,tablet,0.0334
IMP00001654,CAM0042,EV00017713,2025-05-31T17:28:20,P032,pre,mobile,0.0332
IMP00001655,CAM0037,EV00013941,2025-09-08T20:49:03,P041,post,mobile,0.0225
IMP00001656,CAM0051,EV00001496,2025-05-09T11:19:01,P005,pre,desktop,0.0272
IMP00001657,CAM0013,EV00009178,2025-05-25T15:41:29,P001,pre,smart_tv,0.0286
IMP00001658,CAM0032,EV00015214,2025-07-02T09:50:47,P006,mid,tablet,0.0288
IMP00001659,CAM0033,EV00002425,2025-02-21T18:46:28,P062,mid,tablet,0.0295
IMP00001660,CAM0035,EV00014180,2025-03-09T14:06:23,P054,pre,tablet,0.0386
IMP00001661,CAM0019,EV00018003,2025-10-26T20:48:35,P038,post,mobile,0.0334
IMP00001662,CAM0008,EV00019372,2025-04-11T15:57:08,P044,pre,desktop,0.0413
IMP00001663,CAM0020,EV00001282,2025-12-12T06:48:14,P021,pre,tablet,0.0222
IMP00001664,CAM0052,EV00005553,2025-10-29T16:19:32,P032,pre,mobile,0.0338
IMP00001665,CAM0053,EV00014008,2025-06-08T17:58:55,P043,mid,mobile,0.0346
IMP00001666,CAM0031,EV00013820,2025-08-25T12:29:45,P018,mid,tablet,0.0416
IMP00001667,CAM0035,EV00008415,2025-10-13T12:44:50,P057,pre,mobile,0.0283
IMP00001668,CAM0009,EV00013754,2025-08-21T15:48:25,P052,pre,mobile,0.043
IMP00001669,CAM0043,EV00006362,2025-09-01T16:00:46,P012,pre,tablet,0.0363
IMP00001670,CAM0013,EV00008906,2025-02-26T12:23:44,P020,mid,mobile,0.041
IMP00001671,CAM0041,EV00000255,2025-12-07T20:35:39,P030,pre,tablet,0.0214
IMP00001672,CAM0042,EV00016983,2025-09-19T09:10:15,P055,pre,mobile,0.0447
IMP00001673,CAM0009,EV00001070,2025-02-02T12:04:45,P001,pre,mobile,0.0351
IMP00001674,CAM0050,EV00002742,2025-04-18T09:56:02,P040,pre,desktop,0.0254
IMP00001675,CAM0012,EV00019920,2025-06-05T21:02:24,P056,pre,tablet,0.0409
IMP00001676,CAM0012,EV00009886,2025-04-04T10:31:07,P059,pre,tablet,0.0211
IMP00001677,CAM0043,EV00018726,2025-02-06T20:16:09,P006,pre,tablet,0.0389
IMP00001678,CAM0048,EV00007618,2025-01-16T06:57:04,P010,mid,tablet,0.0447
IMP00001679,CAM0038,EV00008529,2025-04-23T18:25:42,P003,mid,desktop,0.029
IMP00001680,CAM0009,EV00006337,2025-06-29T18:57:17,P013,post,smart_tv,0.0393
IMP00001681,CAM0027,EV00020242,2025-06-10T21:43:00,P059,post,tablet,0.0395
IMP00001682,CAM0023,EV00014866,2025-07-11T23:21:09,P020,post,mobile,0.0216
IMP00001683,CAM0029,EV00004912,2025-01-19T12:53:37,P054,pre,desktop,0.0236
IMP00001684,CAM0016,EV00019116,2025-03-20T14:23:44,P061,pre,mobile,0.0386
IMP00001685,CAM0019,EV00011986,2025-04-25T21:53:17,P051,mid,tablet,0.0296
IMP00001686,CAM0033,EV00010135,2025-09-12T19:16:27,P032,mid,smart_tv,0.0313
IMP00001687,CAM0014,EV00006665,2025-01-30T19:46:06,P053,pre,tablet,0.0403
IMP00001688,CAM0006,EV00019827,2025-04-25T23:08:53,P033,mid,tablet,0.0443
IMP00001689,CAM0059,EV00015675,2025-09-16T15:02:06,P029,mid,mobile,0.0345
IMP00001690,CAM0012,EV00012896,2025-03-23T10:24:25,P044,pre,streaming_stick,0.036
IMP00001691,CAM0048,EV00013358,2025-12-25T22:49:06,P021,pre,mobile,0.0288
IMP00001692,CAM0021,EV00008373,2025-12-16T01:36:53,P041,post,desktop,0.0429
IMP00001693,CAM0010,EV00004014,2025-09-20T18:05:22,P056,mid,tablet,0.0389
IMP00001694,CAM0057,EV00020129,2025-02-09T18:07:59,P032,mid,tablet,0.0313
IMP00001695,CAM0054,EV00018676,2025-12-22T20:26:32,P019,pre,tablet,0.0339
IMP00001696,CAM0021,EV00006271,2025-03-06T13:16:13,P023,mid,tablet,0.0201
IMP00001697,CAM0026,EV00018446,2025-02-21T07:27:05,P051,mid,tablet,0.031
IMP00001698,CAM0026,EV00010778,2025-01-12T12:01:20,P013,mid,smart_tv,0.0355
IMP00001699,CAM0040,EV00001428,2025-06-27T17:20:06,P002,mid,desktop,0.0398
IMP00001700,CAM0005,EV00012429,2025-07-20T07:46:58,P023,pre,tablet,0.0415
IMP00001701,CAM0039,EV00011059,2025-10-08T11:41:24,P022,mid,mobile,0.0403
IMP00001702,CAM0037,EV00005395,2025-02-03T15:03:44,P001,mid,tablet,0.0329
IMP00001703,CAM0044,EV00007658,2025-03-24T15:13:29,P054,post,streaming_stick,0.0332
IMP00001704,CAM0012,EV00000114,2025-02-23T13:29:53,P051,mid,smart_tv,0.0202
IMP00001705,CAM0052,EV00004514,2025-08-30T09:16:25,P044,pre,mobile,0.0268
IMP00001706,CAM0037,EV00016350,2025-07-19T19:51:39,P003,post,mobile,0.0238
IMP00001707,CAM0049,EV00012306,2025-06-17T13:49:11,P059,post,desktop,0.0204
IMP00001708,CAM0016,EV00010836,2025-10-29T15:27:19,P045,pre,mobile,0.0281
IMP00001709,CAM0020,EV00009367,2025-05-25T15:57:41,P010,pre,mobile,0.0335
IMP00001710,CAM0011,EV00017622,2025-01-14T06:33:40,P049,pre,mobile,0.0426
IMP00001711,CAM0038,EV00019998,2025-09-17T14:16:04,P046,pre,smart_tv,0.0229
IMP00001712,CAM0037,EV00003798,2025-07-18T21:27:36,P001,mid,mobile,0.0238
IMP00001713,CAM0046,EV00018196,2025-03-25T13:02:18,P051,pre,tablet,0.0208
IMP00001714,CAM0050,EV00012521,2025-12-12T17:01:59,P052,pre,mobile,0.0449
IMP00001715,CAM0031,EV00015930,2025-10-20T16:43:24,P006,pre,mobile,0.0252
IMP00001716,CAM0052,EV00002631,2025-11-19T20:11:19,P053,pre,streaming_stick,0.0256
IMP00001717,CAM0056,EV00019441,2025-06-12T16:56:54,P047,mid,tablet,0.0303
IMP00001718,CAM0023,EV00016990,2025-07-21T17:59:19,P021,pre,mobile,0.0447
IMP00001719,CAM0026,EV00016329,2025-01-13T18:00:17,P052,pre,tablet,0.0431
IMP00001720,CAM0044,EV00013623,2025-03-25T17:51:33,P051,mid,streaming_stick,0.0232
IMP00001721,CAM0052,EV00011294,2025-10-02T19:37:21,P054,mid,desktop,0.0203
IMP00001722,CAM0018,EV00005106,2025-08-06T20:00:09,P028,mid,desktop,0.0409
IMP00001723,CAM0042,EV00002250,2025-07-04T07:10:05,P046,post,mobile,0.0269
IMP00001724,CAM0046,EV00002167,2025-10-16T18:47:28,P045,mid,mobile,0.0287
IMP00001725,CAM0010,EV00000603,2025-04-04T10:08:33,P031,mid,mobile,0.0336
IMP00001726,CAM0014,EV00020041,2025-01-20T12:29:30,P012,pre,mobile,0.0266
IMP00001727,CAM0037,EV00005149,2025-08-21T14:30:50,P016,post,desktop,0.0373
IMP00001728,CAM0035,EV00011328,2025-01-16T11:53:00,P010,mid,streaming_stick,0.0442
IMP00001729,CAM0052,EV00002356,2025-08-04T07:09:02,P061,mid,mobile,0.0375
IMP00001730,CAM0054,EV00019145,2025-03-21T11:15:06,P056,pre,tablet,0.0263
IMP00001731,CAM0033,EV00018116,2025-04-16T15:49:29,P058,mid,tablet,0.0337
IMP00001732,CAM0037,EV00009438,2025-03-31T21:19:27,P041,mid,streaming_stick,0.0399
IMP00001733,CAM0001,EV00001698,2025-04-09T15:25:47,P060,pre,mobile,0.0288
IMP00001734,CAM0009,EV00016149,2025-08-30T13:06:35,P003,pre,tablet,0.0309
IMP00001735,CAM0046,EV00019392,2025-08-27T00:15:03,P002,mid,streaming_stick,0.0259
IMP00001736,CAM0013,EV00007559,2025-08-17T20:24:28,P003,post,mobile,0.0257
IMP00001737,CAM0019,EV00013512,2025-07-27T15:26:14,P011,mid,mobile,0.0356
IMP00001738,CAM0009,EV00016838,2025-11-13T13:21:56,P026,pre,mobile,0.043
IMP00001739,CAM0054,EV00008667,2025-05-01T21:34:12,P049,mid,tablet,0.0233
IMP00001740,CAM0059,EV00018195,2025-09-25T22:28:16,P039,post,mobile,0.0446
IMP00001741,CAM0013,EV00017447,2025-06-04T16:26:25,P005,pre,tablet,0.0414
IMP00001742,CAM0039,EV00014596,2025-01-23T13:36:13,P029,post,mobile,0.0304
IMP00001743,CAM0055,EV00012901,2025-07-11T13:56:21,P047,pre,tablet,0.0273
IMP00001744,CAM0021,EV00010405,2025-03-16T15:29:46,P017,pre,tablet,0.036
IMP00001745,CAM0057,EV00000538,2025-09-03T19:35:38,P021,mid,mobile,0.0226
IMP00001746,CAM0013,EV00009846,2025-01-09T23:44:07,P028,pre,desktop,0.0261
IMP00001747,CAM0023,EV00008816,2025-01-27T23:59:08,P008,mid,mobile,0.0313
IMP00001748,CAM0049,EV00016081,2025-12-04T11:48:10,P042,mid,tablet,0.03
IMP00001749,CAM0041,EV00007318,2025-02-23T12:33:28,P043,post,tablet,0.0243
IMP00001750,CAM0048,EV00007492,2025-10-21T18:29:19,P026,mid,mobile,0.0217
IMP00001751,CAM0050,EV00012364,2025-03-02T13:39:22,P031,pre,mobile,0.0269
IMP00001752,CAM0014,EV00003265,2025-09-12T17:55:46,P015,pre,mobile,0.044
IMP00001753,CAM0052,EV00009515,2025-07-01T12:02:23,P020,pre,desktop,0.0207
IMP00001754,CAM0058,EV00017642,2025-11-25T19:55:06,P043,mid,tablet,0.0238
IMP00001755,CAM0050,EV00015560,2025-05-26T23:06:06,P012,pre,desktop,0.0219
IMP00001756,CAM0024,EV00004448,2025-03-05T18:32:54,P002,pre,streaming_stick,0.045
IMP00001757,CAM0037,EV00012752,2025-07-31T15:51:41,P054,mid,tablet,0.0324
IMP00001758,CAM0042,EV00011707,2025-03-11T16:27:15,P037,mid,mobile,0.0419
IMP00001759,CAM0048,EV00000556,2025-01-01T17:50:42,P052,pre,tablet,0.0431
IMP00001760,CAM0056,EV00014808,2025-11-18T16:19:55,P023,post,tablet,0.0429
IMP00001761,CAM0016,EV00007233,2025-07-12T09:43:49,P057,pre,mobile,0.0255
IMP00001762,CAM0008,EV00016336,2025-12-05T20:46:26,P018,mid,tablet,0.0319
IMP00001763,CAM0005,EV00018852,2025-07-04T10:58:38,P028,post,mobile,0.0233
IMP00001764,CAM0028,EV00018456,2025-08-28T20:30:10,P044,mid,tablet,0.0354
IMP00001765,CAM0034,EV00019526,2025-08-08T14:04:31,P039,mid,tablet,0.0259
IMP00001766,CAM0059,EV00007237,2025-07-12T10:43:51,P057,post,mobile,0.0306
IMP00001767,CAM0055,EV00019255,2025-01-19T16:05:12,P046,post,tablet,0.0329
IMP00001768,CAM0057,EV00006549,2025-04-23T21:37:48,P036,mid,smart_tv,0.0373
IMP00001769,CAM0052,EV00007140,2025-04-14T11:38:40,P025,pre,mobile,0.0226
IMP00001770,CAM0046,EV00002501,2025-03-26T18:33:40,P062,post,tablet,0.0258
IMP00001771,CAM0025,EV00020079,2025-03-09T14:35:36,P038,mid,tablet,0.028
IMP00001772,CAM0009,EV00000571,2025-04-22T19:52:25,P012,pre,tablet,0.0246
IMP00001773,CAM0026,EV00006492,2025-01-07T16:33:05,P032,mid,tablet,0.0223
IMP00001774,CAM0038,EV00009940,2025-06-20T20:01:12,P010,mid,mobile,0.0372
IMP00001775,CAM0013,EV00013107,2025-03-13T15:12:53,P058,mid,tablet,0.0225
IMP00001776,CAM0044,EV00013332,2025-07-05T17:32:06,P046,mid,mobile,0.0373
IMP00001777,CAM0051,EV00002427,2025-02-21T19:16:24,P062,post,tablet,0.0424
IMP00001778,CAM0057,EV00002815,2025-03-14T12:55:47,P054,post,smart_tv,0.0374
IMP00001779,CAM0003,EV00000521,2025-04-28T19:03:08,P036,mid,mobile,0.0261
IMP00001780,CAM0046,EV00005984,2025-03-30T10:17:45,P049,pre,desktop,0.0442
IMP00001781,CAM0009,EV00007129,2025-07-30T02:29:30,P035,post,tablet,0.0359
IMP00001782,CAM0038,EV00015533,2025-07-16T19:49:30,P033,pre,mobile,0.0427
IMP00001783,CAM0033,EV00016346,2025-07-19T19:21:40,P003,pre,mobile,0.0275
IMP00001784,CAM0041,EV00007904,2025-10-13T15:26:05,P023,post,mobile,0.0432
IMP00001785,CAM0029,EV00010974,2025-03-12T13:27:24,P038,pre,tablet,0.0403
IMP00001786,CAM0021,EV00014984,2025-08-31T08:43:09,P062,mid,tablet,0.0365
IMP00001787,CAM0031,EV00001955,2025-12-25T19:32:54,P005,pre,mobile,0.0315
IMP00001788,CAM0058,EV00001488,2025-01-27T14:59:18,P011,pre,tablet,0.0249
IMP00001789,CAM0046,EV00003167,2025-12-12T06:22:22,P039,pre,mobile,0.0298
IMP00001790,CAM0018,EV00017846,2025-09-21T18:03:21,P055,pre,desktop,0.0364
IMP00001791,CAM0046,EV00003291,2025-05-01T07:36:11,P054,pre,tablet,0.0275
IMP00001792,CAM0035,EV00000885,2025-11-02T13:08:34,P025,pre,tablet,0.0385
IMP00001793,CAM0046,EV00015579,2025-11-25T08:19:33,P035,pre,mobile,0.044
IMP00001794,CAM0001,EV00002962,2025-05-17T09:11:50,P001,pre,desktop,0.0358
IMP00001795,CAM0028,EV00006420,2025-04-29T06:40:30,P018,pre,mobile,0.0422
IMP00001796,CAM0046,EV00011051,2025-11-02T17:04:12,P061,pre,mobile,0.0357
IMP00001797,CAM0026,EV00010497,2025-01-30T16:26:21,P056,mid,mobile,0.026
IMP00001798,CAM0026,EV00008463,2025-06-04T10:44:48,P060,pre,tablet,0.0419
IMP00001799,CAM0042,EV00019060,2025-07-11T22:27:40,P023,mid,mobile,0.021
IMP00001800,CAM0023,EV00012665,2025-05-21T21:25:36,P055,pre,tablet,0.0365
IMP00001801,CAM0048,EV00008921,2025-08-14T09:04:33,P060,mid,desktop,0.041
IMP00001802,CAM0015,EV00003921,2025-04-01T18:11:05,P017,pre,tablet,0.0237
IMP00001803,CAM0014,EV00012568,2025-02-13T20:23:52,P029,pre,desktop,0.0327
IMP00001804,CAM0010,EV00001265,2025-11-12T15:10:45,P047,post,mobile,0.0314
IMP00001805,CAM0055,EV00013595,2025-01-13T14:15:50,P024,mid,smart_tv,0.0236
IMP00001806,CAM0053,EV00014005,2025-11-29T15:36:56,P011,mid,tablet,0.0445
IMP00001807,CAM0038,EV00017580,2025-05-12T20:00:09,P057,pre,mobile,0.0242
IMP00001808,CAM0036,EV00013533,2025-09-12T13:20:26,P051,pre,tablet,0.0347
IMP00001809,CAM0006,EV00003768,2025-10-31T08:35:26,P034,mid,tablet,0.0317
IMP00001810,CAM0037,EV00006778,2025-07-25T16:16:51,P001,pre,mobile,0.0433
IMP00001811,CAM0038,EV00019004,2025-08-14T18:09:19,P013,pre,tablet,0.0284
IMP00001812,CAM0059,EV00012261,2025-08-09T19:59:32,P028,mid,smart_tv,0.0385
IMP00001813,CAM0054,EV00005033,2025-03-27T06:20:29,P045,pre,smart_tv,0.0231
IMP00001814,CAM0010,EV00003084,2025-04-08T00:01:06,P041,mid,mobile,0.0235
IMP00001815,CAM0005,EV00005316,2025-08-06T16:08:39,P011,post,tablet,0.0258
IMP00001816,CAM0017,EV00003872,2025-09-30T19:53:49,P027,pre,mobile,0.0413
IMP00001817,CAM0046,EV00019307,2025-01-01T21:05:03,P056,mid,mobile,0.0267
IMP00001818,CAM0011,EV00012088,2025-09-14T19:18:14,P024,pre,mobile,0.0258
IMP00001819,CAM0052,EV00009576,2025-10-24T23:04:03,P014,pre,mobile,0.0424
IMP00001820,CAM0020,EV00001610,2025-12-01T18:12:15,P023,pre,tablet,0.0225
IMP00001821,CAM0007,EV00011183,2025-09-17T21:42:59,P040,mid,mobile,0.0268
IMP00001822,CAM0015,EV00000222,2025-06-09T17:17:04,P015,pre,desktop,0.035
IMP00001823,CAM0050,EV00018129,2025-09-22T20:02:13,P027,mid,mobile,0.0431
IMP00001824,CAM0042,EV00008572,2025-01-12T19:46:33,P040,post,mobile,0.044
IMP00001825,CAM0054,EV00000724,2025-06-22T15:53:49,P012,pre,tablet,0.0333
IMP00001826,CAM0054,EV00008252,2025-04-29T17:54:39,P004,mid,tablet,0.0361
IMP00001827,CAM0050,EV00001485,2025-09-09T11:10:32,P033,mid,tablet,0.0218
IMP00001828,CAM0043,EV00000243,2025-10-05T18:11:12,P061,mid,desktop,0.0401
IMP00001829,CAM0026,EV00016029,2025-11-21T14:09:07,P037,mid,tablet,0.0372
IMP00001830,CAM0043,EV00019876,2025-05-29T14:52:46,P006,mid,tablet,0.0219
IMP00001831,CAM0001,EV00020061,2025-01-30T18:38:34,P028,pre,tablet,0.02
IMP00001832,CAM0013,EV00010857,2025-01-02T22:04:21,P036,mid,tablet,0.0336
IMP00001833,CAM0015,EV00013914,2025-05-12T15:13:18,P030,pre,tablet,0.0236
IMP00001834,CAM0026,EV00009656,2025-08-28T16:01:31,P038,post,mobile,0.0414
IMP00001835,CAM0055,EV00002793,2025-08-15T20:29:56,P020,mid,smart_tv,0.0398
IMP00001836,CAM0053,EV00006900,2025-03-25T15:44:56,P001,pre,mobile,0.0255
IMP00001837,CAM0008,EV00005550,2025-04-07T16:39:14,P014,mid,tablet,0.0211
IMP00001838,CAM0009,EV00009012,2025-05-13T16:00:57,P010,mid,tablet,0.0409
IMP00001839,CAM0005,EV00011951,2025-05-19T10:26:06,P006,pre,tablet,0.0433
IMP00001840,CAM0033,EV00004923,2025-02-10T12:09:13,P009,pre,streaming_stick,0.0411
IMP00001841,CAM0051,EV00018641,2025-05-11T14:32:04,P001,pre,tablet,0.0413
IMP00001842,CAM0043,EV00018152,2025-01-17T08:39:39,P054,mid,mobile,0.0372
IMP00001843,CAM0019,EV00007613,2025-10-16T20:18:46,P048,mid,tablet,0.0222
IMP00001844,CAM0038,EV00012121,2025-12-07T16:56:25,P042,pre,mobile,0.0358
IMP00001845,CAM0037,EV00013655,2025-01-04T21:34:54,P036,pre,mobile,0.0255
IMP00001846,CAM0021,EV00001163,2025-11-07T19:24:15,P024,pre,tablet,0.0439
IMP00001847,CAM0047,EV00003202,2025-12-08T12:34:08,P008,pre,mobile,0.0306
IMP00001848,CAM0033,EV00011005,2025-02-02T17:11:59,P027,pre,tablet,0.0229
IMP00001849,CAM0022,EV00000956,2025-10-25T17:36:33,P022,pre,tablet,0.0222
IMP00001850,CAM0010,EV00005480,2025-04-29T18:13:49,P001,post,desktop,0.0381
IMP00001851,CAM0023,EV00000362,2025-08-29T09:01:29,P002,mid,mobile,0.0209
IMP00001852,CAM0022,EV00015526,2025-12-17T21:15:51,P036,pre,mobile,0.0337
IMP00001853,CAM0046,EV00012468,2025-03-16T10:32:56,P034,post,mobile,0.0328
IMP00001854,CAM0035,EV00012645,2025-04-22T17:11:39,P037,mid,smart_tv,0.0256
IMP00001855,CAM0053,EV00017244,2025-04-14T16:35:19,P021,pre,desktop,0.0331
IMP00001856,CAM0001,EV00003089,2025-03-03T17:10:05,P021,mid,tablet,0.0427
IMP00001857,CAM0024,EV00004461,2025-04-02T21:52:56,P050,pre,tablet,0.0367
IMP00001858,CAM0023,EV00005294,2025-12-10T14:47:14,P057,pre,mobile,0.0229
IMP00001859,CAM0040,EV00001942,2025-10-21T14:12:45,P010,mid,tablet,0.0427
IMP00001860,CAM0045,EV00002912,2025-07-13T09:35:30,P014,pre,streaming_stick,0.0318
IMP00001861,CAM0055,EV00013270,2025-06-09T17:35:37,P045,mid,desktop,0.0267
IMP00001862,CAM0016,EV00008962,2025-06-29T17:23:17,P004,mid,tablet,0.0345
IMP00001863,CAM0024,EV00003278,2025-07-19T10:32:28,P034,mid,tablet,0.0354
IMP00001864,CAM0004,EV00017086,2025-05-07T21:04:29,P029,mid,desktop,0.0317
IMP00001865,CAM0032,EV00010310,2025-01-18T21:18:21,P029,pre,tablet,0.0423
IMP00001866,CAM0008,EV00011236,2025-11-29T18:21:57,P038,mid,mobile,0.0222
IMP00001867,CAM0055,EV00006089,2025-04-24T11:42:32,P042,pre,mobile,0.0389
IMP00001868,CAM0035,EV00000067,2025-10-21T11:23:39,P057,mid,tablet,0.0293
IMP00001869,CAM0013,EV00014546,2025-03-15T14:25:24,P037,mid,mobile,0.0387
IMP00001870,CAM0002,EV00002943,2025-10-07T16:56:22,P027,pre,mobile,0.0219
IMP00001871,CAM0020,EV00016301,2025-10-10T18:54:29,P041,mid,tablet,0.0399
IMP00001872,CAM0059,EV00016684,2025-01-30T13:54:38,P032,mid,tablet,0.0436
IMP00001873,CAM0026,EV00017034,2025-10-01T17:47:33,P030,pre,tablet,0.0284
IMP00001874,CAM0039,EV00005338,2025-03-06T09:39:31,P011,pre,streaming_stick,0.0208
IMP00001875,CAM0030,EV00017319,2025-10-15T11:21:12,P041,pre,mobile,0.0275
IMP00001876,CAM0027,EV00012972,2025-05-05T19:19:31,P037,mid,desktop,0.0262
IMP00001877,CAM0047,EV00004278,2025-11-04T14:04:26,P052,pre,smart_tv,0.0428
IMP00001878,CAM0028,EV00011543,2025-10-20T17:05:03,P050,pre,desktop,0.0258
IMP00001879,CAM0016,EV00010080,2025-03-30T14:12:54,P027,mid,tablet,0.0444
IMP00001880,CAM0014,EV00010652,2025-01-03T15:59:34,P061,pre,tablet,0.0287
IMP00001881,CAM0020,EV00013404,2025-07-27T12:14:32,P011,mid,tablet,0.0417
IMP00001882,CAM0013,EV00016205,2025-08-30T21:16:25,P060,pre,mobile,0.0356
IMP00001883,CAM0050,EV00014627,2025-10-07T06:48:57,P014,pre,tablet,0.0439
IMP00001884,CAM0017,EV00017153,2025-12-17T14:15:47,P047,mid,tablet,0.0408
IMP00001885,CAM0010,EV00016474,2025-02-12T15:27:05,P059,pre,tablet,0.0253
IMP00001886,CAM0028,EV00010446,2025-01-27T10:18:20,P061,post,tablet,0.0304
IMP00001887,CAM0022,EV00008524,2025-01-09T09:13:52,P024,pre,tablet,0.0404
IMP00001888,CAM0014,EV00010519,2025-05-27T17:31:02,P005,mid,desktop,0.039
IMP00001889,CAM0003,EV00004987,2025-07-27T08:59:24,P008,pre,mobile,0.0201
IMP00001890,CAM0033,EV00002128,2025-11-21T12:34:54,P033,mid,tablet,0.0401
IMP00001891,CAM0042,EV00009630,2025-06-20T22:12:07,P033,mid,tablet,0.0209
IMP00001892,CAM0039,EV00009347,2025-08-19T16:08:14,P061,pre,mobile,0.0245
IMP00001893,CAM0047,EV00015656,2025-12-03T09:09:43,P013,mid,mobile,0.0326
IMP00001894,CAM0005,EV00018897,2025-05-01T19:56:44,P024,mid,tablet,0.0318
IMP00001895,CAM0004,EV00000473,2025-11-20T13:00:23,P061,pre,tablet,0.0233
IMP00001896,CAM0043,EV00004393,2025-10-23T22:25:53,P002,pre,mobile,0.0282
IMP00001897,CAM0045,EV00018886,2025-04-21T10:36:58,P020,pre,smart_tv,0.0269
IMP00001898,CAM0051,EV00017268,2025-11-10T12:49:32,P014,pre,tablet,0.0384
IMP00001899,CAM0002,EV00006956,2025-01-15T15:21:40,P002,pre,tablet,0.0322
IMP00001900,CAM0037,EV00002893,2025-10-10T13:54:21,P018,mid,mobile,0.0421
IMP00001901,CAM0037,EV00015962,2025-07-17T00:18:18,P059,post,tablet,0.0438
IMP00001902,CAM0055,EV00006551,2025-06-22T13:24:05,P033,pre,tablet,0.0239
IMP00001903,CAM0024,EV00010210,2025-01-02T16:24:05,P011,pre,mobile,0.0271
IMP00001904,CAM0053,EV00019189,2025-01-07T14:00:03,P031,mid,smart_tv,0.0283
IMP00001905,CAM0038,EV00014129,2025-02-03T17:24:45,P049,pre,tablet,0.0396
IMP00001906,CAM0012,EV00009714,2025-12-28T14:46:49,P017,mid,streaming_stick,0.0271
IMP00001907,CAM0026,EV00001500,2025-01-17T22:00:52,P057,mid,tablet,0.0298
IMP00001908,CAM0010,EV00003247,2025-08-24T12:49:38,P039,pre,mobile,0.0438
IMP00001909,CAM0054,EV00006091,2025-04-24T11:55:04,P042,mid,mobile,0.0369
IMP00001910,CAM0036,EV00001104,2025-03-10T19:59:14,P040,mid,desktop,0.0262
IMP00001911,CAM0023,EV00006084,2025-06-03T23:28:53,P016,pre,tablet,0.0388
IMP00001912,CAM0048,EV00008713,2025-11-13T13:52:05,P011,mid,mobile,0.0229
IMP00001913,CAM0050,EV00006472,2025-12-26T15:25:02,P008,mid,tablet,0.0436
IMP00001914,CAM0007,EV00004897,2025-08-15T16:54:25,P024,pre,desktop,0.0216
IMP00001915,CAM0006,EV00017449,2025-06-04T16:48:52,P005,mid,tablet,0.0337
IMP00001916,CAM0057,EV00012221,2025-01-18T23:57:36,P003,mid,mobile,0.033
IMP00001917,CAM0002,EV00000973,2025-12-03T14:05:03,P039,pre,mobile,0.0433
IMP00001918,CAM0030,EV00011383,2025-12-02T21:19:12,P041,pre,tablet,0.0254
IMP00001919,CAM0012,EV00003141,2025-03-17T20:14:31,P046,mid,tablet,0.0347
IMP00001920,CAM0044,EV00010907,2025-01-17T00:17:09,P005,post,tablet,0.0297
IMP00001921,CAM0045,EV00019294,2025-09-21T16:48:58,P040,pre,mobile,0.0405
IMP00001922,CAM0003,EV00010561,2025-02-01T11:40:40,P041,pre,desktop,0.0408
IMP00001923,CAM0001,EV00003050,2025-03-15T13:28:26,P057,pre,tablet,0.0309
IMP00001924,CAM0036,EV00017944,2025-12-02T19:13:58,P052,post,tablet,0.0403
IMP00001925,CAM0041,EV00014472,2025-02-18T12:08:36,P043,pre,tablet,0.0375
IMP00001926,CAM0035,EV00019001,2025-06-16T07:05:45,P043,mid,mobile,0.037
IMP00001927,CAM0026,EV00020159,2025-11-22T14:57:05,P034,post,mobile,0.0234
IMP00001928,CAM0003,EV00017631,2025-11-20T23:32:42,P061,post,smart_tv,0.037
IMP00001929,CAM0003,EV00014896,2025-09-26T23:03:16,P018,mid,mobile,0.0412
IMP00001930,CAM0036,EV00000780,2025-11-11T07:45:54,P024,post,tablet,0.0287
IMP00001931,CAM0030,EV00019270,2025-09-01T17:37:37,P019,mid,mobile,0.0272
IMP00001932,CAM0028,EV00014584,2025-12-20T23:19:04,P003,mid,streaming_stick,0.0411
IMP00001933,CAM0044,EV00009591,2025-07-10T20:30:04,P049,pre,tablet,0.0371
IMP00001934,CAM0001,EV00014178,2025-02-11T17:18:30,P032,mid,smart_tv,0.0289
IMP00001935,CAM0029,EV00010882,2025-11-25T19:52:02,P024,pre,mobile,0.0418
IMP00001936,CAM0012,EV00017841,2025-12-10T12:34:06,P026,mid,tablet,0.0429
IMP00001937,CAM0050,EV00011269,2025-12-28T19:16:03,P022,pre,tablet,0.0389
IMP00001938,CAM0039,EV00005788,2025-09-01T16:02:07,P044,pre,tablet,0.0325
IMP00001939,CAM0038,EV00011699,2025-08-13T20:57:01,P059,pre,desktop,0.0436
IMP00001940,CAM0012,EV00000191,2025-09-19T15:35:41,P029,mid,mobile,0.0328
IMP00001941,CAM0004,EV00008475,2025-02-08T12:56:16,P016,pre,smart_tv,0.0357
IMP00001942,CAM0059,EV00018654,2025-10-17T13:10:57,P017,mid,tablet,0.0231
IMP00001943,CAM0051,EV00003120,2025-04-30T22:49:38,P054,mid,mobile,0.044
IMP00001944,CAM0051,EV00014510,2025-06-03T16:10:04,P017,mid,smart_tv,0.0243
IMP00001945,CAM0014,EV00000045,2025-09-25T17:19:39,P005,pre,mobile,0.0297
IMP00001946,CAM0007,EV00012402,2025-07-13T14:34:14,P024,mid,tablet,0.0266
IMP00001947,CAM0004,EV00008109,2025-10-28T22:08:08,P029,pre,smart_tv,0.0301
IMP00001948,CAM0051,EV00014523,2025-06-16T17:29:46,P025,pre,tablet,0.0226
IMP00001949,CAM0013,EV00007302,2025-03-09T12:58:16,P048,pre,mobile,0.0229
IMP00001950,CAM0020,EV00008696,2025-09-19T12:39:28,P013,post,desktop,0.0366
IMP00001951,CAM0038,EV00008054,2025-05-17T20:28:56,P050,mid,tablet,0.0293
IMP00001952,CAM0059,EV00000675,2025-11-05T12:55:28,P048,pre,tablet,0.0254
IMP00001953,CAM0022,EV00003699,2025-07-24T13:25:35,P061,pre,mobile,0.0239
IMP00001954,CAM0038,EV00008112,2025-12-07T15:29:18,P007,pre,tablet,0.0358
IMP00001955,CAM0027,EV00005046,2025-08-18T22:05:59,P012,mid,mobile,0.0389
IMP00001956,CAM0010,EV00001099,2025-08-15T22:44:56,P043,mid,mobile,0.0385
IMP00001957,CAM0019,EV00005459,2025-06-22T16:06:47,P006,mid,tablet,0.0431
IMP00001958,CAM0052,EV00009602,2025-05-03T13:01:30,P013,mid,tablet,0.0332
IMP00001959,CAM0015,EV00007987,2025-06-07T12:04:00,P020,pre,streaming_stick,0.0229
IMP00001960,CAM0012,EV00015228,2025-12-13T11:33:52,P054,pre,mobile,0.0275
IMP00001961,CAM0043,EV00013443,2025-01-19T14:12:21,P009,pre,tablet,0.0438
IMP00001962,CAM0047,EV00008724,2025-04-20T18:42:48,P028,pre,mobile,0.044
IMP00001963,CAM0023,EV00000459,2025-05-26T08:51:50,P030,post,tablet,0.0376
IMP00001964,CAM0025,EV00008526,2025-01-09T09:28:55,P024,mid,tablet,0.0293
IMP00001965,CAM0057,EV00010683,2025-05-23T14:50:20,P007,post,tablet,0.04
IMP00001966,CAM0059,EV00019218,2025-12-12T14:10:29,P017,post,mobile,0.0232
IMP00001967,CAM0006,EV00012279,2025-06-07T09:39:26,P004,post,mobile,0.0259
IMP00001968,CAM0047,EV00018155,2025-06-07T18:07:40,P027,mid,tablet,0.0369
IMP00001969,CAM0016,EV00015559,2025-07-20T23:48:22,P034,pre,mobile,0.0437
IMP00001970,CAM0034,EV00009670,2025-08-14T12:46:03,P015,pre,smart_tv,0.0247
IMP00001971,CAM0017,EV00004392,2025-08-15T23:02:13,P024,post,mobile,0.0427
IMP00001972,CAM0033,EV00005527,2025-07-27T22:07:07,P003,pre,mobile,0.0394
IMP00001973,CAM0055,EV00017178,2025-10-31T15:23:05,P054,mid,desktop,0.0219
IMP00001974,CAM0009,EV00011669,2025-08-26T17:27:58,P016,mid,mobile,0.0365
IMP00001975,CAM0008,EV00007125,2025-07-29T23:54:32,P035,pre,tablet,0.0365
IMP00001976,CAM0005,EV00016200,2025-07-10T12:51:27,P036,pre,tablet,0.0317
IMP00001977,CAM0024,EV00018800,2025-09-01T20:56:00,P061,pre,mobile,0.0445
IMP00001978,CAM0022,EV00004845,2025-08-15T14:12:50,P019,pre,tablet,0.0383
IMP00001979,CAM0041,EV00004427,2025-09-14T19:19:29,P025,pre,mobile,0.035
IMP00001980,CAM0042,EV00006636,2025-06-12T15:53:09,P051,pre,smart_tv,0.0326
IMP00001981,CAM0052,EV00010950,2025-04-13T18:28:48,P044,pre,desktop,0.0338
IMP00001982,CAM0045,EV00019172,2025-05-16T20:05:39,P029,pre,mobile,0.0206
IMP00001983,CAM0049,EV00003671,2025-10-19T18:06:09,P006,pre,tablet,0.0437
IMP00001984,CAM0011,EV00012292,2025-12-18T10:23:24,P035,mid,tablet,0.0314
IMP00001985,CAM0056,EV00008752,2025-04-24T18:49:18,P008,pre,tablet,0.045
IMP00001986,CAM0022,EV00015355,2025-06-16T13:52:36,P014,pre,mobile,0.0328
IMP00001987,CAM0024,EV00013127,2025-02-18T08:19:38,P053,pre,tablet,0.0301
IMP00001988,CAM0056,EV00003512,2025-01-04T16:00:40,P031,pre,mobile,0.0401
IMP00001989,CAM0001,EV00018749,2025-08-30T14:02:25,P010,mid,streaming_stick,0.0216
IMP00001990,CAM0045,EV00016047,2025-04-09T17:52:45,P001,pre,streaming_stick,0.0391
IMP00001991,CAM0007,EV00001308,2025-05-12T17:34:13,P046,post,tablet,0.0357
IMP00001992,CAM0012,EV00002605,2025-12-09T17:40:15,P019,post,tablet,0.0446
IMP00001993,CAM0058,EV00017356,2025-07-10T14:40:36,P008,pre,smart_tv,0.039
IMP00001994,CAM0050,EV00010543,2025-01-25T20:37:34,P027,mid,mobile,0.0274
IMP00001995,CAM0046,EV00014197,2025-08-11T22:16:03,P027,mid,tablet,0.0243
IMP00001996,CAM0046,EV00019337,2025-01-25T13:16:54,P048,mid,smart_tv,0.0432
IMP00001997,CAM0023,EV00016967,2025-05-16T10:58:49,P062,post,mobile,0.0326
IMP00001998,CAM0025,EV00018306,2025-08-16T13:05:17,P006,mid,mobile,0.0323
IMP00001999,CAM0006,EV00011346,2025-08-08T23:37:33,P061,mid,tablet,0.0304
IMP00002000,CAM0028,EV00017400,2025-05-14T14:26:22,P010,pre,desktop,0.0437
IMP00002001,CAM0025,EV00001967,2025-06-27T19:07:22,P028,pre,tablet,0.041
IMP00002002,CAM0027,EV00015787,2025-12-24T08:12:34,P030,pre,tablet,0.0432
IMP00002003,CAM0052,EV00005426,2025-04-29T10:46:08,P044,pre,tablet,0.0427
IMP00002004,CAM0040,EV00006948,2025-02-08T23:24:56,P048,pre,streaming_stick,0.0297
IMP00002005,CAM0050,EV00019854,2025-04-24T12:03:41,P010,post,mobile,0.0436
IMP00002006,CAM0015,EV00019900,2025-04-29T09:44:01,P007,pre,tablet,0.0334
IMP00002007,CAM0025,EV00011281,2025-02-07T23:24:18,P004,pre,mobile,0.0212
IMP00002008,CAM0028,EV00011546,2025-07-22T13:34:58,P036,pre,tablet,0.0306
IMP00002009,CAM0051,EV00017151,2025-12-17T13:15:47,P047,pre,tablet,0.04
IMP00002010,CAM0040,EV00002708,2025-10-21T13:27:42,P006,mid,tablet,0.022
IMP00002011,CAM0031,EV00013449,2025-03-29T13:33:21,P010,pre,tablet,0.0295
IMP00002012,CAM0003,EV00012963,2025-11-29T23:43:51,P016,mid,mobile,0.0379
IMP00002013,CAM0019,EV00015668,2025-02-13T17:24:47,P043,post,tablet,0.0381
IMP00002014,CAM0055,EV00010531,2025-03-19T20:34:58,P020,post,tablet,0.0201
IMP00002015,CAM0041,EV00002276,2025-10-08T16:32:31,P016,pre,smart_tv,0.0238
IMP00002016,CAM0039,EV00012096,2025-04-25T21:53:11,P036,pre,tablet,0.0384
IMP00002017,CAM0037,EV00000057,2025-07-11T14:47:44,P050,mid,mobile,0.0271
IMP00002018,CAM0043,EV00004904,2025-12-27T11:55:14,P055,mid,tablet,0.0419
IMP00002019,CAM0006,EV00003542,2025-03-11T15:47:39,P038,mid,tablet,0.0375
IMP00002020,CAM0030,EV00011414,2025-11-19T09:52:19,P031,mid,mobile,0.0322
IMP00002021,CAM0035,EV00000832,2025-05-25T13:06:27,P002,pre,streaming_stick,0.0223
IMP00002022,CAM0012,EV00002514,2025-03-21T15:19:12,P061,pre,mobile,0.021
IMP00002023,CAM0035,EV00008295,2025-02-13T16:58:33,P011,pre,tablet,0.0222
IMP00002024,CAM0034,EV00014786,2025-06-24T16:17:39,P058,pre,tablet,0.0441
IMP00002025,CAM0043,EV00007191,2025-11-23T21:23:27,P016,pre,mobile,0.0345
IMP00002026,CAM0044,EV00006359,2025-09-17T17:09:12,P033,mid,desktop,0.0362
IMP00002027,CAM0006,EV00002838,2025-06-11T21:59:15,P035,mid,mobile,0.0445
IMP00002028,CAM0048,EV00012334,2025-08-26T23:30:09,P039,pre,tablet,0.032
IMP00002029,CAM0032,EV00003559,2025-06-04T17:21:03,P054,pre,mobile,0.0274
IMP00002030,CAM0017,EV00007027,2025-09-06T10:59:30,P029,pre,mobile,0.0386
IMP00002031,CAM0001,EV00009061,2025-01-10T16:40:16,P033,mid,tablet,0.0234
IMP00002032,CAM0010,EV00005343,2025-10-04T18:40:08,P029,pre,mobile,0.0233
IMP00002033,CAM0028,EV00007404,2025-05-31T17:01:00,P032,pre,tablet,0.0388
IMP00002034,CAM0048,EV00011072,2025-11-13T17:37:10,P002,pre,desktop,0.0229
IMP00002035,CAM0025,EV00004478,2025-11-13T18:08:24,P017,mid,desktop,0.044
IMP00002036,CAM0055,EV00000920,2025-04-26T08:20:24,P033,pre,tablet,0.022
IMP00002037,CAM0032,EV00001914,2025-01-21T18:43:08,P006,pre,tablet,0.0238
IMP00002038,CAM0047,EV00009529,2025-07-23T17:46:15,P008,post,mobile,0.0249
IMP00002039,CAM0056,EV00012497,2025-03-20T21:04:02,P016,mid,desktop,0.0307
IMP00002040,CAM0008,EV00005630,2025-04-09T07:29:46,P004,post,tablet,0.026
IMP00002041,CAM0023,EV00005543,2025-06-04T17:21:30,P033,pre,tablet,0.0291
IMP00002042,CAM0042,EV00006800,2025-01-23T23:01:42,P038,pre,tablet,0.0248
IMP00002043,CAM0042,EV00015728,2025-01-18T19:41:14,P013,mid,tablet,0.0307
IMP00002044,CAM0053,EV00003376,2025-11-27T11:17:29,P059,pre,tablet,0.0444
IMP00002045,CAM0021,EV00003624,2025-01-20T17:48:38,P050,pre,mobile,0.0335
IMP00002046,CAM0005,EV00008523,2025-12-18T07:24:07,P033,mid,tablet,0.0272
IMP00002047,CAM0045,EV00000399,2025-11-01T14:48:44,P052,pre,smart_tv,0.0222
IMP00002048,CAM0036,EV00010602,2025-08-25T10:12:23,P003,mid,tablet,0.0245
IMP00002049,CAM0052,EV00004869,2025-07-08T12:29:25,P017,pre,desktop,0.0336
IMP00002050,CAM0049,EV00001666,2025-12-14T15:08:16,P043,pre,tablet,0.0382
IMP00002051,CAM0027,EV00008455,2025-01-31T13:30:13,P044,mid,tablet,0.0236
IMP00002052,CAM0050,EV00000196,2025-03-01T18:49:30,P035,mid,tablet,0.0213
IMP00002053,CAM0015,EV00015799,2025-02-14T14:51:50,P014,mid,streaming_stick,0.0231
IMP00002054,CAM0039,EV00006167,2025-12-22T09:59:33,P054,mid,tablet,0.0379
IMP00002055,CAM0006,EV00015111,2025-11-26T22:29:07,P059,mid,streaming_stick,0.0287
IMP00002056,CAM0055,EV00004375,2025-07-25T17:28:22,P041,pre,tablet,0.0276
IMP00002057,CAM0004,EV00002389,2025-06-13T21:07:32,P025,mid,tablet,0.038
IMP00002058,CAM0012,EV00016832,2025-02-18T15:25:10,P040,pre,mobile,0.0243
IMP00002059,CAM0042,EV00018631,2025-06-10T10:59:49,P060,pre,tablet,0.0341
IMP00002060,CAM0039,EV00003773,2025-08-03T11:35:30,P007,mid,desktop,0.0338
IMP00002061,CAM0042,EV00020248,2025-01-04T16:38:07,P011,pre,streaming_stick,0.0395
IMP00002062,CAM0048,EV00004150,2025-04-29T22:23:04,P025,post,mobile,0.0412
IMP00002063,CAM0003,EV00010758,2025-03-06T13:55:09,P050,mid,tablet,0.0249
IMP00002064,CAM0027,EV00005555,2025-10-29T17:23:27,P032,mid,mobile,0.0379
IMP00002065,CAM0055,EV00013830,2025-03-09T13:58:56,P047,mid,mobile,0.0331
IMP00002066,CAM0028,EV00000390,2025-06-21T18:35:18,P024,mid,mobile,0.0391
IMP00002067,CAM0043,EV00015140,2025-04-29T17:38:44,P036,post,smart_tv,0.0442
IMP00002068,CAM0030,EV00006719,2025-06-11T16:11:01,P005,mid,streaming_stick,0.0354
IMP00002069,CAM0050,EV00017304,2025-03-05T12:49:28,P012,pre,streaming_stick,0.0234
IMP00002070,CAM0022,EV00000091,2025-09-15T16:34:29,P018,mid,desktop,0.0235
IMP00002071,CAM0035,EV00011044,2025-03-21T09:48:43,P006,pre,tablet,0.0344
IMP00002072,CAM0001,EV00000160,2025-01-20T23:58:45,P004,mid,tablet,0.0331
IMP00002073,CAM0025,EV00020039,2025-11-05T18:50:53,P005,pre,desktop,0.022
IMP00002074,CAM0028,EV00009359,2025-09-12T17:42:58,P008,mid,mobile,0.0425
IMP00002075,CAM0026,EV00010541,2025-01-25T20:25:06,P027,pre,mobile,0.0267
IMP00002076,CAM0036,EV00019482,2025-04-22T08:42:39,P061,mid,mobile,0.0239
IMP00002077,CAM0002,EV00005847,2025-09-07T21:58:08,P057,mid,tablet,0.0244
IMP00002078,CAM0054,EV00001994,2025-10-16T19:42:59,P044,pre,mobile,0.0293
IMP00002079,CAM0036,EV00013078,2025-04-08T18:36:52,P031,mid,mobile,0.0266
IMP00002080,CAM0040,EV00004439,2025-08-06T16:16:09,P031,pre,mobile,0.0384
IMP00002081,CAM0021,EV00010243,2025-03-19T17:49:46,P030,pre,mobile,0.0224
IMP00002082,CAM0043,EV00015505,2025-08-14T17:44:30,P014,post,mobile,0.0405
IMP00002083,CAM0048,EV00009110,2025-07-24T17:48:59,P043,pre,desktop,0.039
IMP00002084,CAM0029,EV00013239,2025-12-14T21:59:44,P024,mid,tablet,0.0422
IMP00002085,CAM0031,EV00001931,2025-07-01T12:31:44,P030,post,desktop,0.0378
IMP00002086,CAM0034,EV00004756,2025-06-27T14:16:14,P014,post,mobile,0.0314
IMP00002087,CAM0009,EV00017237,2025-08-30T08:55:55,P034,pre,mobile,0.0314
IMP00002088,CAM0003,EV00004996,2025-06-29T17:12:32,P034,pre,mobile,0.023
IMP00002089,CAM0050,EV00012648,2025-05-23T09:36:53,P048,pre,smart_tv,0.0215
IMP00002090,CAM0004,EV00007839,2025-02-24T19:15:38,P001,pre,mobile,0.0242
IMP00002091,CAM0001,EV00017597,2025-09-19T11:48:21,P012,pre,tablet,0.0237
IMP00002092,CAM0022,EV00014091,2025-01-02T17:57:27,P043,pre,streaming_stick,0.0321
IMP00002093,CAM0030,EV00009990,2025-10-09T20:44:11,P041,mid,smart_tv,0.0261
IMP00002094,CAM0024,EV00019505,2025-11-05T14:17:14,P001,pre,tablet,0.0204
IMP00002095,CAM0057,EV00009747,2025-08-03T20:34:38,P018,pre,tablet,0.0324
IMP00002096,CAM0033,EV00017937,2025-06-28T21:32:08,P031,mid,smart_tv,0.0445
IMP00002097,CAM0026,EV00018714,2025-08-17T17:13:09,P003,mid,tablet,0.0233
IMP00002098,CAM0035,EV00006618,2025-11-01T23:14:32,P003,post,tablet,0.0356
IMP00002099,CAM0057,EV00016740,2025-04-16T18:26:49,P025,mid,mobile,0.0247
IMP00002100,CAM0026,EV00016022,2025-02-18T13:05:27,P050,mid,tablet,0.0328
IMP00002101,CAM0035,EV00004608,2025-02-18T18:56:42,P003,pre,mobile,0.0351
IMP00002102,CAM0014,EV00011356,2025-09-21T12:32:20,P036,pre,streaming_stick,0.0396
IMP00002103,CAM0013,EV00011187,2025-11-20T15:13:30,P020,pre,desktop,0.0427
IMP00002104,CAM0053,EV00017024,2025-10-17T16:14:57,P058,pre,mobile,0.0252
IMP00002105,CAM0024,EV00005811,2025-10-08T20:06:36,P018,mid,tablet,0.0263
IMP00002106,CAM0015,EV00017767,2025-12-29T15:19:10,P062,pre,mobile,0.0295
IMP00002107,CAM0047,EV00006849,2025-08-08T06:41:42,P032,pre,tablet,0.0294
IMP00002108,CAM0024,EV00005454,2025-02-28T06:29:05,P007,mid,mobile,0.0239
IMP00002109,CAM0027,EV00015677,2025-09-16T15:14:37,P029,post,mobile,0.0225
IMP00002110,CAM0003,EV00015262,2025-02-06T14:23:03,P054,pre,tablet,0.041
IMP00002111,CAM0040,EV00004144,2025-03-24T20:40:28,P037,post,mobile,0.0411
IMP00002112,CAM0050,EV00016399,2025-10-20T20:06:51,P041,pre,mobile,0.0202
IMP00002113,CAM0011,EV00005260,2025-11-05T21:31:05,P029,pre,mobile,0.0206
IMP00002114,CAM0056,EV00005364,2025-07-25T14:50:04,P006,mid,desktop,0.0428
IMP00002115,CAM0022,EV00009430,2025-04-07T13:55:22,P056,mid,tablet,0.0332
IMP00002116,CAM0033,EV00015778,2025-10-10T11:26:38,P029,mid,mobile,0.0375
IMP00002117,CAM0002,EV00006034,2025-06-04T16:53:44,P002,mid,tablet,0.0368
IMP00002118,CAM0012,EV00006200,2025-05-03T20:22:14,P019,pre,desktop,0.0422
IMP00002119,CAM0019,EV00000044,2025-05-26T17:37:51,P014,mid,mobile,0.0438
IMP00002120,CAM0042,EV00016852,2025-09-05T19:04:50,P056,pre,mobile,0.0404
IMP00002121,CAM0011,EV00006846,2025-04-03T08:01:22,P052,pre,tablet,0.0325
IMP00002122,CAM0029,EV00017590,2025-06-28T18:32:46,P020,pre,tablet,0.0213
IMP00002123,CAM0046,EV00008005,2025-10-06T15:47:48,P044,post,desktop,0.0295
IMP00002124,CAM0032,EV00010008,2025-05-25T14:58:59,P050,mid,smart_tv,0.0288
IMP00002125,CAM0024,EV00014881,2025-11-29T17:14:59,P013,post,tablet,0.0292
IMP00002126,CAM0011,EV00014582,2025-12-20T23:04:02,P003,pre,streaming_stick,0.032
IMP00002127,CAM0057,EV00004365,2025-07-13T12:23:09,P029,pre,mobile,0.0329
IMP00002128,CAM0010,EV00004527,2025-06-04T10:59:19,P048,pre,tablet,0.0422
IMP00002129,CAM0002,EV00005907,2025-08-19T15:44:26,P009,pre,tablet,0.0366
IMP00002130,CAM0041,EV00003001,2025-09-12T20:16:07,P018,mid,mobile,0.0344
IMP00002131,CAM0024,EV00004758,2025-10-20T22:06:40,P029,pre,mobile,0.0239
IMP00002132,CAM0006,EV00007531,2025-07-07T23:15:28,P019,mid,mobile,0.0301
IMP00002133,CAM0058,EV00010871,2025-11-18T20:08:11,P035,pre,tablet,0.0341
IMP00002134,CAM0040,EV00012386,2025-04-12T14:17:28,P023,pre,mobile,0.035
IMP00002135,CAM0018,EV00010798,2025-01-03T14:05:44,P002,mid,tablet,0.0276
IMP00002136,CAM0027,EV00019199,2025-08-21T22:54:31,P049,pre,tablet,0.0435
IMP00002137,CAM0015,EV00005783,2025-11-07T15:49:16,P015,pre,mobile,0.0396
IMP00002138,CAM0030,EV00019810,2025-09-12T12:17:29,P048,pre,mobile,0.0288
IMP00002139,CAM0056,EV00000666,2025-12-15T17:31:55,P034,post,tablet,0.0408
IMP00002140,CAM0018,EV00015544,2025-03-06T15:33:23,P033,mid,mobile,0.0311
IMP00002141,CAM0020,EV00009855,2025-02-03T21:54:29,P014,post,mobile,0.0253
IMP00002142,CAM0036,EV00018448,2025-02-21T07:42:04,P051,post,tablet,0.0216
IMP00002143,CAM0018,EV00019698,2025-07-27T15:21:40,P048,pre,mobile,0.0254
IMP00002144,CAM0038,EV00015601,2025-07-03T21:59:27,P058,post,mobile,0.0234
IMP00002145,CAM0008,EV00019422,2025-11-25T11:25:25,P008,pre,smart_tv,0.033
IMP00002146,CAM0035,EV00015753,2025-08-10T16:46:23,P056,mid,mobile,0.0319
IMP00002147,CAM0004,EV00001426,2025-06-27T16:50:05,P002,pre,desktop,0.0345
IMP00002148,CAM0042,EV00015422,2025-12-01T21:46:35,P022,mid,mobile,0.0352
IMP00002149,CAM0029,EV00000359,2025-08-31T09:16:24,P011,post,tablet,0.0357
IMP00002150,CAM0025,EV00007780,2025-01-12T10:30:47,P019,pre,tablet,0.0425
IMP00002151,CAM0028,EV00013746,2025-01-01T18:17:14,P044,post,tablet,0.0408
IMP00002152,CAM0026,EV00017502,2025-03-28T09:26:05,P008,pre,tablet,0.0383
IMP00002153,CAM0022,EV00014141,2025-12-06T15:22:22,P023,mid,tablet,0.0426
IMP00002154,CAM0045,EV00013943,2025-07-09T13:37:49,P018,pre,smart_tv,0.0297
IMP00002155,CAM0002,EV00008511,2025-10-22T12:33:51,P024,mid,smart_tv,0.0381
IMP00002156,CAM0028,EV00015582,2025-08-02T06:59:20,P050,pre,smart_tv,0.0243
IMP00002157,CAM0038,EV00018346,2025-01-23T10:02:27,P062,mid,mobile,0.0313
IMP00002158,CAM0011,EV00015944,2025-03-03T16:03:56,P061,pre,streaming_stick,0.0204
IMP00002159,CAM0012,EV00008008,2025-01-09T16:04:58,P016,mid,tablet,0.0317
IMP00002160,CAM0059,EV00008069,2025-08-03T15:05:56,P014,pre,tablet,0.0264
IMP00002161,CAM0002,EV00020222,2025-03-03T11:17:54,P036,mid,tablet,0.0309
IMP00002162,CAM0040,EV00000858,2025-01-19T13:02:22,P031,post,tablet,0.0404
IMP00002163,CAM0037,EV00012371,2025-04-16T14:45:15,P016,post,streaming_stick,0.0204
IMP00002164,CAM0004,EV00001762,2025-11-20T12:14:05,P052,mid,mobile,0.0342
IMP00002165,CAM0019,EV00005782,2025-12-09T10:19:34,P042,post,tablet,0.0431
IMP00002166,CAM0051,EV00005218,2025-10-10T21:42:58,P049,pre,tablet,0.0359
IMP00002167,CAM0025,EV00007079,2025-01-06T11:23:07,P015,pre,tablet,0.0294
IMP00002168,CAM0012,EV00017812,2025-04-13T12:58:41,P002,mid,smart_tv,0.0401
IMP00002169,CAM0030,EV00002861,2025-09-13T13:00:07,P033,mid,mobile,0.0363
IMP00002170,CAM0017,EV00002026,2025-02-08T17:04:40,P026,pre,mobile,0.0264
IMP00002171,CAM0031,EV00012975,2025-02-14T13:50:46,P051,pre,tablet,0.0409
IMP00002172,CAM0019,EV00001957,2025-12-25T19:55:23,P005,mid,mobile,0.0338
IMP00002173,CAM0036,EV00007616,2025-01-16T06:44:33,P010,pre,tablet,0.0409
IMP00002174,CAM0032,EV00008602,2025-05-23T14:40:56,P057,pre,tablet,0.0307
IMP00002175,CAM0011,EV00010866,2025-12-05T08:57:55,P057,mid,tablet,0.0442
IMP00002176,CAM0035,EV00001072,2025-02-02T12:34:45,P001,mid,mobile,0.0211
IMP00002177,CAM0007,EV00015099,2025-03-26T11:33:40,P002,pre,tablet,0.0281
IMP00002178,CAM0031,EV00019069,2025-01-22T09:34:52,P018,pre,tablet,0.0375
IMP00002179,CAM0011,EV00010984,2025-11-06T12:54:36,P033,mid,tablet,0.0334
IMP00002180,CAM0027,EV00002525,2025-05-19T12:04:06,P008,pre,mobile,0.0423
IMP00002181,CAM0011,EV00006094,2025-05-18T17:42:53,P005,pre,desktop,0.0205
IMP00002182,CAM0048,EV00016341,2025-06-26T15:04:35,P044,pre,tablet,0.0201
IMP00002183,CAM0058,EV00003519,2025-04-15T11:50:51,P049,mid,tablet,0.0205
IMP00002184,CAM0003,EV00005526,2025-04-23T14:59:19,P049,post,tablet,0.0361
IMP00002185,CAM0026,EV00006866,2025-12-18T13:26:07,P047,pre,tablet,0.0383
IMP00002186,CAM0055,EV00004159,2025-01-27T16:22:03,P028,pre,smart_tv,0.0249
IMP00002187,CAM0049,EV00014360,2025-10-28T14:29:07,P011,pre,tablet,0.0236
IMP00002188,CAM0017,EV00013467,2025-03-20T22:42:55,P014,pre,mobile,0.0234
IMP00002189,CAM0011,EV00012249,2025-09-08T12:29:54,P011,pre,smart_tv,0.024
IMP00002190,CAM0027,EV00008877,2025-05-04T15:45:34,P008,mid,mobile,0.0242
IMP00002191,CAM0007,EV00012929,2025-03-25T20:27:21,P037,pre,tablet,0.0204
IMP00002192,CAM0005,EV00006465,2025-03-22T16:23:31,P037,mid,tablet,0.0412
IMP00002193,CAM0014,EV00009173,2025-06-27T18:40:21,P004,pre,mobile,0.0382
IMP00002194,CAM0015,EV00001475,2025-10-05T20:48:02,P034,mid,tablet,0.0288
IMP00002195,CAM0046,EV00009431,2025-06-12T09:14:26,P037,pre,tablet,0.0378
IMP00002196,CAM0035,EV00014260,2025-04-15T12:22:14,P052,pre,mobile,0.043
IMP00002197,CAM0015,EV00002452,2025-11-04T20:56:45,P039,mid,tablet,0.0386
IMP00002198,CAM0042,EV00001906,2025-09-30T20:21:29,P011,mid,mobile,0.0209
IMP00002199,CAM0014,EV00015218,2025-02-12T18:40:21,P059,pre,tablet,0.043
IMP00002200,CAM0009,EV00012605,2025-01-15T13:20:33,P004,pre,tablet,0.0349
IMP00002201,CAM0004,EV00000249,2025-04-10T22:10:44,P025,post,tablet,0.0449
IMP00002202,CAM0029,EV00020132,2025-04-13T23:30:48,P054,pre,tablet,0.0347
IMP00002203,CAM0047,EV00017855,2025-07-03T15:19:10,P057,pre,streaming_stick,0.0307
IMP00002204,CAM0011,EV00009285,2025-02-09T21:54:54,P001,mid,tablet,0.0302
IMP00002205,CAM0050,EV00008928,2025-01-27T17:23:35,P017,mid,tablet,0.0253
IMP00002206,CAM0013,EV00005599,2025-12-10T09:23:10,P037,mid,mobile,0.0406
IMP00002207,CAM0050,EV00000925,2025-09-09T17:36:03,P007,pre,desktop,0.0309
IMP00002208,CAM0037,EV00001952,2025-07-21T00:06:54,P045,mid,mobile,0.0259
IMP00002209,CAM0037,EV00007518,2025-11-05T11:46:02,P052,pre,smart_tv,0.0228
IMP00002210,CAM0034,EV00015485,2025-04-18T09:58:05,P045,pre,desktop,0.0378
IMP00002211,CAM0044,EV00008235,2025-01-09T12:56:24,P042,pre,tablet,0.0202
IMP00002212,CAM0030,EV00019575,2025-06-06T18:13:06,P059,mid,tablet,0.0224
IMP00002213,CAM0057,EV00008279,2025-02-23T12:50:20,P052,mid,tablet,0.0375
IMP00002214,CAM0004,EV00018084,2025-03-18T10:41:21,P048,pre,mobile,0.0267
IMP00002215,CAM0024,EV00019470,2025-01-24T21:18:47,P004,pre,tablet,0.0268
IMP00002216,CAM0033,EV00002074,2025-04-24T19:05:22,P054,mid,tablet,0.0235
IMP00002217,CAM0022,EV00014444,2025-10-17T21:46:53,P005,mid,desktop,0.0423
IMP00002218,CAM0019,EV00003412,2025-08-26T09:33:41,P012,mid,tablet,0.0426
IMP00002219,CAM0036,EV00004295,2025-04-25T17:16:34,P038,pre,desktop,0.044
IMP00002220,CAM0025,EV00002170,2025-04-07T11:54:21,P016,pre,mobile,0.039
IMP00002221,CAM0028,EV00002069,2025-08-02T18:41:08,P014,pre,streaming_stick,0.0385
IMP00002222,CAM0049,EV00015450,2025-06-15T13:40:29,P051,mid,smart_tv,0.0214
IMP00002223,CAM0048,EV00003227,2025-08-01T00:26:00,P041,mid,tablet,0.0409
IMP00002224,CAM0048,EV00001388,2025-04-10T14:14:30,P020,mid,streaming_stick,0.036
IMP00002225,CAM0051,EV00016940,2025-08-28T08:24:12,P029,mid,desktop,0.0218
IMP00002226,CAM0031,EV00016526,2025-11-25T19:44:56,P061,pre,tablet,0.0247
IMP00002227,CAM0022,EV00010643,2025-05-25T14:43:16,P049,mid,smart_tv,0.0285
IMP00002228,CAM0055,EV00016430,2025-08-20T00:25:38,P002,mid,smart_tv,0.0265
IMP00002229,CAM0038,EV00006495,2025-12-25T22:32:11,P011,pre,mobile,0.0425
IMP00002230,CAM0019,EV00008651,2025-08-16T14:17:15,P014,mid,tablet,0.0273
IMP00002231,CAM0032,EV00004545,2025-08-14T18:07:28,P036,pre,tablet,0.0218
IMP00002232,CAM0010,EV00002316,2025-10-22T17:55:51,P018,pre,tablet,0.0388
IMP00002233,CAM0004,EV00005029,2025-08-08T13:34:25,P049,pre,tablet,0.0329
IMP00002234,CAM0029,EV00008173,2025-08-03T11:44:35,P061,pre,tablet,0.0239
IMP00002235,CAM0034,EV00011850,2025-08-16T20:10:56,P026,pre,desktop,0.0358
IMP00002236,CAM0047,EV00013823,2025-05-12T12:22:02,P025,pre,mobile,0.0327
IMP00002237,CAM0001,EV00017575,2025-01-12T11:29:38,P007,pre,smart_tv,0.0251
IMP00002238,CAM0017,EV00006748,2025-09-01T20:38:59,P022,pre,tablet,0.0431
IMP00002239,CAM0001,EV00005679,2025-11-25T10:09:13,P052,mid,tablet,0.0217
IMP00002240,CAM0031,EV00007202,2025-01-10T23:13:49,P017,pre,mobile,0.0292
IMP00002241,CAM0001,EV00005649,2025-10-16T14:23:31,P033,mid,tablet,0.0239
IMP00002242,CAM0034,EV00001415,2025-12-26T15:19:01,P005,pre,mobile,0.0281
IMP00002243,CAM0016,EV00017023,2025-01-15T19:27:32,P011,post,tablet,0.0367
IMP00002244,CAM0036,EV00012078,2025-01-22T14:07:17,P038,pre,tablet,0.0284
IMP00002245,CAM0055,EV00008628,2025-09-06T17:34:11,P007,post,tablet,0.041
IMP00002246,CAM0053,EV00014192,2025-06-24T00:11:38,P009,mid,tablet,0.036
IMP00002247,CAM0035,EV00009785,2025-12-15T18:31:33,P053,post,tablet,0.0448
IMP00002248,CAM0031,EV00002608,2025-05-13T09:54:10,P029,mid,mobile,0.0391
IMP00002249,CAM0009,EV00016175,2025-06-15T14:09:12,P012,post,smart_tv,0.0349
IMP00002250,CAM0051,EV00013321,2025-10-08T10:00:39,P053,post,streaming_stick,0.0239
IMP00002251,CAM0018,EV00007472,2025-03-12T19:20:23,P009,mid,mobile,0.0237
IMP00002252,CAM0002,EV00012324,2025-10-24T17:02:25,P021,pre,mobile,0.0292
IMP00002253,CAM0002,EV00007596,2025-11-16T18:01:13,P034,pre,desktop,0.0255
IMP00002254,CAM0055,EV00017113,2025-07-11T21:55:25,P032,mid,mobile,0.0303
IMP00002255,CAM0004,EV00002952,2025-04-12T13:56:58,P018,pre,mobile,0.0416
IMP00002256,CAM0016,EV00012356,2025-11-08T15:29:42,P016,pre,streaming_stick,0.0423
IMP00002257,CAM0024,EV00011366,2025-04-16T21:26:56,P047,pre,smart_tv,0.0327
IMP00002258,CAM0050,EV00018628,2025-02-01T11:38:38,P046,pre,desktop,0.0391
IMP00002259,CAM0039,EV00013903,2025-08-29T08:31:56,P053,pre,mobile,0.0392
IMP00002260,CAM0028,EV00016104,2025-05-31T20:50:18,P052,mid,tablet,0.0371
IMP00002261,CAM0041,EV00000294,2025-02-19T11:43:54,P017,pre,mobile,0.0307
IMP00002262,CAM0051,EV00017111,2025-07-11T20:51:25,P032,pre,mobile,0.04
IMP00002263,CAM0046,EV00013793,2025-09-29T15:55:07,P032,mid,tablet,0.038
IMP00002264,CAM0018,EV00011827,2025-05-21T09:19:06,P027,mid,mobile,0.0263
IMP00002265,CAM0054,EV00019524,2025-08-08T13:34:30,P039,pre,tablet,0.0383
IMP00002266,CAM0027,EV00016886,2025-01-13T22:29:33,P036,mid,tablet,0.0262
IMP00002267,CAM0035,EV00009979,2025-11-29T18:16:08,P046,pre,mobile,0.0273
IMP00002268,CAM0051,EV00017047,2025-02-12T19:26:17,P040,pre,desktop,0.0318
IMP00002269,CAM0016,EV00000541,2025-08-18T12:24:40,P032,pre,mobile,0.0244
IMP00002270,CAM0015,EV00007269,2025-03-27T22:14:51,P053,pre,mobile,0.0206
IMP00002271,CAM0030,EV00010188,2025-06-10T20:01:17,P045,mid,mobile,0.0369
IMP00002272,CAM0051,EV00018701,2025-02-03T21:20:46,P029,post,mobile,0.0441
IMP00002273,CAM0036,EV00007244,2025-04-19T13:43:13,P003,pre,tablet,0.0275
IMP00002274,CAM0018,EV00013800,2025-04-29T10:52:58,P017,post,tablet,0.0354
IMP00002275,CAM0017,EV00007763,2025-03-07T20:35:23,P012,pre,tablet,0.0353
IMP00002276,CAM0025,EV00002641,2025-04-16T14:14:48,P057,pre,smart_tv,0.0263
IMP00002277,CAM0009,EV00018140,2025-08-11T18:25:28,P060,mid,tablet,0.0357
IMP00002278,CAM0052,EV00008697,2025-06-08T17:46:05,P045,pre,mobile,0.0408
IMP00002279,CAM0036,EV00019427,2025-04-26T15:22:00,P041,pre,tablet,0.0362
IMP00002280,CAM0017,EV00012807,2025-01-25T11:49:14,P012,pre,tablet,0.0326
IMP00002281,CAM0009,EV00014846,2025-04-30T22:21:59,P057,pre,tablet,0.0256
IMP00002282,CAM0058,EV00011172,2025-05-18T14:44:29,P017,mid,mobile,0.0377
IMP00002283,CAM0009,EV00008431,2025-11-15T14:38:08,P025,mid,tablet,0.0248
IMP00002284,CAM0016,EV00012123,2025-12-07T17:08:54,P042,mid,mobile,0.0328
IMP00002285,CAM0028,EV00011064,2025-01-08T15:43:17,P061,mid,mobile,0.0246
IMP00002286,CAM0034,EV00003486,2025-07-03T15:48:50,P006,pre,tablet,0.0273
IMP00002287,CAM0049,EV00010769,2025-08-07T00:55:26,P002,post,tablet,0.0312
IMP00002288,CAM0016,EV00002841,2025-11-11T17:59:04,P039,pre,mobile,0.0342
IMP00002289,CAM0031,EV00015182,2025-09-17T12:51:11,P001,mid,tablet,0.0264
IMP00002290,CAM0017,EV00008011,2025-05-05T20:46:58,P002,pre,desktop,0.0203
IMP00002291,CAM0019,EV00016702,2025-08-08T15:52:04,P008,mid,tablet,0.0277
IMP00002292,CAM0059,EV00001684,2025-02-09T15:26:41,P024,mid,mobile,0.0355
IMP00002293,CAM0039,EV00006004,2025-08-20T19:43:23,P025,pre,mobile,0.0304
IMP00002294,CAM0030,EV00010933,2025-10-05T12:55:36,P001,pre,tablet,0.0351
IMP00002295,CAM0006,EV00018937,2025-02-25T06:27:34,P007,pre,mobile,0.0449
IMP00002296,CAM0016,EV00007832,2025-05-03T16:13:03,P057,post,tablet,0.0269
IMP00002297,CAM0001,EV00019701,2025-07-03T16:50:30,P009,mid,desktop,0.0376
IMP00002298,CAM0053,EV00012719,2025-11-13T14:35:49,P034,pre,mobile,0.0397
IMP00002299,CAM0057,EV00014065,2025-12-14T19:45:11,P035,post,mobile,0.0306
IMP00002300,CAM0045,EV00000016,2025-09-13T21:54:07,P046,pre,mobile,0.0448
IMP00002301,CAM0056,EV00018625,2025-12-11T16:48:18,P053,mid,tablet,0.0391
IMP00002302,CAM0005,EV00001519,2025-01-25T19:25:40,P038,post,tablet,0.0291
IMP00002303,CAM0058,EV00018560,2025-04-25T19:27:47,P026,post,tablet,0.0397
IMP00002304,CAM0045,EV00017063,2025-08-26T10:03:06,P006,post,mobile,0.0256
IMP00002305,CAM0001,EV00012251,2025-09-08T12:59:52,P011,mid,smart_tv,0.0254
IMP00002306,CAM0057,EV00000835,2025-12-27T20:06:52,P008,mid,tablet,0.0232
IMP00002307,CAM0050,EV00019123,2025-06-02T07:52:22,P045,mid,tablet,0.0309
IMP00002308,CAM0009,EV00009464,2025-04-23T23:12:25,P002,pre,mobile,0.0207
IMP00002309,CAM0030,EV00006531,2025-08-03T18:45:03,P014,pre,mobile,0.0308
IMP00002310,CAM0016,EV00019690,2025-06-05T15:19:38,P060,pre,desktop,0.0444
IMP00002311,CAM0028,EV00018449,2025-03-16T08:41:01,P035,pre,streaming_stick,0.0347
IMP00002312,CAM0044,EV00012966,2025-10-25T13:45:07,P061,pre,mobile,0.0267
IMP00002313,CAM0033,EV00001783,2025-10-18T12:08:11,P002,pre,mobile,0.0304
IMP00002314,CAM0001,EV00006608,2025-04-06T18:03:49,P002,post,tablet,0.0205
IMP00002315,CAM0038,EV00005071,2025-06-11T10:49:58,P003,mid,tablet,0.0415
IMP00002316,CAM0026,EV00010427,2025-09-01T17:58:17,P054,pre,tablet,0.0371
IMP00002317,CAM0021,EV00007779,2025-12-13T14:08:33,P043,post,mobile,0.0364
IMP00002318,CAM0039,EV00011634,2025-01-28T23:23:40,P053,mid,tablet,0.0341
IMP00002319,CAM0010,EV00007204,2025-01-10T23:43:54,P017,mid,mobile,0.0221
IMP00002320,CAM0029,EV00012500,2025-09-14T18:14:35,P042,pre,tablet,0.0371
IMP00002321,CAM0021,EV00004044,2025-02-26T18:12:35,P024,mid,tablet,0.0279
IMP00002322,CAM0028,EV00014352,2025-03-11T15:48:18,P052,mid,tablet,0.0258
IMP00002323,CAM0023,EV00017014,2025-05-31T15:21:28,P023,pre,desktop,0.0419
IMP00002324,CAM0026,EV00005287,2025-12-14T15:10:44,P013,pre,tablet,0.0264
IMP00002325,CAM0002,EV00018678,2025-12-22T20:56:36,P019,mid,tablet,0.0219
IMP00002326,CAM0005,EV00009505,2025-07-15T12:48:11,P023,pre,mobile,0.0253
IMP00002327,CAM0003,EV00005433,2025-01-13T19:28:33,P043,post,desktop,0.0239
IMP00002328,CAM0043,EV00017920,2025-10-13T14:13:26,P061,mid,tablet,0.0264
IMP00002329,CAM0046,EV00009625,2025-05-18T00:19:05,P011,mid,tablet,0.0371
IMP00002330,CAM0056,EV00014304,2025-03-13T09:10:59,P016,pre,mobile,0.0407
IMP00002331,CAM0008,EV00018962,2025-10-03T17:09:47,P053,mid,mobile,0.0449
IMP00002332,CAM0001,EV00019137,2025-02-25T07:28:16,P009,post,mobile,0.0207
IMP00002333,CAM0033,EV00020031,2025-05-17T10:57:37,P045,mid,mobile,0.0337
IMP00002334,CAM0001,EV00006311,2025-03-21T15:20:13,P057,pre,smart_tv,0.0359
IMP00002335,CAM0024,EV00003793,2025-04-29T18:24:49,P031,mid,streaming_stick,0.0228
IMP00002336,CAM0050,EV00004754,2025-06-27T13:46:17,P014,mid,mobile,0.0201
IMP00002337,CAM0016,EV00013401,2025-04-18T17:09:30,P045,post,mobile,0.0332
IMP00002338,CAM0050,EV00016003,2025-01-21T15:44:02,P003,mid,smart_tv,0.0432
IMP00002339,CAM0013,EV00014462,2025-04-27T19:59:52,P032,mid,smart_tv,0.031
IMP00002340,CAM0022,EV00010178,2025-12-13T20:17:48,P005,mid,tablet,0.0306
IMP00002341,CAM0007,EV00011811,2025-05-28T20:17:23,P023,pre,mobile,0.0365
IMP00002342,CAM0053,EV00008487,2025-11-05T11:46:16,P044,pre,smart_tv,0.022
IMP00002343,CAM0015,EV00019024,2025-02-15T08:25:10,P039,mid,tablet,0.0331
IMP00002344,CAM0002,EV00002982,2025-03-25T15:40:27,P041,pre,mobile,0.036
IMP00002345,CAM0050,EV00007077,2025-10-28T11:32:55,P013,mid,tablet,0.035
IMP00002346,CAM0055,EV00012341,2025-10-27T13:48:24,P002,mid,tablet,0.0279
IMP00002347,CAM0039,EV00013610,2025-01-25T17:28:53,P013,mid,mobile,0.033
IMP00002348,CAM0012,EV00000485,2025-05-01T16:53:18,P022,post,mobile,0.045
IMP00002349,CAM0042,EV00015101,2025-03-26T12:03:38,P002,mid,tablet,0.0262
IMP00002350,CAM0003,EV00011000,2025-09-06T23:04:25,P041,pre,desktop,0.0229
IMP00002351,CAM0059,EV00014958,2025-03-26T11:08:40,P026,mid,tablet,0.0286
IMP00002352,CAM0040,EV00008375,2025-01-08T21:08:15,P033,pre,mobile,0.0265
IMP00002353,CAM0027,EV00012479,2025-11-01T08:42:04,P013,pre,mobile,0.0228
IMP00002354,CAM0023,EV00015576,2025-08-08T23:36:27,P057,mid,tablet,0.0437
IMP00002355,CAM0036,EV00015211,2025-08-02T16:53:22,P043,post,desktop,0.0351
IMP00002356,CAM0012,EV00000746,2025-12-16T14:51:22,P055,pre,tablet,0.0444
IMP00002357,CAM0046,EV00002012,2025-03-04T19:21:52,P012,mid,tablet,0.0257
IMP00002358,CAM0054,EV00012010,2025-04-11T21:15:24,P057,pre,tablet,0.0374
IMP00002359,CAM0004,EV00012844,2025-12-13T09:06:44,P048,pre,mobile,0.0236
IMP00002360,CAM0022,EV00006454,2025-09-25T17:48:14,P059,mid,desktop,0.0333
IMP00002361,CAM0035,EV00005859,2025-04-11T20:00:14,P003,post,tablet,0.0392
IMP00002362,CAM0003,EV00000198,2025-03-01T20:07:00,P035,post,tablet,0.023
IMP00002363,CAM0042,EV00015430,2025-03-16T07:18:16,P046,pre,mobile,0.0377
IMP00002364,CAM0027,EV00009273,2025-01-11T17:51:43,P012,mid,streaming_stick,0.0233
IMP00002365,CAM0054,EV00020095,2025-03-13T17:02:45,P036,pre,tablet,0.0221
IMP00002366,CAM0057,EV00015341,2025-09-28T23:00:57,P013,pre,tablet,0.0296
IMP00002367,CAM0042,EV00002801,2025-05-21T15:08:30,P030,pre,mobile,0.0405
IMP00002368,CAM0022,EV00017567,2025-08-27T00:13:41,P046,mid,streaming_stick,0.0374
IMP00002369,CAM0017,EV00011248,2025-03-27T06:21:51,P058,pre,smart_tv,0.0448
IMP00002370,CAM0024,EV00003204,2025-12-08T13:04:11,P008,mid,mobile,0.0227
IMP00002371,CAM0022,EV00002372,2025-04-26T09:30:20,P050,mid,streaming_stick,0.0377
IMP00002372,CAM0032,EV00001628,2025-08-30T10:28:47,P024,pre,streaming_stick,0.0256
IMP00002373,CAM0056,EV00019656,2025-06-28T11:28:12,P001,mid,streaming_stick,0.0398
IMP00002374,CAM0047,EV00007685,2025-03-24T14:51:11,P046,pre,streaming_stick,0.0269
IMP00002375,CAM0022,EV00002633,2025-11-19T20:56:21,P053,mid,streaming_stick,0.0257
IMP00002376,CAM0037,EV00018658,2025-05-02T13:27:20,P041,pre,mobile,0.037
IMP00002377,CAM0044,EV00014536,2025-03-25T09:44:47,P050,mid,mobile,0.0352
IMP00002378,CAM0011,EV00002349,2025-10-17T15:13:13,P059,pre,smart_tv,0.037
IMP00002379,CAM0026,EV00010340,2025-10-13T13:46:54,P053,pre,tablet,0.0431
IMP00002380,CAM0018,EV00013806,2025-01-13T14:28:46,P005,pre,mobile,0.0269
IMP00002381,CAM0059,EV00012157,2025-06-14T11:54:47,P018,mid,tablet,0.0218
IMP00002382,CAM0028,EV00003021,2025-02-25T14:51:56,P022,pre,mobile,0.0433
IMP00002383,CAM0033,EV00012456,2025-12-19T17:23:26,P052,mid,mobile,0.0258
IMP00002384,CAM0003,EV00013679,2025-02-04T14:59:18,P029,mid,mobile,0.0403
IMP00002385,CAM0035,EV00012532,2025-03-06T14:14:26,P057,mid,mobile,0.0364
IMP00002386,CAM0024,EV00016260,2025-09-10T09:53:45,P015,mid,smart_tv,0.0323
IMP00002387,CAM0009,EV00003011,2025-11-10T09:52:10,P036,mid,desktop,0.0302
IMP00002388,CAM0057,EV00003833,2025-04-13T12:55:56,P046,mid,smart_tv,0.0271
IMP00002389,CAM0027,EV00001747,2025-03-02T22:20:58,P033,mid,tablet,0.0367
IMP00002390,CAM0049,EV00006297,2025-11-13T07:47:55,P015,pre,mobile,0.0256
IMP00002391,CAM0009,EV00006397,2025-09-18T18:01:00,P022,mid,tablet,0.0296
IMP00002392,CAM0017,EV00008582,2025-12-06T18:34:08,P032,pre,smart_tv,0.0277
IMP00002393,CAM0023,EV00001581,2025-05-15T18:51:42,P013,mid,tablet,0.0237
IMP00002394,CAM0007,EV00018368,2025-10-05T17:18:55,P053,pre,desktop,0.0366
IMP00002395,CAM0014,EV00014694,2025-09-19T09:58:12,P060,post,mobile,0.0251
IMP00002396,CAM0032,EV00002311,2025-12-16T14:59:43,P052,pre,smart_tv,0.0222
IMP00002397,CAM0021,EV00004067,2025-11-22T20:37:23,P033,mid,smart_tv,0.0275
IMP00002398,CAM0039,EV00019855,2025-02-21T15:30:37,P003,pre,tablet,0.0229
IMP00002399,CAM0033,EV00001677,2025-07-21T11:08:56,P035,pre,tablet,0.0389
IMP00002400,CAM0036,EV00015819,2025-11-29T17:10:01,P008,mid,mobile,0.0274
IMP00002401,CAM0008,EV00015180,2025-09-17T12:21:10,P001,pre,tablet,0.0307
IMP00002402,CAM0054,EV00012772,2025-03-03T21:35:27,P003,pre,desktop,0.0249
IMP00002403,CAM0023,EV00018258,2025-06-05T11:41:11,P033,mid,mobile,0.0418
IMP00002404,CAM0003,EV00009677,2025-03-21T15:49:13,P002,mid,mobile,0.0218
IMP00002405,CAM0030,EV00004285,2025-06-09T21:37:06,P042,mid,tablet,0.0412
IMP00002406,CAM0029,EV00015570,2025-06-02T14:12:56,P018,mid,mobile,0.0201
IMP00002407,CAM0012,EV00001281,2025-08-12T15:08:22,P060,mid,mobile,0.0245
IMP00002408,CAM0047,EV00008288,2025-09-09T10:16:09,P007,pre,mobile,0.0269
IMP00002409,CAM0023,EV00005209,2025-12-18T23:07:25,P032,mid,tablet,0.0276
IMP00002410,CAM0028,EV00013105,2025-03-13T14:42:52,P058,pre,tablet,0.0366
IMP00002411,CAM0014,EV00015266,2025-02-06T14:47:59,P054,post,tablet,0.0357
IMP00002412,CAM0019,EV00009453,2025-09-28T09:24:35,P003,pre,streaming_stick,0.0356
IMP00002413,CAM0043,EV00017131,2025-10-26T23:14:58,P041,pre,tablet,0.025
IMP00002414,CAM0053,EV00003395,2025-01-04T17:56:16,P010,pre,tablet,0.0402
IMP00002415,CAM0005,EV00008198,2025-07-30T19:57:18,P039,post,streaming_stick,0.0383
IMP00002416,CAM0042,EV00008587,2025-07-30T17:33:14,P052,pre,tablet,0.0384
IMP00002417,CAM0005,EV00007059,2025-07-07T18:40:39,P043,pre,tablet,0.0386
IMP00002418,CAM0041,EV00015594,2025-11-03T09:00:24,P041,mid,tablet,0.0225
IMP00002419,CAM0035,EV00019642,2025-12-09T16:18:06,P026,pre,tablet,0.029
IMP00002420,CAM0058,EV00019732,2025-11-24T12:43:27,P056,pre,streaming_stick,0.0429
IMP00002421,CAM0050,EV00003923,2025-04-01T18:41:04,P017,mid,tablet,0.0378
IMP00002422,CAM0009,EV00016871,2025-01-19T16:25:52,P039,mid,mobile,0.0404
IMP00002423,CAM0056,EV00001266,2025-08-01T13:53:36,P034,pre,mobile,0.0371
IMP00002424,CAM0027,EV00004186,2025-12-06T10:09:41,P023,pre,tablet,0.0256
IMP00002425,CAM0003,EV00003430,2025-06-23T23:38:39,P041,pre,tablet,0.0277
IMP00002426,CAM0011,EV00010801,2025-06-25T12:06:18,P049,pre,streaming_stick,0.02
IMP00002427,CAM0056,EV00012379,2025-01-13T12:58:10,P007,mid,streaming_stick,0.0391
IMP00002428,CAM0020,EV00018282,2025-08-26T11:17:00,P006,pre,mobile,0.0275
IMP00002429,CAM0031,EV00007728,2025-01-05T20:02:32,P061,post,smart_tv,0.0358
IMP00002430,CAM0029,EV00018044,2025-11-13T21:45:04,P006,pre,tablet,0.0235
IMP00002431,CAM0033,EV00011121,2025-06-20T21:29:00,P058,mid,tablet,0.033
IMP00002432,CAM0009,EV00019344,2025-11-03T15:14:37,P061,post,streaming_stick,0.0254
IMP00002433,CAM0022,EV00004589,2025-07-19T15:21:47,P024,pre,desktop,0.0291
IMP00002434,CAM0045,EV00019587,2025-03-04T21:13:53,P033,pre,tablet,0.0292
IMP00002435,CAM0020,EV00002626,2025-09-02T20:12:42,P054,pre,mobile,0.0332
IMP00002436,CAM0043,EV00001366,2025-04-17T22:16:28,P010,pre,tablet,0.029
IMP00002437,CAM0044,EV00004314,2025-03-12T19:37:16,P006,post,streaming_stick,0.0438
IMP00002438,CAM0008,EV00015116,2025-04-12T18:21:05,P021,mid,mobile,0.0346
IMP00002439,CAM0046,EV00016455,2025-07-26T22:03:13,P020,mid,tablet,0.0207
IMP00002440,CAM0045,EV00017251,2025-09-27T21:46:49,P007,pre,smart_tv,0.0411
IMP00002441,CAM0033,EV00019889,2025-10-06T13:36:32,P010,mid,mobile,0.0243
IMP00002442,CAM0008,EV00001121,2025-01-16T11:54:06,P027,mid,streaming_stick,0.0359
IMP00002443,CAM0051,EV00003256,2025-01-02T23:55:11,P011,pre,tablet,0.0414
IMP00002444,CAM0015,EV00019327,2025-04-11T11:35:31,P013,mid,mobile,0.0287
IMP00002445,CAM0001,EV00005756,2025-03-04T22:29:19,P007,mid,tablet,0.038
IMP00002446,CAM0010,EV00018763,2025-05-28T09:02:09,P047,mid,tablet,0.0321
IMP00002447,CAM0023,EV00001190,2025-11-21T15:45:34,P048,pre,tablet,0.0243
IMP00002448,CAM0057,EV00009562,2025-07-29T15:14:25,P057,pre,mobile,0.0414
IMP00002449,CAM0047,EV00001579,2025-05-15T18:21:39,P013,pre,tablet,0.0208
IMP00002450,CAM0042,EV00006307,2025-07-03T16:23:30,P038,pre,desktop,0.0305
IMP00002451,CAM0054,EV00005254,2025-01-05T23:57:10,P031,mid,streaming_stick,0.0269
IMP00002452,CAM0021,EV00016118,2025-01-22T18:42:37,P051,pre,desktop,0.0428
IMP00002453,CAM0055,EV00018561,2025-08-18T18:31:36,P030,pre,mobile,0.0435
IMP00002454,CAM0032,EV00008384,2025-04-06T12:39:14,P048,mid,streaming_stick,0.0364
IMP00002455,CAM0007,EV00018665,2025-10-14T14:01:59,P055,mid,tablet,0.0411
IMP00002456,CAM0004,EV00000319,2025-10-20T18:45:13,P041,post,mobile,0.0226
IMP00002457,CAM0049,EV00015160,2025-07-07T17:23:26,P017,post,desktop,0.045
IMP00002458,CAM0026,EV00003918,2025-06-22T12:12:55,P023,mid,mobile,0.0437
IMP00002459,CAM0040,EV00015420,2025-12-01T21:16:35,P022,pre,mobile,0.0331
IMP00002460,CAM0040,EV00004906,2025-12-27T12:25:18,P055,post,tablet,0.0319
IMP00002461,CAM0011,EV00010786,2025-02-04T09:40:50,P003,pre,mobile,0.0284
IMP00002462,CAM0035,EV00014489,2025-03-08T13:56:46,P051,pre,tablet,0.0224
IMP00002463,CAM0033,EV00014937,2025-07-03T23:48:16,P036,pre,smart_tv,0.0266
IMP00002464,CAM0048,EV00009125,2025-10-24T23:03:28,P044,pre,mobile,0.0327
IMP00002465,CAM0006,EV00016554,2025-01-19T18:20:14,P011,post,desktop,0.0278
IMP00002466,CAM0007,EV00002301,2025-12-11T08:25:58,P013,pre,mobile,0.0296
IMP00002467,CAM0009,EV00007490,2025-10-21T18:16:49,P026,pre,mobile,0.0246
IMP00002468,CAM0041,EV00019710,2025-06-05T06:32:12,P009,pre,tablet,0.0314
IMP00002469,CAM0019,EV00003953,2025-02-14T14:22:41,P055,mid,tablet,0.0213
IMP00002470,CAM0015,EV00002647,2025-03-19T17:15:15,P025,pre,tablet,0.0265
IMP00002471,CAM0039,EV00003558,2025-01-18T15:45:26,P024,pre,tablet,0.0265
IMP00002472,CAM0012,EV00005991,2025-04-05T13:40:35,P006,mid,streaming_stick,0.023
IMP00002473,CAM0028,EV00001543,2025-05-30T13:37:34,P057,mid,desktop,0.0403
IMP00002474,CAM0016,EV00006401,2025-06-09T16:54:00,P016,mid,mobile,0.0269
IMP00002475,CAM0052,EV00011505,2025-09-09T18:02:49,P011,mid,desktop,0.024
IMP00002476,CAM0048,EV00006760,2025-11-16T22:02:05,P032,pre,tablet,0.0418
IMP00002477,CAM0039,EV00017572,2025-02-09T19:36:15,P013,mid,desktop,0.0355
IMP00002478,CAM0027,EV00019345,2025-09-12T14:25:53,P014,pre,mobile,0.0306
IMP00002479,CAM0054,EV00001168,2025-11-11T07:07:34,P025,pre,mobile,0.0364
IMP00002480,CAM0036,EV00013573,2025-03-25T15:40:13,P001,pre,mobile,0.0307
IMP00002481,CAM0005,EV00007360,2025-01-30T23:33:25,P059,mid,mobile,0.0326
IMP00002482,CAM0018,EV00010015,2025-09-01T15:43:36,P012,post,mobile,0.0427
IMP00002483,CAM0047,EV00015106,2025-09-21T17:05:56,P012,mid,tablet,0.0204
IMP00002484,CAM0028,EV00008265,2025-05-05T18:51:44,P037,pre,desktop,0.028
IMP00002485,CAM0026,EV00002139,2025-01-01T22:40:31,P012,mid,tablet,0.0427
IMP00002486,CAM0058,EV00020106,2025-07-28T21:48:27,P032,mid,tablet,0.035
IMP00002487,CAM0024,EV00002095,2025-07-08T23:58:11,P043,post,tablet,0.0443
IMP00002488,CAM0044,EV00009974,2025-10-28T17:30:05,P038,pre,tablet,0.0309
IMP00002489,CAM0019,EV00019273,2025-07-24T15:26:50,P009,pre,mobile,0.0414
IMP00002490,CAM0014,EV00000669,2025-01-29T11:38:14,P061,mid,tablet,0.0406
IMP00002491,CAM0043,EV00010429,2025-09-01T18:10:45,P054,mid,tablet,0.0406
IMP00002492,CAM0035,EV00015313,2025-10-17T22:05:03,P024,mid,tablet,0.0321
IMP00002493,CAM0007,EV00015207,2025-08-02T16:28:22,P043,pre,desktop,0.0243
IMP00002494,CAM0055,EV00017543,2025-05-14T11:56:35,P009,pre,streaming_stick,0.0369
IMP00002495,CAM0048,EV00009000,2025-02-24T16:10:03,P050,pre,smart_tv,0.0244
IMP00002496,CAM0059,EV00009263,2025-12-20T17:56:52,P051,pre,smart_tv,0.0403
IMP00002497,CAM0002,EV00016449,2025-10-16T10:41:06,P028,pre,mobile,0.0233
IMP00002498,CAM0001,EV00018453,2025-03-16T11:16:02,P035,post,streaming_stick,0.0324
IMP00002499,CAM0006,EV00013208,2025-01-24T14:29:26,P026,pre,mobile,0.0313
IMP00002500,CAM0035,EV00019666,2025-10-13T17:37:09,P012,pre,tablet,0.0249
IMP00002501,CAM0035,EV00008684,2025-02-15T09:02:52,P032,mid,tablet,0.0244
IMP00002502,CAM0040,EV00015126,2025-12-25T23:08:34,P016,mid,mobile,0.0235
IMP00002503,CAM0003,EV00007240,2025-04-22T17:17:19,P038,mid,tablet,0.036
IMP00002504,CAM0037,EV00019892,2025-07-24T13:08:31,P054,mid,mobile,0.0395
IMP00002505,CAM0037,EV00011439,2025-01-09T12:56:53,P050,pre,tablet,0.036
IMP00002506,CAM0029,EV00001094,2025-12-26T19:00:28,P016,mid,mobile,0.0202
IMP00002507,CAM0003,EV00017171,2025-05-03T13:34:09,P029,pre,mobile,0.0284
IMP00002508,CAM0053,EV00011860,2025-09-12T18:14:11,P057,post,mobile,0.0438
IMP00002509,CAM0049,EV00011397,2025-10-04T19:11:37,P021,pre,tablet,0.0407
IMP00002510,CAM0025,EV00017336,2025-05-04T08:08:02,P062,pre,mobile,0.0439
IMP00002511,CAM0041,EV00019954,2025-05-01T12:56:58,P048,mid,tablet,0.0342
IMP00002512,CAM0003,EV00002418,2025-10-29T23:45:11,P038,mid,tablet,0.0235
IMP00002513,CAM0025,EV00017760,2025-12-11T20:27:53,P009,mid,mobile,0.0376
IMP00002514,CAM0051,EV00005842,2025-11-02T12:37:25,P006,mid,tablet,0.0211
IMP00002515,CAM0029,EV00000664,2025-12-15T16:25:59,P034,mid,tablet,0.0344
IMP00002516,CAM0013,EV00018472,2025-07-09T17:13:57,P016,post,mobile,0.0379
IMP00002517,CAM0048,EV00015744,2025-04-11T11:01:55,P055,pre,mobile,0.0444
IMP00002518,CAM0028,EV00011421,2025-06-17T22:23:06,P048,mid,tablet,0.038
IMP00002519,CAM0004,EV00009428,2025-04-07T13:25:23,P056,pre,tablet,0.0228
IMP00002520,CAM0019,EV00012676,2025-02-27T21:14:42,P057,pre,tablet,0.0281
IMP00002521,CAM0016,EV00008057,2025-12-10T23:58:53,P034,pre,mobile,0.0311
IMP00002522,CAM0046,EV00005199,2025-04-09T06:34:29,P034,pre,tablet,0.0248
IMP00002523,CAM0026,EV00013200,2025-05-01T12:13:30,P027,pre,mobile,0.0296
IMP00002524,CAM0024,EV00004729,2025-11-27T19:23:35,P047,pre,tablet,0.0273
IMP00002525,CAM0045,EV00009580,2025-10-25T00:04:04,P014,post,mobile,0.0361
IMP00002526,CAM0032,EV00012482,2025-08-28T20:30:05,P047,mid,desktop,0.037
IMP00002527,CAM0002,EV00001209,2025-05-15T11:34:52,P058,pre,mobile,0.0255
IMP00002528,CAM0039,EV00001880,2025-01-19T22:18:27,P037,pre,tablet,0.0363
IMP00002529,CAM0005,EV00011803,2025-11-07T22:02:59,P024,pre,mobile,0.0343
IMP00002530,CAM0003,EV00010245,2025-03-19T18:02:15,P030,mid,mobile,0.0367
IMP00002531,CAM0028,EV00005411,2025-06-15T13:11:33,P004,pre,smart_tv,0.0393
IMP00002532,CAM0022,EV00008327,2025-02-22T15:43:06,P037,mid,mobile,0.0268
IMP00002533,CAM0001,EV00011218,2025-04-03T16:51:37,P008,mid,mobile,0.0437
IMP00002534,CAM0028,EV00005621,2025-03-11T23:34:56,P028,pre,mobile,0.0428
IMP00002535,CAM0005,EV00003664,2025-12-24T15:02:11,P051,pre,tablet,0.0377
IMP00002536,CAM0051,EV00019997,2025-01-06T13:58:42,P010,post,tablet,0.0304
IMP00002537,CAM0026,EV00007588,2025-03-22T14:51:08,P036,mid,mobile,0.0384
IMP00002538,CAM0018,EV00014902,2025-08-28T15:01:23,P007,post,mobile,0.0387
IMP00002539,CAM0012,EV00005850,2025-10-05T20:31:27,P036,pre,mobile,0.0307
IMP00002540,CAM0013,EV00003631,2025-11-14T08:05:51,P062,pre,tablet,0.0356
IMP00002541,CAM0007,EV00015789,2025-12-24T08:25:08,P030,mid,tablet,0.0436
IMP00002542,CAM0030,EV00012603,2025-04-24T00:08:33,P033,mid,smart_tv,0.0401
IMP00002543,CAM0037,EV00005636,2025-04-03T18:22:11,P031,pre,mobile,0.0392
IMP00002544,CAM0045,EV00018685,2025-04-23T17:21:54,P022,pre,mobile,0.0365
IMP00002545,CAM0052,EV00009302,2025-12-25T18:56:17,P062,post,tablet,0.0384
IMP00002546,CAM0031,EV00018548,2025-09-06T23:35:53,P042,mid,streaming_stick,0.0297
IMP00002547,CAM0045,EV00014493,2025-08-17T13:26:03,P019,pre,desktop,0.0404
IMP00002548,CAM0009,EV00014189,2025-10-09T10:19:11,P047,pre,mobile,0.0237
IMP00002549,CAM0056,EV00018473,2025-07-07T12:44:47,P036,pre,mobile,0.0416
IMP00002550,CAM0015,EV00007622,2025-10-29T15:53:38,P037,mid,tablet,0.0393
IMP00002551,CAM0031,EV00012087,2025-01-24T17:17:36,P043,post,smart_tv,0.0202
IMP00002552,CAM0012,EV00016900,2025-09-22T15:12:44,P051,mid,mobile,0.0323
IMP00002553,CAM0042,EV00006380,2025-08-04T06:54:44,P007,mid,mobile,0.0446
IMP00002554,CAM0056,EV00011213,2025-12-08T22:38:30,P011,mid,mobile,0.0237
IMP00002555,CAM0022,EV00000158,2025-01-20T23:31:19,P004,pre,tablet,0.0359
IMP00002556,CAM0010,EV00008726,2025-04-20T18:55:18,P028,mid,mobile,0.0332
IMP00002557,CAM0001,EV00001173,2025-04-22T17:14:19,P021,pre,tablet,0.0254
IMP00002558,CAM0015,EV00015584,2025-08-02T07:59:19,P050,mid,smart_tv,0.0279
IMP00002559,CAM0025,EV00013090,2025-05-20T16:21:17,P035,mid,tablet,0.0394
IMP00002560,CAM0009,EV00003684,2025-08-21T16:30:54,P048,pre,tablet,0.0372
IMP00002561,CAM0041,EV00002668,2025-08-26T17:30:34,P037,mid,mobile,0.0267
IMP00002562,CAM0047,EV00011142,2025-08-19T16:24:27,P019,mid,tablet,0.027
IMP00002563,CAM0048,EV00013713,2025-11-02T16:18:51,P039,pre,streaming_stick,0.0271
IMP00002564,CAM0024,EV00018091,2025-12-28T15:06:20,P006,mid,mobile,0.0246
IMP00002565,CAM0030,EV00005631,2025-12-09T18:34:20,P011,pre,desktop,0.0268
IMP00002566,CAM0041,EV00016086,2025-02-03T17:40:00,P014,mid,mobile,0.0224
IMP00002567,CAM0052,EV00002414,2025-04-29T21:46:50,P020,pre,tablet,0.0227
IMP00002568,CAM0057,EV00012835,2025-09-03T14:43:33,P036,mid,mobile,0.0218
IMP00002569,CAM0015,EV00008660,2025-07-07T18:44:31,P020,pre,tablet,0.0308
IMP00002570,CAM0017,EV00008332,2025-12-30T15:18:42,P050,mid,tablet,0.0215
IMP00002571,CAM0026,EV00002684,2025-01-26T20:43:28,P040,mid,streaming_stick,0.0367
IMP00002572,CAM0003,EV00000596,2025-01-27T10:06:47,P060,post,tablet,0.0393
IMP00002573,CAM0053,EV00000861,2025-04-01T00:19:08,P056,mid,smart_tv,0.0264
IMP00002574,CAM0047,EV00018427,2025-03-16T22:44:58,P052,pre,desktop,0.0273
IMP00002575,CAM0019,EV00000324,2025-03-26T18:02:13,P009,mid,tablet,0.0278
IMP00002576,CAM0005,EV00010781,2025-08-26T09:02:53,P036,pre,tablet,0.0336
IMP00002577,CAM0045,EV00006001,2025-01-10T14:51:30,P026,mid,tablet,0.0388
IMP00002578,CAM0055,EV00000478,2025-10-13T13:16:34,P055,mid,mobile,0.0435
IMP00002579,CAM0023,EV00010590,2025-08-05T21:22:34,P007,pre,tablet,0.0311
IMP00002580,CAM0049,EV00000913,2025-11-02T22:21:28,P022,mid,mobile,0.0425
IMP00002581,CAM0035,EV00019492,2025-09-30T18:24:47,P056,pre,tablet,0.0325
IMP00002582,CAM0032,EV00004359,2025-03-15T16:09:07,P046,mid,mobile,0.0336
IMP00002583,CAM0031,EV00016060,2025-12-22T20:27:24,P045,pre,tablet,0.0323
IMP00002584,CAM0031,EV00019919,2025-10-16T20:29:06,P033,mid,smart_tv,0.0432
IMP00002585,CAM0010,EV00001713,2025-11-28T00:03:21,P016,post,mobile,0.0402
IMP00002586,CAM0013,EV00008254,2025-04-29T18:22:05,P004,post,tablet,0.0336
IMP00002587,CAM0020,EV00001304,2025-05-12T16:34:15,P046,pre,tablet,0.0204
IMP00002588,CAM0037,EV00007039,2025-10-30T13:53:35,P059,mid,tablet,0.0294
IMP00002589,CAM0001,EV00019453,2025-04-06T17:02:01,P055,pre,smart_tv,0.0358
IMP00002590,CAM0004,EV00013317,2025-10-08T08:30:41,P053,pre,streaming_stick,0.0245
IMP00002591,CAM0045,EV00003307,2025-11-21T22:59:46,P062,mid,mobile,0.0381
IMP00002592,CAM0048,EV00011323,2025-05-26T14:20:21,P041,mid,mobile,0.03
IMP00002593,CAM0044,EV00008401,2025-04-13T13:26:58,P055,post,tablet,0.0253
IMP00002594,CAM0058,EV00018913,2025-01-02T16:42:00,P060,pre,mobile,0.0249
IMP00002595,CAM0027,EV00018983,2025-07-24T12:07:18,P025,mid,tablet,0.0325
IMP00002596,CAM0043,EV00006787,2025-11-06T10:45:58,P020,mid,mobile,0.038
IMP00002597,CAM0015,EV00000269,2025-06-29T08:18:44,P014,pre,tablet,0.0277
IMP00002598,CAM0048,EV00015150,2025-09-03T17:41:30,P043,mid,tablet,0.0237
IMP00002599,CAM0023,EV00001425,2025-08-02T18:39:04,P022,pre,streaming_stick,0.0279
IMP00002600,CAM0032,EV00007321,2025-04-07T15:22:26,P025,mid,tablet,0.0393
IMP00002601,CAM0038,EV00001858,2025-06-19T21:03:23,P007,pre,tablet,0.0426
IMP00002602,CAM0046,EV00016617,2025-10-27T10:22:49,P011,pre,smart_tv,0.0374
IMP00002603,CAM0018,EV00009077,2025-04-13T22:05:04,P061,mid,tablet,0.0409
IMP00002604,CAM0019,EV00000686,2025-05-25T13:36:04,P061,mid,streaming_stick,0.0365
IMP00002605,CAM0039,EV00019034,2025-05-19T17:16:59,P002,mid,tablet,0.0248
IMP00002606,CAM0034,EV00011616,2025-07-23T07:27:46,P008,pre,smart_tv,0.037
IMP00002607,CAM0027,EV00016547,2025-11-30T15:23:45,P062,mid,desktop,0.0324
IMP00002608,CAM0025,EV00006553,2025-06-22T14:38:09,P033,mid,tablet,0.0347
IMP00002609,CAM0021,EV00019995,2025-01-06T13:46:10,P010,mid,tablet,0.0238
IMP00002610,CAM0009,EV00006452,2025-09-25T17:03:13,P059,pre,desktop,0.0315
IMP00002611,CAM0058,EV00003472,2025-05-08T18:07:54,P047,pre,smart_tv,0.0255
IMP00002612,CAM0019,EV00016481,2025-12-09T16:14:07,P025,mid,mobile,0.0202
IMP00002613,CAM0018,EV00020245,2025-01-13T22:32:52,P057,mid,tablet,0.0293
IMP00002614,CAM0057,EV00016279,2025-07-15T20:59:55,P014,pre,mobile,0.0276
IMP00002615,CAM0015,EV00002509,2025-11-27T14:51:37,P001,pre,tablet,0.0214
IMP00002616,CAM0008,EV00019834,2025-09-21T11:19:32,P040,post,tablet,0.0427
IMP00002617,CAM0018,EV00016437,2025-04-19T17:07:40,P030,post,smart_tv,0.0319
IMP00002618,CAM0032,EV00003753,2025-01-01T08:03:10,P010,pre,tablet,0.0386
IMP00002619,CAM0027,EV00000307,2025-11-15T12:42:48,P061,mid,streaming_stick,0.0442
IMP00002620,CAM0006,EV00000601,2025-04-04T09:10:33,P031,pre,mobile,0.0336
IMP00002621,CAM0014,EV00006835,2025-02-05T15:14:21,P040,pre,mobile,0.0399
IMP00002622,CAM0044,EV00015571,2025-06-28T12:16:51,P001,pre,smart_tv,0.0323
IMP00002623,CAM0031,EV00003839,2025-10-16T00:29:54,P015,mid,streaming_stick,0.0283
IMP00002624,CAM0055,EV00014474,2025-02-18T12:21:04,P043,mid,tablet,0.038
IMP00002625,CAM0036,EV00005748,2025-01-28T12:46:22,P051,pre,mobile,0.0201
IMP00002626,CAM0007,EV00010710,2025-04-30T23:57:53,P003,mid,tablet,0.0269
IMP00002627,CAM0005,EV00017042,2025-06-13T11:49:03,P033,mid,tablet,0.0429
IMP00002628,CAM0007,EV00009766,2025-02-17T20:23:45,P050,pre,tablet,0.027
IMP00002629,CAM0020,EV00010307,2025-10-05T17:20:44,P003,pre,desktop,0.0264
IMP00002630,CAM0059,EV00018779,2025-12-26T14:07:16,P055,pre,mobile,0.0345
IMP00002631,CAM0007,EV00010961,2025-03-25T20:43:40,P029,mid,tablet,0.0345
IMP00002632,CAM0044,EV00002551,2025-10-28T14:38:52,P004,pre,smart_tv,0.042
IMP00002633,CAM0016,EV00011989,2025-06-04T17:01:54,P047,pre,desktop,0.0382
IMP00002634,CAM0007,EV00003232,2025-08-20T18:38:55,P023,mid,streaming_stick,0.043
IMP00002635,CAM0059,EV00008895,2025-04-17T18:56:12,P004,pre,tablet,0.0268
IMP00002636,CAM0045,EV00011705,2025-03-11T15:57:17,P037,pre,mobile,0.0305
IMP00002637,CAM0049,EV00011769,2025-04-20T17:46:32,P002,mid,smart_tv,0.0375
IMP00002638,CAM0020,EV00002606,2025-05-13T09:41:43,P029,pre,mobile,0.0229
IMP00002639,CAM0029,EV00015908,2025-08-05T13:20:31,P023,pre,mobile,0.0301
IMP00002640,CAM0003,EV00006321,2025-04-14T07:22:38,P027,pre,smart_tv,0.0207
IMP00002641,CAM0054,EV00014286,2025-01-08T10:21:36,P061,mid,desktop,0.0216
IMP00002642,CAM0036,EV00013835,2025-07-27T17:59:48,P051,mid,tablet,0.0214
IMP00002643,CAM0014,EV00018006,2025-11-02T17:17:23,P031,mid,streaming_stick,0.0285
IMP00002644,CAM0029,EV00005121,2025-12-29T15:20:19,P039,mid,tablet,0.0305
IMP00002645,CAM0034,EV00007793,2025-12-10T15:20:58,P025,pre,mobile,0.0369
IMP00002646,CAM0023,EV00018190,2025-11-19T18:16:19,P003,post,mobile,0.0386
IMP00002647,CAM0025,EV00015054,2025-06-24T00:37:25,P052,post,tablet,0.0435
IMP00002648,CAM0003,EV00013076,2025-04-08T17:38:52,P031,pre,mobile,0.0371
IMP00002649,CAM0011,EV00008604,2025-05-23T15:10:58,P057,mid,tablet,0.0256
IMP00002650,CAM0009,EV00013699,2025-11-04T16:03:55,P015,mid,tablet,0.0326
IMP00002651,CAM0054,EV00002728,2025-04-04T11:08:39,P024,mid,tablet,0.0437
IMP00002652,CAM0011,EV00009117,2025-03-31T19:52:28,P030,mid,tablet,0.0265
IMP00002653,CAM0054,EV00012556,2025-05-22T18:35:52,P020,mid,mobile,0.0248
IMP00002654,CAM0042,EV00013530,2025-05-04T17:54:44,P026,mid,desktop,0.0364
IMP00002655,CAM0041,EV00003260,2025-05-09T06:51:17,P023,pre,desktop,0.027
IMP00002656,CAM0029,EV00017122,2025-08-20T20:09:23,P046,mid,mobile,0.0388
IMP00002657,CAM0029,EV00008429,2025-11-15T14:23:08,P025,pre,tablet,0.0423
IMP00002658,CAM0015,EV00016404,2025-01-10T23:12:32,P039,pre,mobile,0.0366
IMP00002659,CAM0057,EV00015846,2025-07-13T14:40:43,P037,pre,mobile,0.0338
IMP00002660,CAM0047,EV00002718,2025-03-21T15:19:16,P015,pre,tablet,0.0254
IMP00002661,CAM0002,EV00003155,2025-01-22T18:42:04,P038,pre,desktop,0.0281
IMP00002662,CAM0049,EV00004818,2025-09-19T10:31:11,P050,pre,mobile,0.0263
IMP00002663,CAM0029,EV00006507,2025-01-17T16:46:35,P050,mid,tablet,0.0356
IMP00002664,CAM0022,EV00017769,2025-12-29T15:49:10,P062,mid,mobile,0.0253
IMP00002665,CAM0011,EV00017749,2025-06-22T14:25:01,P021,mid,tablet,0.0276
IMP00002666,CAM0035,EV00003481,2025-02-05T15:14:42,P047,pre,mobile,0.0334
IMP00002667,CAM0056,EV00006279,2025-08-17T14:10:52,P024,pre,tablet,0.0205
IMP00002668,CAM0057,EV00017847,2025-10-19T16:35:42,P010,pre,tablet,0.0341
IMP00002669,CAM0030,EV00014477,2025-06-07T12:18:18,P059,pre,tablet,0.0415
IMP00002670,CAM0056,EV00013607,2025-07-23T23:26:26,P020,post,mobile,0.0205
IMP00002671,CAM0045,EV00001700,2025-04-09T15:48:18,P060,mid,mobile,0.0438
IMP00002672,CAM0057,EV00006683,2025-05-29T06:18:40,P009,pre,mobile,0.0288
IMP00002673,CAM0055,EV00012037,2025-09-20T19:53:01,P013,pre,tablet,0.0322
IMP00002674,CAM0040,EV00014597,2025-07-29T14:32:59,P038,pre,tablet,0.0348
IMP00002675,CAM0048,EV00006504,2025-08-21T12:27:50,P032,post,tablet,0.03
IMP00002676,CAM0003,EV00016801,2025-06-27T18:40:26,P033,pre,mobile,0.0244
IMP00002677,CAM0019,EV00008021,2025-08-22T11:15:47,P020,pre,mobile,0.0449
IMP00002678,CAM0023,EV00001991,2025-11-21T20:27:07,P031,mid,tablet,0.0439
IMP00002679,CAM0028,EV00009958,2025-07-02T10:01:57,P001,mid,tablet,0.0414
IMP00002680,CAM0038,EV00001741,2025-10-22T19:22:51,P023,pre,mobile,0.0444
IMP00002681,CAM0050,EV00019615,2025-04-22T19:12:56,P035,post,tablet,0.0251
IMP00002682,CAM0031,EV00015250,2025-11-01T22:19:58,P037,pre,mobile,0.0278
IMP00002683,CAM0010,EV00006940,2025-04-07T15:10:39,P014,post,tablet,0.0248
IMP00002684,CAM0039,EV00014758,2025-11-12T11:32:37,P036,pre,tablet,0.042
IMP00002685,CAM0010,EV00017173,2025-05-03T13:46:38,P029,mid,mobile,0.0202
IMP00002686,CAM0033,EV00004937,2025-03-03T21:38:26,P008,mid,tablet,0.0387
IMP00002687,CAM0010,EV00015710,2025-10-03T14:16:19,P026,mid,desktop,0.0435
IMP00002688,CAM0058,EV00005016,2025-08-09T07:49:17,P037,mid,desktop,0.0256
IMP00002689,CAM0034,EV00018924,2025-08-30T20:34:01,P050,mid,mobile,0.0384
IMP00002690,CAM0012,EV00015168,2025-12-03T14:37:41,P016,mid,mobile,0.0224
IMP00002691,CAM0037,EV00012262,2025-07-05T23:35:56,P015,pre,mobile,0.0238
IMP00002692,CAM0006,EV00014361,2025-03-26T17:29:53,P042,pre,tablet,0.0402
IMP00002693,CAM0002,EV00002346,2025-11-16T21:08:48,P022,mid,tablet,0.036
IMP00002694,CAM0006,EV00006424,2025-04-29T07:40:27,P018,post,mobile,0.0245
IMP00002695,CAM0003,EV00018832,2025-12-27T12:11:59,P009,mid,mobile,0.0448
IMP00002696,CAM0008,EV00007687,2025-03-24T15:21:11,P046,mid,streaming_stick,0.0293
IMP00002697,CAM0052,EV00017853,2025-03-27T14:01:39,P031,pre,smart_tv,0.0236
IMP00002698,CAM0018,EV00011306,2025-07-11T14:08:09,P044,mid,tablet,0.0436
IMP00002699,CAM0040,EV00007874,2025-04-04T14:09:42,P062,post,mobile,0.0419
IMP00002700,CAM0054,EV00000631,2025-05-29T15:06:07,P024,post,tablet,0.0336
IMP00002701,CAM0055,EV00018435,2025-09-25T17:28:06,P045,mid,desktop,0.0356
IMP00002702,CAM0004,EV00013010,2025-03-16T11:17:51,P015,mid,tablet,0.0295
IMP00002703,CAM0040,EV00014799,2025-01-19T09:02:11,P055,pre,tablet,0.04
IMP00002704,CAM0013,EV00007228,2025-05-24T12:15:27,P048,pre,smart_tv,0.0341
IMP00002705,CAM0028,EV00014222,2025-07-03T12:14:03,P001,post,streaming_stick,0.0442
IMP00002706,CAM0001,EV00018521,2025-04-07T12:54:12,P025,pre,mobile,0.0204
IMP00002707,CAM0049,EV00002594,2025-03-25T08:43:24,P049,pre,mobile,0.0431
IMP00002708,CAM0024,EV00017375,2025-04-09T14:05:12,P042,pre,tablet,0.0236
IMP00002709,CAM0005,EV00005775,2025-03-08T15:22:01,P033,mid,mobile,0.0398
IMP00002710,CAM0020,EV00006581,2025-01-23T13:00:27,P004,mid,tablet,0.0228
IMP00002711,CAM0006,EV00015700,2025-11-15T00:00:07,P058,mid,tablet,0.029
IMP00002712,CAM0012,EV00000463,2025-01-04T10:39:19,P046,pre,tablet,0.0369
IMP00002713,CAM0034,EV00015242,2025-01-25T10:24:31,P057,mid,tablet,0.0272
IMP00002714,CAM0020,EV00002730,2025-11-05T14:17:39,P050,pre,tablet,0.0267
IMP00002715,CAM0046,EV00019174,2025-05-16T20:18:06,P029,mid,mobile,0.025
IMP00002716,CAM0007,EV00004511,2025-10-04T14:39:51,P055,mid,tablet,0.0294
IMP00002717,CAM0040,EV00018162,2025-09-25T16:17:05,P025,post,tablet,0.0412
IMP00002718,CAM0044,EV00004320,2025-12-22T14:06:30,P048,pre,mobile,0.0395
IMP00002719,CAM0034,EV00015932,2025-10-20T16:58:21,P006,mid,mobile,0.044
IMP00002720,CAM0047,EV00014153,2025-09-11T15:23:51,P028,mid,mobile,0.0222
IMP00002721,CAM0056,EV00019298,2025-09-21T17:48:57,P040,post,mobile,0.0248
IMP00002722,CAM0040,EV00002581,2025-03-27T20:49:02,P021,mid,smart_tv,0.0329
IMP00002723,CAM0024,EV00007875,2025-12-03T16:54:29,P043,pre,desktop,0.0346
IMP00002724,CAM0046,EV00010156,2025-01-26T20:24:31,P026,pre,mobile,0.0219
IMP00002725,CAM0033,EV00014575,2025-11-21T21:31:59,P005,mid,mobile,0.0217
IMP00002726,CAM0025,EV00003283,2025-11-07T18:46:44,P052,mid,tablet,0.0327
IMP00002727,CAM0039,EV00010852,2025-02-16T17:09:29,P031,mid,mobile,0.0348
IMP00002728,CAM0052,EV00017660,2025-01-27T21:12:20,P039,mid,mobile,0.035
IMP00002729,CAM0026,EV00012290,2025-12-18T09:05:58,P035,pre,tablet,0.0201
IMP00002730,CAM0059,EV00006868,2025-04-14T15:14:58,P029,pre,mobile,0.024
IMP00002731,CAM0023,EV00012690,2025-07-28T15:22:01,P030,pre,mobile,0.0298
IMP00002732,CAM0034,EV00014267,2025-10-20T13:37:08,P016,pre,desktop,0.0351
IMP00002733,CAM0047,EV00013170,2025-06-23T07:02:29,P023,post,tablet,0.0404
IMP00002734,CAM0024,EV00012721,2025-11-13T15:41:53,P034,mid,mobile,0.0274
IMP00002735,CAM0012,EV00008393,2025-08-25T15:00:51,P030,mid,streaming_stick,0.0311
IMP00002736,CAM0013,EV00000418,2025-05-05T07:59:42,P036,mid,mobile,0.0413
IMP00002737,CAM0028,EV00012304,2025-06-17T13:04:13,P059,mid,desktop,0.0426
IMP00002738,CAM0054,EV00003826,2025-09-29T06:54:51,P018,pre,tablet,0.0291
IMP00002739,CAM0024,EV00003604,2025-06-27T14:46:34,P045,pre,tablet,0.0213
IMP00002740,CAM0014,EV00006586,2025-09-04T21:42:14,P046,mid,mobile,0.0366
IMP00002741,CAM0042,EV00017474,2025-10-05T17:17:46,P013,pre,desktop,0.0234
IMP00002742,CAM0015,EV00015212,2025-07-02T09:35:47,P006,pre,tablet,0.0291
IMP00002743,CAM0035,EV00003737,2025-10-06T12:45:39,P021,pre,mobile,0.038
IMP00002744,CAM0045,EV00007158,2025-10-02T17:52:18,P002,post,tablet,0.0398
IMP00002745,CAM0006,EV00005747,2025-06-13T00:50:37,P057,post,mobile,0.0215
IMP00002746,CAM0021,EV00009682,2025-05-15T10:24:21,P023,mid,streaming_stick,0.0261
IMP00002747,CAM0026,EV00002508,2025-05-20T19:28:56,P039,post,tablet,0.0298
IMP00002748,CAM0030,EV00001895,2025-01-09T23:42:51,P036,pre,desktop,0.0223
IMP00002749,CAM0054,EV00004139,2025-12-05T13:28:35,P051,pre,tablet,0.032
IMP00002750,CAM0019,EV00011041,2025-11-26T10:08:20,P037,mid,tablet,0.032
IMP00002751,CAM0015,EV00019472,2025-01-24T21:46:16,P004,mid,tablet,0.0298
IMP00002752,CAM0022,EV00016754,2025-05-14T14:53:35,P018,pre,tablet,0.0317
IMP00002753,CAM0009,EV00000620,2025-04-27T21:52:33,P058,post,tablet,0.0347
IMP00002754,CAM0040,EV00001470,2025-10-15T20:00:07,P036,mid,tablet,0.0268
IMP00002755,CAM0037,EV00019762,2025-12-11T10:34:27,P061,mid,tablet,0.0201
IMP00002756,CAM0042,EV00005936,2025-02-13T16:52:39,P052,mid,tablet,0.0354
IMP00002757,CAM0009,EV00009102,2025-06-18T09:20:51,P046,pre,tablet,0.043
IMP00002758,CAM0009,EV00008489,2025-11-05T11:58:44,P044,mid,smart_tv,0.036
IMP00002759,CAM0006,EV00017927,2025-12-10T15:43:55,P034,mid,tablet,0.0363
IMP00002760,CAM0051,EV00013801,2025-03-12T13:28:35,P026,pre,tablet,0.0216
IMP00002761,CAM0029,EV00010389,2025-01-11T16:30:24,P006,mid,mobile,0.0351
IMP00002762,CAM0012,EV00015612,2025-12-26T15:35:25,P008,mid,tablet,0.0348
IMP00002763,CAM0053,EV00002997,2025-07-24T08:11:37,P014,pre,tablet,0.0247
IMP00002764,CAM0017,EV00012790,2025-02-16T14:24:26,P025,mid,tablet,0.0439
IMP00002765,CAM0003,EV00002394,2025-10-06T18:22:20,P025,mid,tablet,0.027
IMP00002766,CAM0002,EV00010845,2025-05-26T08:14:45,P047,pre,tablet,0.0364
IMP00002767,CAM0012,EV00016001,2025-01-21T15:29:04,P003,pre,smart_tv,0.0247
IMP00002768,CAM0009,EV00019872,2025-04-27T19:54:44,P017,post,smart_tv,0.0259
IMP00002769,CAM0009,EV00008494,2025-04-01T20:37:26,P001,mid,tablet,0.0206
IMP00002770,CAM0034,EV00013484,2025-04-18T11:37:51,P005,mid,streaming_stick,0.0335
IMP00002771,CAM0021,EV00002898,2025-04-12T08:32:08,P055,mid,tablet,0.0402
IMP00002772,CAM0007,EV00007475,2025-09-05T09:45:21,P050,pre,streaming_stick,0.0322
IMP00002773,CAM0007,EV00001655,2025-03-20T08:49:17,P062,pre,tablet,0.0406
IMP00002774,CAM0057,EV00017945,2025-10-06T12:47:49,P043,pre,mobile,0.0247
IMP00002775,CAM0022,EV00007099,2025-09-02T17:52:22,P034,pre,mobile,0.0221
IMP00002776,CAM0028,EV00014788,2025-06-24T16:47:37,P058,mid,tablet,0.0261
IMP00002777,CAM0053,EV00014768,2025-07-24T17:00:21,P021,mid,smart_tv,0.0345
IMP00002778,CAM0045,EV00005512,2025-10-15T19:31:42,P026,pre,tablet,0.0387
IMP00002779,CAM0011,EV00018061,2025-04-19T23:01:52,P044,pre,mobile,0.0346
IMP00002780,CAM0023,EV00006625,2025-09-12T15:01:58,P034,pre,tablet,0.0394
IMP00002781,CAM0010,EV00016035,2025-08-22T16:22:41,P045,mid,mobile,0.0275
IMP00002782,CAM0024,EV00014355,2025-04-29T12:19:13,P004,pre,streaming_stick,0.0238
IMP00002783,CAM0049,EV00004574,2025-08-16T18:44:35,P057,pre,desktop,0.0257
IMP00002784,CAM0037,EV00011240,2025-07-04T18:34:38,P019,mid,smart_tv,0.0338
IMP00002785,CAM0002,EV00014898,2025-08-28T14:31:23,P007,pre,mobile,0.0259
IMP00002786,CAM0018,EV00011007,2025-02-02T17:24:30,P027,mid,tablet,0.0208
IMP00002787,CAM0035,EV00013420,2025-08-16T11:59:39,P012,mid,tablet,0.0416
IMP00002788,CAM0040,EV00011984,2025-04-25T21:38:21,P051,pre,tablet,0.0368
IMP00002789,CAM0016,EV00013659,2025-01-04T22:34:55,P036,post,mobile,0.0445
IMP00002790,CAM0013,EV00014687,2025-05-12T20:17:40,P025,mid,mobile,0.0337
IMP00002791,CAM0021,EV00017187,2025-04-04T12:20:53,P030,mid,desktop,0.0401
IMP00002792,CAM0007,EV00012852,2025-04-07T16:12:04,P016,pre,tablet,0.04
IMP00002793,CAM0003,EV00016876,2025-01-24T13:30:39,P023,mid,streaming_stick,0.0258
IMP00002794,CAM0016,EV00018520,2025-02-06T17:05:41,P043,pre,mobile,0.0214
IMP00002795,CAM0051,EV00014657,2025-04-25T21:51:47,P051,pre,desktop,0.0413
IMP00002796,CAM0014,EV00015831,2025-11-08T16:40:12,P040,mid,tablet,0.0262
IMP00002797,CAM0036,EV00000161,2025-10-17T13:08:39,P040,pre,tablet,0.04
IMP00002798,CAM0039,EV00007323,2025-03-11T15:58:49,P044,pre,mobile,0.034
IMP00002799,CAM0054,EV00012320,2025-04-11T11:30:30,P015,mid,mobile,0.0281
IMP00002800,CAM0044,EV00003867,2025-02-03T06:21:56,P056,pre,smart_tv,0.0367
IMP00002801,CAM0053,EV00001682,2025-02-09T15:11:39,P024,pre,mobile,0.0289
IMP00002802,CAM0041,EV00000695,2025-02-05T19:29:03,P045,pre,streaming_stick,0.0252
IMP00002803,CAM0044,EV00019925,2025-04-09T06:33:38,P005,pre,tablet,0.0249
IMP00002804,CAM0041,EV00003992,2025-01-11T09:45:07,P040,mid,smart_tv,0.0395
IMP00002805,CAM0032,EV00000558,2025-01-01T18:20:38,P052,mid,tablet,0.0378
IMP00002806,CAM0057,EV00010959,2025-03-25T20:31:08,P029,pre,tablet,0.0348
IMP00002807,CAM0035,EV00010595,2025-03-07T23:55:44,P054,pre,tablet,0.0281
IMP00002808,CAM0046,EV00012586,2025-09-04T17:43:42,P027,pre,tablet,0.0219
IMP00002809,CAM0045,EV00001228,2025-10-26T13:33:06,P047,post,tablet,0.0387
IMP00002810,CAM0015,EV00019500,2025-03-16T16:43:44,P050,mid,smart_tv,0.0402
IMP00002811,CAM0046,EV00016094,2025-05-22T20:59:43,P043,post,tablet,0.0375
IMP00002812,CAM0024,EV00005353,2025-04-21T18:46:42,P018,pre,mobile,0.0262
IMP00002813,CAM0055,EV00006264,2025-05-31T17:25:31,P038,pre,mobile,0.041
IMP00002814,CAM0018,EV00002798,2025-05-04T22:06:51,P040,mid,mobile,0.0227
IMP00002815,CAM0014,EV00010364,2025-07-07T13:48:17,P047,pre,streaming_stick,0.0448
IMP00002816,CAM0023,EV00017136,2025-10-13T19:52:50,P060,mid,tablet,0.023
IMP00002817,CAM0024,EV00016277,2025-10-08T12:00:28,P053,pre,desktop,0.0402
IMP00002818,CAM0033,EV00007394,2025-01-05T23:02:53,P022,pre,streaming_stick,0.0251
IMP00002819,CAM0017,EV00012471,2025-12-30T14:30:30,P011,mid,tablet,0.0237
IMP00002820,CAM0028,EV00017870,2025-12-15T15:07:47,P059,pre,tablet,0.0246
IMP00002821,CAM0041,EV00018868,2025-04-29T18:09:54,P028,mid,tablet,0.0227
IMP00002822,CAM0027,EV00017722,2025-03-04T16:20:33,P003,mid,streaming_stick,0.025
IMP00002823,CAM0031,EV00004224,2025-08-03T12:40:17,P009,pre,streaming_stick,0.0269
IMP00002824,CAM0058,EV00019096,2025-10-08T18:52:30,P037,mid,mobile,0.0275
IMP00002825,CAM0031,EV00017809,2025-01-27T17:20:39,P001,post,smart_tv,0.0418
IMP00002826,CAM0026,EV00009969,2025-08-19T17:27:16,P023,pre,desktop,0.0358
IMP00002827,CAM0049,EV00000766,2025-12-07T15:01:19,P050,pre,mobile,0.0391
IMP00002828,CAM0053,EV00004956,2025-03-08T14:11:27,P011,pre,mobile,0.04
IMP00002829,CAM0044,EV00017915,2025-12-20T12:48:30,P030,mid,mobile,0.0395
IMP00002830,CAM0029,EV00002182,2025-07-18T12:46:36,P013,mid,mobile,0.0295
IMP00002831,CAM0009,EV00018459,2025-09-06T06:49:39,P019,pre,tablet,0.0302
IMP00002832,CAM0028,EV00002106,2025-04-18T19:07:18,P048,pre,tablet,0.0406
IMP00002833,CAM0003,EV00012411,2025-08-28T10:15:47,P022,mid,mobile,0.0406
IMP00002834,CAM0014,EV00014672,2025-12-29T15:56:46,P043,mid,streaming_stick,0.0399
IMP00002835,CAM0043,EV00012754,2025-07-31T16:04:09,P054,post,tablet,0.0433
IMP00002836,CAM0017,EV00008826,2025-08-05T15:53:39,P020,mid,mobile,0.0387
IMP00002837,CAM0029,EV00001452,2025-09-20T21:12:33,P031,pre,tablet,0.0317
IMP00002838,CAM0007,EV00014255,2025-03-03T10:43:42,P022,pre,tablet,0.0214
IMP00002839,CAM0045,EV00013883,2025-09-15T15:49:41,P028,pre,desktop,0.0434
IMP00002840,CAM0043,EV00018774,2025-09-16T16:31:12,P012,pre,mobile,0.0249
IMP00002841,CAM0046,EV00007900,2025-10-13T14:26:05,P023,pre,mobile,0.0358
IMP00002842,CAM0032,EV00008367,2025-01-24T14:25:07,P046,pre,mobile,0.0336
IMP00002843,CAM0019,EV00007973,2025-10-16T00:02:44,P012,pre,streaming_stick,0.0307
IMP00002844,CAM0050,EV00020177,2025-03-02T22:06:51,P040,post,tablet,0.0408
IMP00002845,CAM0056,EV00000271,2025-06-29T08:48:46,P014,mid,tablet,0.0425
IMP00002846,CAM0015,EV00017977,2025-11-04T20:27:47,P051,pre,tablet,0.0236
IMP00002847,CAM0024,EV00013772,2025-11-07T10:38:52,P053,pre,tablet,0.0445
IMP00002848,CAM0020,EV00014111,2025-04-07T14:44:56,P011,mid,tablet,0.0307
IMP00002849,CAM0008,EV00001962,2025-04-16T13:00:59,P012,mid,tablet,0.044
IMP00002850,CAM0041,EV00008509,2025-10-22T12:18:51,P024,pre,smart_tv,0.021
IMP00002851,CAM0054,EV00019956,2025-05-01T14:26:58,P048,post,tablet,0.0359
IMP00002852,CAM0001,EV00004211,2025-10-13T18:06:15,P008,pre,mobile,0.0421
IMP00002853,CAM0022,EV00006288,2025-07-12T09:42:36,P059,pre,mobile,0.0228
IMP00002854,CAM0033,EV00019016,2025-02-17T21:38:25,P035,mid,tablet,0.0444
IMP00002855,CAM0019,EV00005743,2025-06-12T23:50:37,P057,pre,mobile,0.0421
IMP00002856,CAM0028,EV00013260,2025-07-20T22:34:33,P039,mid,streaming_stick,0.0215
IMP00002857,CAM0048,EV00008933,2025-02-23T10:07:37,P022,mid,tablet,0.041
IMP00002858,CAM0059,EV00016813,2025-07-18T16:05:59,P023,mid,tablet,0.0412
IMP00002859,CAM0031,EV00018602,2025-05-17T07:41:43,P061,post,desktop,0.0299
IMP00002860,CAM0009,EV00010952,2025-04-13T18:41:20,P044,mid,desktop,0.0445
IMP00002861,CAM0037,EV00007108,2025-06-29T18:40:09,P044,post,tablet,0.0376
IMP00002862,CAM0042,EV00016960,2025-09-17T16:56:38,P060,mid,desktop,0.037
IMP00002863,CAM0058,EV00002040,2025-03-19T20:56:12,P056,pre,tablet,0.0243
IMP00002864,CAM0048,EV00005693,2025-12-15T21:24:41,P009,pre,tablet,0.0353
IMP00002865,CAM0010,EV00010613,2025-11-07T13:39:57,P010,mid,mobile,0.0298
IMP00002866,CAM0015,EV00015453,2025-01-30T12:48:01,P053,pre,tablet,0.0425
IMP00002867,CAM0016,EV00005257,2025-09-04T23:09:09,P040,pre,tablet,0.0261
IMP00002868,CAM0050,EV00017932,2025-03-21T16:22:20,P024,mid,streaming_stick,0.025
IMP00002869,CAM0034,EV00004161,2025-01-27T16:34:33,P028,mid,smart_tv,0.041
IMP00002870,CAM0026,EV00015766,2025-07-03T21:45:29,P024,mid,mobile,0.035
IMP00002871,CAM0055,EV00017040,2025-06-13T10:35:08,P033,pre,tablet,0.0224
IMP00002872,CAM0055,EV00002664,2025-10-12T22:39:30,P062,pre,tablet,0.0419
IMP00002873,CAM0032,EV00015175,2025-10-04T14:08:57,P024,pre,tablet,0.0403
IMP00002874,CAM0048,EV00012683,2025-08-15T17:54:40,P034,mid,mobile,0.035
IMP00002875,CAM0054,EV00014722,2025-10-31T17:51:43,P055,post,mobile,0.0435
IMP00002876,CAM0046,EV00004793,2025-06-24T19:32:10,P052,pre,smart_tv,0.0361
IMP00002877,CAM0044,EV00009773,2025-12-06T23:01:23,P039,mid,desktop,0.0225
IMP00002878,CAM0023,EV00011426,2025-11-09T19:12:27,P019,mid,mobile,0.0275
IMP00002879,CAM0028,EV00008100,2025-01-29T20:11:45,P044,pre,desktop,0.0342
IMP00002880,CAM0013,EV00000329,2025-01-28T11:35:53,P047,mid,smart_tv,0.0437
IMP00002881,CAM0050,EV00016580,2025-01-01T18:12:34,P024,pre,tablet,0.0323
IMP00002882,CAM0042,EV00004994,2025-02-21T07:05:25,P005,mid,mobile,0.028
IMP00002883,CAM0018,EV00002035,2025-06-27T13:12:35,P014,pre,mobile,0.0207
IMP00002884,CAM0012,EV00012295,2025-02-07T12:22:04,P006,pre,mobile,0.0339
IMP00002885,CAM0059,EV00014044,2025-09-11T13:39:04,P007,mid,mobile,0.0363
IMP00002886,CAM0053,EV00008135,2025-08-17T14:07:44,P028,pre,tablet,0.031
IMP00002887,CAM0018,EV00005652,2025-02-06T23:20:04,P058,pre,tablet,0.0257
IMP00002888,CAM0059,EV00015546,2025-03-06T16:47:23,P033,post,mobile,0.0419
IMP00002889,CAM0004,EV00018999,2025-06-16T06:53:13,P043,pre,mobile,0.0283
IMP00002890,CAM0015,EV00008851,2025-11-06T20:46:04,P008,pre,mobile,0.0267
IMP00002891,CAM0034,EV00005109,2025-02-08T19:50:33,P015,pre,mobile,0.0333
IMP00002892,CAM0009,EV00015045,2025-02-01T22:27:36,P052,pre,tablet,0.0406
IMP00002893,CAM0017,EV00016710,2025-09-05T22:53:55,P022,pre,mobile,0.0413
IMP00002894,CAM0020,EV00002120,2025-12-05T23:40:48,P041,pre,desktop,0.0396
IMP00002895,CAM0029,EV00009122,2025-01-03T16:13:12,P044,mid,tablet,0.0415
IMP00002896,CAM0005,EV00008843,2025-07-16T19:58:11,P054,post,mobile,0.0448
IMP00002897,CAM0014,EV00000801,2025-02-20T13:59:02,P011,pre,tablet,0.0411
IMP00002898,CAM0018,EV00018840,2025-05-23T09:35:05,P060,pre,smart_tv,0.0365
IMP00002899,CAM0055,EV00015739,2025-07-03T16:21:08,P054,pre,desktop,0.0327
IMP00002900,CAM0006,EV00010277,2025-02-05T23:48:42,P048,pre,mobile,0.0201
IMP00002901,CAM0025,EV00004233,2025-08-07T16:28:49,P046,pre,mobile,0.0342
IMP00002902,CAM0024,EV00007750,2025-12-22T17:44:29,P062,mid,mobile,0.0443
IMP00002903,CAM0003,EV00019334,2025-01-27T07:48:06,P015,post,tablet,0.0263
IMP00002904,CAM0013,EV00015104,2025-09-21T16:36:01,P012,pre,tablet,0.039
IMP00002905,CAM0018,EV00011751,2025-12-13T18:44:42,P057,mid,tablet,0.0277
IMP00002906,CAM0005,EV00009398,2025-12-19T15:04:54,P012,mid,mobile,0.0364
IMP00002907,CAM0013,EV00007859,2025-11-30T14:53:13,P028,pre,desktop,0.0291
IMP00002908,CAM0052,EV00004779,2025-11-14T15:29:17,P019,pre,mobile,0.0232
IMP00002909,CAM0052,EV00013814,2025-06-07T20:40:47,P051,mid,mobile,0.0244
IMP00002910,CAM0011,EV00019862,2025-10-08T18:34:30,P027,mid,mobile,0.0246
IMP00002911,CAM0047,EV00016363,2025-01-05T16:58:52,P036,mid,desktop,0.0388
IMP00002912,CAM0049,EV00019914,2025-04-14T14:10:38,P047,pre,desktop,0.0355
IMP00002913,CAM0052,EV00011123,2025-04-09T13:36:32,P008,pre,tablet,0.0328
IMP00002914,CAM0022,EV00009271,2025-01-11T17:21:42,P012,pre,streaming_stick,0.0308
IMP00002915,CAM0042,EV00012885,2025-06-30T15:55:23,P016,pre,tablet,0.0375
IMP00002916,CAM0004,EV00002533,2025-09-02T10:22:41,P027,post,tablet,0.0314
IMP00002917,CAM0028,EV00013945,2025-07-09T14:07:45,P018,mid,smart_tv,0.0319
IMP00002918,CAM0011,EV00002558,2025-11-27T17:50:45,P059,pre,mobile,0.0299
IMP00002919,CAM0045,EV00005296,2025-12-10T15:17:13,P057,mid,mobile,0.0294
IMP00002920,CAM0010,EV00016491,2025-03-26T11:51:13,P061,mid,mobile,0.0449
IMP00002921,CAM0014,EV00019972,2025-09-04T17:02:48,P035,mid,mobile,0.0219
IMP00002922,CAM0021,EV00000097,2025-02-18T13:03:55,P020,pre,smart_tv,0.0418
IMP00002923,CAM0051,EV00006915,2025-08-10T16:09:22,P009,pre,mobile,0.0423
IMP00002924,CAM0016,EV00009697,2025-07-11T17:41:16,P005,pre,mobile,0.0269
IMP00002925,CAM0009,EV00005795,2025-06-13T22:19:14,P002,pre,tablet,0.0262
IMP00002926,CAM0003,EV00010146,2025-08-31T14:03:14,P055,pre,mobile,0.0244
IMP00002927,CAM0058,EV00010060,2025-05-05T13:58:05,P044,mid,tablet,0.035
IMP00002928,CAM0022,EV00013752,2025-01-07T23:33:22,P055,pre,tablet,0.0225
IMP00002929,CAM0044,EV00002397,2025-04-06T11:09:20,P059,pre,streaming_stick,0.0203
IMP00002930,CAM0031,EV00006706,2025-11-28T08:32:44,P006,mid,tablet,0.0201
IMP00002931,CAM0019,EV00006856,2025-04-21T13:27:59,P035,mid,mobile,0.0374
IMP00002932,CAM0013,EV00014039,2025-10-24T19:15:07,P012,mid,streaming_stick,0.0222
IMP00002933,CAM0007,EV00012234,2025-11-13T17:48:36,P040,pre,tablet,0.0444
IMP00002934,CAM0014,EV00001898,2025-07-30T19:19:30,P025,pre,streaming_stick,0.0384
IMP00002935,CAM0058,EV00003154,2025-09-20T23:49:06,P023,post,tablet,0.0227
IMP00002936,CAM0035,EV00009922,2025-02-02T11:17:12,P042,mid,mobile,0.0234
IMP00002937,CAM0051,EV00001397,2025-08-07T08:56:51,P055,mid,smart_tv,0.0309
IMP00002938,CAM0003,EV00013040,2025-03-25T15:41:22,P058,pre,mobile,0.0343
IMP00002939,CAM0047,EV00004019,2025-08-10T13:25:17,P024,mid,tablet,0.0208
IMP00002940,CAM0016,EV00000455,2025-05-26T08:26:50,P030,pre,tablet,0.0251
IMP00002941,CAM0035,EV00007209,2025-05-15T11:19:42,P037,mid,mobile,0.0316
IMP00002942,CAM0043,EV00007985,2025-03-05T10:22:15,P049,mid,smart_tv,0.0423
IMP00002943,CAM0044,EV00019057,2025-01-26T22:07:38,P024,pre,mobile,0.042
IMP00002944,CAM0050,EV00001652,2025-05-03T20:10:30,P007,mid,desktop,0.0245
IMP00002945,CAM0054,EV00010538,2025-12-17T11:19:31,P030,pre,streaming_stick,0.0445
IMP00002946,CAM0039,EV00013975,2025-08-27T18:16:18,P055,pre,tablet,0.0226
IMP00002947,CAM0020,EV00007253,2025-04-09T16:06:36,P060,post,mobile,0.0406
IMP00002948,CAM0039,EV00009447,2025-11-26T14:36:15,P005,mid,tablet,0.0417
IMP00002949,CAM0033,EV00014452,2025-11-11T18:07:21,P007,mid,tablet,0.0281
IMP00002950,CAM0032,EV00015130,2025-04-29T22:36:19,P040,mid,mobile,0.0414
IMP00002951,CAM0014,EV00015289,2025-07-11T22:19:40,P055,pre,mobile,0.0407
IMP00002952,CAM0054,EV00009981,2025-11-29T18:46:07,P046,mid,mobile,0.0258
IMP00002953,CAM0059,EV00000829,2025-01-30T10:17:12,P014,mid,tablet,0.033
IMP00002954,CAM0043,EV00002971,2025-02-05T18:11:58,P059,pre,tablet,0.0231
IMP00002955,CAM0025,EV00017968,2025-11-11T18:24:55,P054,post,mobile,0.0338
IMP00002956,CAM0008,EV00018556,2025-04-25T19:02:50,P026,pre,tablet,0.0234
IMP00002957,CAM0045,EV00013095,2025-04-05T23:28:37,P035,mid,desktop,0.0223
IMP00002958,CAM0022,EV00012970,2025-05-05T18:49:35,P037,pre,desktop,0.0306
IMP00002959,CAM0049,EV00001336,2025-02-11T23:48:47,P055,mid,tablet,0.0387
IMP00002960,CAM0003,EV00011335,2025-10-02T13:48:09,P056,post,desktop,0.0417
IMP00002961,CAM0033,EV00015432,2025-03-16T07:48:21,P046,mid,mobile,0.039
IMP00002962,CAM0005,EV00011360,2025-09-21T13:32:24,P036,post,streaming_stick,0.0427
IMP00002963,CAM0054,EV00014240,2025-08-01T14:12:32,P024,pre,tablet,0.0305
IMP00002964,CAM0026,EV00012662,2025-05-28T11:38:58,P011,mid,tablet,0.0228
IMP00002965,CAM0006,EV00004270,2025-06-03T15:28:04,P045,mid,tablet,0.0217
IMP00002966,CAM0026,EV00013472,2025-04-13T11:29:13,P035,pre,tablet,0.0419
IMP00002967,CAM0054,EV00018121,2025-02-12T12:49:09,P021,mid,tablet,0.0226
IMP00002968,CAM0019,EV00017452,2025-11-07T13:30:12,P055,pre,mobile,0.0262
IMP00002969,CAM0028,EV00014740,2025-04-07T15:17:02,P055,post,tablet,0.0214
IMP00002970,CAM0025,EV00009666,2025-05-06T16:37:45,P031,mid,tablet,0.0271
IMP00002971,CAM0058,EV00005312,2025-08-06T15:08:39,P011,pre,tablet,0.0243
IMP00002972,CAM0051,EV00007634,2025-12-10T17:50:22,P003,pre,mobile,0.0379
IMP00002973,CAM0055,EV00018861,2025-08-16T11:30:32,P020,pre,tablet,0.023
IMP00002974,CAM0014,EV00014794,2025-11-12T11:45:58,P036,mid,smart_tv,0.0394
IMP00002975,CAM0017,EV00007649,2025-12-04T06:40:51,P059,pre,desktop,0.0264
IMP00002976,CAM0048,EV00018837,2025-01-01T18:21:52,P057,mid,tablet,0.0331
IMP00002977,CAM0023,EV00009405,2025-02-11T22:52:45,P022,pre,smart_tv,0.0317
IMP00002978,CAM0055,EV00018682,2025-10-12T10:28:21,P058,mid,smart_tv,0.0211
IMP00002979,CAM0056,EV00014804,2025-11-18T15:19:54,P023,pre,tablet,0.0241
IMP00002980,CAM0046,EV00002158,2025-04-17T14:04:43,P023,pre,mobile,0.0252
IMP00002981,CAM0042,EV00008001,2025-10-06T15:22:49,P044,pre,desktop,0.042
IMP00002982,CAM0050,EV00019692,2025-06-05T15:42:04,P060,mid,desktop,0.0404
IMP00002983,CAM0014,EV00017239,2025-08-30T10:01:59,P034,mid,mobile,0.024
IMP00002984,CAM0032,EV00001277,2025-06-07T12:34:56,P055,mid,streaming_stick,0.0337
IMP00002985,CAM0001,EV00020203,2025-08-30T21:12:15,P003,pre,mobile,0.042
IMP00002986,CAM0033,EV00001180,2025-01-12T18:44:13,P047,pre,mobile,0.044
IMP00002987,CAM0036,EV00018160,2025-09-25T16:02:06,P025,mid,tablet,0.0223
IMP00002988,CAM0013,EV00013454,2025-08-26T11:15:11,P056,pre,mobile,0.0253
IMP00002989,CAM0025,EV00019922,2025-06-05T21:32:24,P056,mid,tablet,0.0227
IMP00002990,CAM0027,EV00006485,2025-09-22T17:37:41,P059,pre,mobile,0.0423
IMP00002991,CAM0045,EV00012115,2025-08-14T18:57:33,P021,mid,smart_tv,0.0254
IMP00002992,CAM0010,EV00009544,2025-11-29T20:02:34,P037,mid,tablet,0.0292
IMP00002993,CAM0008,EV00018071,2025-06-06T13:44:28,P030,pre,tablet,0.0305
IMP00002994,CAM0017,EV00013495,2025-05-11T19:20:47,P010,pre,streaming_stick,0.0324
IMP00002995,CAM0018,EV00002283,2025-10-03T14:29:58,P004,mid,desktop,0.0376
IMP00002996,CAM0034,EV00002564,2025-01-07T14:49:47,P034,pre,tablet,0.039
IMP00002997,CAM0040,EV00006142,2025-02-05T08:48:18,P018,mid,streaming_stick,0.0222
IMP00002998,CAM0017,EV00002381,2025-12-22T17:07:12,P003,post,tablet,0.0448
IMP00002999,CAM0051,EV00009593,2025-07-08T15:29:56,P053,pre,tablet,0.0437
IMP00003000,CAM0045,EV00003544,2025-10-10T08:21:52,P023,pre,smart_tv,0.0334
IMP00003001,CAM0021,EV00006137,2025-05-02T14:49:57,P020,mid,mobile,0.0331
IMP00003002,CAM0034,EV00003059,2025-04-18T16:54:47,P047,mid,mobile,0.0356
IMP00003003,CAM0046,EV00004213,2025-10-13T18:36:11,P008,mid,mobile,0.0382
IMP00003004,CAM0019,EV00010338,2025-03-16T08:47:39,P001,pre,tablet,0.0272
IMP00003005,CAM0036,EV00011331,2025-10-02T12:48:12,P056,pre,desktop,0.0262
IMP00003006,CAM0023,EV00016555,2025-02-21T18:37:56,P003,pre,streaming_stick,0.0406
IMP00003007,CAM0050,EV00018412,2025-05-03T18:46:37,P057,pre,tablet,0.0279
IMP00003008,CAM0057,EV00002348,2025-11-16T21:38:48,P022,post,tablet,0.0318
IMP00003009,CAM0041,EV00009460,2025-08-30T08:58:24,P007,pre,mobile,0.0267
IMP00003010,CAM0008,EV00005335,2025-04-27T06:48:55,P037,mid,tablet,0.0238
IMP00003011,CAM0035,EV00019286,2025-11-11T18:01:50,P012,mid,tablet,0.041
IMP00003012,CAM0036,EV00013715,2025-11-02T16:48:49,P039,mid,streaming_stick,0.0398
IMP00003013,CAM0043,EV00002155,2025-09-05T07:28:03,P007,mid,mobile,0.0444
IMP00003014,CAM0017,EV00003219,2025-04-12T07:16:01,P053,mid,tablet,0.0274
IMP00003015,CAM0008,EV00016324,2025-09-15T15:49:18,P049,pre,desktop,0.0233
IMP00003016,CAM0044,EV00004918,2025-10-13T14:40:45,P025,pre,desktop,0.0405
IMP00003017,CAM0018,EV00013205,2025-01-11T09:14:06,P032,mid,smart_tv,0.0421
IMP00003018,CAM0011,EV00006775,2025-10-12T14:38:59,P029,mid,tablet,0.0223
IMP00003019,CAM0023,EV00007180,2025-02-27T07:19:38,P023,mid,mobile,0.0282
IMP00003020,CAM0031,EV00004065,2025-11-22T19:23:23,P033,pre,smart_tv,0.0328
IMP00003021,CAM0016,EV00003491,2025-06-09T16:25:21,P056,pre,mobile,0.0355
IMP00003022,CAM0027,EV00002228,2025-05-01T16:39:42,P047,mid,streaming_stick,0.0237
IMP00003023,CAM0001,EV00017158,2025-01-17T21:22:40,P003,mid,tablet,0.0286
IMP00003024,CAM0050,EV00010170,2025-12-04T12:22:44,P060,post,tablet,0.0274
IMP00003025,CAM0049,EV00013215,2025-10-21T11:22:54,P026,pre,mobile,0.0232
IMP00003026,CAM0024,EV00015082,2025-11-02T23:13:21,P057,mid,streaming_stick,0.0391
IMP00003027,CAM0013,EV00004550,2025-07-17T22:32:26,P010,pre,mobile,0.0278
IMP00003028,CAM0058,EV00017663,2025-11-06T11:44:33,P006,pre,tablet,0.0256
IMP00003029,CAM0023,EV00000013,2025-02-22T13:35:43,P009,mid,tablet,0.0277
IMP00003030,CAM0057,EV00009374,2025-11-19T08:56:50,P056,pre,mobile,0.0352
IMP00003031,CAM0042,EV00014003,2025-11-29T15:06:56,P011,pre,tablet,0.0415
IMP00003032,CAM0014,EV00005227,2025-08-26T16:05:26,P027,pre,mobile,0.0447
IMP00003033,CAM0021,EV00012301,2025-03-26T15:20:02,P005,post,mobile,0.0361
IMP00003034,CAM0059,EV00000460,2025-08-27T17:15:20,P051,pre,mobile,0.0412
IMP00003035,CAM0013,EV00002804,2025-05-31T19:47:57,P024,mid,tablet,0.0349
IMP00003036,CAM0027,EV00013103,2025-01-12T14:26:54,P018,pre,tablet,0.035
IMP00003037,CAM0042,EV00009574,2025-01-17T15:51:59,P060,pre,mobile,0.0303
IMP00003038,CAM0007,EV00004697,2025-08-14T10:40:03,P047,pre,tablet,0.0394
IMP00003039,CAM0052,EV00010651,2025-02-27T18:05:15,P041,post,mobile,0.0211
IMP00003040,CAM0058,EV00014080,2025-07-13T14:48:48,P055,mid,tablet,0.0394
IMP00003041,CAM0019,EV00011733,2025-06-12T18:08:38,P057,pre,streaming_stick,0.0309
IMP00003042,CAM0010,EV00002682,2025-01-26T20:13:27,P040,pre,streaming_stick,0.0256
IMP00003043,CAM0016,EV00013546,2025-02-28T15:16:36,P043,mid,tablet,0.0201
IMP00003044,CAM0017,EV00013307,2025-05-18T10:20:11,P016,pre,mobile,0.0279
IMP00003045,CAM0049,EV00008798,2025-04-06T23:16:52,P060,mid,desktop,0.0238
IMP00003046,CAM0023,EV00016879,2025-06-04T16:11:18,P036,pre,mobile,0.0384
IMP00003047,CAM0045,EV00006029,2025-06-27T14:38:41,P052,mid,mobile,0.0345
IMP00003048,CAM0051,EV00002621,2025-09-13T18:12:53,P029,pre,streaming_stick,0.038
IMP00003049,CAM0025,EV00009270,2025-10-07T21:22:47,P041,mid,tablet,0.0381
IMP00003050,CAM0020,EV00001752,2025-12-09T16:40:15,P056,pre,tablet,0.0442
IMP00003051,CAM0048,EV00019439,2025-06-12T15:56:53,P047,pre,tablet,0.0351
IMP00003052,CAM0034,EV00017741,2025-04-10T13:54:24,P054,pre,mobile,0.0358
IMP00003053,CAM0035,EV00012080,2025-01-22T14:37:13,P038,mid,tablet,0.0396
IMP00003054,CAM0043,EV00013742,2025-01-01T17:52:17,P044,pre,tablet,0.0202
IMP00003055,CAM0038,EV00001284,2025-12-12T07:18:13,P021,mid,tablet,0.0292
IMP00003056,CAM0012,EV00002960,2025-08-11T15:15:40,P030,pre,tablet,0.0223
IMP00003057,CAM0031,EV00012575,2025-03-02T22:08:27,P006,mid,mobile,0.0218
IMP00003058,CAM0056,EV00016756,2025-05-14T15:23:32,P018,mid,tablet,0.0392
IMP00003059,CAM0026,EV00006699,2025-08-24T16:42:10,P054,pre,tablet,0.0387
IMP00003060,CAM0004,EV00006006,2025-08-20T19:58:20,P025,mid,mobile,0.029
IMP00003061,CAM0055,EV00013426,2025-05-08T10:13:07,P048,pre,desktop,0.0375
IMP00003062,CAM0047,EV00006093,2025-04-24T12:07:32,P042,post,mobile,0.0362
IMP00003063,CAM0012,EV00009259,2025-05-06T23:19:00,P044,mid,streaming_stick,0.0287
IMP00003064,CAM0033,EV00012393,2025-09-11T15:22:17,P044,mid,mobile,0.0434
IMP00003065,CAM0027,EV00014101,2025-07-28T12:31:10,P014,mid,tablet,0.0288
IMP00003066,CAM0048,EV00012784,2025-11-05T15:46:07,P059,mid,smart_tv,0.0429
IMP00003067,CAM0014,EV00018610,2025-09-20T18:04:21,P014,mid,tablet,0.0286
IMP00003068,CAM0030,EV00012480,2025-08-28T19:30:04,P047,pre,desktop,0.0401
IMP00003069,CAM0050,EV00016154,2025-06-05T08:24:06,P019,pre,mobile,0.037
IMP00003070,CAM0035,EV00004493,2025-08-22T14:50:43,P051,post,mobile,0.0415
IMP00003071,CAM0002,EV00011687,2025-07-05T16:55:47,P049,pre,mobile,0.0284
IMP00003072,CAM0047,EV00010970,2025-08-30T11:09:33,P023,mid,tablet,0.0449
IMP00003073,CAM0023,EV00004947,2025-02-24T18:59:00,P062,pre,mobile,0.0261
IMP00003074,CAM0006,EV00015343,2025-09-28T23:30:58,P013,mid,tablet,0.0346
IMP00003075,CAM0010,EV00017382,2025-08-05T12:25:26,P022,mid,mobile,0.0241
IMP00003076,CAM0024,EV00011133,2025-04-08T12:52:15,P023,mid,mobile,0.0363
IMP00003077,CAM0003,EV00007744,2025-03-04T16:05:15,P044,pre,streaming_stick,0.0226
IMP00003078,CAM0006,EV00010320,2025-12-03T16:45:12,P062,pre,desktop,0.0222
IMP00003079,CAM0023,EV00009230,2025-09-11T15:37:13,P042,pre,mobile,0.0352
IMP00003080,CAM0021,EV00006109,2025-08-20T19:42:30,P048,pre,mobile,0.0337
IMP00003081,CAM0038,EV00007760,2025-04-23T19:59:08,P034,mid,tablet,0.0443
IMP00003082,CAM0001,EV00017862,2025-04-07T21:34:32,P026,mid,mobile,0.0293
IMP00003083,CAM0009,EV00002399,2025-04-06T11:54:19,P059,mid,streaming_stick,0.0417
IMP00003084,CAM0008,EV00013327,2025-03-25T20:31:17,P040,pre,tablet,0.0267
IMP00003085,CAM0028,EV00002290,2025-11-29T19:53:39,P048,mid,mobile,0.0444
IMP00003086,CAM0002,EV00005285,2025-12-05T11:30:07,P055,mid,desktop,0.0376
IMP00003087,CAM0021,EV00013152,2025-12-23T17:42:50,P036,pre,streaming_stick,0.0429
IMP00003088,CAM0048,EV00012056,2025-04-11T17:43:49,P016,pre,mobile,0.0317
IMP00003089,CAM0040,EV00013664,2025-12-09T19:23:55,P037,mid,streaming_stick,0.0206
IMP00003090,CAM0024,EV00002103,2025-07-27T08:40:22,P032,mid,smart_tv,0.0321
IMP00003091,CAM0014,EV00002476,2025-02-06T20:14:27,P036,pre,tablet,0.0323
IMP00003092,CAM0058,EV00016371,2025-02-06T23:04:05,P050,pre,tablet,0.0239
IMP00003093,CAM0005,EV00000890,2025-08-20T23:19:03,P002,pre,mobile,0.0413
IMP00003094,CAM0041,EV00006061,2025-10-09T10:33:05,P027,mid,mobile,0.041
IMP00003095,CAM0047,EV00012968,2025-10-25T14:15:07,P061,mid,mobile,0.0369
IMP00003096,CAM0025,EV00000201,2025-07-22T13:51:45,P053,mid,mobile,0.0388
IMP00003097,CAM0041,EV00018222,2025-07-09T16:11:56,P032,pre,mobile,0.0208
IMP00003098,CAM0052,EV00009644,2025-07-08T12:44:16,P028,mid,desktop,0.0257
IMP00003099,CAM0048,EV00004940,2025-05-06T16:01:39,P037,pre,mobile,0.0219
IMP00003100,CAM0058,EV00010760,2025-03-10T13:39:09,P012,pre,tablet,0.0322
IMP00003101,CAM0043,EV00019027,2025-03-26T09:55:14,P014,pre,desktop,0.0406
IMP00003102,CAM0028,EV00011700,2025-03-16T15:30:58,P030,pre,tablet,0.036
IMP00003103,CAM0014,EV00013691,2025-02-14T07:04:25,P013,post,mobile,0.0445
IMP00003104,CAM0010,EV00012882,2025-10-14T23:18:52,P061,mid,tablet,0.0392
IMP00003105,CAM0051,EV00010125,2025-04-04T11:21:52,P008,mid,tablet,0.043
IMP00003106,CAM0036,EV00002559,2025-09-15T16:08:22,P009,pre,desktop,0.0307
IMP00003107,CAM0011,EV00005604,2025-07-17T09:42:55,P029,mid,tablet,0.0381
IMP00003108,CAM0032,EV00014900,2025-08-28T14:46:19,P007,mid,mobile,0.0291
IMP00003109,CAM0039,EV00015855,2025-04-14T12:15:42,P016,pre,tablet,0.0251
IMP00003110,CAM0052,EV00003701,2025-07-24T13:55:34,P061,mid,mobile,0.0297
IMP00003111,CAM0014,EV00000457,2025-05-26T08:39:18,P030,mid,tablet,0.0252
IMP00003112,CAM0023,EV00001364,2025-02-14T12:21:02,P040,mid,mobile,0.0348
IMP00003113,CAM0058,EV00014594,2025-01-23T13:23:47,P029,mid,mobile,0.0392
IMP00003114,CAM0039,EV00013929,2025-11-27T15:44:07,P059,mid,tablet,0.0405
IMP00003115,CAM0010,EV00009897,2025-09-07T08:13:36,P029,pre,mobile,0.0204
IMP00003116,CAM0042,EV00014637,2025-10-15T07:24:02,P007,pre,tablet,0.0397
IMP00003117,CAM0008,EV00000208,2025-04-10T15:33:05,P015,mid,mobile,0.035
IMP00003118,CAM0051,EV00007745,2025-02-04T14:48:11,P007,pre,mobile,0.0437
IMP00003119,CAM0021,EV00016100,2025-07-02T18:09:45,P052,pre,mobile,0.0377
IMP00003120,CAM0016,EV00013121,2025-07-21T11:31:49,P010,post,tablet,0.0339
IMP00003121,CAM0053,EV00012750,2025-07-31T15:39:09,P054,pre,tablet,0.0328
IMP00003122,CAM0034,EV00007423,2025-10-28T22:08:09,P061,pre,smart_tv,0.0283
IMP00003123,CAM0021,EV00003365,2025-04-27T21:00:26,P041,post,mobile,0.0365
IMP00003124,CAM0047,EV00004082,2025-10-02T16:50:09,P052,mid,mobile,0.0214
IMP00003125,CAM0006,EV00017385,2025-11-19T15:08:21,P060,pre,tablet,0.0319
IMP00003126,CAM0036,EV00007377,2025-05-28T01:21:38,P048,mid,mobile,0.0234
IMP00003127,CAM0014,EV00015951,2025-08-07T00:25:02,P002,mid,tablet,0.0255
IMP00003128,CAM0007,EV00002552,2025-07-18T22:52:35,P043,pre,tablet,0.0252
IMP00003129,CAM0022,EV00011936,2025-07-20T14:55:42,P062,pre,mobile,0.0418
IMP00003130,CAM0036,EV00000028,2025-11-08T14:23:40,P013,mid,mobile,0.0202
IMP00003131,CAM0010,EV00015825,2025-05-29T14:25:28,P046,pre,tablet,0.0336
IMP00003132,CAM0001,EV00009811,2025-10-18T13:30:54,P040,pre,streaming_stick,0.0341
IMP00003133,CAM0055,EV00010265,2025-06-23T11:50:26,P046,mid,tablet,0.0368
IMP00003134,CAM0015,EV00004476,2025-11-13T17:38:26,P017,pre,desktop,0.0341
IMP00003135,CAM0030,EV00014082,2025-07-13T15:18:52,P055,post,tablet,0.0325
IMP00003136,CAM0024,EV00009863,2025-08-24T15:17:43,P017,mid,tablet,0.0317
IMP00003137,CAM0032,EV00003951,2025-02-14T13:52:40,P055,pre,tablet,0.026
IMP00003138,CAM0023,EV00016059,2025-01-13T19:09:09,P045,mid,mobile,0.0374
IMP00003139,CAM0022,EV00003183,2025-01-15T14:43:26,P021,mid,smart_tv,0.0411
IMP00003140,CAM0051,EV00010631,2025-04-01T17:06:57,P056,pre,streaming_stick,0.0301
IMP00003141,CAM0017,EV00012798,2025-09-02T09:57:30,P022,pre,tablet,0.0351
IMP00003142,CAM0002,EV00015240,2025-01-25T09:54:26,P057,pre,tablet,0.0407
IMP00003143,CAM0031,EV00019022,2025-02-15T07:55:11,P039,pre,tablet,0.0422
IMP00003144,CAM0025,EV00015935,2025-09-18T16:10:23,P052,pre,tablet,0.0442
IMP00003145,CAM0048,EV00009115,2025-03-31T19:39:57,P030,pre,tablet,0.026
IMP00003146,CAM0002,EV00011111,2025-08-22T18:35:08,P061,mid,mobile,0.0402
IMP00003147,CAM0006,EV00015473,2025-04-27T13:01:37,P048,pre,tablet,0.0229
IMP00003148,CAM0002,EV00011261,2025-06-05T14:12:53,P055,mid,streaming_stick,0.0235
IMP00003149,CAM0059,EV00016067,2025-06-12T11:01:59,P013,mid,mobile,0.0311
IMP00003150,CAM0047,EV00005575,2025-01-07T20:46:48,P058,pre,mobile,0.033
IMP00003151,CAM0040,EV00007585,2025-07-05T23:53:15,P048,mid,smart_tv,0.0426
IMP00003152,CAM0053,EV00009597,2025-12-17T13:43:19,P015,mid,tablet,0.0421
IMP00003153,CAM0040,EV00016011,2025-07-03T14:28:58,P038,pre,desktop,0.036
IMP00003154,CAM0041,EV00000930,2025-05-25T13:02:15,P032,pre,streaming_stick,0.0366
IMP00003155,CAM0021,EV00018145,2025-05-06T10:05:52,P001,pre,tablet,0.0245
IMP00003156,CAM0014,EV00010807,2025-01-01T09:44:49,P021,pre,mobile,0.0256
IMP00003157,CAM0021,EV00018850,2025-07-04T10:46:10,P028,mid,mobile,0.0241
IMP00003158,CAM0021,EV00011203,2025-06-19T22:50:04,P045,mid,tablet,0.022
IMP00003159,CAM0055,EV00006649,2025-10-24T14:55:08,P031,pre,mobile,0.0274
IMP00003160,CAM0043,EV00002941,2025-09-24T15:55:13,P024,post,mobile,0.0396
IMP00003161,CAM0021,EV00002686,2025-01-26T21:13:23,P040,post,streaming_stick,0.026
IMP00003162,CAM0038,EV00001310,2025-09-08T19:03:24,P042,pre,mobile,0.0292
IMP00003163,CAM0034,EV00010466,2025-07-30T09:47:43,P052,post,mobile,0.0275
IMP00003164,CAM0034,EV00005421,2025-10-23T15:07:22,P030,pre,mobile,0.0298
IMP00003165,CAM0001,EV00008718,2025-04-05T22:42:31,P038,mid,desktop,0.0217
IMP00003166,CAM0059,EV00004481,2025-11-23T09:58:45,P036,pre,mobile,0.0336
IMP00003167,CAM0048,EV00011292,2025-10-02T19:24:52,P054,pre,desktop,0.0282
IMP00003168,CAM0036,EV00019468,2025-08-07T14:27:08,P035,pre,tablet,0.0216
IMP00003169,CAM0029,EV00015708,2025-10-03T14:03:44,P026,pre,desktop,0.0359
IMP00003170,CAM0052,EV00012346,2025-04-12T17:12:53,P060,mid,tablet,0.0409
IMP00003171,CAM0058,EV00010892,2025-07-11T13:47:19,P001,pre,mobile,0.0431
IMP00003172,CAM0008,EV00000660,2025-08-21T23:50:25,P013,mid,mobile,0.0231
IMP00003173,CAM0038,EV00017831,2025-11-15T17:38:47,P044,pre,tablet,0.0262
IMP00003174,CAM0035,EV00019485,2025-05-20T23:26:44,P014,pre,tablet,0.0445
IMP00003175,CAM0009,EV00013158,2025-10-19T14:56:36,P003,mid,mobile,0.0389
IMP00003176,CAM0054,EV00012920,2025-05-18T11:32:02,P044,mid,tablet,0.0236
IMP00003177,CAM0047,EV00008420,2025-11-05T21:31:04,P025,pre,mobile,0.026
IMP00003178,CAM0008,EV00020086,2025-10-26T17:22:59,P035,post,smart_tv,0.0261
IMP00003179,CAM0021,EV00004531,2025-08-01T18:16:53,P051,mid,mobile,0.0249
IMP00003180,CAM0012,EV00001818,2025-10-09T21:41:53,P013,post,mobile,0.0438
IMP00003181,CAM0050,EV00012126,2025-06-21T16:57:39,P005,pre,desktop,0.038
IMP00003182,CAM0054,EV00011055,2025-12-27T19:36:22,P026,pre,tablet,0.028
IMP00003183,CAM0024,EV00005531,2025-07-27T22:37:07,P003,post,mobile,0.0394
IMP00003184,CAM0002,EV00013267,2025-12-11T19:30:20,P035,post,mobile,0.0325
IMP00003185,CAM0043,EV00010831,2025-07-09T11:01:42,P027,pre,mobile,0.027
IMP00003186,CAM0042,EV00002322,2025-12-20T18:54:51,P036,mid,mobile,0.0416
IMP00003187,CAM0026,EV00015905,2025-10-27T13:15:38,P013,mid,mobile,0.0413
IMP00003188,CAM0031,EV00014269,2025-10-20T14:07:04,P016,mid,desktop,0.0226
IMP00003189,CAM0037,EV00009604,2025-05-03T13:31:28,P013,post,tablet,0.0386
IMP00003190,CAM0025,EV00010051,2025-10-31T15:35:48,P004,mid,desktop,0.0416
IMP00003191,CAM0016,EV00003790,2025-08-22T16:45:36,P044,post,desktop,0.0226
IMP00003192,CAM0022,EV00006935,2025-02-13T17:06:32,P012,pre,mobile,0.0322
IMP00003193,CAM0031,EV00009390,2025-07-24T11:40:01,P056,pre,desktop,0.0433
IMP00003194,CAM0018,EV00004494,2025-01-03T16:48:59,P050,pre,tablet,0.035
IMP00003195,CAM0020,EV00011390,2025-07-28T13:08:17,P026,mid,mobile,0.0329
IMP00003196,CAM0017,EV00018835,2025-01-01T17:51:52,P057,pre,tablet,0.0324
IMP00003197,CAM0011,EV00007827,2025-02-28T15:28:31,P027,post,tablet,0.0356
IMP00003198,CAM0027,EV00003897,2025-10-26T11:39:58,P041,pre,tablet,0.0429
IMP00003199,CAM0003,EV00014680,2025-05-07T21:31:24,P038,pre,tablet,0.0235
IMP00003200,CAM0040,EV00004453,2025-06-17T14:38:31,P062,pre,mobile,0.0297
IMP00003201,CAM0013,EV00002806,2025-05-31T20:02:58,P024,post,tablet,0.0257
IMP00003202,CAM0029,EV00014531,2025-06-07T20:41:03,P054,mid,mobile,0.0278
IMP00003203,CAM0024,EV00010550,2025-03-19T00:33:01,P014,post,desktop,0.0381
IMP00003204,CAM0012,EV00016606,2025-01-17T09:26:14,P020,mid,tablet,0.0274
IMP00003205,CAM0030,EV00010495,2025-01-30T15:56:25,P056,pre,mobile,0.0314
IMP00003206,CAM0020,EV00006256,2025-02-23T15:12:08,P001,mid,tablet,0.0318
IMP00003207,CAM0057,EV00004920,2025-10-13T14:55:43,P025,mid,desktop,0.0289
IMP00003208,CAM0028,EV00017838,2025-05-29T14:51:13,P059,post,mobile,0.0447
IMP00003209,CAM0059,EV00004077,2025-03-12T15:39:37,P037,mid,tablet,0.0275
IMP00003210,CAM0056,EV00005078,2025-04-11T19:30:21,P004,pre,tablet,0.0393
IMP00003211,CAM0001,EV00012464,2025-03-16T08:20:56,P034,pre,mobile,0.0338
IMP00003212,CAM0021,EV00010387,2025-01-11T16:15:23,P006,pre,mobile,0.0254
IMP00003213,CAM0052,EV00012179,2025-06-22T16:06:28,P029,mid,tablet,0.0292
IMP00003214,CAM0048,EV00019074,2025-05-05T19:48:22,P007,pre,mobile,0.0222
IMP00003215,CAM0054,EV00005587,2025-06-21T09:08:57,P044,mid,tablet,0.0291
IMP00003216,CAM0031,EV00005612,2025-03-05T14:57:06,P012,pre,tablet,0.0228
IMP00003217,CAM0058,EV00005724,2025-02-26T19:59:38,P016,post,mobile,0.0233
IMP00003218,CAM0021,EV00009796,2025-03-07T12:57:23,P035,pre,tablet,0.043
IMP00003219,CAM0001,EV00001059,2025-11-19T18:03:39,P044,post,mobile,0.0239
IMP00003220,CAM0044,EV00009440,2025-10-31T07:26:31,P052,pre,tablet,0.0336
IMP00003221,CAM0057,EV00007024,2025-11-21T18:29:27,P020,mid,streaming_stick,0.0237
IMP00003222,CAM0044,EV00002868,2025-08-11T19:15:58,P040,post,smart_tv,0.0347
IMP00003223,CAM0026,EV00019800,2025-07-09T13:37:37,P011,pre,smart_tv,0.0361
IMP00003224,CAM0058,EV00010823,2025-08-14T09:12:32,P037,mid,desktop,0.025
IMP00003225,CAM0010,EV00018051,2025-05-03T13:08:58,P026,mid,mobile,0.0417
IMP00003226,CAM0040,EV00002258,2025-09-29T10:41:30,P027,mid,tablet,0.032
IMP00003227,CAM0006,EV00004327,2025-11-02T13:37:56,P057,mid,tablet,0.0434
IMP00003228,CAM0021,EV00017160,2025-01-17T21:37:39,P003,post,tablet,0.0415
IMP00003229,CAM0052,EV00006682,2025-11-27T21:33:54,P032,mid,mobile,0.0309
IMP00003230,CAM0048,EV00012132,2025-08-30T13:27:56,P050,pre,tablet,0.0317
IMP00003231,CAM0013,EV00005134,2025-11-05T21:30:07,P024,mid,tablet,0.0226
IMP00003232,CAM0049,EV00017801,2025-07-20T18:52:48,P015,mid,tablet,0.0336
IMP00003233,CAM0051,EV00004037,2025-11-05T14:16:25,P043,pre,tablet,0.0265
IMP00003234,CAM0003,EV00008839,2025-07-16T19:33:08,P054,pre,mobile,0.0338
IMP00003235,CAM0054,EV00011368,2025-10-17T18:20:39,P010,pre,mobile,0.039
IMP00003236,CAM0037,EV00003041,2025-03-07T15:33:39,P009,pre,mobile,0.0346
IMP00003237,CAM0020,EV00009262,2025-01-06T13:32:50,P034,pre,tablet,0.0292
IMP00003238,CAM0044,EV00013237,2025-12-14T21:44:41,P024,pre,tablet,0.0448
IMP00003239,CAM0059,EV00009093,2025-06-29T13:21:11,P029,pre,mobile,0.0317
IMP00003240,CAM0023,EV00016893,2025-06-03T17:09:50,P027,pre,tablet,0.043
IMP00003241,CAM0016,EV00005169,2025-11-03T19:29:42,P061,pre,tablet,0.0398
IMP00003242,CAM0014,EV00000684,2025-05-25T13:06:03,P061,pre,streaming_stick,0.034
IMP00003243,CAM0021,EV00004429,2025-09-14T19:34:34,P025,mid,mobile,0.0413
IMP00003244,CAM0007,EV00015385,2025-04-13T00:58:45,P048,mid,desktop,0.045
IMP00003245,CAM0031,EV00013904,2025-12-18T14:00:03,P015,pre,mobile,0.0329
IMP00003246,CAM0017,EV00005737,2025-02-21T15:51:31,P058,pre,desktop,0.0231
IMP00003247,CAM0022,EV00003445,2025-12-17T22:59:18,P003,pre,tablet,0.0347
IMP00003248,CAM0024,EV00019261,2025-12-17T11:16:00,P029,pre,streaming_stick,0.0418
IMP00003249,CAM0024,EV00007934,2025-07-07T18:44:37,P036,pre,tablet,0.0222
IMP00003250,CAM0005,EV00004483,2025-11-23T10:28:46,P036,mid,mobile,0.0293
IMP00003251,CAM0049,EV00003842,2025-01-25T11:47:17,P026,pre,smart_tv,0.0262
IMP00003252,CAM0051,EV00003681,2025-09-17T14:16:52,P055,pre,smart_tv,0.0358
IMP00003253,CAM0039,EV00006709,2025-10-11T21:46:13,P017,pre,mobile,0.0226
IMP00003254,CAM0011,EV00008204,2025-07-15T13:27:18,P047,pre,tablet,0.0255
IMP00003255,CAM0029,EV00010395,2025-06-05T06:30:03,P057,pre,tablet,0.0248
IMP00003256,CAM0030,EV00009195,2025-12-15T16:41:07,P008,mid,tablet,0.0209
IMP00003257,CAM0044,EV00012905,2025-07-11T15:56:24,P047,post,tablet,0.0352
IMP00003258,CAM0028,EV00017679,2025-08-24T11:09:01,P040,mid,streaming_stick,0.0264
IMP00003259,CAM0013,EV00016006,2025-05-16T17:42:57,P035,pre,mobile,0.0364
IMP00003260,CAM0018,EV00011783,2025-01-05T18:57:18,P046,mid,mobile,0.0347
IMP00003261,CAM0001,EV00002864,2025-08-11T18:15:59,P040,pre,smart_tv,0.0309
IMP00003262,CAM0054,EV00012654,2025-03-04T17:14:05,P027,pre,tablet,0.037
IMP00003263,CAM0028,EV00019644,2025-12-09T16:30:36,P026,mid,tablet,0.0294
IMP00003264,CAM0034,EV00011157,2025-08-31T07:26:58,P031,mid,tablet,0.0227
IMP00003265,CAM0038,EV00010583,2025-04-19T14:51:09,P056,pre,smart_tv,0.0206
IMP00003266,CAM0035,EV00019613,2025-04-22T17:55:24,P035,mid,tablet,0.0281
IMP00003267,CAM0023,EV00012033,2025-10-27T18:08:48,P007,pre,streaming_stick,0.0254
IMP00003268,CAM0044,EV00019787,2025-12-25T23:01:55,P029,mid,mobile,0.0202
IMP00003269,CAM0056,EV00010017,2025-11-20T13:04:42,P046,pre,tablet,0.0311
IMP00003270,CAM0043,EV00016013,2025-07-03T14:59:01,P038,mid,desktop,0.029
IMP00003271,CAM0055,EV00000333,2025-09-28T10:12:03,P038,pre,tablet,0.0271
IMP00003272,CAM0014,EV00014549,2025-09-06T14:19:39,P013,pre,mobile,0.0302
IMP00003273,CAM0043,EV00005101,2025-09-28T11:42:16,P004,mid,mobile,0.0409
IMP00003274,CAM0043,EV00015807,2025-01-04T11:54:24,P027,mid,tablet,0.0345
IMP00003275,CAM0047,EV00014340,2025-12-09T20:39:14,P004,pre,mobile,0.0236
IMP00003276,CAM0037,EV00003531,2025-04-24T12:42:34,P022,post,mobile,0.0434
IMP00003277,CAM0027,EV00000781,2025-08-04T10:26:20,P057,pre,tablet,0.0366
IMP00003278,CAM0054,EV00015173,2025-02-17T09:14:30,P052,pre,streaming_stick,0.033
IMP00003279,CAM0054,EV00008662,2025-07-07T19:14:31,P020,mid,tablet,0.0244
IMP00003280,CAM0043,EV00015633,2025-07-06T18:50:02,P032,mid,mobile,0.0228
IMP00003281,CAM0006,EV00015510,2025-02-23T23:14:57,P009,post,tablet,0.043
IMP00003282,CAM0034,EV00009099,2025-06-13T23:29:19,P038,mid,mobile,0.0353
IMP00003283,CAM0007,EV00003149,2025-02-27T22:55:14,P001,post,mobile,0.0245
IMP00003284,CAM0020,EV00009652,2025-08-28T15:01:32,P038,pre,mobile,0.0434
IMP00003285,CAM0050,EV00005548,2025-04-07T16:09:17,P014,pre,tablet,0.0407
IMP00003286,CAM0019,EV00011856,2025-09-12T17:14:08,P057,pre,mobile,0.0329
IMP00003287,CAM0035,EV00007573,2025-07-05T09:19:04,P045,pre,mobile,0.0306
IMP00003288,CAM0026,EV00017192,2025-12-07T14:12:37,P040,pre,mobile,0.0254
IMP00003289,CAM0015,EV00008670,2025-12-23T15:08:28,P008,pre,mobile,0.0357
IMP00003290,CAM0011,EV00004443,2025-10-23T22:27:12,P006,pre,mobile,0.0334
IMP00003291,CAM0001,EV00018577,2025-04-14T14:42:39,P021,mid,desktop,0.0239
IMP00003292,CAM0049,EV00014257,2025-03-03T11:13:41,P022,mid,tablet,0.0442
IMP00003293,CAM0041,EV00015813,2025-08-22T13:23:41,P049,pre,desktop,0.0323
IMP00003294,CAM0057,EV00006404,2025-04-10T15:15:14,P062,pre,tablet,0.0237
IMP00003295,CAM0035,EV00017599,2025-09-19T12:18:19,P012,mid,tablet,0.0395
IMP00003296,CAM0059,EV00000475,2025-11-20T13:30:22,P061,mid,tablet,0.0393
IMP00003297,CAM0054,EV00003332,2025-10-13T14:54:58,P014,mid,mobile,0.0447
IMP00003298,CAM0005,EV00014925,2025-02-18T17:50:18,P044,pre,tablet,0.0252
IMP00003299,CAM0038,EV00011138,2025-04-02T12:58:46,P003,mid,mobile,0.0236
IMP00003300,CAM0030,EV00019684,2025-07-07T22:33:50,P004,pre,mobile,0.0255
IMP00003301,CAM0037,EV00000514,2025-05-13T22:58:31,P037,pre,tablet,0.0293
IMP00003302,CAM0033,EV00011805,2025-01-12T13:58:16,P036,pre,tablet,0.0289
IMP00003303,CAM0006,EV00011373,2025-07-24T14:42:26,P026,pre,tablet,0.0365
IMP00003304,CAM0003,EV00006370,2025-12-29T21:28:45,P007,mid,mobile,0.0308
IMP00003305,CAM0007,EV00008771,2025-10-09T10:45:25,P004,mid,mobile,0.0445
IMP00003306,CAM0042,EV00006686,2025-11-09T22:42:52,P028,mid,tablet,0.0382
IMP00003307,CAM0055,EV00003295,2025-05-01T08:01:14,P054,post,tablet,0.0264
IMP00003308,CAM0016,EV00012537,2025-02-26T19:59:15,P003,post,streaming_stick,0.0415
IMP00003309,CAM0037,EV00016356,2025-11-05T14:56:13,P021,pre,tablet,0.0328
IMP00003310,CAM0019,EV00018746,2025-03-04T13:32:40,P019,post,mobile,0.0271
IMP00003311,CAM0021,EV00016874,2025-01-24T13:00:40,P023,pre,streaming_stick,0.034
IMP00003312,CAM0056,EV00007770,2025-02-24T15:18:47,P008,pre,tablet,0.0425
IMP00003313,CAM0037,EV00005234,2025-04-26T15:56:00,P030,pre,mobile,0.0332
IMP00003314,CAM0052,EV00017180,2025-02-06T10:19:18,P059,pre,tablet,0.0432
IMP00003315,CAM0029,EV00002744,2025-04-18T10:26:07,P040,mid,desktop,0.0354
IMP00003316,CAM0042,EV00016653,2025-09-05T10:41:44,P013,pre,tablet,0.0407
IMP00003317,CAM0048,EV00012280,2025-11-06T17:13:37,P027,pre,mobile,0.0438
IMP00003318,CAM0016,EV00016220,2025-10-31T15:21:18,P010,mid,desktop,0.0238
IMP00003319,CAM0033,EV00011574,2025-12-28T17:48:41,P001,mid,mobile,0.0306
IMP00003320,CAM0017,EV00013085,2025-09-03T22:46:25,P035,mid,tablet,0.0238
IMP00003321,CAM0045,EV00020109,2025-03-17T18:11:14,P021,pre,mobile,0.0366
IMP00003322,CAM0035,EV00013399,2025-04-18T16:46:58,P045,mid,mobile,0.0419
IMP00003323,CAM0026,EV00016638,2025-02-02T07:40:23,P059,pre,mobile,0.0264
IMP00003324,CAM0059,EV00002513,2025-11-27T15:51:36,P001,post,tablet,0.02
IMP00003325,CAM0018,EV00003764,2025-10-06T14:30:03,P021,pre,tablet,0.0261
IMP00003326,CAM0047,EV00014202,2025-05-01T16:06:37,P036,mid,mobile,0.0447
IMP00003327,CAM0022,EV00016054,2025-12-19T21:40:22,P036,mid,streaming_stick,0.0436
IMP00003328,CAM0058,EV00013026,2025-04-15T14:32:07,P010,pre,mobile,0.0228
IMP00003329,CAM0046,EV00009185,2025-08-26T13:46:26,P029,mid,smart_tv,0.0241
IMP00003330,CAM0031,EV00002334,2025-09-20T10:02:18,P034,pre,mobile,0.0348
IMP00003331,CAM0035,EV00018407,2025-08-04T09:41:51,P061,pre,mobile,0.0289
IMP00003332,CAM0012,EV00007122,2025-03-07T21:32:16,P031,mid,tablet,0.0221
IMP00003333,CAM0012,EV00006399,2025-06-09T16:24:03,P016,pre,mobile,0.025
IMP00003334,CAM0047,EV00015412,2025-03-27T13:35:46,P038,mid,smart_tv,0.0288
IMP00003335,CAM0035,EV00004830,2025-06-04T18:12:24,P039,pre,streaming_stick,0.0246
IMP00003336,CAM0019,EV00007178,2025-02-27T06:49:41,P023,pre,mobile,0.0317
IMP00003337,CAM0007,EV00007719,2025-10-14T22:48:24,P004,pre,tablet,0.0401
IMP00003338,CAM0007,EV00008780,2025-08-26T13:33:03,P062,pre,smart_tv,0.0381
IMP00003339,CAM0052,EV00009420,2025-10-18T15:44:28,P008,pre,mobile,0.0323
IMP00003340,CAM0020,EV00000350,2025-03-06T18:41:54,P030,pre,smart_tv,0.0255
IMP00003341,CAM0031,EV00018873,2025-03-13T07:25:55,P015,mid,mobile,0.0278
IMP00003342,CAM0014,EV00019181,2025-03-08T15:13:45,P032,mid,mobile,0.0393
IMP00003343,CAM0021,EV00000274,2025-06-28T08:53:12,P045,pre,tablet,0.025
IMP00003344,CAM0025,EV00000720,2025-12-08T22:13:29,P038,pre,streaming_stick,0.0305
IMP00003345,CAM0021,EV00005954,2025-02-14T14:00:06,P055,pre,desktop,0.0395
IMP00003346,CAM0009,EV00017246,2025-04-14T17:05:19,P021,mid,desktop,0.0347
IMP00003347,CAM0058,EV00014885,2025-10-02T16:49:35,P062,mid,mobile,0.026
IMP00003348,CAM0022,EV00003296,2025-10-13T16:21:55,P055,pre,tablet,0.0417
IMP00003349,CAM0004,EV00016079,2025-12-04T11:35:38,P042,pre,tablet,0.0358
IMP00003350,CAM0019,EV00020046,2025-05-30T19:04:02,P029,mid,streaming_stick,0.0419
IMP00003351,CAM0046,EV00018058,2025-06-06T14:11:21,P020,mid,tablet,0.0336
IMP00003352,CAM0039,EV00017524,2025-07-28T07:43:22,P020,mid,tablet,0.0281
IMP00003353,CAM0058,EV00004060,2025-03-16T15:43:06,P043,pre,smart_tv,0.0376
IMP00003354,CAM0025,EV00012165,2025-02-03T15:08:15,P026,pre,mobile,0.0392
IMP00003355,CAM0035,EV00009283,2025-02-09T21:24:49,P001,pre,tablet,0.0359
IMP00003356,CAM0031,EV00018684,2025-10-12T10:58:25,P058,post,smart_tv,0.0311
IMP00003357,CAM0020,EV00010193,2025-10-31T16:17:49,P027,mid,tablet,0.0367
IMP00003358,CAM0037,EV00014736,2025-04-07T14:17:04,P055,pre,tablet,0.0277
IMP00003359,CAM0005,EV00007949,2025-10-18T17:59:23,P056,pre,streaming_stick,0.0402
IMP00003360,CAM0019,EV00004558,2025-07-10T07:42:29,P033,pre,tablet,0.0246
IMP00003361,CAM0038,EV00003033,2025-06-21T11:42:41,P018,mid,mobile,0.0438
IMP00003362,CAM0035,EV00015841,2025-12-07T17:30:22,P049,pre,streaming_stick,0.0232
IMP00003363,CAM0057,EV00008924,2025-08-11T15:41:38,P001,pre,desktop,0.0435
IMP00003364,CAM0003,EV00011613,2025-03-30T09:25:06,P003,pre,desktop,0.0247
IMP00003365,CAM0004,EV00001008,2025-04-17T15:13:08,P018,pre,mobile,0.036
IMP00003366,CAM0039,EV00003776,2025-08-17T18:49:03,P032,pre,mobile,0.0313
IMP00003367,CAM0055,EV00015475,2025-03-10T14:25:29,P014,pre,mobile,0.0281
IMP00003368,CAM0008,EV00003181,2025-01-15T14:13:23,P021,pre,smart_tv,0.0403
IMP00003369,CAM0028,EV00010889,2025-09-19T09:41:41,P015,mid,mobile,0.0311
IMP00003370,CAM0003,EV00001585,2025-08-31T22:51:08,P061,pre,mobile,0.0331
IMP00003371,CAM0009,EV00015094,2025-12-04T11:37:48,P054,pre,tablet,0.0359
IMP00003372,CAM0032,EV00017371,2025-07-19T15:22:35,P026,pre,desktop,0.0345
IMP00003373,CAM0046,EV00010698,2025-12-09T18:36:44,P013,pre,desktop,0.025
IMP00003374,CAM0008,EV00011922,2025-10-23T15:30:27,P028,mid,smart_tv,0.0315
IMP00003375,CAM0038,EV00011533,2025-08-09T12:41:13,P041,mid,streaming_stick,0.0343
IMP00003376,CAM0039,EV00013004,2025-11-18T15:41:52,P049,pre,mobile,0.0221
IMP00003377,CAM0037,EV00019878,2025-09-10T12:47:46,P042,pre,tablet,0.0301
IMP00003378,CAM0044,EV00004666,2025-10-08T17:01:49,P020,mid,smart_tv,0.0301
IMP00003379,CAM0023,EV00018269,2025-04-15T11:47:00,P029,pre,mobile,0.0309
IMP00003380,CAM0008,EV00000211,2025-12-07T17:21:41,P043,pre,mobile,0.033
IMP00003381,CAM0033,EV00001627,2025-07-31T12:38:38,P041,mid,mobile,0.0207
IMP00003382,CAM0023,EV00009183,2025-08-26T13:33:58,P029,pre,smart_tv,0.0223
IMP00003383,CAM0004,EV00009850,2025-01-10T00:09:10,P028,post,desktop,0.0316
IMP00003384,CAM0007,EV00011446,2025-12-11T19:13:08,P004,mid,tablet,0.0247
IMP00003385,CAM0020,EV00006653,2025-10-24T16:51:08,P031,post,mobile,0.0321
IMP00003386,CAM0049,EV00006926,2025-09-27T18:10:23,P037,post,mobile,0.0403
IMP00003387,CAM0016,EV00010843,2025-03-16T13:55:57,P024,mid,desktop,0.038
IMP00003388,CAM0045,EV00011388,2025-07-28T12:55:47,P026,pre,mobile,0.0364
IMP00003389,CAM0020,EV00015602,2025-05-21T18:15:45,P059,pre,mobile,0.0357
IMP00003390,CAM0055,EV00007910,2025-10-06T16:19:29,P042,mid,desktop,0.0381
IMP00003391,CAM0040,EV00018709,2025-11-24T20:47:11,P026,mid,tablet,0.0214
IMP00003392,CAM0007,EV00005386,2025-07-23T09:28:44,P050,post,smart_tv,0.0447
IMP00003393,CAM0059,EV00016204,2025-07-10T13:51:31,P036,post,tablet,0.0278
IMP00003394,CAM0014,EV00001292,2025-09-11T11:39:49,P032,pre,mobile,0.0369
IMP00003395,CAM0032,EV00013628,2025-03-19T08:19:12,P005,pre,mobile,0.04
IMP00003396,CAM0027,EV00016251,2025-05-13T20:32:14,P044,pre,tablet,0.0335
IMP00003397,CAM0042,EV00016810,2025-10-11T21:12:09,P052,post,mobile,0.0317
IMP00003398,CAM0020,EV00006994,2025-05-27T23:53:34,P006,pre,mobile,0.034
IMP00003399,CAM0055,EV00002618,2025-07-31T23:47:31,P005,mid,tablet,0.0239
IMP00003400,CAM0043,EV00017535,2025-06-17T13:44:17,P006,mid,tablet,0.0305
IMP00003401,CAM0059,EV00019792,2025-11-04T15:25:25,P045,mid,mobile,0.0222
IMP00003402,CAM0028,EV00010118,2025-03-10T23:35:28,P028,pre,tablet,0.0373
IMP00003403,CAM0027,EV00000513,2025-11-28T18:38:19,P044,pre,mobile,0.0414
IMP00003404,CAM0013,EV00007545,2025-06-19T23:11:07,P053,pre,tablet,0.0206
IMP00003405,CAM0054,EV00002324,2025-04-01T21:07:09,P057,pre,tablet,0.0266
IMP00003406,CAM0009,EV00002820,2025-10-28T19:14:30,P058,post,mobile,0.0254
IMP00003407,CAM0013,EV00016957,2025-06-09T12:56:48,P007,post,tablet,0.0445
IMP00003408,CAM0023,EV00009139,2025-10-02T07:55:31,P023,pre,mobile,0.0315
IMP00003409,CAM0031,EV00007695,2025-04-02T13:40:41,P032,pre,mobile,0.0286
IMP00003410,CAM0015,EV00015455,2025-01-30T13:33:01,P053,mid,tablet,0.0383
IMP00003411,CAM0012,EV00017614,2025-12-11T14:40:05,P026,pre,desktop,0.0347
IMP00003412,CAM0058,EV00020004,2025-07-02T10:46:42,P003,pre,desktop,0.0314
IMP00003413,CAM0001,EV00005357,2025-10-07T15:33:47,P040,mid,mobile,0.0246
IMP00003414,CAM0005,EV00019357,2025-12-08T20:45:30,P035,mid,tablet,0.0394
IMP00003415,CAM0036,EV00006574,2025-05-20T14:00:41,P057,pre,tablet,0.0403
IMP00003416,CAM0044,EV00013168,2025-06-23T06:32:31,P023,mid,tablet,0.0428
IMP00003417,CAM0047,EV00005986,2025-03-30T11:02:46,P049,mid,desktop,0.0399
IMP00003418,CAM0030,EV00006293,2025-03-26T18:14:51,P037,pre,desktop,0.0398
IMP00003419,CAM0025,EV00002449,2025-08-03T19:46:15,P012,post,mobile,0.0401
IMP00003420,CAM0018,EV00011746,2025-08-04T07:08:36,P012,mid,mobile,0.03
IMP00003421,CAM0001,EV00016697,2025-03-10T18:31:25,P052,mid,tablet,0.0446
IMP00003422,CAM0013,EV00014825,2025-01-31T16:22:15,P027,mid,desktop,0.0253
IMP00003423,CAM0032,EV00007606,2025-08-12T14:46:06,P021,pre,mobile,0.0393
IMP00003424,CAM0017,EV00006945,2025-05-29T12:37:13,P029,mid,mobile,0.0401
IMP00003425,CAM0030,EV00013063,2025-03-03T19:02:18,P035,post,mobile,0.0346
IMP00003426,CAM0038,EV00005682,2025-11-27T20:27:43,P017,pre,mobile,0.0202
IMP00003427,CAM0043,EV00015542,2025-03-06T14:19:27,P033,pre,mobile,0.03
IMP00003428,CAM0019,EV00015299,2025-08-17T22:12:36,P049,pre,mobile,0.0369
IMP00003429,CAM0034,EV00013134,2025-02-03T17:21:51,P024,mid,mobile,0.0291
IMP00003430,CAM0045,EV00020051,2025-08-23T22:09:18,P013,mid,tablet,0.0353
IMP00003431,CAM0055,EV00001378,2025-04-27T19:37:52,P049,mid,smart_tv,0.0258
IMP00003432,CAM0047,EV00012918,2025-05-18T11:19:34,P044,pre,tablet,0.0442
IMP00003433,CAM0023,EV00009401,2025-11-05T18:48:24,P011,pre,desktop,0.0361
IMP00003434,CAM0009,EV00006252,2025-10-18T15:27:37,P013,mid,tablet,0.0322
IMP00003435,CAM0032,EV00019866,2025-01-05T16:59:21,P015,mid,desktop,0.0208
IMP00003436,CAM0043,EV00017626,2025-01-14T08:03:41,P049,post,mobile,0.0402
IMP00003437,CAM0058,EV00006989,2025-02-16T14:28:25,P055,pre,mobile,0.0304
IMP00003438,CAM0012,EV00003249,2025-08-24T13:19:37,P039,mid,mobile,0.036
IMP00003439,CAM0016,EV00003522,2025-08-17T14:56:58,P005,pre,tablet,0.0246
IMP00003440,CAM0038,EV00008352,2025-10-25T17:58:47,P006,pre,mobile,0.0326
IMP00003441,CAM0041,EV00018167,2025-06-05T10:28:13,P058,pre,mobile,0.0318
IMP00003442,CAM0047,EV00008710,2025-09-26T08:14:48,P062,pre,tablet,0.0247
IMP00003443,CAM0008,EV00017799,2025-07-20T18:22:45,P015,pre,tablet,0.0316
IMP00003444,CAM0042,EV00001041,2025-10-10T13:26:38,P033,pre,mobile,0.0346
IMP00003445,CAM0016,EV00007823,2025-02-28T15:03:33,P027,pre,tablet,0.0256
IMP00003446,CAM0026,EV00012101,2025-10-28T17:33:58,P013,pre,tablet,0.028
IMP00003447,CAM0030,EV00006584,2025-09-04T21:12:13,P046,pre,mobile,0.0365
IMP00003448,CAM0039,EV00019654,2025-06-28T10:58:10,P001,pre,streaming_stick,0.034
IMP00003449,CAM0036,EV00006588,2025-09-04T22:12:15,P046,post,mobile,0.0429
IMP00003450,CAM0052,EV00020122,2025-11-04T21:22:11,P053,mid,tablet,0.0393
IMP00003451,CAM0057,EV00013873,2025-05-17T08:48:14,P003,pre,tablet,0.0395
IMP00003452,CAM0007,EV00014350,2025-03-11T15:18:20,P052,pre,tablet,0.0233
IMP00003453,CAM0026,EV00009838,2025-04-03T13:42:57,P021,mid,mobile,0.0241
IMP00003454,CAM0009,EV00007193,2025-11-23T21:53:27,P016,mid,mobile,0.0289
IMP00003455,CAM0023,EV00007914,2025-06-25T15:52:13,P036,pre,mobile,0.0238
IMP00003456,CAM0046,EV00007219,2025-01-17T23:07:55,P024,mid,mobile,0.0347
IMP00003457,CAM0059,EV00002536,2025-03-17T15:51:23,P027,pre,tablet,0.0392
IMP00003458,CAM0042,EV00000445,2025-09-02T19:18:39,P042,mid,tablet,0.0316
IMP00003459,CAM0029,EV00016518,2025-04-18T16:14:36,P005,mid,mobile,0.0352
IMP00003460,CAM0059,EV00019118,2025-03-20T14:53:42,P061,mid,mobile,0.0271
IMP00003461,CAM0044,EV00005499,2025-11-03T15:31:07,P001,mid,mobile,0.0354
IMP00003462,CAM0029,EV00004080,2025-10-02T16:20:10,P052,pre,mobile,0.0323
IMP00003463,CAM0039,EV00019528,2025-08-08T14:34:31,P039,post,tablet,0.0338
IMP00003464,CAM0011,EV00017348,2025-02-24T14:03:47,P019,pre,mobile,0.038
IMP00003465,CAM0003,EV00010817,2025-04-23T12:41:42,P049,pre,tablet,0.0314
IMP00003466,CAM0053,EV00012958,2025-01-28T16:30:40,P012,mid,mobile,0.0389
IMP00003467,CAM0023,EV00019737,2025-12-08T12:33:13,P021,pre,mobile,0.0421
IMP00003468,CAM0058,EV00005825,2025-07-28T12:55:03,P018,pre,mobile,0.0287
IMP00003469,CAM0039,EV00002502,2025-09-26T22:29:12,P031,pre,mobile,0.0401
IMP00003470,CAM0057,EV00005212,2025-04-04T20:50:49,P039,mid,tablet,0.0321
IMP00003471,CAM0040,EV00002702,2025-09-17T14:15:58,P055,pre,desktop,0.0334
IMP00003472,CAM0013,EV00013510,2025-07-27T14:56:12,P011,pre,mobile,0.0202
IMP00003473,CAM0012,EV00007104,2025-06-29T18:15:06,P044,pre,tablet,0.0294
IMP00003474,CAM0002,EV00000993,2025-05-22T15:56:55,P058,mid,mobile,0.0423
IMP00003475,CAM0026,EV00003108,2025-11-12T18:47:00,P043,mid,mobile,0.0407
IMP00003476,CAM0001,EV00002661,2025-05-13T10:14:20,P008,mid,mobile,0.0208
IMP00003477,CAM0056,EV00009164,2025-02-28T14:36:55,P048,mid,mobile,0.0296
IMP00003478,CAM0030,EV00004279,2025-07-09T13:38:44,P002,pre,smart_tv,0.041
IMP00003479,CAM0007,EV00007960,2025-12-30T17:01:16,P061,pre,mobile,0.0294
IMP00003480,CAM0045,EV00016645,2025-05-17T15:21:03,P058,mid,desktop,0.0204
IMP00003481,CAM0051,EV00006039,2025-10-19T11:48:27,P055,mid,tablet,0.0225
IMP00003482,CAM0008,EV00007264,2025-09-23T22:41:56,P053,pre,mobile,0.0421
IMP00003483,CAM0020,EV00020157,2025-11-22T13:51:04,P034,mid,mobile,0.0204
IMP00003484,CAM0013,EV00007212,2025-01-27T12:55:21,P036,pre,mobile,0.0441
IMP00003485,CAM0055,EV00003719,2025-06-14T12:11:45,P011,mid,tablet,0.0209
IMP00003486,CAM0018,EV00001024,2025-09-29T12:35:16,P021,pre,tablet,0.0424
IMP00003487,CAM0004,EV00013093,2025-04-05T22:11:09,P035,pre,desktop,0.0325
IMP00003488,CAM0026,EV00002066,2025-08-26T09:05:55,P035,pre,tablet,0.042
IMP00003489,CAM0036,EV00011145,2025-07-09T17:22:18,P053,pre,mobile,0.0242
IMP00003490,CAM0011,EV00005923,2025-06-18T17:58:05,P055,pre,mobile,0.0285
IMP00003491,CAM0014,EV00015489,2025-04-18T10:43:07,P045,post,desktop,0.0323
IMP00003492,CAM0003,EV00000951,2025-09-10T16:33:03,P052,pre,mobile,0.0229
IMP00003493,CAM0030,EV00012827,2025-02-23T13:40:06,P037,pre,tablet,0.0346
IMP00003494,CAM0058,EV00005566,2025-12-30T00:21:58,P044,post,tablet,0.0326
IMP00003495,CAM0034,EV00013915,2025-10-03T22:34:32,P019,pre,mobile,0.0382
IMP00003496,CAM0010,EV00012199,2025-04-03T09:29:53,P055,pre,desktop,0.0232
IMP00003497,CAM0024,EV00019458,2025-09-10T19:53:36,P012,pre,desktop,0.0362
IMP00003498,CAM0059,EV00014969,2025-01-09T17:40:50,P016,pre,tablet,0.031
IMP00003499,CAM0038,EV00008904,2025-02-26T11:53:46,P020,pre,mobile,0.0416
IMP00003500,CAM0051,EV00004022,2025-03-19T15:01:25,P022,pre,tablet,0.0441
IMP00003501,CAM0039,EV00013141,2025-10-08T19:11:11,P010,mid,tablet,0.0279
IMP00003502,CAM0027,EV00018274,2025-04-07T11:22:07,P023,pre,tablet,0.0398
IMP00003503,CAM0035,EV00007120,2025-03-07T20:34:14,P031,pre,tablet,0.033
IMP00003504,CAM0058,EV00008903,2025-08-22T14:50:02,P003,post,mobile,0.0255
IMP00003505,CAM0001,EV00014131,2025-02-03T18:09:46,P049,mid,tablet,0.0263
IMP00003506,CAM0022,EV00006955,2025-04-09T06:48:29,P007,mid,tablet,0.0256
IMP00003507,CAM0030,EV00011092,2025-02-02T12:21:28,P035,mid,mobile,0.0303
IMP00003508,CAM0031,EV00007838,2025-12-05T12:01:57,P043,mid,mobile,0.0449
IMP00003509,CAM0040,EV00019578,2025-06-14T13:16:38,P054,pre,tablet,0.0312
IMP00003510,CAM0004,EV00004859,2025-11-02T17:04:31,P009,pre,mobile,0.0322
IMP00003511,CAM0021,EV00008212,2025-04-07T15:58:14,P007,mid,tablet,0.0254
IMP00003512,CAM0034,EV00013210,2025-01-24T14:41:54,P026,mid,mobile,0.0428
IMP00003513,CAM0045,EV00001527,2025-08-03T16:27:14,P008,mid,mobile,0.0354
IMP00003514,CAM0036,EV00019463,2025-01-19T17:30:56,P038,pre,mobile,0.0339
IMP00003515,CAM0041,EV00008065,2025-04-13T07:35:52,P010,pre,tablet,0.0279
IMP00003516,CAM0027,EV00018267,2025-04-14T11:24:40,P034,pre,tablet,0.02
IMP00003517,CAM0053,EV00018028,2025-03-11T22:29:41,P008,pre,tablet,0.0352
IMP00003518,CAM0048,EV00003859,2025-04-07T17:58:30,P020,mid,mobile,0.0311
IMP00003519,CAM0046,EV00012490,2025-02-13T23:37:24,P036,pre,mobile,0.0414
IMP00003520,CAM0049,EV00003457,2025-12-04T15:27:05,P041,mid,tablet,0.0213
IMP00003521,CAM0047,EV00013293,2025-02-11T18:33:30,P004,post,tablet,0.0242
IMP00003522,CAM0058,EV00009689,2025-09-03T22:14:33,P029,post,tablet,0.0317
IMP00003523,CAM0025,EV00001005,2025-03-03T18:47:04,P058,mid,mobile,0.0297
IMP00003524,CAM0021,EV00016985,2025-04-11T16:04:54,P006,pre,tablet,0.0413
IMP00003525,CAM0016,EV00006054,2025-07-24T14:40:59,P048,pre,tablet,0.029
IMP00003526,CAM0013,EV00001550,2025-04-16T18:26:04,P027,mid,mobile,0.0264
IMP00003527,CAM0047,EV00002435,2025-07-02T20:43:57,P048,mid,mobile,0.0317
IMP00003528,CAM0045,EV00003254,2025-02-03T23:16:28,P044,pre,mobile,0.0306
IMP00003529,CAM0011,EV00010689,2025-12-25T22:41:43,P006,pre,mobile,0.0297
IMP00003530,CAM0002,EV00004815,2025-08-30T09:28:38,P038,mid,mobile,0.0419
IMP00003531,CAM0047,EV00007908,2025-10-06T16:06:54,P042,pre,desktop,0.0257
IMP00003532,CAM0058,EV00002071,2025-08-02T19:11:08,P014,mid,streaming_stick,0.0336
IMP00003533,CAM0057,EV00003317,2025-02-06T17:51:39,P059,mid,mobile,0.0377
IMP00003534,CAM0029,EV00010968,2025-08-30T10:39:33,P023,pre,tablet,0.0349
IMP00003535,CAM0052,EV00001493,2025-12-27T19:44:10,P040,pre,mobile,0.0405
IMP00003536,CAM0028,EV00010884,2025-11-25T20:07:04,P024,mid,mobile,0.044
IMP00003537,CAM0003,EV00011632,2025-01-28T22:38:39,P053,pre,tablet,0.0284
IMP00003538,CAM0003,EV00009373,2025-12-01T10:13:35,P037,pre,streaming_stick,0.0386
IMP00003539,CAM0043,EV00014281,2025-06-21T09:27:01,P032,mid,tablet,0.0381
IMP00003540,CAM0028,EV00008548,2025-09-18T16:23:37,P036,pre,mobile,0.0384
IMP00003541,CAM0044,EV00001045,2025-10-10T15:54:37,P033,post,mobile,0.0378
IMP00003542,CAM0034,EV00011550,2025-06-10T22:35:23,P016,pre,tablet,0.0286
IMP00003543,CAM0007,EV00006130,2025-12-14T15:10:38,P061,pre,tablet,0.0309
IMP00003544,CAM0045,EV00007808,2025-01-19T14:12:33,P030,pre,tablet,0.0326
IMP00003545,CAM0033,EV00011590,2025-07-30T09:56:25,P042,mid,mobile,0.044
IMP00003546,CAM0042,EV00004228,2025-11-07T17:32:49,P052,pre,tablet,0.023
IMP00003547,CAM0033,EV00019087,2025-04-09T14:54:05,P023,mid,mobile,0.0209
IMP00003548,CAM0032,EV00004765,2025-01-05T18:44:06,P053,mid,desktop,0.0402
IMP00003549,CAM0049,EV00014700,2025-01-21T14:43:45,P027,pre,tablet,0.0267
IMP00003550,CAM0056,EV00012892,2025-05-09T16:08:38,P039,mid,smart_tv,0.0305
IMP00003551,CAM0010,EV00015539,2025-11-15T21:18:15,P031,mid,tablet,0.0352
IMP00003552,CAM0034,EV00008312,2025-06-03T16:05:54,P014,post,tablet,0.0308
IMP00003553,CAM0046,EV00017528,2025-08-11T23:11:51,P057,pre,desktop,0.0242
IMP00003554,CAM0026,EV00009527,2025-07-23T17:16:17,P008,mid,mobile,0.0205
IMP00003555,CAM0018,EV00004625,2025-07-23T12:22:18,P027,mid,tablet,0.0446
IMP00003556,CAM0021,EV00018066,2025-09-02T14:40:49,P033,pre,tablet,0.0303
IMP00003557,CAM0046,EV00008965,2025-01-12T16:53:57,P061,pre,desktop,0.0296
IMP00003558,CAM0020,EV00018824,2025-04-03T17:57:54,P020,mid,smart_tv,0.0222
IMP00003559,CAM0005,EV00005129,2025-08-07T16:42:11,P028,mid,mobile,0.0424
IMP00003560,CAM0004,EV00006157,2025-07-12T13:24:33,P017,mid,tablet,0.0289
IMP00003561,CAM0020,EV00007666,2025-10-04T19:10:43,P062,mid,mobile,0.0265
IMP00003562,CAM0032,EV00008284,2025-12-11T11:44:01,P024,mid,tablet,0.0278
IMP00003563,CAM0047,EV00014467,2025-02-02T16:36:57,P017,mid,mobile,0.0388
IMP00003564,CAM0034,EV00013556,2025-04-08T18:17:33,P004,pre,smart_tv,0.026
IMP00003565,CAM0028,EV00012667,2025-05-21T21:55:40,P055,mid,tablet,0.0446
IMP00003566,CAM0042,EV00004889,2025-02-10T14:53:37,P056,pre,smart_tv,0.0437
IMP00003567,CAM0029,EV00007029,2025-09-06T11:12:00,P029,mid,mobile,0.0241
IMP00003568,CAM0036,EV00009554,2025-10-02T23:36:09,P034,mid,mobile,0.0219
IMP00003569,CAM0058,EV00010474,2025-07-16T20:01:52,P018,mid,mobile,0.0346
IMP00003570,CAM0021,EV00008813,2025-07-03T11:12:47,P046,pre,streaming_stick,0.0243
IMP00003571,CAM0049,EV00003480,2025-04-11T13:29:04,P018,mid,mobile,0.0441
IMP00003572,CAM0030,EV00009153,2025-07-15T20:03:03,P007,pre,tablet,0.0254
IMP00003573,CAM0020,EV00009294,2025-03-03T21:55:13,P060,post,tablet,0.0345
IMP00003574,CAM0057,EV00016682,2025-01-30T12:50:40,P032,pre,tablet,0.0335
IMP00003575,CAM0027,EV00011404,2025-12-14T11:32:46,P033,mid,smart_tv,0.0332
IMP00003576,CAM0050,EV00016505,2025-01-23T17:14:06,P059,mid,mobile,0.0209
IMP00003577,CAM0017,EV00003899,2025-10-26T12:40:02,P041,mid,tablet,0.0383
IMP00003578,CAM0051,EV00007338,2025-04-08T18:17:28,P057,pre,smart_tv,0.0371
IMP00003579,CAM0010,EV00017680,2025-06-19T22:27:16,P043,pre,tablet,0.037
IMP00003580,CAM0009,EV00015698,2025-11-14T23:30:02,P058,pre,tablet,0.0267
IMP00003581,CAM0035,EV00011186,2025-12-19T14:33:08,P015,pre,mobile,0.0407
IMP00003582,CAM0043,EV00000421,2025-08-09T15:55:16,P020,pre,tablet,0.0229
IMP00003583,CAM0004,EV00005591,2025-06-13T14:16:57,P024,pre,desktop,0.0357
IMP00003584,CAM0016,EV00005069,2025-06-11T10:35:03,P003,pre,tablet,0.0439
IMP00003585,CAM0011,EV00003734,2025-09-04T12:30:18,P049,mid,mobile,0.0372
IMP00003586,CAM0022,EV00009162,2025-02-28T13:06:53,P048,pre,mobile,0.0226
IMP00003587,CAM0046,EV00020168,2025-07-22T19:12:38,P024,mid,mobile,0.0437
IMP00003588,CAM0055,EV00003036,2025-06-16T15:11:00,P041,pre,mobile,0.0331
IMP00003589,CAM0022,EV00019783,2025-03-06T10:08:15,P053,mid,mobile,0.0219
IMP00003590,CAM0045,EV00005138,2025-06-09T12:22:04,P011,pre,tablet,0.0275
IMP00003591,CAM0054,EV00002303,2025-12-11T08:55:58,P013,mid,mobile,0.0342
IMP00003592,CAM0046,EV00010461,2025-06-02T19:42:19,P023,post,mobile,0.0279
IMP00003593,CAM0053,EV00018227,2025-01-08T14:34:45,P014,pre,mobile,0.0338
IMP00003594,CAM0045,EV00007854,2025-12-27T15:49:44,P043,pre,mobile,0.0328
IMP00003595,CAM0043,EV00004209,2025-09-20T12:42:44,P038,mid,tablet,0.039
IMP00003596,CAM0010,EV00019044,2025-09-15T16:07:09,P004,mid,streaming_stick,0.0229
IMP00003597,CAM0014,EV00004600,2025-12-30T17:49:34,P034,mid,smart_tv,0.0267
IMP00003598,CAM0011,EV00014883,2025-10-02T16:19:40,P062,pre,mobile,0.0273
IMP00003599,CAM0058,EV00004963,2025-09-08T15:38:51,P060,pre,mobile,0.0385
IMP00003600,CAM0055,EV00017880,2025-03-25T10:24:33,P008,mid,mobile,0.0292
IMP00003601,CAM0039,EV00003427,2025-04-10T18:55:55,P027,mid,mobile,0.0306
IMP00003602,CAM0052,EV00006802,2025-01-23T23:31:47,P038,mid,tablet,0.0337
IMP00003603,CAM0001,EV00002984,2025-03-25T16:40:27,P041,mid,mobile,0.0201
IMP00003604,CAM0020,EV00002771,2025-09-14T19:21:00,P035,pre,mobile,0.0272
IMP00003605,CAM0011,EV00014612,2025-04-07T11:52:23,P042,pre,mobile,0.0403
IMP00003606,CAM0038,EV00006302,2025-10-24T16:07:59,P004,pre,mobile,0.0411
IMP00003607,CAM0016,EV00009484,2025-11-29T15:37:16,P005,pre,mobile,0.0374
IMP00003608,CAM0001,EV00008003,2025-10-06T15:35:17,P044,mid,desktop,0.043
IMP00003609,CAM0022,EV00002197,2025-10-20T17:38:09,P023,mid,desktop,0.0237
IMP00003610,CAM0006,EV00003368,2025-11-15T22:45:51,P028,mid,tablet,0.029
IMP00003611,CAM0026,EV00002813,2025-03-14T12:43:19,P054,mid,smart_tv,0.0248
IMP00003612,CAM0057,EV00007965,2025-05-01T07:37:29,P058,pre,tablet,0.0316
IMP00003613,CAM0035,EV00014529,2025-06-07T20:28:33,P054,pre,mobile,0.0393
IMP00003614,CAM0052,EV00018507,2025-02-27T22:09:32,P054,mid,mobile,0.0354
IMP00003615,CAM0053,EV00004786,2025-06-28T08:24:54,P033,mid,mobile,0.0428
IMP00003616,CAM0016,EV00012736,2025-04-27T06:22:02,P001,pre,tablet,0.0301
IMP00003617,CAM0048,EV00011088,2025-03-12T16:18:35,P007,pre,tablet,0.0229
IMP00003618,CAM0019,EV00014753,2025-10-13T18:38:44,P045,mid,tablet,0.0397
IMP00003619,CAM0049,EV00015196,2025-09-19T22:06:15,P053,pre,desktop,0.0315
IMP00003620,CAM0011,EV00018396,2025-12-26T14:10:05,P002,pre,mobile,0.0417
IMP00003621,CAM0012,EV00000144,2025-10-10T08:20:49,P053,pre,smart_tv,0.0421
IMP00003622,CAM0044,EV00002236,2025-02-01T19:38:41,P040,pre,mobile,0.0419
IMP00003623,CAM0006,EV00014017,2025-01-28T22:41:38,P061,pre,tablet,0.0289
IMP00003624,CAM0057,EV00001939,2025-09-20T11:34:07,P049,mid,mobile,0.0213
IMP00003625,CAM0044,EV00019795,2025-03-22T14:21:08,P019,pre,mobile,0.032
IMP00003626,CAM0057,EV00016577,2025-05-26T23:23:24,P042,mid,desktop,0.0209
IMP00003627,CAM0014,EV00013744,2025-01-01T18:04:43,P044,mid,tablet,0.0326
IMP00003628,CAM0006,EV00002896,2025-04-12T08:02:06,P055,pre,tablet,0.037
IMP00003629,CAM0013,EV00009872,2025-05-25T23:31:58,P016,pre,mobile,0.024
IMP00003630,CAM0058,EV00008533,2025-06-06T10:14:06,P059,mid,mobile,0.0381
IMP00003631,CAM0057,EV00006712,2025-01-19T11:05:01,P012,pre,tablet,0.036
IMP00003632,CAM0040,EV00001809,2025-01-24T20:59:38,P004,pre,tablet,0.0343
IMP00003633,CAM0051,EV00010267,2025-01-22T20:08:21,P001,pre,tablet,0.0245
IMP00003634,CAM0008,EV00000968,2025-07-29T23:02:22,P024,pre,tablet,0.0394
IMP00003635,CAM0022,EV00005305,2025-12-25T23:52:25,P033,mid,mobile,0.0369
IMP00003636,CAM0020,EV00004230,2025-11-07T18:02:50,P052,mid,tablet,0.0206
IMP00003637,CAM0022,EV00007598,2025-11-16T19:07:12,P034,mid,desktop,0.0358
IMP00003638,CAM0007,EV00014306,2025-03-13T09:41:00,P016,mid,mobile,0.0446
IMP00003639,CAM0035,EV00006096,2025-05-18T18:05:20,P005,mid,desktop,0.0216
IMP00003640,CAM0011,EV00017208,2025-05-19T09:05:16,P034,pre,mobile,0.0424
IMP00003641,CAM0014,EV00012505,2025-08-17T13:25:07,P040,pre,desktop,0.0433
IMP00003642,CAM0025,EV00018276,2025-01-29T09:05:45,P035,pre,mobile,0.0422
IMP00003643,CAM0033,EV00014707,2025-07-05T09:51:58,P013,mid,mobile,0.0223
IMP00003644,CAM0042,EV00013810,2025-04-21T15:11:27,P055,pre,tablet,0.042
IMP00003645,CAM0037,EV00008829,2025-03-21T14:49:39,P006,pre,tablet,0.0311
IMP00003646,CAM0019,EV00004958,2025-05-26T07:34:09,P028,pre,mobile,0.04
IMP00003647,CAM0001,EV00013039,2025-04-27T12:59:22,P027,pre,tablet,0.0405
IMP00003648,CAM0007,EV00012884,2025-10-14T23:48:53,P061,post,tablet,0.0407
IMP00003649,CAM0049,EV00018970,2025-03-31T10:32:20,P038,pre,mobile,0.0308
IMP00003650,CAM0058,EV00016425,2025-07-02T11:38:47,P019,mid,mobile,0.021
IMP00003651,CAM0051,EV00011476,2025-12-12T23:38:53,P039,post,mobile,0.0222
IMP00003652,CAM0045,EV00017786,2025-06-25T07:29:22,P021,mid,smart_tv,0.0402
IMP00003653,CAM0025,EV00000262,2025-03-16T23:32:50,P053,mid,desktop,0.0375
IMP00003654,CAM0025,EV00013114,2025-09-14T20:42:47,P014,post,tablet,0.033
IMP00003655,CAM0008,EV00003276,2025-07-19T09:26:27,P034,pre,tablet,0.0376
IMP00003656,CAM0004,EV00005981,2025-06-23T00:02:39,P038,mid,tablet,0.0397
IMP00003657,CAM0033,EV00003676,2025-10-16T13:08:48,P009,pre,tablet,0.0266
IMP00003658,CAM0013,EV00004736,2025-09-26T22:46:46,P035,mid,streaming_stick,0.029
IMP00003659,CAM0047,EV00019238,2025-08-23T15:36:07,P057,mid,tablet,0.0379
IMP00003660,CAM0017,EV00015800,2025-02-12T19:27:26,P014,pre,desktop,0.0247
IMP00003661,CAM0015,EV00018608,2025-09-20T17:34:19,P014,pre,tablet,0.0218
IMP00003662,CAM0054,EV00019549,2025-12-07T11:14:34,P004,pre,mobile,0.0361
IMP00003663,CAM0017,EV00010576,2025-11-06T10:14:43,P001,pre,mobile,0.0248
IMP00003664,CAM0019,EV00002218,2025-10-26T15:21:20,P022,mid,tablet,0.0403
IMP00003665,CAM0031,EV00001153,2025-12-19T14:14:00,P012,mid,tablet,0.0427
IMP00003666,CAM0009,EV00005562,2025-12-29T23:57:00,P044,pre,tablet,0.0269
IMP00003667,CAM0017,EV00012908,2025-05-03T19:24:46,P033,mid,desktop,0.041
IMP00003668,CAM0013,EV00000020,2025-09-13T22:54:06,P046,post,mobile,0.0367
IMP00003669,CAM0044,EV00016629,2025-05-24T10:47:14,P050,mid,desktop,0.0448
IMP00003670,CAM0057,EV00001771,2025-01-12T13:35:53,P050,mid,tablet,0.0249
IMP00003671,CAM0054,EV00000786,2025-03-05T21:14:00,P004,pre,tablet,0.0256
IMP00003672,CAM0054,EV00017049,2025-02-12T19:56:16,P040,mid,desktop,0.0319
IMP00003673,CAM0049,EV00001673,2025-02-26T23:02:59,P039,mid,tablet,0.0404
IMP00003674,CAM0001,EV00019310,2025-06-25T21:14:33,P010,pre,mobile,0.0329
IMP00003675,CAM0005,EV00011639,2025-07-05T12:56:12,P038,mid,streaming_stick,0.034
IMP00003676,CAM0018,EV00011034,2025-06-26T21:09:50,P027,pre,mobile,0.03
IMP00003677,CAM0008,EV00009362,2025-08-17T17:50:16,P035,pre,tablet,0.0361
IMP00003678,CAM0054,EV00004047,2025-08-20T18:19:24,P029,pre,mobile,0.0206
IMP00003679,CAM0055,EV00009013,2025-09-19T11:39:35,P054,pre,desktop,0.0287
IMP00003680,CAM0005,EV00009896,2025-04-07T11:50:34,P004,pre,mobile,0.0313
IMP00003681,CAM0009,EV00012553,2025-01-22T23:22:04,P012,pre,tablet,0.0355
IMP00003682,CAM0018,EV00002223,2025-11-04T16:00:19,P015,mid,mobile,0.0419
IMP00003683,CAM0042,EV00017290,2025-07-09T16:15:30,P008,pre,mobile,0.0213
IMP00003684,CAM0055,EV00007929,2025-05-07T13:43:43,P019,pre,tablet,0.0398
IMP00003685,CAM0057,EV00008785,2025-09-13T11:34:36,P010,pre,tablet,0.0324
IMP00003686,CAM0037,EV00018024,2025-12-22T20:03:13,P045,mid,mobile,0.0403
IMP00003687,CAM0008,EV00002423,2025-02-21T18:16:26,P062,pre,tablet,0.0432
IMP00003688,CAM0028,EV00005331,2025-12-18T12:23:55,P005,pre,tablet,0.0217
IMP00003689,CAM0053,EV00017992,2025-06-16T17:22:46,P038,pre,tablet,0.0304
IMP00003690,CAM0054,EV00012031,2025-10-14T12:55:40,P057,pre,mobile,0.0201
IMP00003691,CAM0029,EV00000252,2025-09-14T15:41:20,P045,mid,mobile,0.0217
IMP00003692,CAM0020,EV00011378,2025-02-25T19:59:51,P006,pre,mobile,0.035
IMP00003693,CAM0014,EV00000438,2025-01-14T12:21:14,P022,mid,mobile,0.0412
IMP00003694,CAM0013,EV00016842,2025-03-21T16:34:02,P004,pre,tablet,0.0242
IMP00003695,CAM0009,EV00008124,2025-07-04T10:48:22,P030,mid,mobile,0.0435
IMP00003696,CAM0006,EV00009422,2025-10-18T16:14:31,P008,mid,mobile,0.0292
IMP00003697,CAM0008,EV00015306,2025-04-04T20:44:49,P012,pre,mobile,0.0287
IMP00003698,CAM0019,EV00019365,2025-02-21T06:44:31,P048,pre,mobile,0.0315
IMP00003699,CAM0005,EV00005617,2025-08-22T11:14:51,P042,pre,mobile,0.0339
IMP00003700,CAM0030,EV00005695,2025-12-15T21:54:39,P009,mid,tablet,0.0202
IMP00003701,CAM0038,EV00015963,2025-05-14T17:50:46,P023,pre,tablet,0.0288
IMP00003702,CAM0017,EV00008682,2025-02-15T07:58:56,P032,pre,tablet,0.0203
IMP00003703,CAM0028,EV00014515,2025-11-07T13:57:38,P014,mid,mobile,0.0372
IMP00003704,CAM0038,EV00014858,2025-05-06T13:02:08,P022,pre,streaming_stick,0.0399
IMP00003705,CAM0057,EV00011901,2025-10-06T23:27:16,P059,pre,streaming_stick,0.0238
IMP00003706,CAM0024,EV00000286,2025-11-13T16:14:48,P052,mid,mobile,0.0422
IMP00003707,CAM0020,EV00010426,2025-01-07T21:11:58,P013,post,tablet,0.0426
IMP00003708,CAM0002,EV00006962,2025-05-15T18:55:53,P023,mid,tablet,0.027
IMP00003709,CAM0009,EV00018171,2025-02-01T07:50:20,P027,mid,mobile,0.0309
IMP00003710,CAM0011,EV00012229,2025-03-22T15:49:25,P019,pre,tablet,0.0332
IMP00003711,CAM0043,EV00011176,2025-04-28T18:37:23,P052,pre,tablet,0.0424
IMP00003712,CAM0022,EV00017394,2025-02-18T19:21:01,P010,post,mobile,0.0309
IMP00003713,CAM0012,EV00015016,2025-05-23T14:50:36,P002,mid,tablet,0.0327
IMP00003714,CAM0051,EV00017185,2025-04-04T12:08:23,P030,pre,desktop,0.0232
IMP00003715,CAM0052,EV00010186,2025-06-10T19:38:47,P045,pre,mobile,0.0342
IMP00003716,CAM0035,EV00005754,2025-03-04T22:14:20,P007,pre,tablet,0.0434
IMP00003717,CAM0010,EV00000694,2025-05-27T18:07:50,P050,mid,desktop,0.0448
IMP00003718,CAM0040,EV00014845,2025-11-02T09:51:13,P062,pre,desktop,0.0341
IMP00003719,CAM0056,EV00001320,2025-10-10T16:56:49,P045,pre,desktop,0.0213
IMP00003720,CAM0020,EV00014233,2025-01-07T20:20:59,P027,mid,mobile,0.0401
IMP00003721,CAM0029,EV00000450,2025-12-20T18:48:42,P004,mid,mobile,0.0295
IMP00003722,CAM0010,EV00011492,2025-06-27T20:14:37,P032,pre,streaming_stick,0.0428
IMP00003723,CAM0019,EV00011487,2025-08-21T11:47:57,P026,pre,smart_tv,0.0429
IMP00003724,CAM0029,EV00000937,2025-07-11T16:57:33,P052,mid,desktop,0.029
IMP00003725,CAM0046,EV00001234,2025-03-15T20:18:55,P043,pre,smart_tv,0.0367
IMP00003726,CAM0032,EV00017133,2025-10-27T00:15:01,P041,mid,tablet,0.0244
IMP00003727,CAM0015,EV00010069,2025-02-22T15:43:58,P038,mid,mobile,0.0388
IMP00003728,CAM0002,EV00000440,2025-01-14T12:51:13,P022,post,mobile,0.0375
IMP00003729,CAM0046,EV00000795,2025-07-15T17:20:22,P045,post,tablet,0.0249
IMP00003730,CAM0028,EV00003966,2025-01-07T12:22:40,P047,pre,streaming_stick,0.0419
IMP00003731,CAM0029,EV00008867,2025-10-14T21:45:22,P043,post,tablet,0.023
IMP00003732,CAM0055,EV00010148,2025-08-31T14:33:14,P055,mid,mobile,0.0404
IMP00003733,CAM0019,EV00011149,2025-12-15T21:29:51,P005,pre,tablet,0.0303
IMP00003734,CAM0025,EV00019634,2025-11-06T14:31:42,P008,mid,mobile,0.0306
IMP00003735,CAM0053,EV00000876,2025-05-15T18:40:27,P024,mid,tablet,0.0401
IMP00003736,CAM0008,EV00017066,2025-06-30T12:26:03,P014,mid,streaming_stick,0.0334
IMP00003737,CAM0002,EV00013258,2025-07-20T22:04:33,P039,pre,streaming_stick,0.0221
IMP00003738,CAM0034,EV00016040,2025-12-25T22:59:35,P017,mid,mobile,0.0229
IMP00003739,CAM0017,EV00003361,2025-04-27T19:00:21,P041,pre,mobile,0.0353
IMP00003740,CAM0025,EV00013022,2025-03-04T22:13:13,P009,pre,tablet,0.0203
IMP00003741,CAM0015,EV00011958,2025-12-25T20:01:11,P039,mid,mobile,0.0331
IMP00003742,CAM0048,EV00006482,2025-10-28T11:38:15,P006,mid,streaming_stick,0.043
IMP00003743,CAM0044,EV00007817,2025-08-17T20:17:24,P041,post,tablet,0.0372
IMP00003744,CAM0050,EV00002122,2025-12-06T00:40:51,P041,mid,desktop,0.0255
IMP00003745,CAM0038,EV00018283,2025-12-14T19:58:42,P001,pre,mobile,0.0325
IMP00003746,CAM0040,EV00008026,2025-04-27T17:57:43,P047,pre,streaming_stick,0.024
IMP00003747,CAM0032,EV00004317,2025-09-03T08:09:04,P023,mid,mobile,0.0232
IMP00003748,CAM0012,EV00004942,2025-05-06T16:31:39,P037,mid,mobile,0.027
IMP00003749,CAM0030,EV00018176,2025-06-22T23:47:40,P025,mid,tablet,0.0228
IMP00003750,CAM0050,EV00006230,2025-02-20T13:25:45,P016,pre,tablet,0.0228
IMP00003751,CAM0046,EV00018980,2025-08-06T22:33:40,P022,post,mobile,0.0374
IMP00003752,CAM0027,EV00009167,2025-10-12T11:14:10,P060,pre,mobile,0.0286
IMP00003753,CAM0047,EV00015666,2025-02-13T17:12:22,P043,mid,tablet,0.04
IMP00003754,CAM0051,EV00005666,2025-07-11T22:19:05,P057,post,mobile,0.0408
IMP00003755,CAM0031,EV00019026,2025-02-15T08:55:11,P039,post,tablet,0.0444
IMP00003756,CAM0031,EV00001393,2025-01-26T16:07:18,P014,mid,tablet,0.0421
IMP00003757,CAM0028,EV00019653,2025-06-14T19:07:28,P050,post,mobile,0.0443
IMP00003758,CAM0022,EV00007156,2025-10-02T17:22:17,P002,mid,tablet,0.026
IMP00003759,CAM0043,EV00002826,2025-03-29T07:13:50,P001,pre,tablet,0.0443
IMP00003760,CAM0014,EV00001567,2025-07-23T07:42:20,P007,mid,smart_tv,0.0262
IMP00003761,CAM0029,EV00015410,2025-03-27T13:05:50,P038,pre,smart_tv,0.0441
IMP00003762,CAM0014,EV00014624,2025-12-29T13:42:40,P029,mid,mobile,0.0286
IMP00003763,CAM0059,EV00014151,2025-09-11T15:11:20,P028,pre,mobile,0.0282
IMP00003764,CAM0029,EV00016640,2025-02-02T08:25:21,P059,mid,mobile,0.041
IMP00003765,CAM0002,EV00013088,2025-05-20T15:03:47,P035,pre,tablet,0.0262
IMP00003766,CAM0040,EV00017606,2025-01-13T13:44:38,P017,post,streaming_stick,0.0235
IMP00003767,CAM0045,EV00005009,2025-03-23T16:29:45,P006,pre,tablet,0.037
IMP00003768,CAM0018,EV00011457,2025-02-16T13:15:00,P005,pre,streaming_stick,0.0337
IMP00003769,CAM0050,EV00012510,2025-08-18T21:20:46,P030,pre,desktop,0.0415
IMP00003770,CAM0007,EV00000679,2025-03-13T17:00:11,P048,pre,tablet,0.0289
IMP00003771,CAM0005,EV00013013,2025-08-01T14:09:44,P017,pre,tablet,0.0418
IMP00003772,CAM0015,EV00003614,2025-08-16T15:01:07,P035,mid,tablet,0.0426
IMP00003773,CAM0016,EV00004847,2025-08-15T14:42:50,P019,mid,tablet,0.0216
IMP00003774,CAM0003,EV00007510,2025-03-17T22:07:11,P034,post,mobile,0.0229
IMP00003775,CAM0048,EV00015530,2025-12-17T22:15:52,P036,post,mobile,0.023
IMP00003776,CAM0058,EV00018402,2025-05-17T14:04:44,P022,pre,smart_tv,0.0418
IMP00003777,CAM0003,EV00015331,2025-04-27T12:36:25,P061,pre,tablet,0.0408
IMP00003778,CAM0004,EV00010664,2025-02-25T13:18:19,P002,pre,desktop,0.0326
IMP00003779,CAM0031,EV00001646,2025-12-30T16:44:56,P018,pre,smart_tv,0.0269
IMP00003780,CAM0010,EV00019378,2025-03-26T15:16:08,P022,pre,mobile,0.0209
IMP00003781,CAM0034,EV00001151,2025-12-19T13:44:04,P012,pre,tablet,0.0206
IMP00003782,CAM0055,EV00000822,2025-06-09T06:24:50,P057,pre,mobile,0.0378
IMP00003783,CAM0043,EV00016733,2025-07-11T22:23:15,P015,pre,mobile,0.0233
IMP00003784,CAM0055,EV00010373,2025-06-05T10:24:03,P047,post,mobile,0.0421
IMP00003785,CAM0008,EV00014309,2025-04-18T13:14:35,P045,pre,streaming_stick,0.0207
IMP00003786,CAM0047,EV00005989,2025-04-05T13:25:34,P006,pre,streaming_stick,0.031
IMP00003787,CAM0004,EV00007734,2025-06-12T06:44:30,P060,pre,tablet,0.0327
IMP00003788,CAM0002,EV00000916,2025-04-13T09:23:20,P044,pre,mobile,0.0427
IMP00003789,CAM0054,EV00016791,2025-07-30T21:22:24,P023,pre,tablet,0.0289
IMP00003790,CAM0050,EV00004350,2025-09-07T16:04:54,P013,mid,mobile,0.0211
IMP00003791,CAM0006,EV00011162,2025-12-14T18:30:01,P056,mid,mobile,0.0436
IMP00003792,CAM0025,EV00016488,2025-04-24T21:36:06,P046,post,mobile,0.0243
IMP00003793,CAM0009,EV00017803,2025-01-14T15:23:03,P002,pre,smart_tv,0.0378
IMP00003794,CAM0019,EV00007388,2025-11-21T16:55:35,P025,pre,tablet,0.0399
IMP00003795,CAM0026,EV00015693,2025-02-27T23:42:56,P003,pre,mobile,0.0366
IMP00003796,CAM0030,EV00002137,2025-01-01T22:10:32,P012,pre,tablet,0.0346
IMP00003797,CAM0050,EV00015198,2025-09-19T22:51:20,P053,mid,desktop,0.0391
IMP00003798,CAM0005,EV00009836,2025-04-03T13:12:59,P021,pre,mobile,0.0421
IMP00003799,CAM0002,EV00006738,2025-09-07T10:06:51,P038,pre,desktop,0.0323
IMP00003800,CAM0057,EV00014888,2025-01-28T07:35:34,P048,pre,mobile,0.0319
IMP00003801,CAM0036,EV00014144,2025-06-26T09:15:15,P015,pre,mobile,0.0252
IMP00003802,CAM0057,EV00009155,2025-07-15T20:18:00,P007,mid,tablet,0.0447
IMP00003803,CAM0001,EV00006432,2025-06-07T09:52:29,P018,mid,mobile,0.0329
IMP00003804,CAM0002,EV00001456,2025-09-20T23:08:37,P031,post,tablet,0.025
IMP00003805,CAM0017,EV00014723,2025-04-21T16:53:15,P004,pre,mobile,0.0359
IMP00003806,CAM0016,EV00008038,2025-01-15T19:58:47,P041,pre,mobile,0.0449
IMP00003807,CAM0013,EV00017796,2025-02-17T10:17:25,P051,mid,tablet,0.0371
IMP00003808,CAM0039,EV00006658,2025-01-23T09:40:54,P026,mid,mobile,0.022
IMP00003809,CAM0051,EV00014662,2025-08-02T13:17:41,P034,pre,tablet,0.0366
IMP00003810,CAM0005,EV00009649,2025-10-12T10:16:20,P020,mid,mobile,0.0311
IMP00003811,CAM0040,EV00015805,2025-01-04T11:41:51,P027,pre,tablet,0.035
IMP00003812,CAM0054,EV00001689,2025-04-21T22:24:56,P060,mid,tablet,0.0416
IMP00003813,CAM0004,EV00015917,2025-10-26T12:02:05,P062,mid,desktop,0.03
IMP00003814,CAM0020,EV00007051,2025-09-12T21:27:21,P033,pre,tablet,0.0241
IMP00003815,CAM0014,EV00010548,2025-03-19T00:03:00,P014,mid,desktop,0.0384
IMP00003816,CAM0034,EV00010053,2025-04-04T14:39:54,P050,pre,mobile,0.0201
IMP00003817,CAM0038,EV00004383,2025-06-09T09:27:03,P046,pre,tablet,0.0395
IMP00003818,CAM0029,EV00008995,2025-06-21T11:16:00,P013,pre,mobile,0.0431
IMP00003819,CAM0004,EV00017156,2025-01-17T21:07:37,P003,pre,tablet,0.0422
IMP00003820,CAM0001,EV00012525,2025-12-12T18:01:57,P052,post,mobile,0.0382
IMP00003821,CAM0033,EV00001760,2025-11-20T11:44:08,P052,pre,mobile,0.027
IMP00003822,CAM0057,EV00015064,2025-09-09T15:16:25,P048,post,mobile,0.0399
IMP00003823,CAM0008,EV00003617,2025-04-23T18:24:00,P008,pre,tablet,0.0257
IMP00003824,CAM0055,EV00013847,2025-03-31T00:23:03,P050,mid,tablet,0.03
IMP00003825,CAM0053,EV00016847,2025-01-25T09:55:20,P030,pre,tablet,0.0291
IMP00003826,CAM0057,EV00020250,2025-01-04T17:08:06,P011,mid,streaming_stick,0.0369
IMP00003827,CAM0036,EV00004409,2025-02-16T19:45:25,P043,pre,mobile,0.0276
IMP00003828,CAM0005,EV00012526,2025-11-18T20:10:29,P030,pre,tablet,0.021
IMP00003829,CAM0057,EV00000626,2025-09-02T09:57:07,P059,pre,tablet,0.0347
IMP00003830,CAM0059,EV00011582,2025-01-11T17:29:20,P004,pre,mobile,0.0226
IMP00003831,CAM0050,EV00012900,2025-03-23T10:49:25,P044,post,streaming_stick,0.0329
IMP00003832,CAM0012,EV00012331,2025-03-04T21:58:59,P012,mid,tablet,0.0345
IMP00003833,CAM0002,EV00013634,2025-04-28T19:03:23,P011,mid,mobile,0.0231
IMP00003834,CAM0046,EV00015163,2025-07-11T21:17:15,P045,mid,mobile,0.0291
IMP00003835,CAM0011,EV00010227,2025-11-18T22:30:32,P012,mid,mobile,0.0364
IMP00003836,CAM0047,EV00012593,2025-11-12T16:16:34,P020,mid,tablet,0.0383
IMP00003837,CAM0036,EV00000119,2025-05-24T11:17:04,P054,mid,tablet,0.0245
IMP00003838,CAM0025,EV00003628,2025-12-02T23:05:02,P001,mid,tablet,0.043
IMP00003839,CAM0015,EV00011702,2025-03-16T15:43:32,P030,mid,tablet,0.0275
IMP00003840,CAM0002,EV00014299,2025-04-22T08:10:47,P020,pre,mobile,0.0286
IMP00003841,CAM0049,EV00017979,2025-11-04T20:42:45,P051,mid,tablet,0.0275
IMP00003842,CAM0020,EV00015774,2025-05-21T11:10:48,P003,pre,tablet,0.038
IMP00003843,CAM0005,EV00001658,2025-07-13T17:33:21,P013,mid,mobile,0.0368
IMP00003844,CAM0031,EV00016512,2025-12-11T11:51:35,P056,pre,tablet,0.0342
IMP00003845,CAM0026,EV00014991,2025-05-05T20:44:24,P026,pre,streaming_stick,0.0287
IMP00003846,CAM0015,EV00019210,2025-06-10T13:47:05,P057,pre,desktop,0.0447
IMP00003847,CAM0021,EV00012419,2025-07-17T09:48:49,P041,pre,tablet,0.0229
IMP00003848,CAM0038,EV00019301,2025-08-11T14:22:44,P033,mid,mobile,0.0227
IMP00003849,CAM0034,EV00012560,2025-07-23T15:11:36,P006,mid,smart_tv,0.034
IMP00003850,CAM0050,EV00018125,2025-11-21T19:25:16,P051,pre,tablet,0.0447
IMP00003851,CAM0028,EV00001016,2025-07-15T17:07:58,P062,mid,tablet,0.0206
IMP00003852,CAM0020,EV00007846,2025-10-28T12:52:51,P049,mid,desktop,0.043
IMP00003853,CAM0057,EV00000406,2025-07-17T13:46:08,P005,mid,mobile,0.0271
IMP00003854,CAM0040,EV00005979,2025-06-22T23:32:42,P038,pre,tablet,0.0424
IMP00003855,CAM0042,EV00012997,2025-12-11T17:30:12,P021,mid,tablet,0.0361
IMP00003856,CAM0016,EV00017602,2025-01-13T12:44:35,P017,pre,streaming_stick,0.0214
IMP00003857,CAM0038,EV00016884,2025-01-13T21:59:33,P036,pre,tablet,0.026
IMP00003858,CAM0049,EV00017756,2025-08-23T16:06:21,P052,post,tablet,0.0266
IMP00003859,CAM0046,EV00007487,2025-03-20T14:52:13,P039,mid,mobile,0.0248
IMP00003860,CAM0043,EV00011893,2025-09-10T13:59:26,P055,mid,mobile,0.022
IMP00003861,CAM0009,EV00014904,2025-03-16T19:20:46,P039,pre,mobile,0.0291
IMP00003862,CAM0048,EV00001525,2025-08-03T15:57:16,P008,pre,mobile,0.0374
IMP00003863,CAM0032,EV00008947,2025-09-24T16:47:57,P062,mid,tablet,0.0344
IMP00003864,CAM0013,EV00013263,2025-12-11T16:55:23,P035,pre,mobile,0.025
IMP00003865,CAM0010,EV00000267,2025-06-30T16:58:58,P041,mid,tablet,0.0245
IMP00003866,CAM0037,EV00016972,2025-10-15T22:39:23,P043,pre,mobile,0.0217
IMP00003867,CAM0040,EV00012106,2025-03-26T11:36:51,P055,pre,tablet,0.0343
IMP00003868,CAM0048,EV00012632,2025-01-29T19:52:19,P061,mid,mobile,0.0318
IMP00003869,CAM0044,EV00003133,2025-06-02T14:12:52,P048,pre,tablet,0.0432
IMP00003870,CAM0046,EV00011896,2025-06-22T13:56:08,P040,pre,tablet,0.0203
IMP00003871,CAM0051,EV00018558,2025-04-25T19:15:22,P026,mid,tablet,0.0265
IMP00003872,CAM0047,EV00017550,2025-01-07T15:48:28,P031,mid,tablet,0.0302
IMP00003873,CAM0004,EV00007654,2025-03-24T14:48:33,P054,pre,streaming_stick,0.0301
IMP00003874,CAM0051,EV00010308,2025-05-25T08:03:04,P017,pre,streaming_stick,0.0275
IMP00003875,CAM0059,EV00000887,2025-11-02T13:23:34,P025,mid,tablet,0.0429
IMP00003876,CAM0031,EV00008287,2025-02-04T16:04:20,P027,pre,mobile,0.0223
IMP00003877,CAM0034,EV00000481,2025-05-01T15:53:17,P022,pre,mobile,0.023
IMP00003878,CAM0006,EV00014220,2025-07-03T11:44:00,P001,mid,streaming_stick,0.0306
IMP00003879,CAM0057,EV00013686,2025-12-14T16:27:48,P026,post,tablet,0.0402
IMP00003880,CAM0001,EV00001444,2025-11-15T10:36:46,P050,pre,streaming_stick,0.0286
IMP00003881,CAM0017,EV00005580,2025-07-11T20:53:41,P034,pre,tablet,0.0251
IMP00003882,CAM0010,EV00005082,2025-08-01T16:43:19,P018,pre,mobile,0.0267
IMP00003883,CAM0008,EV00008626,2025-09-06T17:19:15,P007,mid,tablet,0.0211
IMP00003884,CAM0033,EV00001408,2025-10-02T16:22:46,P034,pre,mobile,0.0299
IMP00003885,CAM0027,EV00004312,2025-03-12T19:22:13,P006,mid,streaming_stick,0.0312
IMP00003886,CAM0016,EV00002659,2025-05-13T09:44:21,P008,pre,mobile,0.0231
IMP00003887,CAM0048,EV00000062,2025-03-17T16:49:10,P036,mid,smart_tv,0.0307
IMP00003888,CAM0002,EV00015340,2025-07-20T08:43:24,P011,post,tablet,0.0298
IMP00003889,CAM0020,EV00013538,2025-03-28T09:07:12,P042,pre,mobile,0.041
IMP00003890,CAM0002,EV00018147,2025-05-06T10:35:55,P001,mid,tablet,0.0224
IMP00003891,CAM0052,EV00000396,2025-07-07T17:07:28,P041,mid,tablet,0.0329
IMP00003892,CAM0029,EV00008357,2025-11-25T15:59:18,P041,pre,desktop,0.0206
IMP00003893,CAM0004,EV00019556,2025-10-05T13:14:03,P016,pre,mobile,0.0276
IMP00003894,CAM0048,EV00005656,2025-02-07T00:20:03,P058,post,tablet,0.0432
IMP00003895,CAM0047,EV00010628,2025-08-30T19:29:42,P037,mid,tablet,0.0254
IMP00003896,CAM0047,EV00012623,2025-02-01T15:02:27,P023,mid,tablet,0.0371
IMP00003897,CAM0018,EV00016486,2025-04-24T21:06:10,P046,mid,mobile,0.0255
IMP00003898,CAM0012,EV00012906,2025-05-03T18:10:49,P033,pre,desktop,0.0285
IMP00003899,CAM0050,EV00019177,2025-09-08T15:41:24,P039,pre,tablet,0.0418
IMP00003900,CAM0054,EV00002499,2025-03-26T18:03:43,P062,mid,tablet,0.0226
IMP00003901,CAM0047,EV00015993,2025-02-15T21:38:17,P060,pre,desktop,0.0287
IMP00003902,CAM0029,EV00012747,2025-10-10T08:47:32,P011,mid,smart_tv,0.0276
IMP00003903,CAM0034,EV00002961,2025-07-21T09:12:30,P047,pre,tablet,0.0438
IMP00003904,CAM0019,EV00000672,2025-11-07T10:38:47,P055,pre,tablet,0.0319
IMP00003905,CAM0041,EV00005593,2025-11-02T22:20:14,P061,pre,tablet,0.0284
IMP00003906,CAM0007,EV00002221,2025-11-04T15:30:21,P015,pre,mobile,0.0213
IMP00003907,CAM0036,EV00002694,2025-04-06T11:40:10,P061,mid,streaming_stick,0.0372
IMP00003908,CAM0019,EV00017342,2025-11-24T11:07:18,P047,pre,tablet,0.0387
IMP00003909,CAM0023,EV00004001,2025-01-22T22:26:29,P008,pre,tablet,0.0362
IMP00003910,CAM0038,EV00005467,2025-02-26T10:59:26,P019,pre,mobile,0.0389
IMP00003911,CAM0027,EV00003031,2025-06-21T11:12:43,P018,pre,mobile,0.0341
IMP00003912,CAM0015,EV00012150,2025-11-21T18:19:21,P055,mid,mobile,0.0256
IMP00003913,CAM0026,EV00006210,2025-05-09T06:44:33,P060,pre,tablet,0.0217
IMP00003914,CAM0043,EV00017325,2025-01-03T19:35:23,P012,post,mobile,0.0216
IMP00003915,CAM0018,EV00008414,2025-08-17T22:38:18,P028,post,mobile,0.0366
IMP00003916,CAM0010,EV00014966,2025-01-21T23:44:48,P003,mid,mobile,0.0303
IMP00003917,CAM0050,EV00017363,2025-12-25T09:54:22,P056,mid,streaming_stick,0.0216
IMP00003918,CAM0007,EV00005819,2025-02-17T19:57:12,P010,pre,tablet,0.0252
IMP00003919,CAM0016,EV00013324,2025-08-01T20:25:32,P055,mid,tablet,0.0424
IMP00003920,CAM0028,EV00017987,2025-07-27T18:42:57,P023,pre,mobile,0.0209
IMP00003921,CAM0006,EV00012315,2025-04-15T12:17:59,P008,mid,mobile,0.0342
IMP00003922,CAM0056,EV00008085,2025-08-20T19:40:59,P033,pre,mobile,0.0212
IMP00003923,CAM0007,EV00005780,2025-12-09T10:07:07,P042,mid,tablet,0.0378
IMP00003924,CAM0014,EV00008689,2025-10-02T17:10:59,P025,mid,tablet,0.0262
IMP00003925,CAM0053,EV00009112,2025-07-24T18:01:29,P043,mid,desktop,0.0419
IMP00003926,CAM0033,EV00020017,2025-09-15T16:08:26,P049,pre,desktop,0.0323
IMP00003927,CAM0010,EV00005160,2025-06-13T12:34:04,P060,pre,mobile,0.0425
IMP00003928,CAM0034,EV00006651,2025-10-24T15:53:04,P031,mid,mobile,0.022
IMP00003929,CAM0052,EV00018351,2025-10-08T14:28:25,P008,mid,streaming_stick,0.0258
IMP00003930,CAM0019,EV00003722,2025-08-20T19:17:20,P023,pre,desktop,0.0431
IMP00003931,CAM0049,EV00007418,2025-08-06T20:52:36,P019,pre,tablet,0.0316
IMP00003932,CAM0028,EV00010325,2025-06-29T12:25:37,P012,pre,desktop,0.0203
IMP00003933,CAM0052,EV00005262,2025-11-05T21:43:37,P029,mid,mobile,0.0227
IMP00003934,CAM0050,EV00018094,2025-09-05T19:53:58,P010,pre,mobile,0.0242
IMP00003935,CAM0036,EV00005166,2025-05-25T17:17:13,P051,pre,streaming_stick,0.0398
IMP00003936,CAM0006,EV00009086,2025-10-28T11:31:55,P055,mid,tablet,0.0321
IMP00003937,CAM0028,EV00013798,2025-04-29T10:23:00,P017,mid,tablet,0.0315
IMP00003938,CAM0008,EV00004656,2025-11-06T21:19:44,P056,mid,mobile,0.0311
IMP00003939,CAM0038,EV00002115,2025-05-24T12:14:26,P035,pre,smart_tv,0.0376
IMP00003940,CAM0020,EV00012686,2025-04-13T23:44:50,P026,mid,tablet,0.0395
IMP00003941,CAM0054,EV00008062,2025-04-15T10:57:02,P031,mid,tablet,0.0285
IMP00003942,CAM0013,EV00002416,2025-10-29T23:15:14,P038,pre,tablet,0.0323
IMP00003943,CAM0017,EV00013035,2025-07-19T14:25:13,P056,pre,tablet,0.0309
IMP00003944,CAM0022,EV00008225,2025-05-25T15:58:03,P062,pre,mobile,0.0344
IMP00003945,CAM0007,EV00015511,2025-08-05T11:56:08,P035,pre,mobile,0.0404
IMP00003946,CAM0019,EV00019381,2025-02-08T08:01:27,P039,pre,tablet,0.0434
IMP00003947,CAM0008,EV00002068,2025-08-26T10:23:23,P035,mid,tablet,0.0308
IMP00003948,CAM0009,EV00008599,2025-03-18T15:00:05,P018,mid,tablet,0.0367
IMP00003949,CAM0014,EV00000705,2025-01-24T14:47:11,P041,pre,mobile,0.0436
IMP00003950,CAM0035,EV00000965,2025-01-12T10:15:25,P009,pre,tablet,0.0411
IMP00003951,CAM0036,EV00007410,2025-02-23T12:46:22,P060,mid,tablet,0.0371
IMP00003952,CAM0010,EV00007276,2025-06-11T00:50:36,P038,post,tablet,0.0308
IMP00003953,CAM0020,EV00012309,2025-07-07T16:33:11,P037,mid,tablet,0.0251
IMP00003954,CAM0054,EV00008629,2025-10-26T21:36:48,P044,pre,mobile,0.0306
IMP00003955,CAM0012,EV00004694,2025-10-04T16:18:35,P029,mid,tablet,0.0208
IMP00003956,CAM0053,EV00001723,2025-01-13T00:00:51,P029,mid,tablet,0.0411
IMP00003957,CAM0005,EV00009018,2025-09-06T13:01:09,P030,pre,mobile,0.0225
IMP00003958,CAM0002,EV00011764,2025-11-30T13:25:18,P004,pre,streaming_stick,0.0251
IMP00003959,CAM0017,EV00004503,2025-05-26T08:32:26,P046,post,mobile,0.0323
IMP00003960,CAM0027,EV00000957,2025-04-05T10:30:52,P031,pre,mobile,0.0327
IMP00003961,CAM0036,EV00019367,2025-10-26T11:37:02,P058,pre,tablet,0.0334
IMP00003962,CAM0036,EV00014073,2025-06-20T19:45:56,P042,pre,mobile,0.0247
IMP00003963,CAM0014,EV00010662,2025-07-29T14:33:35,P027,pre,tablet,0.0226
IMP00003964,CAM0036,EV00019400,2025-02-15T21:38:54,P062,pre,desktop,0.0293
IMP00003965,CAM0056,EV00018798,2025-02-09T19:55:51,P018,pre,mobile,0.0254
IMP00003966,CAM0054,EV00000287,2025-09-04T13:28:56,P046,pre,tablet,0.0449
IMP00003967,CAM0020,EV00011015,2025-03-01T17:12:20,P047,pre,mobile,0.023
IMP00003968,CAM0015,EV00018019,2025-05-06T16:14:09,P003,mid,mobile,0.0419
IMP00003969,CAM0059,EV00008028,2025-04-27T18:57:42,P047,mid,streaming_stick,0.0402
IMP00003970,CAM0014,EV00017860,2025-04-07T21:22:00,P026,pre,mobile,0.0268
IMP00003971,CAM0049,EV00015284,2025-08-26T13:28:24,P047,pre,desktop,0.0378
IMP00003972,CAM0028,EV00018878,2025-03-19T18:00:04,P044,mid,mobile,0.0399
IMP00003973,CAM0045,EV00014290,2025-03-24T16:26:43,P012,mid,streaming_stick,0.0352
IMP00003974,CAM0017,EV00003796,2025-07-18T20:57:38,P001,pre,mobile,0.0377
IMP00003975,CAM0001,EV00020225,2025-08-08T17:28:59,P052,pre,mobile,0.0298
IMP00003976,CAM0031,EV00001927,2025-07-01T12:06:44,P030,pre,desktop,0.0432
IMP00003977,CAM0008,EV00002226,2025-05-01T15:39:39,P047,pre,streaming_stick,0.0234
IMP00003978,CAM0058,EV00010575,2025-01-04T12:48:27,P001,post,tablet,0.0425
IMP00003979,CAM0036,EV00007442,2025-08-19T11:05:41,P058,mid,smart_tv,0.027
IMP00003980,CAM0039,EV00005001,2025-03-04T11:31:33,P056,mid,streaming_stick,0.0348
IMP00003981,CAM0009,EV00009193,2025-12-15T16:11:04,P008,pre,tablet,0.022
IMP00003982,CAM0019,EV00003159,2025-01-22T19:42:04,P038,post,desktop,0.0239
IMP00003983,CAM0019,EV00013852,2025-02-20T14:17:29,P003,pre,streaming_stick,0.0304
IMP00003984,CAM0018,EV00014589,2025-04-26T16:28:27,P057,mid,tablet,0.0425
IMP00003985,CAM0030,EV00000700,2025-10-10T21:41:35,P020,pre,tablet,0.0433
IMP00003986,CAM0029,EV00003943,2025-06-26T16:05:29,P006,mid,streaming_stick,0.0232
IMP00003987,CAM0044,EV00014106,2025-04-28T19:53:15,P035,mid,mobile,0.032
IMP00003988,CAM0024,EV00012809,2025-01-25T12:19:13,P012,mid,tablet,0.021
IMP00003989,CAM0023,EV00003225,2025-07-31T23:26:00,P041,pre,tablet,0.0305
IMP00003990,CAM0035,EV00007830,2025-05-03T15:43:04,P057,mid,tablet,0.0305
IMP00003991,CAM0026,EV00011249,2025-10-28T14:44:28,P062,pre,mobile,0.0416
IMP00003992,CAM0009,EV00006743,2025-01-27T12:59:29,P056,pre,mobile,0.036
IMP00003993,CAM0055,EV00018802,2025-09-01T21:26:02,P061,mid,mobile,0.0349
IMP00003994,CAM0001,EV00006656,2025-01-23T09:28:26,P026,pre,mobile,0.0388
IMP00003995,CAM0013,EV00013482,2025-04-18T11:15:23,P005,pre,streaming_stick,0.0261
IMP00003996,CAM0037,EV00006242,2025-02-15T07:43:22,P062,mid,tablet,0.0376
IMP00003997,CAM0057,EV00007747,2025-02-04T15:03:10,P007,mid,mobile,0.0301
IMP00003998,CAM0020,EV00000441,2025-12-22T17:17:08,P013,pre,mobile,0.0401
IMP00003999,CAM0006,EV00002007,2025-09-12T17:29:07,P024,mid,mobile,0.0419
IMP00004000,CAM0033,EV00002710,2025-10-21T13:42:43,P006,post,tablet,0.0348
IMP00004001,CAM0029,EV00008723,2025-04-08T13:28:29,P018,mid,mobile,0.0397
IMP00004002,CAM0035,EV00007325,2025-03-11T16:11:19,P044,mid,mobile,0.0422
IMP00004003,CAM0030,EV00014179,2025-06-05T23:02:30,P009,pre,desktop,0.043
IMP00004004,CAM0019,EV00009190,2025-08-09T12:12:47,P013,mid,streaming_stick,0.0331
IMP00004005,CAM0058,EV00008333,2025-01-18T21:17:53,P033,pre,tablet,0.0319
IMP00004006,CAM0008,EV00019585,2025-03-12T21:16:06,P054,mid,mobile,0.0419
IMP00004007,CAM0025,EV00008794,2025-05-28T09:33:21,P053,post,tablet,0.0283
IMP00004008,CAM0019,EV00012675,2025-03-25T00:16:25,P052,mid,tablet,0.0247
IMP00004009,CAM0009,EV00012026,2025-01-16T09:58:29,P055,pre,tablet,0.0381
IMP00004010,CAM0004,EV00011199,2025-05-05T00:28:17,P038,mid,mobile,0.0253
IMP00004011,CAM0026,EV00019194,2025-10-14T23:01:47,P029,mid,tablet,0.0403
IMP00004012,CAM0042,EV00005862,2025-04-22T22:34:53,P004,mid,mobile,0.0378
IMP00004013,CAM0031,EV00016109,2025-08-22T07:15:58,P021,mid,smart_tv,0.0377
IMP00004014,CAM0019,EV00018016,2025-06-09T18:43:59,P048,mid,desktop,0.0284
IMP00004015,CAM0022,EV00002978,2025-07-30T17:40:37,P011,mid,streaming_stick,0.0447
IMP00004016,CAM0039,EV00001202,2025-05-28T16:15:43,P061,mid,tablet,0.0208
IMP00004017,CAM0018,EV00016962,2025-09-17T17:19:08,P060,post,desktop,0.0229
IMP00004018,CAM0006,EV00005712,2025-09-06T20:45:59,P008,pre,desktop,0.041
IMP00004019,CAM0001,EV00008687,2025-10-02T16:55:59,P025,pre,tablet,0.0205
IMP00004020,CAM0013,EV00003397,2025-01-04T18:08:42,P010,mid,tablet,0.0246
IMP00004021,CAM0026,EV00010948,2025-11-02T13:53:33,P020,pre,tablet,0.0319
IMP00004022,CAM0019,EV00007784,2025-01-12T11:30:48,P019,post,tablet,0.0384
IMP00004023,CAM0016,EV00017148,2025-10-19T23:07:14,P017,mid,streaming_stick,0.0374
IMP00004024,CAM0052,EV00007669,2025-12-06T14:53:22,P058,pre,tablet,0.0239
IMP00004025,CAM0006,EV00006250,2025-10-18T14:57:39,P013,pre,tablet,0.04
IMP00004026,CAM0055,EV00002741,2025-11-29T20:29:57,P008,post,tablet,0.0413
IMP00004027,CAM0028,EV00015096,2025-12-04T11:50:18,P054,mid,tablet,0.0257
IMP00004028,CAM0055,EV00003757,2025-06-10T13:46:10,P001,pre,desktop,0.0351
IMP00004029,CAM0039,EV00008313,2025-12-25T17:54:08,P028,pre,tablet,0.0289
IMP00004030,CAM0047,EV00004039,2025-11-05T14:28:54,P043,mid,tablet,0.0309
IMP00004031,CAM0028,EV00016307,2025-06-23T06:17:06,P024,mid,tablet,0.0304
IMP00004032,CAM0058,EV00016178,2025-05-29T16:48:29,P010,mid,smart_tv,0.0315
IMP00004033,CAM0031,EV00009034,2025-06-23T22:41:03,P027,mid,tablet,0.0428
IMP00004034,CAM0044,EV00012236,2025-11-13T18:18:34,P040,mid,tablet,0.0338
IMP00004035,CAM0043,EV00007711,2025-03-19T14:48:09,P026,mid,streaming_stick,0.0446
IMP00004036,CAM0041,EV00012201,2025-04-03T09:59:55,P055,mid,desktop,0.0301
IMP00004037,CAM0043,EV00019745,2025-01-25T20:15:25,P009,pre,mobile,0.0207
IMP00004038,CAM0023,EV00020146,2025-09-19T11:11:39,P059,mid,mobile,0.0359
IMP00004039,CAM0043,EV00017676,2025-05-09T23:31:19,P022,post,mobile,0.0265
IMP00004040,CAM0049,EV00019289,2025-08-14T17:21:03,P025,pre,mobile,0.0265
IMP00004041,CAM0023,EV00002749,2025-03-21T10:09:15,P004,mid,mobile,0.032
IMP00004042,CAM0041,EV00018758,2025-10-01T15:18:37,P041,pre,tablet,0.0242
IMP00004043,CAM0026,EV00010756,2025-03-06T12:55:05,P050,pre,tablet,0.0447
IMP00004044,CAM0057,EV00000080,2025-11-20T15:22:48,P058,pre,tablet,0.0222
IMP00004045,CAM0025,EV00007797,2025-12-10T15:50:56,P025,post,mobile,0.0369
IMP00004046,CAM0002,EV00008575,2025-01-27T15:17:13,P051,mid,tablet,0.0259
IMP00004047,CAM0024,EV00013692,2025-04-03T14:30:49,P051,pre,tablet,0.0402
IMP00004048,CAM0026,EV00005545,2025-06-04T18:35:30,P033,mid,tablet,0.0402
IMP00004049,CAM0037,EV00012128,2025-06-21T17:20:08,P005,mid,desktop,0.0242
IMP00004050,CAM0058,EV00006273,2025-03-06T13:46:15,P023,post,tablet,0.0326
IMP00004051,CAM0056,EV00017527,2025-08-21T16:30:55,P008,pre,tablet,0.0407
IMP00004052,CAM0030,EV00009535,2025-08-20T20:55:42,P030,pre,mobile,0.0338
IMP00004053,CAM0033,EV00014861,2025-01-07T13:54:13,P018,pre,tablet,0.0265
IMP00004054,CAM0023,EV00013394,2025-07-19T14:17:50,P032,mid,mobile,0.041
IMP00004055,CAM0034,EV00012819,2025-05-11T16:48:43,P041,mid,tablet,0.0311
IMP00004056,CAM0012,EV00007902,2025-10-13T14:56:01,P023,mid,mobile,0.024
IMP00004057,CAM0010,EV00004788,2025-06-28T09:38:53,P033,post,mobile,0.0317
IMP00004058,CAM0001,EV00016622,2025-05-09T16:48:31,P045,pre,tablet,0.0395
IMP00004059,CAM0036,EV00000178,2025-04-04T20:59:39,P029,mid,mobile,0.021
IMP00004060,CAM0045,EV00011125,2025-04-09T14:06:32,P008,mid,tablet,0.0368
IMP00004061,CAM0052,EV00013741,2025-02-23T15:11:35,P051,post,tablet,0.0433
IMP00004062,CAM0048,EV00011131,2025-04-08T12:22:15,P023,pre,mobile,0.0396
IMP00004063,CAM0014,EV00007593,2025-12-17T11:27:41,P028,mid,streaming_stick,0.0255
IMP00004064,CAM0024,EV00013377,2025-01-15T08:45:41,P040,pre,mobile,0.029
IMP00004065,CAM0030,EV00014032,2025-12-28T15:04:07,P046,pre,desktop,0.0441
IMP00004066,CAM0049,EV00019673,2025-10-19T17:36:35,P016,mid,mobile,0.0345
IMP00004067,CAM0044,EV00000901,2025-06-22T15:50:29,P028,pre,tablet,0.0446
IMP00004068,CAM0019,EV00016834,2025-02-18T15:55:07,P040,mid,mobile,0.0239
IMP00004069,CAM0035,EV00008214,2025-04-07T16:13:16,P007,post,tablet,0.0312
IMP00004070,CAM0009,EV00013161,2025-05-29T22:09:37,P013,pre,mobile,0.0309
IMP00004071,CAM0021,EV00012111,2025-01-21T00:10:45,P062,mid,tablet,0.0207
IMP00004072,CAM0053,EV00018812,2025-11-07T08:17:11,P055,mid,mobile,0.0309
IMP00004073,CAM0035,EV00010171,2025-08-29T14:49:05,P015,pre,tablet,0.0343
IMP00004074,CAM0022,EV00015949,2025-08-06T23:54:58,P002,pre,tablet,0.0278
IMP00004075,CAM0057,EV00007188,2025-11-24T11:39:23,P046,mid,tablet,0.0338
IMP00004076,CAM0054,EV00012517,2025-06-07T19:53:05,P036,mid,tablet,0.0412
IMP00004077,CAM0010,EV00005164,2025-06-13T13:19:02,P060,post,mobile,0.0414
IMP00004078,CAM0053,EV00012494,2025-02-14T00:37:21,P036,post,mobile,0.0336
IMP00004079,CAM0007,EV00011069,2025-04-23T13:49:16,P015,mid,desktop,0.0246
IMP00004080,CAM0006,EV00006104,2025-12-30T13:56:23,P055,pre,tablet,0.0434
IMP00004081,CAM0003,EV00017624,2025-01-14T07:18:43,P049,mid,mobile,0.024
IMP00004082,CAM0024,EV00012076,2025-12-08T12:32:48,P060,pre,mobile,0.0304
IMP00004083,CAM0050,EV00012830,2025-12-25T17:25:19,P061,mid,mobile,0.0424
IMP00004084,CAM0006,EV00003751,2025-03-13T15:49:06,P056,mid,mobile,0.0291
IMP00004085,CAM0039,EV00007198,2025-09-25T18:02:02,P057,mid,smart_tv,0.03
IMP00004086,CAM0016,EV00009333,2025-09-16T07:55:41,P045,pre,tablet,0.0316
IMP00004087,CAM0033,EV00005220,2025-03-24T11:30:41,P055,pre,mobile,0.0423
IMP00004088,CAM0047,EV00009702,2025-10-18T08:26:59,P005,pre,smart_tv,0.0312
IMP00004089,CAM0008,EV00009048,2025-06-03T20:56:32,P010,mid,tablet,0.0367
IMP00004090,CAM0001,EV00001134,2025-02-12T19:18:26,P054,pre,tablet,0.0327
IMP00004091,CAM0032,EV00005091,2025-11-21T18:19:22,P011,mid,mobile,0.0301
IMP00004092,CAM0005,EV00006818,2025-05-10T17:44:33,P025,pre,tablet,0.0388
IMP00004093,CAM0004,EV00007729,2025-10-05T22:22:11,P055,pre,mobile,0.028
IMP00004094,CAM0019,EV00004005,2025-07-24T18:07:55,P025,mid,desktop,0.0211
IMP00004095,CAM0029,EV00003152,2025-09-20T23:19:03,P023,mid,tablet,0.0223
IMP00004096,CAM0053,EV00002721,2025-01-15T15:37:58,P056,pre,desktop,0.0208
IMP00004097,CAM0012,EV00018880,2025-03-19T18:12:34,P044,post,mobile,0.0383
IMP00004098,CAM0023,EV00008050,2025-03-15T09:58:42,P019,pre,mobile,0.0314
IMP00004099,CAM0001,EV00016253,2025-07-02T14:15:28,P048,pre,smart_tv,0.0221
IMP00004100,CAM0033,EV00017227,2025-04-08T11:07:49,P034,pre,mobile,0.0441
IMP00004101,CAM0011,EV00009542,2025-11-29T19:32:38,P037,pre,tablet,0.0314
IMP00004102,CAM0036,EV00016274,2025-04-14T15:44:42,P019,mid,mobile,0.0431
IMP00004103,CAM0035,EV00015516,2025-02-06T23:04:10,P016,pre,tablet,0.0426
IMP00004104,CAM0056,EV00019630,2025-09-27T22:44:40,P020,post,smart_tv,0.0421
IMP00004105,CAM0044,EV00002917,2025-02-08T09:31:50,P014,pre,mobile,0.0414
IMP00004106,CAM0040,EV00000573,2025-04-22T20:22:28,P012,mid,tablet,0.0317
IMP00004107,CAM0030,EV00003834,2025-07-06T19:45:25,P008,pre,tablet,0.0322
IMP00004108,CAM0007,EV00005882,2025-12-12T11:16:32,P059,mid,mobile,0.0341
IMP00004109,CAM0001,EV00003150,2025-09-20T22:49:08,P023,pre,tablet,0.04
IMP00004110,CAM0051,EV00020190,2025-12-27T19:44:09,P062,pre,mobile,0.0258
IMP00004111,CAM0012,EV00007890,2025-06-05T12:46:10,P026,pre,tablet,0.0386
IMP00004112,CAM0039,EV00019519,2025-02-26T15:39:34,P011,mid,mobile,0.0261
IMP00004113,CAM0049,EV00002313,2025-12-16T15:29:41,P052,mid,smart_tv,0.0298
IMP00004114,CAM0016,EV00019385,2025-01-15T09:39:40,P031,pre,mobile,0.0371
IMP00004115,CAM0052,EV00011772,2025-12-18T14:06:03,P042,pre,streaming_stick,0.0334
IMP00004116,CAM0013,EV00007186,2025-11-24T11:09:23,P046,pre,tablet,0.0362
IMP00004117,CAM0005,EV00012451,2025-03-12T13:28:33,P055,pre,tablet,0.0386
IMP00004118,CAM0039,EV00008470,2025-03-29T14:31:26,P031,mid,tablet,0.044
IMP00004119,CAM0035,EV00005147,2025-08-21T14:00:52,P016,mid,desktop,0.0441
IMP00004120,CAM0047,EV00018627,2025-12-11T17:33:18,P053,post,tablet,0.0278
IMP00004121,CAM0033,EV00018958,2025-03-13T09:10:07,P009,pre,mobile,0.0204
IMP00004122,CAM0018,EV00007075,2025-10-28T11:02:57,P013,pre,tablet,0.0289
IMP00004123,CAM0021,EV00003174,2025-07-18T16:35:36,P024,mid,smart_tv,0.0203
IMP00004124,CAM0017,EV00003004,2025-03-04T14:02:20,P022,pre,mobile,0.0242
IMP00004125,CAM0012,EV00001075,2025-02-19T11:45:06,P027,pre,tablet,0.028
IMP00004126,CAM0006,EV00017994,2025-10-16T16:21:41,P037,pre,tablet,0.028
IMP00004127,CAM0039,EV00019676,2025-08-20T23:51:47,P014,mid,mobile,0.0404
IMP00004128,CAM0024,EV00014629,2025-10-07T07:18:55,P014,mid,tablet,0.0261
IMP00004129,CAM0052,EV00012139,2025-03-02T17:07:12,P034,mid,tablet,0.0413
IMP00004130,CAM0039,EV00015492,2025-08-12T12:26:47,P007,mid,tablet,0.034
IMP00004131,CAM0058,EV00015171,2025-10-03T11:44:11,P052,mid,mobile,0.0419
IMP00004132,CAM0048,EV00009818,2025-05-09T14:09:44,P059,pre,tablet,0.0318
IMP00004133,CAM0056,EV00009880,2025-08-23T07:32:44,P001,mid,mobile,0.0229
IMP00004134,CAM0008,EV00002002,2025-10-14T16:37:16,P023,mid,streaming_stick,0.0398
IMP00004135,CAM0018,EV00001454,2025-09-20T22:10:36,P031,mid,tablet,0.0213
IMP00004136,CAM0059,EV00020144,2025-09-19T10:26:38,P059,pre,mobile,0.0275
IMP00004137,CAM0057,EV00000378,2025-01-26T15:45:02,P047,pre,streaming_stick,0.0271
IMP00004138,CAM0045,EV00012540,2025-04-03T22:20:20,P041,mid,mobile,0.0436
IMP00004139,CAM0029,EV00004605,2025-10-01T15:34:25,P025,mid,tablet,0.0363
IMP00004140,CAM0035,EV00004059,2025-07-29T10:35:11,P052,mid,tablet,0.0311
IMP00004141,CAM0024,EV00007274,2025-06-11T00:20:38,P038,mid,tablet,0.035
IMP00004142,CAM0040,EV00003180,2025-10-16T17:08:59,P026,pre,tablet,0.041
IMP00004143,CAM0035,EV00000129,2025-02-21T20:50:27,P012,pre,tablet,0.0332
IMP00004144,CAM0042,EV00001631,2025-09-27T15:51:48,P027,pre,desktop,0.0447
IMP00004145,CAM0002,EV00012691,2025-02-17T15:13:51,P059,pre,streaming_stick,0.0338
IMP00004146,CAM0005,EV00016396,2025-07-05T19:57:29,P056,pre,mobile,0.042
IMP00004147,CAM0021,EV00011258,2025-08-09T16:55:09,P056,post,tablet,0.0303
IMP00004148,CAM0021,EV00002665,2025-05-07T23:44:59,P016,pre,mobile,0.0207
IMP00004149,CAM0013,EV00017495,2025-04-03T17:49:11,P060,mid,smart_tv,0.0342
IMP00004150,CAM0041,EV00004441,2025-08-06T17:14:05,P031,mid,mobile,0.0437
IMP00004151,CAM0055,EV00010402,2025-03-28T16:39:41,P047,pre,smart_tv,0.0409
IMP00004152,CAM0049,EV00006812,2025-12-17T23:58:27,P001,mid,mobile,0.038
IMP00004153,CAM0034,EV00018409,2025-08-04T10:11:52,P061,mid,mobile,0.044
IMP00004154,CAM0059,EV00003646,2025-12-01T13:43:08,P024,pre,tablet,0.0213
IMP00004155,CAM0005,EV00009906,2025-04-25T08:04:33,P039,mid,mobile,0.0212
IMP00004156,CAM0053,EV00002402,2025-04-13T10:38:56,P033,mid,mobile,0.0343
IMP00004157,CAM0037,EV00002754,2025-04-26T16:25:21,P012,mid,mobile,0.0353
IMP00004158,CAM0009,EV00011344,2025-08-08T23:07:34,P061,pre,tablet,0.0299
IMP00004159,CAM0017,EV00009046,2025-06-03T20:44:01,P010,pre,tablet,0.0427
IMP00004160,CAM0054,EV00002049,2025-02-08T07:07:44,P021,post,tablet,0.0214
IMP00004161,CAM0025,EV00018470,2025-07-09T16:43:57,P016,mid,mobile,0.0347
IMP00004162,CAM0052,EV00016120,2025-01-22T18:57:36,P051,mid,desktop,0.0427
IMP00004163,CAM0056,EV00012895,2025-06-10T15:20:23,P034,pre,mobile,0.0411
IMP00004164,CAM0053,EV00009234,2025-09-11T16:02:17,P042,post,mobile,0.0235
IMP00004165,CAM0009,EV00012439,2025-07-06T15:59:22,P019,pre,tablet,0.0201
IMP00004166,CAM0018,EV00000241,2025-10-05T17:41:13,P061,pre,desktop,0.041
IMP00004167,CAM0039,EV00009892,2025-10-16T18:51:54,P019,pre,tablet,0.0238
IMP00004168,CAM0032,EV00006011,2025-07-08T17:24:27,P005,mid,tablet,0.0272
IMP00004169,CAM0043,EV00009492,2025-09-19T21:03:57,P039,mid,mobile,0.032
IMP00004170,CAM0030,EV00006375,2025-03-25T22:17:39,P034,mid,streaming_stick,0.0447
IMP00004171,CAM0031,EV00018949,2025-11-06T16:27:15,P027,mid,tablet,0.0363
IMP00004172,CAM0025,EV00019265,2025-05-20T14:14:54,P002,mid,tablet,0.0318
IMP00004173,CAM0020,EV00017687,2025-04-22T16:44:23,P054,mid,smart_tv,0.0449
IMP00004174,CAM0028,EV00015734,2025-05-01T15:51:15,P053,pre,mobile,0.0266
IMP00004175,CAM0034,EV00007825,2025-02-28T15:16:01,P027,mid,tablet,0.023
IMP00004176,CAM0036,EV00015756,2025-07-11T21:59:10,P032,pre,mobile,0.0206
IMP00004177,CAM0019,EV00014170,2025-10-26T12:07:50,P011,mid,tablet,0.0449
IMP00004178,CAM0056,EV00012863,2025-05-26T07:30:28,P041,pre,mobile,0.0237
IMP00004179,CAM0018,EV00012267,2025-10-30T13:18:31,P001,mid,tablet,0.0277
IMP00004180,CAM0043,EV00001596,2025-06-10T20:37:28,P004,mid,tablet,0.043
IMP00004181,CAM0005,EV00011744,2025-08-04T06:38:34,P012,pre,mobile,0.0275
IMP00004182,CAM0015,EV00015417,2025-11-13T15:36:38,P044,mid,tablet,0.033
IMP00004183,CAM0033,EV00001829,2025-08-22T16:35:59,P056,pre,tablet,0.0349
IMP00004184,CAM0038,EV00019407,2025-07-12T11:10:47,P024,pre,mobile,0.0267
IMP00004185,CAM0041,EV00000615,2025-08-14T18:19:11,P061,post,mobile,0.0406
IMP00004186,CAM0047,EV00000582,2025-01-30T15:31:22,P048,mid,mobile,0.0258
IMP00004187,CAM0016,EV00013682,2025-12-14T16:02:50,P026,pre,tablet,0.0314
IMP00004188,CAM0058,EV00006904,2025-03-25T16:44:58,P001,post,mobile,0.0266
IMP00004189,CAM0030,EV00002005,2025-09-12T17:14:09,P024,pre,mobile,0.0314
IMP00004190,CAM0012,EV00016147,2025-01-17T12:42:56,P044,mid,desktop,0.0256
IMP00004191,CAM0057,EV00013747,2025-09-15T13:16:10,P029,pre,tablet,0.023
IMP00004192,CAM0057,EV00019715,2025-08-27T20:27:29,P041,pre,streaming_stick,0.0405
IMP00004193,CAM0006,EV00013474,2025-04-13T12:46:45,P035,mid,tablet,0.0337
IMP00004194,CAM0017,EV00006439,2025-07-21T17:11:49,P030,mid,smart_tv,0.0361
IMP00004195,CAM0039,EV00002981,2025-01-31T16:53:38,P003,pre,smart_tv,0.0241
IMP00004196,CAM0028,EV00018493,2025-06-06T22:29:19,P061,mid,tablet,0.0208
IMP00004197,CAM0055,EV00016445,2025-01-08T14:33:22,P015,pre,tablet,0.0402
IMP00004198,CAM0059,EV00016049,2025-04-09T18:22:46,P001,mid,streaming_stick,0.0269
IMP00004199,CAM0026,EV00019599,2025-09-29T10:59:26,P041,mid,smart_tv,0.0389
IMP00004200,CAM0057,EV00017555,2025-01-13T14:57:43,P046,mid,mobile,0.0277
IMP00004201,CAM0028,EV00005914,2025-08-08T16:09:40,P053,mid,tablet,0.0386
IMP00004202,CAM0012,EV00015808,2025-09-07T15:16:55,P031,pre,tablet,0.0244
IMP00004203,CAM0005,EV00010793,2025-02-19T10:58:23,P028,mid,desktop,0.023
IMP00004204,CAM0043,EV00001507,2025-09-24T16:37:20,P050,mid,mobile,0.0433
IMP00004205,CAM0022,EV00010783,2025-08-26T09:32:54,P036,mid,tablet,0.031
IMP00004206,CAM0010,EV00004085,2025-03-07T12:58:44,P003,pre,tablet,0.0381
IMP00004207,CAM0052,EV00013525,2025-04-03T15:53:03,P046,mid,tablet,0.034
IMP00004208,CAM0038,EV00010268,2025-07-20T18:58:27,P013,pre,mobile,0.0229
IMP00004209,CAM0025,EV00002384,2025-07-09T18:13:55,P044,mid,tablet,0.0247
IMP00004210,CAM0025,EV00008790,2025-05-28T08:03:19,P053,pre,tablet,0.0293
IMP00004211,CAM0041,EV00009707,2025-05-18T14:44:42,P025,pre,mobile,0.0297
IMP00004212,CAM0036,EV00015769,2025-02-15T10:57:41,P049,pre,tablet,0.0256
IMP00004213,CAM0029,EV00017540,2025-03-18T11:15:41,P024,mid,smart_tv,0.0314
IMP00004214,CAM0006,EV00001901,2025-07-20T12:18:05,P014,mid,mobile,0.0448
IMP00004215,CAM0016,EV00009072,2025-11-06T15:57:17,P048,mid,tablet,0.0303
IMP00004216,CAM0015,EV00018768,2025-10-08T16:11:44,P006,mid,desktop,0.0215
IMP00004217,CAM0037,EV00005019,2025-02-16T17:05:02,P018,pre,tablet,0.0364
IMP00004218,CAM0035,EV00011823,2025-10-28T19:59:48,P036,pre,tablet,0.0425
IMP00004219,CAM0024,EV00007065,2025-10-29T15:24:22,P014,pre,mobile,0.0377
IMP00004220,CAM0010,EV00018137,2025-02-01T14:52:06,P030,pre,mobile,0.0305
IMP00004221,CAM0024,EV00015368,2025-05-09T23:05:04,P057,pre,mobile,0.021
IMP00004222,CAM0004,EV00007582,2025-05-06T16:06:26,P055,post,mobile,0.0286
IMP00004223,CAM0011,EV00014503,2025-11-20T11:42:56,P003,pre,mobile,0.0264
IMP00004224,CAM0028,EV00015680,2025-09-24T15:40:05,P043,mid,mobile,0.0229
IMP00004225,CAM0040,EV00013265,2025-12-11T18:12:52,P035,mid,mobile,0.0411
IMP00004226,CAM0033,EV00009445,2025-11-26T14:13:43,P005,pre,tablet,0.0205
IMP00004227,CAM0011,EV00014818,2025-06-14T17:09:20,P033,pre,mobile,0.0252
IMP00004228,CAM0057,EV00014791,2025-09-29T12:09:34,P053,pre,tablet,0.0352
IMP00004229,CAM0056,EV00007299,2025-03-05T14:46:53,P027,mid,mobile,0.0226
IMP00004230,CAM0021,EV00002199,2025-10-20T18:08:04,P023,post,desktop,0.0263
IMP00004231,CAM0012,EV00017940,2025-12-02T18:14:01,P052,pre,tablet,0.033
IMP00004232,CAM0004,EV00013517,2025-08-30T20:17:36,P042,pre,streaming_stick,0.0203
IMP00004233,CAM0043,EV00012054,2025-09-01T22:59:16,P011,pre,desktop,0.0449
IMP00004234,CAM0047,EV00017629,2025-11-20T23:02:38,P061,mid,smart_tv,0.0238
IMP00004235,CAM0037,EV00016861,2025-06-23T19:00:32,P033,post,smart_tv,0.0427
IMP00004236,CAM0015,EV00002601,2025-12-09T16:40:15,P019,pre,tablet,0.0264
IMP00004237,CAM0059,EV00019890,2025-07-24T12:56:03,P054,pre,mobile,0.0255
IMP00004238,CAM0007,EV00009810,2025-06-29T19:08:15,P056,post,mobile,0.0209
IMP00004239,CAM0019,EV00004685,2025-05-18T14:56:33,P038,mid,smart_tv,0.0336
IMP00004240,CAM0038,EV00007885,2025-02-07T16:11:12,P028,pre,mobile,0.0306
IMP00004241,CAM0054,EV00001514,2025-10-18T13:11:44,P013,post,mobile,0.0358
IMP00004242,CAM0046,EV00009659,2025-06-15T20:11:13,P046,pre,mobile,0.0326
IMP00004243,CAM0054,EV00011564,2025-12-05T23:51:56,P047,mid,tablet,0.028
IMP00004244,CAM0017,EV00003160,2025-04-14T11:39:23,P051,pre,mobile,0.0305
IMP00004245,CAM0009,EV00018279,2025-10-22T10:34:33,P049,mid,mobile,0.0304
IMP00004246,CAM0002,EV00001405,2025-01-25T18:23:52,P040,pre,tablet,0.0392
IMP00004247,CAM0053,EV00013037,2025-07-19T14:55:10,P056,mid,tablet,0.0337
IMP00004248,CAM0047,EV00010208,2025-03-09T15:20:35,P052,mid,streaming_stick,0.0427
IMP00004249,CAM0023,EV00008890,2025-03-05T09:03:07,P020,pre,smart_tv,0.0335
IMP00004250,CAM0059,EV00019597,2025-09-29T09:59:25,P041,pre,smart_tv,0.0426
IMP00004251,CAM0041,EV00000401,2025-11-01T15:18:42,P052,mid,smart_tv,0.04
IMP00004252,CAM0026,EV00001854,2025-09-05T17:52:10,P049,pre,streaming_stick,0.0339
IMP00004253,CAM0035,EV00014022,2025-02-05T16:30:41,P043,pre,mobile,0.0287
IMP00004254,CAM0026,EV00016479,2025-12-09T15:59:08,P025,pre,mobile,0.0243
IMP00004255,CAM0040,EV00010806,2025-07-15T12:50:28,P016,pre,mobile,0.031
IMP00004256,CAM0026,EV00010082,2025-03-30T14:25:25,P027,post,tablet,0.0376
IMP00004257,CAM0053,EV00002534,2025-12-25T15:09:10,P043,pre,tablet,0.0411
IMP00004258,CAM0008,EV00005340,2025-03-06T10:09:34,P011,mid,streaming_stick,0.0352
IMP00004259,CAM0047,EV00002821,2025-07-02T14:02:24,P051,pre,tablet,0.0389
IMP00004260,CAM0012,EV00008443,2025-06-27T12:35:35,P013,pre,mobile,0.0354
IMP00004261,CAM0026,EV00017010,2025-09-09T12:10:39,P019,pre,tablet,0.0252
IMP00004262,CAM0031,EV00004424,2025-09-03T21:50:25,P004,pre,tablet,0.0238
IMP00004263,CAM0007,EV00020034,2025-01-30T12:48:56,P019,pre,tablet,0.0222
IMP00004264,CAM0044,EV00005945,2025-09-24T14:00:54,P050,pre,streaming_stick,0.0245
IMP00004265,CAM0041,EV00008704,2025-05-05T10:21:46,P053,mid,mobile,0.0332
IMP00004266,CAM0008,EV00006462,2025-04-08T12:22:58,P054,pre,tablet,0.027
IMP00004267,CAM0016,EV00018138,2025-08-11T18:02:59,P060,pre,tablet,0.0274
IMP00004268,CAM0014,EV00005265,2025-12-18T22:16:19,P030,pre,smart_tv,0.0359
IMP00004269,CAM0028,EV00006805,2025-07-02T11:20:42,P026,pre,mobile,0.0254
IMP00004270,CAM0015,EV00000037,2025-10-30T07:06:38,P027,pre,tablet,0.0291
IMP00004271,CAM0019,EV00017520,2025-11-21T22:25:43,P013,pre,mobile,0.0422
IMP00004272,CAM0027,EV00014176,2025-02-11T16:14:30,P032,pre,smart_tv,0.0343
IMP00004273,CAM0018,EV00001402,2025-11-12T23:08:24,P046,mid,desktop,0.0377
IMP00004274,CAM0028,EV00011579,2025-05-28T20:47:02,P038,mid,mobile,0.0272
IMP00004275,CAM0018,EV00015711,2025-06-21T16:59:58,P029,pre,desktop,0.0413
IMP00004276,CAM0021,EV00015304,2025-04-26T12:08:28,P023,pre,mobile,0.0394
IMP00004277,CAM0052,EV00009920,2025-02-02T11:04:41,P042,pre,mobile,0.0362
IMP00004278,CAM0029,EV00011211,2025-12-08T22:08:31,P011,pre,mobile,0.0327
IMP00004279,CAM0009,EV00015466,2025-11-02T22:46:28,P037,pre,streaming_stick,0.0204
IMP00004280,CAM0005,EV00011109,2025-08-22T18:05:07,P061,pre,mobile,0.0315
IMP00004281,CAM0001,EV00006885,2025-02-08T07:57:41,P028,pre,tablet,0.0241
IMP00004282,CAM0019,EV00009831,2025-12-23T22:40:46,P061,pre,mobile,0.0246
IMP00004283,CAM0028,EV00005590,2025-11-12T22:38:53,P036,pre,desktop,0.021
IMP00004284,CAM0028,EV00013309,2025-05-18T10:50:11,P016,mid,mobile,0.0421
IMP00004285,CAM0017,EV00020154,2025-01-25T19:19:38,P012,post,mobile,0.0407
IMP00004286,CAM0005,EV00014382,2025-07-05T22:11:14,P024,post,mobile,0.0297
IMP00004287,CAM0018,EV00005628,2025-04-09T07:02:19,P004,mid,tablet,0.0378
IMP00004288,CAM0003,EV00009568,2025-01-08T23:46:51,P028,pre,tablet,0.0309
IMP00004289,CAM0059,EV00010284,2025-06-10T19:29:22,P021,mid,tablet,0.0362
IMP00004290,CAM0033,EV00015597,2025-07-03T20:59:26,P058,pre,mobile,0.0289
IMP00004291,CAM0040,EV00006785,2025-11-06T10:15:59,P020,pre,mobile,0.0225
IMP00004292,CAM0047,EV00011644,2025-02-08T20:02:59,P028,mid,mobile,0.0363
IMP00004293,CAM0010,EV00007235,2025-07-12T10:13:47,P057,mid,mobile,0.0318
IMP00004294,CAM0018,EV00006207,2025-04-25T18:23:40,P005,mid,mobile,0.0233
IMP00004295,CAM0026,EV00007905,2025-10-05T15:49:00,P005,pre,tablet,0.0334
IMP00004296,CAM0046,EV00017056,2025-10-06T18:20:15,P026,mid,tablet,0.0399
IMP00004297,CAM0048,EV00002204,2025-03-27T22:04:52,P052,mid,desktop,0.043
IMP00004298,CAM0019,EV00001306,2025-05-12T17:04:13,P046,mid,tablet,0.0283
IMP00004299,CAM0025,EV00017413,2025-06-25T18:53:09,P055,mid,mobile,0.033
IMP00004300,CAM0011,EV00003118,2025-04-30T22:37:04,P054,pre,mobile,0.0309
IMP00004301,CAM0037,EV00007629,2025-12-05T18:24:27,P009,pre,mobile,0.0392
IMP00004302,CAM0002,EV00001156,2025-11-30T17:36:05,P015,pre,tablet,0.0277
IMP00004303,CAM0033,EV00002273,2025-11-28T07:11:58,P034,mid,desktop,0.0384
IMP00004304,CAM0040,EV00010248,2025-10-07T13:55:27,P046,pre,smart_tv,0.0406
IMP00004305,CAM0009,EV00002288,2025-11-29T18:23:41,P048,pre,mobile,0.0439
IMP00004306,CAM0030,EV00006008,2025-08-20T20:13:24,P025,post,mobile,0.0244
IMP00004307,CAM0055,EV00017565,2025-08-26T23:43:42,P046,pre,streaming_stick,0.0294
IMP00004308,CAM0003,EV00009783,2025-12-15T17:46:35,P053,mid,tablet,0.0207
IMP00004309,CAM0045,EV00018114,2025-04-16T15:19:28,P058,pre,tablet,0.0213
IMP00004310,CAM0053,EV00010449,2025-12-23T11:57:03,P037,mid,mobile,0.0402
IMP00004311,CAM0031,EV00016786,2025-06-19T15:51:37,P041,mid,mobile,0.0394
IMP00004312,CAM0001,EV00004913,2025-08-27T17:38:24,P052,pre,tablet,0.0211
IMP00004313,CAM0019,EV00001714,2025-10-25T19:48:02,P027,pre,mobile,0.0422
IMP00004314,CAM0048,EV00003889,2025-09-01T13:12:24,P008,mid,mobile,0.0323
IMP00004315,CAM0024,EV00018860,2025-06-12T10:23:33,P019,pre,smart_tv,0.0295
IMP00004316,CAM0053,EV00005942,2025-03-21T15:07:05,P003,mid,tablet,0.0366
IMP00004317,CAM0046,EV00007316,2025-02-23T12:21:02,P043,mid,tablet,0.0251
IMP00004318,CAM0059,EV00011223,2025-08-01T14:36:31,P031,pre,mobile,0.0373
IMP00004319,CAM0003,EV00009951,2025-12-07T20:26:45,P042,pre,tablet,0.0283
IMP00004320,CAM0037,EV00008766,2025-04-24T16:57:36,P035,mid,tablet,0.0263
IMP00004321,CAM0040,EV00017594,2025-06-28T19:32:46,P020,post,tablet,0.0381
IMP00004322,CAM0015,EV00009232,2025-09-11T15:49:47,P042,mid,mobile,0.0417
IMP00004323,CAM0013,EV00002194,2025-09-18T15:28:29,P032,post,mobile,0.0263
IMP00004324,CAM0050,EV00007281,2025-06-11T21:15:32,P016,post,tablet,0.0253
IMP00004325,CAM0027,EV00000461,2025-02-08T14:33:40,P054,pre,smart_tv,0.0444
IMP00004326,CAM0043,EV00004620,2025-10-12T14:56:13,P016,mid,tablet,0.0368
IMP00004327,CAM0025,EV00012867,2025-06-24T13:18:38,P029,mid,tablet,0.0285
IMP00004328,CAM0045,EV00001996,2025-10-16T19:55:27,P044,mid,mobile,0.0435
IMP00004329,CAM0055,EV00014879,2025-11-29T16:44:58,P013,mid,tablet,0.0367
IMP00004330,CAM0030,EV00014121,2025-06-02T15:09:23,P054,mid,tablet,0.0241
IMP00004331,CAM0051,EV00006348,2025-06-08T14:32:14,P030,pre,tablet,0.0236
IMP00004332,CAM0023,EV00019226,2025-09-07T10:07:29,P019,pre,desktop,0.0425
IMP00004333,CAM0022,EV00000702,2025-10-10T22:11:38,P020,mid,tablet,0.0231
IMP00004334,CAM0042,EV00009966,2025-02-06T10:19:44,P001,pre,tablet,0.0272
IMP00004335,CAM0041,EV00014455,2025-06-12T18:04:43,P051,pre,mobile,0.0226
IMP00004336,CAM0029,EV00006518,2025-09-19T12:59:48,P048,mid,smart_tv,0.0267
IMP00004337,CAM0053,EV00007570,2025-12-11T09:02:17,P056,mid,tablet,0.0218
IMP00004338,CAM0031,EV00018993,2025-06-25T14:18:32,P057,mid,mobile,0.0351
IMP00004339,CAM0001,EV00015395,2025-10-08T11:25:15,P054,mid,mobile,0.041
IMP00004340,CAM0055,EV00004445,2025-10-23T22:42:16,P006,mid,mobile,0.0391
IMP00004341,CAM0030,EV00015260,2025-05-29T13:19:15,P033,mid,mobile,0.043
IMP00004342,CAM0022,EV00015988,2025-11-29T22:01:14,P013,pre,streaming_stick,0.0334
IMP00004343,CAM0049,EV00009519,2025-06-23T23:39:02,P027,pre,tablet,0.0395
IMP00004344,CAM0057,EV00000735,2025-05-03T15:53:09,P061,mid,mobile,0.0334
IMP00004345,CAM0052,EV00019330,2025-01-27T06:48:05,P015,pre,tablet,0.0409
IMP00004346,CAM0031,EV00009605,2025-04-04T09:12:17,P004,pre,mobile,0.0241
IMP00004347,CAM0015,EV00011852,2025-08-16T20:23:21,P026,mid,desktop,0.0243
IMP00004348,CAM0047,EV00003061,2025-05-22T14:20:37,P001,pre,mobile,0.0378
IMP00004349,CAM0016,EV00006596,2025-01-10T11:53:20,P002,mid,desktop,0.0267
IMP00004350,CAM0035,EV00007716,2025-05-13T22:41:17,P014,mid,tablet,0.0381
IMP00004351,CAM0029,EV00019989,2025-11-02T22:32:07,P010,mid,tablet,0.0291
IMP00004352,CAM0031,EV00002849,2025-11-17T17:47:48,P021,pre,tablet,0.0216
IMP00004353,CAM0005,EV00007767,2025-08-16T18:50:13,P033,mid,tablet,0.0252
IMP00004354,CAM0018,EV00003494,2025-12-17T21:07:47,P039,mid,tablet,0.0437
IMP00004355,CAM0043,EV00017469,2025-01-06T14:48:58,P062,pre,smart_tv,0.0431
IMP00004356,CAM0025,EV00003381,2025-02-21T11:37:26,P058,pre,mobile,0.0315
IMP00004357,CAM0043,EV00015303,2025-08-17T23:42:38,P049,post,mobile,0.0391
IMP00004358,CAM0053,EV00002243,2025-03-06T18:15:07,P042,mid,tablet,0.0345
IMP00004359,CAM0023,EV00008677,2025-11-07T15:50:42,P001,pre,mobile,0.021
IMP00004360,CAM0027,EV00014617,2025-12-07T15:55:22,P059,pre,mobile,0.0233
IMP00004361,CAM0053,EV00015442,2025-06-27T13:44:01,P027,mid,tablet,0.0251
IMP00004362,CAM0051,EV00000733,2025-05-03T15:23:08,P061,pre,mobile,0.0447
IMP00004363,CAM0023,EV00002934,2025-11-02T17:21:44,P007,mid,mobile,0.0321
IMP00004364,CAM0056,EV00017384,2025-08-05T12:55:23,P022,post,mobile,0.0266
IMP00004365,CAM0035,EV00001947,2025-10-31T16:37:21,P024,mid,tablet,0.0326
IMP00004366,CAM0011,EV00016366,2025-07-26T11:53:36,P027,pre,tablet,0.0338
IMP00004367,CAM0038,EV00014520,2025-10-10T22:03:37,P018,mid,mobile,0.0222
IMP00004368,CAM0017,EV00003583,2025-01-09T17:19:33,P055,post,mobile,0.0207
IMP00004369,CAM0025,EV00007975,2025-10-16T00:32:46,P012,mid,streaming_stick,0.0271
IMP00004370,CAM0037,EV00005567,2025-04-07T15:08:24,P026,pre,tablet,0.0342
IMP00004371,CAM0021,EV00003746,2025-01-12T12:34:30,P018,pre,tablet,0.0429
IMP00004372,CAM0021,EV00006917,2025-03-11T13:21:50,P011,pre,mobile,0.0219
IMP00004373,CAM0059,EV00018633,2025-06-10T11:22:18,P060,mid,tablet,0.0443
IMP00004374,CAM0056,EV00009020,2025-09-06T13:13:41,P030,mid,mobile,0.0363
IMP00004375,CAM0037,EV00008297,2025-02-13T17:28:33,P011,mid,tablet,0.0423
IMP00004376,CAM0028,EV00014731,2025-04-14T17:19:23,P011,pre,tablet,0.0438
IMP00004377,CAM0010,EV00014171,2025-02-10T19:52:31,P002,pre,smart_tv,0.0247
IMP00004378,CAM0017,EV00007363,2025-11-29T20:23:46,P013,pre,tablet,0.0213
IMP00004379,CAM0027,EV00011935,2025-08-11T16:36:24,P039,pre,mobile,0.0221
IMP00004380,CAM0045,EV00013280,2025-11-04T21:02:52,P027,pre,tablet,0.0352
IMP00004381,CAM0056,EV00010732,2025-05-12T22:46:48,P052,post,smart_tv,0.0399
IMP00004382,CAM0027,EV00018109,2025-12-26T18:31:34,P036,pre,mobile,0.0391
IMP00004383,CAM0058,EV00004832,2025-06-04T18:42:23,P039,mid,streaming_stick,0.0271
IMP00004384,CAM0018,EV00010589,2025-08-08T15:32:36,P031,post,tablet,0.0336
IMP00004385,CAM0016,EV00013737,2025-02-23T14:41:38,P051,pre,tablet,0.0375
IMP00004386,CAM0007,EV00012550,2025-08-26T21:22:40,P050,mid,tablet,0.0381
IMP00004387,CAM0038,EV00010606,2025-03-02T12:17:17,P040,pre,tablet,0.0424
IMP00004388,CAM0002,EV00009490,2025-09-19T20:33:56,P039,pre,mobile,0.0305
IMP00004389,CAM0001,EV00010736,2025-11-13T20:50:32,P060,pre,mobile,0.0333
IMP00004390,CAM0020,EV00011979,2025-08-17T15:10:25,P048,mid,tablet,0.0335
IMP00004391,CAM0027,EV00007508,2025-03-17T21:01:10,P034,mid,mobile,0.0224
IMP00004392,CAM0043,EV00003650,2025-10-08T00:16:10,P014,mid,smart_tv,0.0323
IMP00004393,CAM0011,EV00010349,2025-08-02T17:42:48,P022,pre,tablet,0.0359
IMP00004394,CAM0019,EV00014465,2025-02-02T16:06:58,P017,pre,mobile,0.0354
IMP00004395,CAM0056,EV00016759,2025-04-18T14:09:14,P006,pre,tablet,0.0299
IMP00004396,CAM0011,EV00007503,2025-08-26T23:53:15,P005,mid,tablet,0.0404
IMP00004397,CAM0019,EV00000347,2025-08-04T22:20:34,P051,mid,streaming_stick,0.0414
IMP00004398,CAM0005,EV00019551,2025-02-14T13:49:33,P036,pre,desktop,0.0224
IMP00004399,CAM0048,EV00006859,2025-03-11T14:46:23,P035,pre,tablet,0.0333
IMP00004400,CAM0041,EV00003302,2025-04-09T18:21:54,P038,mid,streaming_stick,0.0237
IMP00004401,CAM0011,EV00014609,2025-08-23T17:16:31,P036,mid,tablet,0.0352
IMP00004402,CAM0033,EV00019477,2025-05-02T13:57:34,P039,mid,mobile,0.0372
IMP00004403,CAM0010,EV00014168,2025-10-26T11:37:50,P011,pre,tablet,0.0294
IMP00004404,CAM0031,EV00000495,2025-03-21T10:13:27,P020,mid,mobile,0.0295
IMP00004405,CAM0021,EV00016745,2025-03-31T20:48:22,P037,mid,streaming_stick,0.0209
IMP00004406,CAM0057,EV00001899,2025-07-20T11:48:04,P014,pre,mobile,0.033
IMP00004407,CAM0032,EV00013479,2025-12-05T10:55:00,P049,mid,smart_tv,0.0278
IMP00004408,CAM0041,EV00013025,2025-06-27T17:55:01,P006,pre,mobile,0.0208
IMP00004409,CAM0023,EV00010326,2025-06-12T15:56:18,P060,pre,smart_tv,0.0341
IMP00004410,CAM0014,EV00009247,2025-12-25T07:31:57,P034,pre,mobile,0.0246
IMP00004411,CAM0023,EV00011066,2025-01-08T16:13:19,P061,post,mobile,0.0328
IMP00004412,CAM0014,EV00015039,2025-11-19T18:40:55,P055,post,mobile,0.0301
IMP00004413,CAM0010,EV00013739,2025-02-23T14:56:38,P051,mid,tablet,0.0297
IMP00004414,CAM0058,EV00004024,2025-03-19T15:31:29,P022,mid,tablet,0.0441
IMP00004415,CAM0054,EV00013389,2025-10-29T15:43:57,P041,pre,mobile,0.025
IMP00004416,CAM0019,EV00005534,2025-06-27T17:55:20,P034,mid,desktop,0.0446
IMP00004417,CAM0002,EV00008377,2025-02-03T15:04:39,P042,pre,tablet,0.039
IMP00004418,CAM0011,EV00014676,2025-03-24T10:18:45,P051,mid,streaming_stick,0.0345
IMP00004419,CAM0001,EV00015077,2025-05-03T13:47:32,P030,mid,mobile,0.0275
IMP00004420,CAM0021,EV00019042,2025-09-15T15:39:37,P004,pre,streaming_stick,0.0243
IMP00004421,CAM0028,EV00007547,2025-06-19T23:56:07,P053,mid,tablet,0.045
IMP00004422,CAM0018,EV00005264,2025-11-05T21:56:07,P029,post,mobile,0.0318
IMP00004423,CAM0021,EV00003327,2025-05-22T15:05:04,P053,mid,mobile,0.0282
IMP00004424,CAM0006,EV00017557,2025-01-13T15:27:40,P046,post,mobile,0.0261
IMP00004425,CAM0038,EV00018509,2025-02-27T22:22:03,P054,post,mobile,0.0409
IMP00004426,CAM0033,EV00011567,2025-11-18T15:17:53,P032,pre,tablet,0.0369
IMP00004427,CAM0007,EV00013544,2025-02-28T15:04:03,P043,pre,tablet,0.0345
IMP00004428,CAM0057,EV00006727,2025-08-31T06:27:49,P046,pre,tablet,0.0259
IMP00004429,CAM0031,EV00018264,2025-10-20T19:08:23,P046,mid,smart_tv,0.04
IMP00004430,CAM0036,EV00005006,2025-11-08T15:51:28,P060,mid,streaming_stick,0.0403
IMP00004431,CAM0021,EV00008412,2025-08-17T22:25:47,P028,mid,mobile,0.0435
IMP00004432,CAM0010,EV00016545,2025-11-30T14:53:42,P062,pre,desktop,0.036
IMP00004433,CAM0054,EV00000819,2025-07-20T22:36:40,P056,mid,streaming_stick,0.0229
IMP00004434,CAM0057,EV00012131,2025-07-09T18:01:57,P028,pre,tablet,0.0426
IMP00004435,CAM0013,EV00014086,2025-05-23T14:30:25,P045,pre,tablet,0.0428
IMP00004436,CAM0023,EV00007841,2025-08-05T18:06:49,P033,pre,mobile,0.0229
IMP00004437,CAM0013,EV00006563,2025-08-01T19:21:31,P041,mid,tablet,0.0209
IMP00004438,CAM0026,EV00002143,2025-03-06T12:28:02,P034,mid,tablet,0.023
IMP00004439,CAM0007,EV00006973,2025-07-02T11:04:30,P046,post,streaming_stick,0.0222
IMP00004440,CAM0002,EV00019130,2025-01-29T14:05:06,P021,post,desktop,0.0444
IMP00004441,CAM0014,EV00014716,2025-10-28T12:32:23,P060,mid,desktop,0.0349
IMP00004442,CAM0012,EV00007019,2025-11-13T15:05:30,P020,mid,mobile,0.043
IMP00004443,CAM0012,EV00017707,2025-06-24T18:31:00,P047,pre,desktop,0.0378
IMP00004444,CAM0021,EV00008592,2025-10-09T21:28:37,P007,pre,tablet,0.0251
IMP00004445,CAM0020,EV00002811,2025-03-14T12:30:48,P054,pre,smart_tv,0.0222
IMP00004446,CAM0044,EV00015528,2025-12-17T21:45:50,P036,mid,mobile,0.0218
IMP00004447,CAM0009,EV00005497,2025-11-03T15:01:08,P001,pre,mobile,0.0439
IMP00004448,CAM0026,EV00013028,2025-04-15T14:44:37,P010,mid,mobile,0.0247
IMP00004449,CAM0021,EV00005654,2025-02-06T23:50:06,P058,mid,tablet,0.0413
IMP00004450,CAM0004,EV00012642,2025-10-30T16:37:37,P041,mid,desktop,0.0227
IMP00004451,CAM0002,EV00003028,2025-01-18T19:32:42,P005,mid,tablet,0.0316
IMP00004452,CAM0005,EV00002211,2025-04-08T15:44:35,P010,pre,tablet,0.0368
IMP00004453,CAM0028,EV00014288,2025-03-24T15:56:41,P012,pre,streaming_stick,0.0314
IMP00004454,CAM0045,EV00006996,2025-05-28T00:08:36,P006,mid,mobile,0.0436
IMP00004455,CAM0025,EV00000848,2025-03-26T15:18:06,P032,pre,mobile,0.0327
IMP00004456,CAM0029,EV00001289,2025-06-14T13:30:14,P043,mid,tablet,0.0397
IMP00004457,CAM0055,EV00016393,2025-04-12T16:10:27,P018,mid,smart_tv,0.028
IMP00004458,CAM0014,EV00018179,2025-10-25T19:20:34,P059,pre,mobile,0.0356
IMP00004459,CAM0034,EV00010943,2025-02-09T13:58:22,P011,pre,mobile,0.0394
IMP00004460,CAM0054,EV00019885,2025-05-08T17:05:18,P024,mid,smart_tv,0.034
IMP00004461,CAM0058,EV00013870,2025-09-25T15:46:12,P028,mid,tablet,0.0383
IMP00004462,CAM0043,EV00014973,2025-01-09T18:40:50,P016,post,tablet,0.0375
IMP00004463,CAM0008,EV00018302,2025-12-01T14:25:54,P040,mid,tablet,0.0403
IMP00004464,CAM0042,EV00017035,2025-01-09T23:45:00,P027,pre,desktop,0.0281
IMP00004465,CAM0041,EV00019544,2025-03-21T11:13:54,P008,pre,tablet,0.0204
IMP00004466,CAM0045,EV00013600,2025-07-10T22:01:24,P048,mid,tablet,0.0405
IMP00004467,CAM0026,EV00003193,2025-09-23T17:23:26,P004,pre,tablet,0.0214
IMP00004468,CAM0051,EV00009180,2025-05-25T16:11:26,P001,mid,smart_tv,0.0372
IMP00004469,CAM0037,EV00019299,2025-08-11T13:08:42,P033,pre,mobile,0.0203
IMP00004470,CAM0006,EV00006822,2025-09-12T15:52:50,P001,pre,smart_tv,0.034
IMP00004471,CAM0034,EV00007526,2025-01-01T17:54:30,P021,mid,mobile,0.0203
IMP00004472,CAM0028,EV00015880,2025-05-29T11:51:44,P008,pre,smart_tv,0.0415
IMP00004473,CAM0049,EV00018193,2025-09-25T21:58:13,P039,mid,mobile,0.0284
IMP00004474,CAM0046,EV00012982,2025-02-06T23:21:40,P051,pre,tablet,0.0264
IMP00004475,CAM0020,EV00017959,2025-04-28T14:10:35,P029,pre,tablet,0.0242
IMP00004476,CAM0035,EV00014908,2025-03-16T20:20:47,P039,post,mobile,0.0248
IMP00004477,CAM0010,EV00018358,2025-11-29T17:55:13,P005,pre,mobile,0.0388
IMP00004478,CAM0024,EV00020082,2025-10-26T14:47:56,P035,pre,smart_tv,0.0295
IMP00004479,CAM0045,EV00013603,2025-07-23T22:26:29,P020,pre,mobile,0.0432
IMP00004480,CAM0019,EV00000507,2025-05-16T17:06:11,P056,pre,streaming_stick,0.0206
IMP00004481,CAM0022,EV00007109,2025-02-16T15:47:33,P004,pre,mobile,0.0384
IMP00004482,CAM0020,EV00015729,2025-03-16T19:20:07,P022,pre,mobile,0.0332
IMP00004483,CAM0012,EV00013232,2025-10-22T17:04:57,P035,pre,streaming_stick,0.0367
IMP00004484,CAM0032,EV00014046,2025-09-11T13:54:00,P007,post,mobile,0.0257
IMP00004485,CAM0010,EV00003330,2025-10-13T14:24:54,P014,pre,mobile,0.0243
IMP00004486,CAM0018,EV00003926,2025-06-18T10:01:29,P062,pre,smart_tv,0.034
IMP00004487,CAM0006,EV00015193,2025-05-16T00:15:43,P062,mid,mobile,0.0354
IMP00004488,CAM0051,EV00012860,2025-08-01T14:42:11,P014,mid,tablet,0.0215
IMP00004489,CAM0054,EV00009137,2025-12-28T17:33:10,P026,mid,mobile,0.0207
IMP00004490,CAM0031,EV00016321,2025-09-02T17:32:51,P040,pre,streaming_stick,0.0207
IMP00004491,CAM0018,EV00005474,2025-12-07T17:23:35,P051,mid,tablet,0.0405
IMP00004492,CAM0015,EV00001003,2025-03-03T18:17:07,P058,pre,mobile,0.034
IMP00004493,CAM0006,EV00006056,2025-07-24T16:10:59,P048,mid,tablet,0.0217
IMP00004494,CAM0038,EV00005880,2025-12-12T10:31:35,P059,pre,mobile,0.0222
IMP00004495,CAM0021,EV00019789,2025-12-25T23:14:23,P029,post,mobile,0.0434
IMP00004496,CAM0020,EV00002527,2025-05-19T12:34:08,P008,mid,mobile,0.0339
IMP00004497,CAM0046,EV00019534,2025-05-26T08:17:17,P030,pre,tablet,0.0254
IMP00004498,CAM0051,EV00001578,2025-09-30T14:20:04,P015,post,mobile,0.042
IMP00004499,CAM0032,EV00000107,2025-03-28T23:38:36,P038,pre,mobile,0.028
IMP00004500,CAM0057,EV00005127,2025-08-07T16:29:41,P028,pre,mobile,0.0275
IMP00004501,CAM0029,EV00007420,2025-08-06T21:22:41,P019,mid,tablet,0.0437
IMP00004502,CAM0052,EV00013301,2025-09-19T11:40:54,P040,pre,smart_tv,0.044
IMP00004503,CAM0052,EV00010299,2025-10-30T15:59:38,P038,mid,mobile,0.0399
IMP00004504,CAM0033,EV00006146,2025-11-05T18:44:36,P030,pre,tablet,0.0281
IMP00004505,CAM0030,EV00005822,2025-10-10T22:07:38,P004,mid,tablet,0.0393
IMP00004506,CAM0040,EV00001552,2025-04-16T18:38:33,P027,post,mobile,0.0255
IMP00004507,CAM0039,EV00016908,2025-02-03T12:57:13,P039,pre,mobile,0.0325
IMP00004508,CAM0049,EV00002954,2025-04-12T14:26:58,P018,mid,mobile,0.0301
IMP00004509,CAM0029,EV00019309,2025-01-01T21:35:08,P056,post,mobile,0.0238
IMP00004510,CAM0041,EV00015121,2025-09-18T14:21:53,P044,mid,mobile,0.0363
IMP00004511,CAM0008,EV00008624,2025-09-06T17:04:13,P007,pre,tablet,0.0348
IMP00004512,CAM0028,EV00016748,2025-04-29T10:16:09,P021,mid,tablet,0.0329
IMP00004513,CAM0029,EV00019032,2025-05-19T16:47:00,P002,pre,tablet,0.0269
IMP00004514,CAM0027,EV00001640,2025-09-15T13:42:02,P028,post,tablet,0.0438
IMP00004515,CAM0041,EV00018324,2025-10-23T22:26:51,P003,pre,mobile,0.0292
IMP00004516,CAM0051,EV00015166,2025-12-03T14:07:42,P016,pre,mobile,0.0224
IMP00004517,CAM0010,EV00015853,2025-07-24T23:50:36,P021,mid,tablet,0.028
IMP00004518,CAM0050,EV00002791,2025-08-15T19:59:53,P020,pre,smart_tv,0.0231
IMP00004519,CAM0032,EV00004544,2025-10-10T20:43:00,P008,pre,mobile,0.0403
IMP00004520,CAM0017,EV00000991,2025-05-22T15:26:55,P058,pre,mobile,0.0419
IMP00004521,CAM0036,EV00004247,2025-09-05T22:54:46,P023,pre,mobile,0.0295
IMP00004522,CAM0023,EV00018976,2025-08-06T21:33:40,P022,pre,mobile,0.0266
IMP00004523,CAM0054,EV00017538,2025-03-18T11:00:44,P024,pre,smart_tv,0.0362
IMP00004524,CAM0003,EV00004773,2025-10-01T13:50:25,P049,pre,smart_tv,0.0203
IMP00004525,CAM0037,EV00003976,2025-04-11T12:58:27,P029,pre,mobile,0.0314
IMP00004526,CAM0055,EV00009953,2025-12-07T20:39:15,P042,mid,tablet,0.0257
IMP00004527,CAM0051,EV00008739,2025-04-11T14:53:29,P042,pre,mobile,0.039
IMP00004528,CAM0059,EV00012871,2025-02-10T20:20:24,P057,pre,mobile,0.03
IMP00004529,CAM0045,EV00005897,2025-04-02T21:45:47,P015,pre,mobile,0.0295
IMP00004530,CAM0007,EV00014393,2025-01-28T15:16:12,P029,pre,mobile,0.0425
IMP00004531,CAM0023,EV00008379,2025-02-03T15:17:14,P042,mid,tablet,0.0279
IMP00004532,CAM0013,EV00016447,2025-01-08T15:03:22,P015,mid,tablet,0.0214
IMP00004533,CAM0005,EV00012741,2025-10-09T20:37:22,P042,pre,mobile,0.0346
IMP00004534,CAM0016,EV00019618,2025-02-03T15:37:38,P034,mid,tablet,0.0285
IMP00004535,CAM0026,EV00017405,2025-12-06T16:00:30,P032,pre,streaming_stick,0.0329
IMP00004536,CAM0031,EV00010610,2025-03-02T13:17:17,P040,post,tablet,0.0233
IMP00004537,CAM0033,EV00007777,2025-12-13T13:56:02,P043,mid,mobile,0.0384
IMP00004538,CAM0046,EV00016168,2025-03-13T14:42:08,P010,pre,tablet,0.0235
IMP00004539,CAM0024,EV00009537,2025-08-20T21:08:13,P030,mid,mobile,0.0289
IMP00004540,CAM0010,EV00017464,2025-03-17T21:52:31,P059,pre,mobile,0.0429
IMP00004541,CAM0040,EV00012984,2025-02-06T23:36:45,P051,mid,tablet,0.0323
IMP00004542,CAM0005,EV00017485,2025-07-23T12:08:32,P021,pre,tablet,0.034
IMP00004543,CAM0046,EV00004010,2025-10-12T14:19:07,P030,mid,tablet,0.0362
IMP00004544,CAM0052,EV00012558,2025-07-23T14:56:38,P006,pre,smart_tv,0.0379
IMP00004545,CAM0036,EV00009237,2025-06-14T14:48:11,P010,mid,streaming_stick,0.0248
IMP00004546,CAM0035,EV00020003,2025-02-14T11:04:02,P002,pre,mobile,0.0225
IMP00004547,CAM0043,EV00010966,2025-09-09T12:22:36,P010,mid,tablet,0.0234
IMP00004548,CAM0030,EV00017874,2025-09-16T16:32:00,P008,pre,mobile,0.0247
IMP00004549,CAM0015,EV00000838,2025-01-13T14:01:36,P031,pre,smart_tv,0.032
IMP00004550,CAM0037,EV00001490,2025-01-27T15:29:16,P011,mid,tablet,0.0213
IMP00004551,CAM0040,EV00013438,2025-04-03T14:30:27,P009,pre,tablet,0.0352
IMP00004552,CAM0035,EV00006497,2025-12-25T23:02:09,P011,mid,mobile,0.0256
IMP00004553,CAM0009,EV00003057,2025-04-18T15:54:49,P047,pre,mobile,0.0397
IMP00004554,CAM0036,EV00018209,2025-01-15T18:42:20,P030,mid,tablet,0.0263
IMP00004555,CAM0003,EV00002932,2025-11-02T17:06:44,P007,pre,mobile,0.0443
IMP00004556,CAM0014,EV00007408,2025-02-23T12:23:53,P060,pre,tablet,0.0316
IMP00004557,CAM0037,EV00010573,2025-01-04T12:18:27,P001,mid,tablet,0.0385
IMP00004558,CAM0025,EV00001749,2025-03-02T23:34:58,P033,post,tablet,0.0243
IMP00004559,CAM0036,EV00000805,2025-02-20T14:59:05,P011,post,tablet,0.0373
IMP00004560,CAM0037,EV00007521,2025-01-04T17:34:01,P050,mid,desktop,0.045
IMP00004561,CAM0015,EV00015316,2025-10-19T11:16:07,P012,pre,tablet,0.041
IMP00004562,CAM0009,EV00001062,2025-06-22T08:20:52,P009,mid,tablet,0.0252
IMP00004563,CAM0051,EV00017377,2025-04-09T14:17:42,P042,mid,tablet,0.0378
IMP00004564,CAM0031,EV00008846,2025-06-22T15:19:30,P028,pre,tablet,0.0389
IMP00004565,CAM0025,EV00020117,2025-08-29T08:26:23,P013,pre,smart_tv,0.035
IMP00004566,CAM0016,EV00014855,2025-06-20T21:28:47,P016,mid,tablet,0.0406
IMP00004567,CAM0023,EV00014437,2025-03-15T10:00:23,P032,pre,mobile,0.0334
IMP00004568,CAM0044,EV00010539,2025-12-13T18:14:04,P048,pre,tablet,0.0324
IMP00004569,CAM0044,EV00013642,2025-10-05T17:52:50,P010,pre,tablet,0.0413
IMP00004570,CAM0032,EV00007304,2025-03-09T14:28:12,P048,mid,mobile,0.0212
IMP00004571,CAM0017,EV00009557,2025-12-08T14:19:01,P008,pre,tablet,0.0386
IMP00004572,CAM0051,EV00019475,2025-05-02T13:27:33,P039,pre,mobile,0.0242
IMP00004573,CAM0037,EV00013180,2025-09-14T19:49:21,P004,mid,mobile,0.0312
IMP00004574,CAM0035,EV00013124,2025-10-12T14:40:52,P001,mid,tablet,0.0423
IMP00004575,CAM0040,EV00015564,2025-05-27T00:06:03,P012,post,desktop,0.0234
IMP00004576,CAM0017,EV00018390,2025-06-06T10:52:59,P032,pre,tablet,0.0249
IMP00004577,CAM0039,EV00003806,2025-08-21T23:52:53,P033,pre,mobile,0.0372
IMP00004578,CAM0018,EV00007810,2025-01-19T14:25:03,P030,mid,tablet,0.0293
IMP00004579,CAM0057,EV00008335,2025-10-13T19:27:16,P028,pre,tablet,0.0402
IMP00004580,CAM0006,EV00010765,2025-08-06T23:55:27,P002,pre,tablet,0.0206
IMP00004581,CAM0015,EV00003504,2025-02-21T14:06:51,P060,mid,tablet,0.0201
IMP00004582,CAM0023,EV00018339,2025-02-23T22:12:32,P032,pre,tablet,0.0392
IMP00004583,CAM0055,EV00000662,2025-12-15T15:19:58,P034,pre,tablet,0.0257
IMP00004584,CAM0021,EV00003574,2025-11-20T13:01:29,P055,pre,tablet,0.0202
IMP00004585,CAM0050,EV00009899,2025-09-07T08:26:03,P029,mid,mobile,0.0396
IMP00004586,CAM0014,EV00005662,2025-07-11T21:19:10,P057,pre,mobile,0.0373
IMP00004587,CAM0055,EV00013684,2025-12-14T16:15:20,P026,mid,tablet,0.0325
IMP00004588,CAM0022,EV00017029,2025-09-30T12:04:54,P025,pre,mobile,0.0328
IMP00004589,CAM0048,EV00016844,2025-03-21T17:01:30,P004,mid,tablet,0.0236
IMP00004590,CAM0027,EV00006639,2025-08-02T18:43:00,P008,mid,tablet,0.0404
IMP00004591,CAM0043,EV00013061,2025-03-03T17:44:47,P035,mid,mobile,0.0402
IMP00004592,CAM0047,EV00003633,2025-11-14T08:35:55,P062,mid,tablet,0.0397
IMP00004593,CAM0050,EV00006887,2025-02-08T08:10:08,P028,mid,tablet,0.0385
IMP00004594,CAM0002,EV00011297,2025-08-01T13:49:34,P040,pre,mobile,0.0204
IMP00004595,CAM0003,EV00001986,2025-07-24T19:13:27,P054,mid,mobile,0.0345
IMP00004596,CAM0011,EV00002165,2025-10-16T18:24:56,P045,pre,mobile,0.0299
IMP00004597,CAM0029,EV00004146,2025-04-29T21:53:02,P025,pre,mobile,0.0322
IMP00004598,CAM0056,EV00007445,2025-12-27T11:41:39,P013,pre,mobile,0.0235
IMP00004599,CAM0039,EV00004254,2025-09-15T07:54:50,P005,mid,mobile,0.0392
IMP00004600,CAM0024,EV00001241,2025-12-07T16:41:36,P044,mid,desktop,0.0399
IMP00004601,CAM0057,EV00006571,2025-01-15T15:11:40,P032,mid,tablet,0.0288
IMP00004602,CAM0008,EV00001979,2025-01-04T15:58:31,P024,pre,streaming_stick,0.0333
IMP00004603,CAM0047,EV00006814,2025-07-25T15:40:31,P049,pre,mobile,0.0358
IMP00004604,CAM0031,EV00005236,2025-04-26T16:08:30,P030,mid,mobile,0.0249
IMP00004605,CAM0029,EV00010506,2025-06-17T21:50:06,P039,post,tablet,0.0358
IMP00004606,CAM0038,EV00009600,2025-05-03T12:31:31,P013,pre,tablet,0.043
IMP00004607,CAM0007,EV00009752,2025-02-22T09:08:10,P036,pre,mobile,0.031
IMP00004608,CAM0013,EV00019438,2025-01-04T10:37:12,P057,pre,tablet,0.0207
IMP00004609,CAM0010,EV00020000,2025-09-17T14:46:05,P046,mid,smart_tv,0.035
IMP00004610,CAM0028,EV00002241,2025-03-06T18:02:39,P042,pre,tablet,0.04
IMP00004611,CAM0040,EV00017736,2025-10-15T22:31:40,P051,pre,mobile,0.0232
IMP00004612,CAM0026,EV00005461,2025-06-22T16:21:47,P006,post,tablet,0.0256
IMP00004613,CAM0023,EV00009530,2025-09-20T13:18:56,P041,pre,streaming_stick,0.0231
IMP00004614,CAM0050,EV00001187,2025-12-18T18:02:02,P019,mid,mobile,0.031
IMP00004615,CAM0034,EV00007093,2025-09-04T13:31:00,P057,pre,tablet,0.0207
IMP00004616,CAM0042,EV00001021,2025-10-24T19:13:44,P011,mid,streaming_stick,0.0238
IMP00004617,CAM0003,EV00015060,2025-09-09T12:16:23,P048,pre,mobile,0.039
IMP00004618,CAM0056,EV00010472,2025-07-16T19:31:50,P018,pre,mobile,0.0374
IMP00004619,CAM0048,EV00013281,2025-01-12T11:28:58,P033,pre,smart_tv,0.0381
IMP00004620,CAM0048,EV00013487,2025-11-29T09:45:01,P022,mid,mobile,0.0449
IMP00004621,CAM0011,EV00009684,2025-05-15T10:54:25,P023,post,streaming_stick,0.021
IMP00004622,CAM0048,EV00000075,2025-05-05T00:01:15,P045,pre,mobile,0.0203
IMP00004623,CAM0029,EV00001359,2025-06-17T13:40:25,P040,mid,tablet,0.0336
IMP00004624,CAM0020,EV00010600,2025-08-25T09:57:25,P003,pre,tablet,0.0301
IMP00004625,CAM0005,EV00004282,2025-10-16T11:19:50,P049,mid,mobile,0.0341
IMP00004626,CAM0031,EV00011002,2025-09-07T00:04:21,P041,mid,desktop,0.0314
IMP00004627,CAM0002,EV00017108,2025-01-21T15:03:30,P034,mid,tablet,0.0306
IMP00004628,CAM0012,EV00004034,2025-10-23T12:38:27,P056,mid,mobile,0.0243
IMP00004629,CAM0050,EV00006844,2025-08-31T06:28:29,P015,pre,tablet,0.0229
IMP00004630,CAM0053,EV00010791,2025-02-19T10:45:49,P028,pre,desktop,0.0415
IMP00004631,CAM0012,EV00001480,2025-12-30T17:27:23,P028,mid,tablet,0.0213
IMP00004632,CAM0026,EV00006422,2025-04-29T07:10:25,P018,mid,mobile,0.021
IMP00004633,CAM0031,EV00007813,2025-08-17T18:17:26,P041,pre,tablet,0.0233
IMP00004634,CAM0036,EV00007978,2025-02-27T06:48:52,P059,pre,mobile,0.0256
IMP00004635,CAM0008,EV00006132,2025-12-14T15:40:35,P061,mid,tablet,0.04
IMP00004636,CAM0013,EV00011825,2025-05-21T09:06:33,P027,pre,mobile,0.0322
IMP00004637,CAM0004,EV00018723,2025-04-12T07:44:49,P033,mid,tablet,0.0288
IMP00004638,CAM0045,EV00013337,2025-10-26T22:07:06,P011,mid,mobile,0.0432
IMP00004639,CAM0026,EV00014718,2025-10-31T16:51:42,P055,pre,mobile,0.0365
IMP00004640,CAM0030,EV00019685,2025-07-16T19:47:06,P044,pre,mobile,0.0395
IMP00004641,CAM0054,EV00017665,2025-11-06T11:59:36,P006,mid,tablet,0.023
IMP00004642,CAM0034,EV00001821,2025-09-06T14:49:25,P022,mid,mobile,0.0371
IMP00004643,CAM0019,EV00015690,2025-10-01T00:09:12,P038,mid,mobile,0.0251
IMP00004644,CAM0040,EV00009224,2025-12-24T16:41:04,P033,pre,streaming_stick,0.0325
IMP00004645,CAM0006,EV00002846,2025-07-09T09:01:17,P013,mid,tablet,0.0362
IMP00004646,CAM0026,EV00006792,2025-03-21T16:51:58,P049,mid,streaming_stick,0.0434
IMP00004647,CAM0015,EV00010410,2025-04-13T07:34:42,P043,pre,tablet,0.0366
IMP00004648,CAM0028,EV00009278,2025-09-30T12:31:29,P010,mid,mobile,0.0307
IMP00004649,CAM0014,EV00003275,2025-12-13T14:56:39,P058,pre,mobile,0.0415
IMP00004650,CAM0037,EV00010176,2025-12-13T19:55:19,P005,pre,tablet,0.0447
IMP00004651,CAM0003,EV00018188,2025-11-19T18:01:20,P003,mid,mobile,0.0355
IMP00004652,CAM0039,EV00003920,2025-06-22T12:42:56,P023,post,mobile,0.0385
IMP00004653,CAM0046,EV00004504,2025-09-04T22:31:43,P005,pre,mobile,0.0439
IMP00004654,CAM0056,EV00011925,2025-05-11T21:22:46,P001,pre,tablet,0.0222
IMP00004655,CAM0059,EV00007620,2025-10-29T15:23:38,P037,pre,tablet,0.0387
IMP00004656,CAM0018,EV00012259,2025-08-09T19:47:03,P028,pre,smart_tv,0.022
IMP00004657,CAM0054,EV00019258,2025-07-09T00:03:07,P016,mid,tablet,0.0282
IMP00004658,CAM0037,EV00010713,2025-09-08T15:41:53,P023,pre,tablet,0.034
IMP00004659,CAM0041,EV00015141,2025-11-08T15:29:28,P051,pre,streaming_stick,0.0343
IMP00004660,CAM0048,EV00008954,2025-06-30T16:14:58,P026,post,smart_tv,0.0265
IMP00004661,CAM0032,EV00002866,2025-08-11T18:45:56,P040,mid,smart_tv,0.0447
IMP00004662,CAM0026,EV00011520,2025-06-28T14:02:45,P030,mid,smart_tv,0.0274
IMP00004663,CAM0001,EV00016627,2025-05-24T09:47:14,P050,pre,desktop,0.0337
IMP00004664,CAM0042,EV00019852,2025-04-24T11:51:08,P010,mid,mobile,0.0422
IMP00004665,CAM0024,EV00007017,2025-11-13T14:35:27,P020,pre,mobile,0.0408
IMP00004666,CAM0015,EV00009856,2025-12-31T15:37:14,P022,pre,tablet,0.0385
IMP00004667,CAM0047,EV00018165,2025-11-28T16:29:26,P057,mid,tablet,0.044
IMP00004668,CAM0015,EV00007583,2025-07-05T22:23:13,P048,pre,smart_tv,0.03
IMP00004669,CAM0037,EV00017516,2025-02-06T14:48:36,P024,post,tablet,0.0304
IMP00004670,CAM0035,EV00018712,2025-08-17T16:58:07,P003,pre,tablet,0.0285
IMP00004671,CAM0047,EV00002117,2025-05-24T13:31:55,P035,mid,smart_tv,0.0231
IMP00004672,CAM0052,EV00006907,2025-02-28T19:03:29,P033,mid,tablet,0.0351
IMP00004673,CAM0043,EV00011276,2025-07-29T18:45:54,P045,pre,streaming_stick,0.035
IMP00004674,CAM0047,EV00006667,2025-01-30T20:31:10,P053,mid,tablet,0.0337
IMP00004675,CAM0032,EV00000189,2025-09-19T15:23:09,P029,pre,mobile,0.0306
IMP00004676,CAM0038,EV00017096,2025-02-16T14:04:11,P038,pre,mobile,0.0309
IMP00004677,CAM0046,EV00002376,2025-08-06T23:24:55,P006,pre,tablet,0.0334
IMP00004678,CAM0054,EV00004891,2025-02-10T15:23:41,P056,mid,smart_tv,0.0274
IMP00004679,CAM0054,EV00018991,2025-06-25T13:48:35,P057,pre,mobile,0.0248
IMP00004680,CAM0054,EV00010240,2025-06-05T15:21:15,P032,pre,desktop,0.0206
IMP00004681,CAM0031,EV00015791,2025-12-24T08:37:36,P030,post,tablet,0.0328
IMP00004682,CAM0028,EV00010738,2025-11-13T21:13:01,P060,mid,mobile,0.0261
IMP00004683,CAM0008,EV00006648,2025-04-02T17:36:32,P035,pre,mobile,0.0382
IMP00004684,CAM0045,EV00011482,2025-09-16T15:06:34,P005,pre,desktop,0.0437
IMP00004685,CAM0016,EV00003106,2025-11-12T18:34:26,P043,pre,mobile,0.0261
IMP00004686,CAM0043,EV00016246,2025-12-16T18:30:01,P056,pre,mobile,0.0367
IMP00004687,CAM0015,EV00010196,2025-06-21T15:37:06,P029,pre,tablet,0.0313
IMP00004688,CAM0003,EV00018728,2025-02-06T20:31:09,P006,mid,tablet,0.0281
IMP00004689,CAM0032,EV00010130,2025-01-31T18:08:38,P060,mid,tablet,0.0246
IMP00004690,CAM0050,EV00005731,2025-02-22T15:49:33,P056,post,mobile,0.0422
IMP00004691,CAM0025,EV00003726,2025-08-20T20:17:21,P023,post,desktop,0.0376
IMP00004692,CAM0027,EV00017358,2025-07-10T15:10:40,P008,mid,smart_tv,0.0239
IMP00004693,CAM0020,EV00016508,2025-02-03T14:31:07,P020,pre,tablet,0.0348
IMP00004694,CAM0021,EV00002611,2025-06-11T07:54:53,P019,pre,streaming_stick,0.0394
IMP00004695,CAM0005,EV00013774,2025-10-17T20:09:30,P031,pre,mobile,0.042
IMP00004696,CAM0024,EV00014427,2025-08-04T22:01:51,P024,pre,streaming_stick,0.0224
IMP00004697,CAM0053,EV00016401,2025-10-20T21:06:50,P041,mid,mobile,0.0239
IMP00004698,CAM0032,EV00015912,2025-01-19T16:54:23,P050,mid,mobile,0.021
IMP00004699,CAM0057,EV00000656,2025-05-13T14:54:41,P019,pre,tablet,0.0388
IMP00004700,CAM0031,EV00010262,2025-12-18T19:45:27,P052,post,streaming_stick,0.0319
IMP00004701,CAM0053,EV00001736,2025-10-27T22:00:49,P006,pre,tablet,0.0373
IMP00004702,CAM0041,EV00016898,2025-09-22T14:57:46,P051,pre,mobile,0.0426
IMP00004703,CAM0030,EV00017942,2025-12-02T18:43:59,P052,mid,tablet,0.0433
IMP00004704,CAM0043,EV00004719,2025-11-28T15:56:35,P032,pre,mobile,0.0437
IMP00004705,CAM0044,EV00001726,2025-09-05T19:08:04,P031,pre,mobile,0.0305
IMP00004706,CAM0049,EV00013188,2025-03-25T17:18:32,P046,pre,tablet,0.0299
IMP00004707,CAM0037,EV00014138,2025-01-15T18:19:18,P029,mid,streaming_stick,0.0427
IMP00004708,CAM0044,EV00016536,2025-06-18T13:26:12,P035,pre,mobile,0.0279
IMP00004709,CAM0011,EV00008087,2025-08-20T20:54:59,P033,mid,mobile,0.0423
IMP00004710,CAM0022,EV00018451,2025-03-16T09:58:29,P035,mid,streaming_stick,0.0447
IMP00004711,CAM0037,EV00013850,2025-06-20T17:57:40,P046,pre,tablet,0.0393
IMP00004712,CAM0014,EV00002190,2025-09-18T13:20:28,P032,pre,mobile,0.0386
IMP00004713,CAM0001,EV00001435,2025-09-27T17:06:22,P043,pre,mobile,0.044
IMP00004714,CAM0040,EV00017545,2025-05-14T12:26:37,P009,mid,streaming_stick,0.0268
IMP00004715,CAM0022,EV00011818,2025-02-26T19:35:51,P014,mid,desktop,0.038
IMP00004716,CAM0010,EV00002966,2025-05-17T10:11:52,P001,post,desktop,0.023
IMP00004717,CAM0020,EV00018926,2025-08-30T21:33:59,P050,post,mobile,0.0348
IMP00004718,CAM0017,EV00001799,2025-04-23T12:44:41,P060,pre,tablet,0.0209
IMP00004719,CAM0021,EV00005569,2025-04-07T15:20:56,P026,mid,tablet,0.0217
IMP00004720,CAM0051,EV00014373,2025-09-24T17:54:40,P043,mid,smart_tv,0.0327
IMP00004721,CAM0020,EV00011874,2025-02-23T14:17:39,P034,post,tablet,0.0352
IMP00004722,CAM0007,EV00009699,2025-07-11T18:03:49,P005,mid,mobile,0.0233
IMP00004723,CAM0055,EV00018618,2025-11-18T12:29:05,P023,pre,desktop,0.0262
IMP00004724,CAM0037,EV00006848,2025-03-16T06:46:48,P011,pre,tablet,0.0231
IMP00004725,CAM0050,EV00014124,2025-09-14T23:05:23,P059,pre,streaming_stick,0.0277
IMP00004726,CAM0018,EV00002924,2025-04-13T14:52:18,P031,mid,mobile,0.037
IMP00004727,CAM0008,EV00016074,2025-09-24T09:41:55,P062,pre,mobile,0.0208
IMP00004728,CAM0049,EV00005509,2025-08-30T13:59:05,P020,mid,tablet,0.0419
IMP00004729,CAM0045,EV00003956,2025-08-02T16:28:23,P033,pre,desktop,0.026
IMP00004730,CAM0002,EV00015678,2025-09-24T15:27:38,P043,pre,mobile,0.0378
IMP00004731,CAM0005,EV00014274,2025-03-14T16:23:50,P022,pre,mobile,0.0438
IMP00004732,CAM0047,EV00008926,2025-01-27T16:53:33,P017,pre,tablet,0.0411
IMP00004733,CAM0031,EV00004823,2025-03-05T21:12:42,P017,pre,mobile,0.0266
IMP00004734,CAM0009,EV00020119,2025-08-29T08:56:23,P013,mid,smart_tv,0.0248
IMP00004735,CAM0003,EV00008882,2025-07-12T09:16:02,P029,mid,mobile,0.0362
IMP00004736,CAM0050,EV00004178,2025-08-10T19:03:25,P028,mid,mobile,0.0269
IMP00004737,CAM0011,EV00004217,2025-11-02T08:53:03,P028,mid,tablet,0.0269
IMP00004738,CAM0024,EV00000297,2025-04-10T14:03:18,P027,mid,mobile,0.0303
IMP00004739,CAM0048,EV00016383,2025-04-27T15:43:13,P048,mid,tablet,0.0225
IMP00004740,CAM0044,EV00005303,2025-12-25T22:38:23,P033,pre,mobile,0.0318
IMP00004741,CAM0025,EV00000906,2025-04-29T21:45:11,P026,pre,tablet,0.0251
IMP00004742,CAM0013,EV00000312,2025-04-15T10:35:26,P013,mid,mobile,0.0393
IMP00004743,CAM0003,EV00004406,2025-11-21T20:15:06,P017,mid,mobile,0.0331
IMP00004744,CAM0045,EV00014915,2025-08-16T20:10:39,P022,pre,desktop,0.0328
IMP00004745,CAM0005,EV00007342,2025-04-08T19:17:28,P057,post,smart_tv,0.026
IMP00004746,CAM0058,EV00013563,2025-09-18T14:36:34,P055,mid,mobile,0.0227
IMP00004747,CAM0016,EV00012694,2025-12-07T14:31:00,P051,mid,tablet,0.0298
IMP00004748,CAM0038,EV00007207,2025-05-15T10:49:45,P037,pre,mobile,0.0425
IMP00004749,CAM0036,EV00005054,2025-03-10T23:34:38,P019,pre,tablet,0.0426
IMP00004750,CAM0051,EV00007980,2025-02-27T07:33:53,P059,mid,mobile,0.0329
IMP00004751,CAM0031,EV00016412,2025-01-18T11:07:22,P013,pre,smart_tv,0.0399
IMP00004752,CAM0024,EV00010715,2025-09-08T16:11:53,P023,mid,tablet,0.0361
IMP00004753,CAM0043,EV00005900,2025-01-15T17:28:28,P001,mid,tablet,0.0376
IMP00004754,CAM0036,EV00012749,2025-10-10T09:17:32,P011,post,smart_tv,0.0352
IMP00004755,CAM0007,EV00006390,2025-01-13T20:22:49,P046,pre,tablet,0.0377
IMP00004756,CAM0020,EV00003618,2025-02-27T20:29:52,P023,pre,mobile,0.0441
IMP00004757,CAM0053,EV00003300,2025-04-09T17:51:52,P038,pre,streaming_stick,0.0292
IMP00004758,CAM0038,EV00018600,2025-05-17T07:11:40,P061,mid,desktop,0.0396
IMP00004759,CAM0028,EV00017201,2025-09-04T17:58:12,P007,mid,tablet,0.0218
IMP00004760,CAM0030,EV00007708,2025-08-30T10:29:11,P012,post,streaming_stick,0.0233
IMP00004761,CAM0049,EV00002603,2025-12-09T17:10:13,P019,mid,tablet,0.0296
IMP00004762,CAM0045,EV00011605,2025-05-13T11:39:08,P002,mid,tablet,0.0206
IMP00004763,CAM0012,EV00003006,2025-03-04T14:32:21,P022,mid,mobile,0.0257
IMP00004764,CAM0002,EV00017454,2025-07-17T14:55:02,P057,pre,tablet,0.0356
IMP00004765,CAM0010,EV00002697,2025-04-22T08:08:40,P059,pre,mobile,0.0239
IMP00004766,CAM0007,EV00014116,2025-06-29T11:05:54,P060,mid,tablet,0.0281
IMP00004767,CAM0013,EV00010897,2025-09-03T09:15:36,P058,pre,tablet,0.0385
IMP00004768,CAM0023,EV00008844,2025-04-21T18:48:05,P050,pre,mobile,0.0356
IMP00004769,CAM0040,EV00018996,2025-02-19T23:58:19,P012,pre,tablet,0.0262
IMP00004770,CAM0029,EV00000011,2025-02-22T13:05:43,P009,pre,tablet,0.0364
IMP00004771,CAM0030,EV00007644,2025-02-22T13:40:48,P015,pre,streaming_stick,0.0254
IMP00004772,CAM0031,EV00006367,2025-08-15T22:32:16,P048,pre,mobile,0.0391
IMP00004773,CAM0037,EV00011636,2025-01-29T00:08:40,P053,post,tablet,0.0381
IMP00004774,CAM0053,EV00019977,2025-05-07T16:11:24,P062,pre,tablet,0.0209
IMP00004775,CAM0055,EV00017184,2025-02-06T11:49:15,P059,post,tablet,0.0215
IMP00004776,CAM0012,EV00011963,2025-10-28T14:50:11,P007,mid,smart_tv,0.0399
IMP00004777,CAM0031,EV00012211,2025-08-19T17:09:41,P053,mid,mobile,0.0249
IMP00004778,CAM0040,EV00006950,2025-02-09T00:54:55,P048,mid,streaming_stick,0.0337
IMP00004779,CAM0050,EV00006158,2025-07-18T14:23:38,P043,pre,mobile,0.023
IMP00004780,CAM0015,EV00012535,2025-02-26T19:44:16,P003,mid,streaming_stick,0.04
IMP00004781,CAM0053,EV00005831,2025-07-06T23:00:22,P015,pre,tablet,0.0285
IMP00004782,CAM0054,EV00005845,2025-09-07T21:28:06,P057,pre,tablet,0.0288
IMP00004783,CAM0003,EV00008873,2025-04-18T11:14:57,P039,pre,streaming_stick,0.0426
IMP00004784,CAM0031,EV00016089,2025-06-19T22:24:57,P057,pre,tablet,0.0438
IMP00004785,CAM0016,EV00012934,2025-01-08T17:43:57,P040,pre,mobile,0.0395
IMP00004786,CAM0002,EV00011905,2025-10-07T00:57:14,P059,post,streaming_stick,0.0372
IMP00004787,CAM0037,EV00005835,2025-01-09T15:33:14,P033,pre,smart_tv,0.021
IMP00004788,CAM0007,EV00018967,2025-07-22T11:41:12,P041,mid,tablet,0.028
IMP00004789,CAM0028,EV00014835,2025-06-30T21:42:50,P009,pre,tablet,0.0332
IMP00004790,CAM0009,EV00017672,2025-05-09T22:31:17,P022,pre,mobile,0.033
IMP00004791,CAM0024,EV00017754,2025-08-23T15:36:22,P052,mid,tablet,0.0227
IMP00004792,CAM0032,EV00005122,2025-05-05T22:16:39,P052,pre,smart_tv,0.0358
IMP00004793,CAM0009,EV00015536,2025-03-19T00:35:36,P041,mid,desktop,0.0403
IMP00004794,CAM0017,EV00006745,2025-01-27T13:29:29,P056,mid,mobile,0.0331
IMP00004795,CAM0007,EV00001409,2025-09-06T10:58:58,P035,pre,mobile,0.0204
IMP00004796,CAM0014,EV00019779,2025-02-26T17:04:59,P058,mid,desktop,0.043
IMP00004797,CAM0025,EV00016730,2025-09-12T15:16:53,P006,mid,desktop,0.036
IMP00004798,CAM0050,EV00000594,2025-01-27T09:44:19,P060,mid,tablet,0.0311
IMP00004799,CAM0033,EV00012854,2025-04-07T16:42:05,P016,mid,tablet,0.0291
IMP00004800,CAM0034,EV00006842,2025-11-11T07:29:00,P045,mid,mobile,0.0387
IMP00004801,CAM0042,EV00018900,2025-02-25T00:00:44,P017,pre,tablet,0.0353
IMP00004802,CAM0026,EV00010772,2025-05-03T11:02:05,P058,mid,mobile,0.0226
IMP00004803,CAM0050,EV00017585,2025-09-02T15:32:44,P017,pre,smart_tv,0.0242
IMP00004804,CAM0052,EV00002326,2025-04-01T21:37:12,P057,mid,tablet,0.035
IMP00004805,CAM0003,EV00016311,2025-05-11T16:05:42,P051,mid,tablet,0.025
IMP00004806,CAM0054,EV00013709,2025-06-14T13:27:58,P044,mid,tablet,0.0348
IMP00004807,CAM0026,EV00016115,2025-11-09T15:55:14,P003,mid,smart_tv,0.0437
IMP00004808,CAM0020,EV00014229,2025-09-28T11:10:42,P056,pre,mobile,0.034
IMP00004809,CAM0024,EV00006633,2025-09-14T14:09:57,P024,mid,tablet,0.0201
IMP00004810,CAM0008,EV00018389,2025-08-08T22:26:50,P012,pre,tablet,0.0306
IMP00004811,CAM0057,EV00007284,2025-10-05T17:48:32,P011,mid,desktop,0.0227
IMP00004812,CAM0059,EV00011932,2025-04-22T20:08:25,P006,mid,tablet,0.0302
IMP00004813,CAM0009,EV00010217,2025-08-19T16:32:56,P058,mid,mobile,0.0419
IMP00004814,CAM0011,EV00000918,2025-04-13T09:35:48,P044,mid,mobile,0.039
IMP00004815,CAM0020,EV00002879,2025-05-31T15:19:32,P059,pre,desktop,0.0416
IMP00004816,CAM0056,EV00016822,2025-04-21T09:27:57,P048,pre,tablet,0.0217
IMP00004817,CAM0038,EV00008950,2025-06-30T15:49:55,P026,pre,smart_tv,0.0212
IMP00004818,CAM0017,EV00004181,2025-01-18T11:26:35,P017,pre,mobile,0.0227
IMP00004819,CAM0022,EV00017822,2025-05-23T23:42:28,P002,mid,tablet,0.0331
IMP00004820,CAM0057,EV00007680,2025-12-07T14:27:46,P041,pre,smart_tv,0.0216
IMP00004821,CAM0008,EV00008156,2025-11-23T16:58:55,P001,mid,streaming_stick,0.0201
IMP00004822,CAM0044,EV00009381,2025-11-10T09:32:13,P013,mid,mobile,0.0285
IMP00004823,CAM0033,EV00004946,2025-09-26T15:19:59,P034,pre,tablet,0.0296
IMP00004824,CAM0034,EV00002467,2025-10-24T15:26:55,P032,mid,tablet,0.0381
IMP00004825,CAM0036,EV00007137,2025-08-20T19:59:42,P051,mid,mobile,0.0217
IMP00004826,CAM0050,EV00006733,2025-12-14T19:55:56,P002,pre,smart_tv,0.0429
IMP00004827,CAM0024,EV00015328,2025-10-09T12:31:38,P015,mid,smart_tv,0.0432
IMP00004828,CAM0049,EV00006372,2025-12-29T21:43:45,P007,post,mobile,0.0405
IMP00004829,CAM0004,EV00002374,2025-04-26T10:30:22,P050,post,streaming_stick,0.0409
IMP00004830,CAM0058,EV00000199,2025-07-22T13:06:47,P053,pre,mobile,0.0379
IMP00004831,CAM0028,EV00011089,2025-02-23T09:38:47,P059,pre,tablet,0.044
IMP00004832,CAM0050,EV00017263,2025-05-18T14:46:00,P048,pre,mobile,0.0331
IMP00004833,CAM0055,EV00007217,2025-01-17T22:52:55,P024,pre,mobile,0.0367
IMP00004834,CAM0056,EV00017618,2025-12-11T15:05:04,P026,post,desktop,0.0288
IMP00004835,CAM0034,EV00019067,2025-09-01T22:58:59,P002,pre,desktop,0.0422
IMP00004836,CAM0016,EV00019208,2025-06-19T18:37:44,P007,mid,mobile,0.045
IMP00004837,CAM0037,EV00009657,2025-08-31T22:51:29,P019,pre,mobile,0.044
IMP00004838,CAM0048,EV00014075,2025-06-20T19:58:25,P042,mid,mobile,0.0389
IMP00004839,CAM0054,EV00009036,2025-10-08T13:52:05,P058,pre,smart_tv,0.0239
IMP00004840,CAM0056,EV00005201,2025-04-09T07:40:26,P034,mid,tablet,0.0311
IMP00004841,CAM0033,EV00008355,2025-12-17T13:42:09,P019,mid,tablet,0.0236
IMP00004842,CAM0003,EV00010036,2025-01-11T17:57:25,P015,mid,mobile,0.0408
IMP00004843,CAM0026,EV00003447,2025-12-17T23:14:16,P003,mid,tablet,0.0269
IMP00004844,CAM0035,EV00010674,2025-01-15T14:25:43,P048,pre,tablet,0.033
IMP00004845,CAM0028,EV00012189,2025-10-25T14:15:35,P015,mid,mobile,0.0225
IMP00004846,CAM0007,EV00010900,2025-10-05T13:43:41,P001,mid,mobile,0.0378
IMP00004847,CAM0014,EV00009005,2025-08-06T22:05:14,P001,pre,mobile,0.0429
IMP00004848,CAM0028,EV00001825,2025-01-23T16:32:52,P046,pre,mobile,0.0219
IMP00004849,CAM0023,EV00017508,2025-03-20T14:04:22,P030,mid,mobile,0.0336
IMP00004850,CAM0034,EV00012176,2025-10-13T16:54:39,P033,post,mobile,0.0395
IMP00004851,CAM0006,EV00003874,2025-09-30T20:06:22,P027,mid,mobile,0.0405
IMP00004852,CAM0028,EV00009007,2025-08-06T22:35:10,P001,mid,mobile,0.0287
IMP00004853,CAM0046,EV00011348,2025-08-09T00:07:36,P061,post,tablet,0.0206
IMP00004854,CAM0040,EV00005439,2025-09-04T21:10:42,P013,pre,mobile,0.0372
IMP00004855,CAM0011,EV00009265,2025-12-20T18:11:57,P051,mid,smart_tv,0.0291
IMP00004856,CAM0012,EV00018367,2025-08-27T00:13:51,P013,post,mobile,0.0373
IMP00004857,CAM0017,EV00019099,2025-05-10T11:16:16,P022,pre,tablet,0.0324
IMP00004858,CAM0037,EV00013253,2025-09-15T16:38:32,P022,mid,desktop,0.0385
IMP00004859,CAM0040,EV00019498,2025-03-16T15:43:47,P050,pre,smart_tv,0.0366
IMP00004860,CAM0052,EV00005103,2025-09-28T12:09:49,P004,post,mobile,0.0359
IMP00004861,CAM0012,EV00007865,2025-06-08T10:57:49,P048,pre,mobile,0.0246
IMP00004862,CAM0032,EV00011840,2025-06-16T13:32:13,P054,pre,mobile,0.0399
IMP00004863,CAM0056,EV00014875,2025-05-04T22:15:44,P042,pre,desktop,0.0233
IMP00004864,CAM0048,EV00001258,2025-12-14T15:40:07,P020,mid,tablet,0.0224
IMP00004865,CAM0024,EV00007994,2025-06-13T10:20:56,P015,mid,smart_tv,0.0304
IMP00004866,CAM0053,EV00000340,2025-05-24T18:54:09,P029,pre,mobile,0.0444
IMP00004867,CAM0018,EV00016955,2025-06-09T12:41:49,P007,mid,tablet,0.0261
IMP00004868,CAM0046,EV00009132,2025-04-13T14:36:07,P033,mid,tablet,0.0204
IMP00004869,CAM0006,EV00006795,2025-09-15T16:09:47,P013,pre,tablet,0.043
IMP00004870,CAM0047,EV00011216,2025-04-03T16:21:36,P008,pre,mobile,0.026
IMP00004871,CAM0013,EV00007758,2025-04-23T18:53:07,P034,pre,tablet,0.0289
IMP00004872,CAM0020,EV00002278,2025-10-08T17:02:28,P016,mid,smart_tv,0.0246
IMP00004873,CAM0006,EV00000839,2025-12-20T19:11:43,P052,pre,mobile,0.0331
IMP00004874,CAM0011,EV00019970,2025-09-04T15:45:15,P035,pre,mobile,0.0434
IMP00004875,CAM0028,EV00007230,2025-05-24T13:45:24,P048,mid,smart_tv,0.0447
IMP00004876,CAM0033,EV00012073,2025-07-27T15:37:20,P051,mid,mobile,0.0259
IMP00004877,CAM0020,EV00013541,2025-03-21T11:45:11,P052,mid,tablet,0.0312
IMP00004878,CAM0046,EV00018319,2025-12-07T08:46:02,P007,pre,tablet,0.0413
IMP00004879,CAM0013,EV00018922,2025-08-30T19:34:02,P050,pre,mobile,0.0276
IMP00004880,CAM0039,EV00004883,2025-01-13T20:28:13,P016,post,mobile,0.0409
IMP00004881,CAM0046,EV00002554,2025-07-18T23:05:05,P043,mid,tablet,0.0355
IMP00004882,CAM0058,EV00006971,2025-07-02T10:34:26,P046,mid,streaming_stick,0.0383
IMP00004883,CAM0039,EV00017402,2025-05-14T14:38:49,P010,mid,desktop,0.0215
IMP00004884,CAM0032,EV00009729,2025-09-08T12:49:04,P031,pre,mobile,0.042
IMP00004885,CAM0058,EV00012738,2025-04-27T06:52:05,P001,mid,tablet,0.043
IMP00004886,CAM0032,EV00007664,2025-10-04T18:40:42,P062,pre,mobile,0.0399
IMP00004887,CAM0005,EV00006912,2025-08-30T09:29:43,P020,mid,mobile,0.0235
IMP00004888,CAM0050,EV00013997,2025-02-11T18:04:26,P005,mid,tablet,0.032
IMP00004889,CAM0034,EV00016018,2025-11-27T17:03:46,P044,pre,streaming_stick,0.0254
IMP00004890,CAM0048,EV00006547,2025-04-23T21:07:47,P036,pre,smart_tv,0.0315
IMP00004891,CAM0044,EV00005875,2025-05-31T13:22:33,P017,pre,tablet,0.0229
IMP00004892,CAM0016,EV00010191,2025-10-31T16:05:19,P027,pre,tablet,0.0338
IMP00004893,CAM0032,EV00005736,2025-11-07T18:03:50,P016,mid,tablet,0.0258
IMP00004894,CAM0044,EV00020155,2025-11-22T12:45:05,P034,pre,mobile,0.0302
IMP00004895,CAM0022,EV00009865,2025-12-04T13:27:27,P048,pre,mobile,0.0365
IMP00004896,CAM0052,EV00010454,2025-11-12T16:39:27,P006,mid,streaming_stick,0.0227
IMP00004897,CAM0011,EV00007048,2025-06-19T21:30:11,P036,mid,tablet,0.0275
IMP00004898,CAM0025,EV00007319,2025-04-07T15:07:24,P025,pre,tablet,0.0279
IMP00004899,CAM0017,EV00003710,2025-02-05T16:28:50,P013,pre,mobile,0.0363
IMP00004900,CAM0034,EV00009654,2025-08-28T15:31:33,P038,mid,mobile,0.0333
IMP00004901,CAM0030,EV00019062,2025-04-26T16:05:15,P019,pre,mobile,0.0395
IMP00004902,CAM0024,EV00010524,2025-06-16T07:05:06,P054,mid,mobile,0.0267
IMP00004903,CAM0025,EV00011766,2025-11-30T13:52:49,P004,mid,streaming_stick,0.0429
IMP00004904,CAM0030,EV00010735,2025-03-21T10:48:19,P047,mid,tablet,0.0372
IMP00004905,CAM0055,EV00013012,2025-03-16T11:47:51,P015,post,tablet,0.0217
IMP00004906,CAM0020,EV00004273,2025-11-26T18:41:03,P028,pre,mobile,0.0312
IMP00004907,CAM0017,EV00020022,2025-11-02T20:25:51,P053,pre,mobile,0.022
IMP00004908,CAM0049,EV00012152,2025-11-21T18:49:17,P055,post,mobile,0.0257
IMP00004909,CAM0055,EV00007032,2025-02-27T20:06:14,P020,pre,tablet,0.0293
IMP00004910,CAM0020,EV00003325,2025-05-22T14:20:07,P053,pre,mobile,0.0234
IMP00004911,CAM0046,EV00000345,2025-08-04T22:05:34,P051,pre,streaming_stick,0.0341
IMP00004912,CAM0059,EV00015067,2025-07-16T17:52:59,P047,mid,tablet,0.0356
IMP00004913,CAM0038,EV00016181,2025-02-24T15:20:40,P062,pre,tablet,0.0345
IMP00004914,CAM0033,EV00007772,2025-02-24T15:48:46,P008,mid,tablet,0.0403
IMP00004915,CAM0039,EV00009826,2025-12-14T13:50:41,P016,pre,streaming_stick,0.0428
IMP00004916,CAM0039,EV00005388,2025-07-21T15:46:14,P013,pre,tablet,0.02
IMP00004917,CAM0009,EV00014775,2025-12-27T13:37:44,P026,pre,tablet,0.0224
IMP00004918,CAM0029,EV00012351,2025-08-06T21:07:04,P025,mid,tablet,0.0203
IMP00004919,CAM0023,EV00005390,2025-07-21T16:16:14,P013,mid,tablet,0.0228
IMP00004920,CAM0052,EV00020029,2025-05-17T10:35:08,P045,pre,mobile,0.0391
IMP00004921,CAM0009,EV00018480,2025-09-11T16:18:53,P038,pre,tablet,0.0365
IMP00004922,CAM0004,EV00010107,2025-08-29T08:31:25,P013,pre,mobile,0.0269
IMP00004923,CAM0037,EV00013190,2025-03-25T17:48:34,P046,mid,tablet,0.0279
IMP00004924,CAM0055,EV00011525,2025-07-30T18:03:45,P002,mid,tablet,0.0427
IMP00004925,CAM0027,EV00007801,2025-11-12T19:08:28,P042,pre,mobile,0.0213
IMP00004926,CAM0016,EV00011593,2025-11-13T16:09:39,P012,pre,smart_tv,0.0378
IMP00004927,CAM0054,EV00014816,2025-04-16T15:19:32,P033,pre,tablet,0.0422
IMP00004928,CAM0037,EV00014371,2025-09-24T17:42:10,P043,pre,smart_tv,0.0338
IMP00004929,CAM0020,EV00002731,2025-02-17T13:37:26,P021,pre,tablet,0.0395
IMP00004930,CAM0058,EV00007907,2025-10-05T16:11:35,P005,mid,tablet,0.0447
IMP00004931,CAM0033,EV00014139,2025-12-06T14:52:22,P023,pre,tablet,0.0318
IMP00004932,CAM0004,EV00015551,2025-05-01T16:05:36,P054,post,streaming_stick,0.0329
IMP00004933,CAM0029,EV00000176,2025-04-04T20:47:11,P029,pre,mobile,0.0222
IMP00004934,CAM0018,EV00016025,2025-04-04T10:51:16,P056,pre,tablet,0.0445
IMP00004935,CAM0045,EV00007782,2025-01-12T11:00:48,P019,mid,tablet,0.0212
IMP00004936,CAM0041,EV00011167,2025-11-12T11:44:18,P023,mid,smart_tv,0.0306
IMP00004937,CAM0015,EV00019279,2025-05-01T16:21:02,P062,mid,streaming_stick,0.0398
IMP00004938,CAM0057,EV00006620,2025-05-08T10:13:14,P013,pre,desktop,0.0437
IMP00004939,CAM0030,EV00013388,2025-12-25T17:43:05,P060,post,mobile,0.0247
IMP00004940,CAM0003,EV00012243,2025-10-25T17:40:28,P048,post,tablet,0.0425
IMP00004941,CAM0001,EV00006777,2025-10-12T14:51:31,P029,post,tablet,0.0262
IMP00004942,CAM0015,EV00000776,2025-11-11T07:15:52,P024,pre,tablet,0.029
IMP00004943,CAM0043,EV00008738,2025-11-13T20:03:55,P059,pre,tablet,0.0356
IMP00004944,CAM0041,EV00000508,2025-02-16T19:47:19,P045,pre,mobile,0.039
IMP00004945,CAM0027,EV00007513,2025-11-07T17:31:48,P061,pre,tablet,0.0445
IMP00004946,CAM0007,EV00017609,2025-04-12T08:02:42,P044,pre,tablet,0.0248
IMP00004947,CAM0028,EV00012495,2025-03-20T20:34:02,P016,pre,desktop,0.0428
IMP00004948,CAM0041,EV00004703,2025-03-28T16:00:05,P055,post,tablet,0.0343
IMP00004949,CAM0015,EV00015425,2025-10-30T23:03:37,P058,pre,tablet,0.0284
IMP00004950,CAM0053,EV00011788,2025-11-23T18:55:42,P016,pre,streaming_stick,0.0347
IMP00004951,CAM0023,EV00016821,2025-02-27T23:40:06,P060,pre,mobile,0.0423
IMP00004952,CAM0018,EV00016468,2025-07-30T18:58:27,P012,pre,streaming_stick,0.0444
IMP00004953,CAM0020,EV00004820,2025-09-19T11:31:12,P050,mid,mobile,0.0237
IMP00004954,CAM0040,EV00001564,2025-03-14T14:31:51,P023,pre,tablet,0.0257
IMP00004955,CAM0058,EV00013444,2025-04-19T08:24:42,P050,pre,mobile,0.0323
IMP00004956,CAM0059,EV00012961,2025-11-29T23:13:50,P016,pre,mobile,0.0423
IMP00004957,CAM0034,EV00015133,2025-11-28T20:50:42,P051,mid,tablet,0.0396
IMP00004958,CAM0008,EV00017283,2025-02-04T15:11:51,P048,mid,mobile,0.0424
IMP00004959,CAM0016,EV00003928,2025-06-18T10:31:26,P062,mid,smart_tv,0.0394
IMP00004960,CAM0007,EV00019094,2025-10-08T18:22:31,P037,pre,mobile,0.0251
IMP00004961,CAM0059,EV00002361,2025-03-30T16:37:45,P023,mid,tablet,0.0449
IMP00004962,CAM0002,EV00015865,2025-06-03T12:21:47,P035,pre,desktop,0.0337
IMP00004963,CAM0013,EV00011835,2025-10-28T18:55:07,P047,pre,desktop,0.0204
IMP00004964,CAM0024,EV00012903,2025-07-11T14:56:26,P047,mid,tablet,0.0214
IMP00004965,CAM0042,EV00000726,2025-06-22T16:23:49,P012,mid,tablet,0.0283
IMP00004966,CAM0015,EV00019536,2025-05-26T08:29:48,P030,mid,tablet,0.0307
IMP00004967,CAM0037,EV00008975,2025-11-13T16:06:13,P033,pre,smart_tv,0.0303
IMP00004968,CAM0051,EV00018038,2025-11-13T23:01:31,P028,post,smart_tv,0.0376
IMP00004969,CAM0031,EV00004741,2025-07-17T17:08:07,P021,post,streaming_stick,0.031
IMP00004970,CAM0059,EV00017005,2025-04-17T15:09:01,P052,pre,tablet,0.0442
IMP00004971,CAM0033,EV00005734,2025-11-07T17:33:53,P016,pre,tablet,0.0449
IMP00004972,CAM0027,EV00001515,2025-01-25T18:25:37,P038,pre,tablet,0.0218
IMP00004973,CAM0041,EV00009022,2025-03-20T22:16:45,P045,pre,smart_tv,0.0319
IMP00004974,CAM0050,EV00008243,2025-02-04T15:19:18,P043,mid,smart_tv,0.0252
IMP00004975,CAM0024,EV00018752,2025-10-09T20:37:53,P014,pre,mobile,0.0336
IMP00004976,CAM0020,EV00002442,2025-05-12T13:56:15,P010,mid,tablet,0.0203
IMP00004977,CAM0039,EV00005727,2025-02-22T14:49:29,P056,pre,mobile,0.03
IMP00004978,CAM0048,EV00017857,2025-07-03T15:49:10,P057,mid,streaming_stick,0.0403
IMP00004979,CAM0014,EV00016565,2025-05-05T20:44:32,P028,pre,desktop,0.0268
IMP00004980,CAM0014,EV00012137,2025-03-02T16:01:15,P034,pre,tablet,0.0325
IMP00004981,CAM0059,EV00009853,2025-02-03T21:24:29,P014,mid,mobile,0.0399
IMP00004982,CAM0031,EV00007399,2025-11-19T19:56:57,P002,pre,streaming_stick,0.0205
IMP00004983,CAM0032,EV00000047,2025-09-25T17:42:10,P005,mid,mobile,0.0367
IMP00004984,CAM0045,EV00003132,2025-05-29T06:49:08,P052,mid,mobile,0.0382
IMP00004985,CAM0007,EV00006181,2025-04-16T22:50:20,P010,pre,mobile,0.0268
IMP00004986,CAM0055,EV00010617,2025-05-13T08:18:29,P053,pre,mobile,0.0223
IMP00004987,CAM0053,EV00003828,2025-09-29T07:24:53,P018,mid,tablet,0.0369
IMP00004988,CAM0056,EV00001584,2025-07-30T21:21:00,P010,pre,tablet,0.0222
IMP00004989,CAM0022,EV00002172,2025-12-20T18:45:42,P002,pre,mobile,0.0367
IMP00004990,CAM0021,EV00001904,2025-09-30T19:51:29,P011,pre,mobile,0.0227
IMP00004991,CAM0043,EV00005751,2025-11-28T18:26:02,P017,mid,mobile,0.0258
IMP00004992,CAM0038,EV00007962,2025-12-30T17:31:11,P061,mid,mobile,0.0269
IMP00004993,CAM0025,EV00015990,2025-11-29T22:31:15,P013,mid,streaming_stick,0.0362
IMP00004994,CAM0009,EV00016052,2025-12-19T21:10:22,P036,pre,streaming_stick,0.045
IMP00004995,CAM0001,EV00004810,2025-01-20T18:52:56,P014,mid,tablet,0.0291
IMP00004996,CAM0052,EV00000171,2025-02-16T16:10:22,P040,pre,mobile,0.032
IMP00004997,CAM0012,EV00004768,2025-06-16T12:40:11,P035,pre,mobile,0.0246
IMP00004998,CAM0032,EV00011552,2025-06-10T23:05:22,P016,mid,tablet,0.0352
IMP00004999,CAM0030,EV00000426,2025-09-09T12:55:45,P018,pre,smart_tv,0.0305
IMP00005000,CAM0040,EV00018271,2025-04-15T11:59:30,P029,mid,mobile,0.0224
IMP00005001,CAM0022,EV00010718,2025-09-21T12:46:37,P010,pre,streaming_stick,0.0246
IMP00005002,CAM0017,EV00002370,2025-04-26T08:30:23,P050,pre,streaming_stick,0.032
IMP00005003,CAM0052,EV00009396,2025-12-19T14:34:57,P012,pre,mobile,0.0273
IMP00005004,CAM0040,EV00012870,2025-05-08T10:12:09,P021,pre,desktop,0.0289
IMP00005005,CAM0051,EV00003460,2025-04-29T12:54:25,P007,pre,mobile,0.021
IMP00005006,CAM0016,EV00011370,2025-10-17T18:33:10,P010,mid,mobile,0.0281
IMP00005007,CAM0008,EV00002543,2025-04-15T10:20:15,P038,mid,mobile,0.0387
IMP00005008,CAM0004,EV00008875,2025-05-04T15:15:33,P008,pre,mobile,0.0368
IMP00005009,CAM0024,EV00009532,2025-09-20T14:19:00,P041,mid,streaming_stick,0.0341
IMP00005010,CAM0055,EV00010289,2025-08-14T18:56:07,P040,mid,smart_tv,0.0254
IMP00005011,CAM0040,EV00003852,2025-12-05T08:26:14,P052,pre,tablet,0.0407
IMP00005012,CAM0012,EV00012172,2025-10-13T14:26:41,P033,pre,mobile,0.0304
IMP00005013,CAM0019,EV00010578,2025-01-05T16:06:03,P048,pre,mobile,0.04
IMP00005014,CAM0047,EV00010608,2025-03-02T12:47:16,P040,mid,tablet,0.0309
IMP00005015,CAM0034,EV00017311,2025-03-04T22:00:06,P014,mid,tablet,0.0258
IMP00005016,CAM0024,EV00007291,2025-05-31T19:33:05,P046,pre,tablet,0.0264
IMP00005017,CAM0034,EV00012208,2025-02-21T10:08:43,P030,post,tablet,0.0375
IMP00005018,CAM0023,EV00002293,2025-10-24T16:05:49,P039,pre,mobile,0.0336
IMP00005019,CAM0054,EV00017958,2025-06-03T15:03:55,P040,pre,tablet,0.0345
IMP00005020,CAM0004,EV00011449,2025-11-26T10:07:27,P019,mid,tablet,0.0318
IMP00005021,CAM0008,EV00018573,2025-07-31T15:10:59,P047,mid,tablet,0.0255
IMP00005022,CAM0002,EV00013160,2025-10-19T15:11:37,P003,post,mobile,0.0331
IMP00005023,CAM0024,EV00013613,2025-05-22T17:12:20,P052,pre,tablet,0.0223
IMP00005024,CAM0048,EV00017444,2025-02-21T07:11:07,P019,mid,mobile,0.0391
IMP00005025,CAM0046,EV00009744,2025-12-18T17:25:47,P007,pre,tablet,0.0407
IMP00005026,CAM0037,EV00013808,2025-06-07T12:18:06,P041,pre,tablet,0.0421
IMP00005027,CAM0012,EV00011943,2025-07-15T23:39:54,P041,mid,tablet,0.0394
IMP00005028,CAM0003,EV00014726,2025-02-13T15:48:24,P040,pre,mobile,0.0205
IMP00005029,CAM0001,EV00016373,2025-02-07T00:04:09,P050,mid,tablet,0.022
IMP00005030,CAM0027,EV00010031,2025-11-21T18:20:36,P009,mid,mobile,0.0344
IMP00005031,CAM0047,EV00006654,2025-04-04T09:11:27,P056,pre,mobile,0.0304
IMP00005032,CAM0045,EV00014659,2025-04-25T22:06:45,P051,mid,desktop,0.0396
IMP00005033,CAM0011,EV00013942,2025-10-10T11:16:04,P027,pre,mobile,0.0227
IMP00005034,CAM0051,EV00006103,2025-04-15T16:54:42,P034,post,mobile,0.0399
IMP00005035,CAM0027,EV00018830,2025-12-27T11:41:57,P009,pre,mobile,0.0218
IMP00005036,CAM0049,EV00001882,2025-01-19T22:48:30,P037,mid,tablet,0.0398
IMP00005037,CAM0035,EV00012708,2025-04-26T07:24:06,P036,mid,mobile,0.0208
IMP00005038,CAM0041,EV00004798,2025-07-03T14:21:41,P035,pre,tablet,0.0427
IMP00005039,CAM0008,EV00012333,2025-03-04T22:28:57,P012,post,tablet,0.0401
IMP00005040,CAM0037,EV00006616,2025-11-01T22:59:34,P003,mid,tablet,0.0399
IMP00005041,CAM0051,EV00000291,2025-10-16T11:12:15,P052,mid,mobile,0.0397
IMP00005042,CAM0031,EV00010432,2025-01-22T14:05:55,P030,pre,tablet,0.0335
IMP00005043,CAM0003,EV00014837,2025-06-30T22:12:46,P009,mid,tablet,0.0435
IMP00005044,CAM0037,EV00013593,2025-01-13T14:00:54,P024,pre,smart_tv,0.034
IMP00005045,CAM0013,EV00010220,2025-11-24T15:00:29,P031,pre,tablet,0.0444
IMP00005046,CAM0005,EV00018686,2025-03-23T09:04:20,P018,pre,mobile,0.0304
IMP00005047,CAM0039,EV00001354,2025-01-23T19:38:41,P018,mid,tablet,0.0282
IMP00005048,CAM0034,EV00018124,2025-11-30T21:41:01,P011,pre,tablet,0.039
IMP00005049,CAM0052,EV00000320,2025-08-26T13:14:58,P013,pre,mobile,0.0271
IMP00005050,CAM0046,EV00012044,2025-05-17T15:12:43,P010,mid,mobile,0.0376
IMP00005051,CAM0029,EV00005289,2025-12-14T15:40:41,P013,mid,tablet,0.041
IMP00005052,CAM0048,EV00018566,2025-06-23T09:49:59,P011,pre,mobile,0.038
IMP00005053,CAM0031,EV00004874,2025-10-20T17:39:12,P039,pre,mobile,0.0357
IMP00005054,CAM0018,EV00012951,2025-06-29T00:01:40,P047,pre,mobile,0.0311
IMP00005055,CAM0022,EV00018329,2025-05-17T14:52:13,P062,pre,tablet,0.033
IMP00005056,CAM0033,EV00014158,2025-04-03T18:52:03,P019,mid,mobile,0.0449
IMP00005057,CAM0047,EV00008680,2025-05-29T17:42:08,P046,mid,smart_tv,0.0406
IMP00005058,CAM0042,EV00002589,2025-05-28T17:21:16,P031,pre,smart_tv,0.0254
IMP00005059,CAM0029,EV00020160,2025-11-04T15:48:22,P046,pre,tablet,0.0232
IMP00005060,CAM0018,EV00011083,2025-11-29T15:52:31,P002,pre,tablet,0.0206
IMP00005061,CAM0004,EV00003162,2025-04-14T11:54:22,P051,mid,mobile,0.0337
IMP00005062,CAM0010,EV00005684,2025-11-27T20:57:46,P017,mid,mobile,0.0329
IMP00005063,CAM0027,EV00007081,2025-01-06T11:53:09,P015,mid,tablet,0.0221
IMP00005064,CAM0020,EV00001778,2025-12-30T13:14:57,P034,pre,streaming_stick,0.0225
IMP00005065,CAM0027,EV00005481,2025-12-05T18:25:32,P013,pre,mobile,0.0284
IMP00005066,CAM0024,EV00005753,2025-11-28T18:55:59,P017,post,mobile,0.0229
IMP00005067,CAM0056,EV00005098,2025-12-14T09:15:05,P001,post,desktop,0.0243
IMP00005068,CAM0035,EV00019632,2025-11-06T14:01:37,P008,pre,mobile,0.0383
IMP00005069,CAM0003,EV00012619,2025-02-26T15:10:08,P055,pre,mobile,0.0362
IMP00005070,CAM0025,EV00015568,2025-06-02T13:42:56,P018,pre,mobile,0.0278
IMP00005071,CAM0043,EV00007684,2025-12-07T16:27:45,P041,post,smart_tv,0.0238
IMP00005072,CAM0057,EV00000018,2025-09-13T22:24:08,P046,mid,mobile,0.0363
IMP00005073,CAM0007,EV00008277,2025-02-23T12:20:21,P052,pre,tablet,0.0432
IMP00005074,CAM0030,EV00003744,2025-09-02T15:43:42,P036,mid,mobile,0.0399
IMP00005075,CAM0042,EV00019164,2025-08-31T20:59:30,P057,mid,tablet,0.0226
IMP00005076,CAM0014,EV00008149,2025-01-14T10:48:02,P027,pre,mobile,0.0223
IMP00005077,CAM0011,EV00003851,2025-01-07T21:49:32,P019,post,mobile,0.0207
IMP00005078,CAM0004,EV00006927,2025-09-08T17:20:01,P048,pre,mobile,0.0414
IMP00005079,CAM0011,EV00001386,2025-04-10T13:44:26,P020,pre,streaming_stick,0.0323
IMP00005080,CAM0018,EV00017708,2025-09-05T22:57:26,P032,pre,mobile,0.0395
IMP00005081,CAM0042,EV00017366,2025-05-01T19:12:58,P044,pre,tablet,0.0209
IMP00005082,CAM0031,EV00003394,2025-11-03T09:43:54,P018,pre,smart_tv,0.0298
IMP00005083,CAM0009,EV00014432,2025-12-16T18:28:29,P038,pre,mobile,0.041
IMP00005084,CAM0056,EV00009419,2025-11-08T17:05:50,P050,mid,streaming_stick,0.0293
IMP00005085,CAM0032,EV00014951,2025-06-11T20:17:43,P015,pre,tablet,0.0316
IMP00005086,CAM0042,EV00004105,2025-03-01T20:58:32,P061,pre,smart_tv,0.0272
IMP00005087,CAM0024,EV00010123,2025-04-04T10:51:49,P008,pre,tablet,0.0373
IMP00005088,CAM0029,EV00004584,2025-08-06T23:23:50,P034,pre,tablet,0.026
IMP00005089,CAM0011,EV00010671,2025-03-17T16:21:46,P036,mid,tablet,0.0434
IMP00005090,CAM0022,EV00002830,2025-03-29T08:13:47,P001,post,tablet,0.0381
IMP00005091,CAM0038,EV00017794,2025-02-17T10:02:21,P051,pre,tablet,0.0261
IMP00005092,CAM0005,EV00012805,2025-02-13T19:55:26,P026,mid,tablet,0.0253
IMP00005093,CAM0004,EV00002331,2025-09-08T13:43:33,P035,mid,smart_tv,0.029
IMP00005094,CAM0022,EV00019847,2025-07-02T09:58:03,P060,mid,tablet,0.038
IMP00005095,CAM0058,EV00004330,2025-02-24T18:58:29,P021,pre,mobile,0.023
IMP00005096,CAM0009,EV00003358,2025-01-17T18:38:51,P059,mid,mobile,0.0261
IMP00005097,CAM0049,EV00017948,2025-07-31T20:52:21,P058,pre,smart_tv,0.0269
IMP00005098,CAM0035,EV00002377,2025-12-22T16:37:16,P003,pre,tablet,0.0412
IMP00005099,CAM0057,EV00010681,2025-05-23T14:35:21,P007,mid,tablet,0.0365
IMP00005100,CAM0040,EV00019141,2025-11-04T12:15:53,P018,mid,tablet,0.0241
IMP00005101,CAM0053,EV00010317,2025-03-11T16:15:39,P048,mid,tablet,0.0346
IMP00005102,CAM0026,EV00010067,2025-02-22T15:14:00,P038,pre,mobile,0.0278
IMP00005103,CAM0041,EV00004704,2025-01-25T08:07:55,P008,pre,tablet,0.0358
IMP00005104,CAM0001,EV00010239,2025-10-18T18:28:49,P024,post,streaming_stick,0.0386
IMP00005105,CAM0028,EV00014078,2025-07-13T14:18:51,P055,pre,tablet,0.0404
IMP00005106,CAM0005,EV00017143,2025-01-20T23:41:44,P043,pre,tablet,0.0273
IMP00005107,CAM0014,EV00013122,2025-10-12T14:10:50,P001,pre,tablet,0.0424
IMP00005108,CAM0019,EV00007663,2025-11-02T09:41:17,P062,post,tablet,0.0339
IMP00005109,CAM0040,EV00000454,2025-09-24T15:27:36,P061,pre,mobile,0.0331
IMP00005110,CAM0019,EV00016358,2025-11-05T15:26:13,P021,mid,tablet,0.0356
IMP00005111,CAM0011,EV00011863,2025-02-05T11:43:22,P018,mid,tablet,0.0265
IMP00005112,CAM0003,EV00014113,2025-04-07T15:14:53,P011,post,tablet,0.0396
IMP00005113,CAM0023,EV00011651,2025-12-18T21:40:25,P032,post,mobile,0.0351
IMP00005114,CAM0054,EV00013211,2025-06-01T21:09:13,P056,pre,mobile,0.037
IMP00005115,CAM0005,EV00001139,2025-01-28T10:37:29,P059,pre,smart_tv,0.0347
IMP00005116,CAM0021,EV00002065,2025-04-16T20:10:35,P054,post,mobile,0.0374
IMP00005117,CAM0009,EV00005574,2025-07-07T16:37:40,P061,mid,tablet,0.037
IMP00005118,CAM0010,EV00013921,2025-09-05T15:29:54,P026,mid,tablet,0.0253
IMP00005119,CAM0028,EV00014920,2025-06-29T12:29:21,P040,pre,desktop,0.0345
IMP00005120,CAM0038,EV00010504,2025-06-17T21:20:05,P039,mid,tablet,0.0364
IMP00005121,CAM0027,EV00013288,2025-12-06T13:51:28,P048,mid,mobile,0.0444
IMP00005122,CAM0012,EV00011291,2025-09-19T16:59:50,P045,post,mobile,0.0368
IMP00005123,CAM0047,EV00017632,2025-11-03T14:08:11,P062,pre,smart_tv,0.0442
IMP00005124,CAM0018,EV00014823,2025-01-31T16:09:49,P027,pre,desktop,0.0321
IMP00005125,CAM0031,EV00010153,2025-01-30T12:53:14,P045,mid,mobile,0.0334
IMP00005126,CAM0026,EV00015465,2025-03-22T20:32:09,P059,post,mobile,0.0259
IMP00005127,CAM0031,EV00005132,2025-11-05T21:15:08,P024,pre,tablet,0.044
IMP00005128,CAM0053,EV00009256,2025-05-15T21:41:38,P054,post,tablet,0.0231
IMP00005129,CAM0008,EV00007540,2025-09-20T12:16:22,P031,pre,tablet,0.0326
IMP00005130,CAM0049,EV00011672,2025-09-28T13:03:21,P035,pre,smart_tv,0.0371
IMP00005131,CAM0050,EV00007675,2025-10-24T20:44:47,P003,pre,streaming_stick,0.0434
IMP00005132,CAM0059,EV00016507,2025-01-23T17:59:06,P059,post,mobile,0.0221
IMP00005133,CAM0021,EV00009502,2025-02-28T06:24:34,P029,mid,mobile,0.0239
IMP00005134,CAM0020,EV00009092,2025-11-19T21:00:26,P032,mid,streaming_stick,0.0334
IMP00005135,CAM0030,EV00007567,2025-08-11T14:20:13,P018,mid,mobile,0.0353
IMP00005136,CAM0027,EV00008457,2025-01-31T13:42:41,P044,post,tablet,0.0394
IMP00005137,CAM0048,EV00008294,2025-10-08T18:22:57,P034,pre,mobile,0.0229
IMP00005138,CAM0031,EV00016777,2025-03-31T19:12:08,P008,pre,mobile,0.0222
IMP00005139,CAM0020,EV00008601,2025-03-18T15:30:02,P018,post,tablet,0.0402
IMP00005140,CAM0055,EV00009848,2025-01-09T23:56:39,P028,mid,desktop,0.0382
IMP00005141,CAM0023,EV00010861,2025-12-22T18:43:04,P043,mid,mobile,0.0441
IMP00005142,CAM0035,EV00014500,2025-06-03T19:18:50,P014,mid,tablet,0.0257
IMP00005143,CAM0051,EV00008911,2025-12-24T18:44:26,P046,pre,mobile,0.0446
IMP00005144,CAM0002,EV00015607,2025-06-20T13:38:02,P004,pre,tablet,0.02
IMP00005145,CAM0044,EV00001182,2025-01-12T19:44:11,P047,mid,mobile,0.0338
IMP00005146,CAM0011,EV00012924,2025-07-30T20:40:50,P008,pre,mobile,0.0206
IMP00005147,CAM0007,EV00010366,2025-07-07T14:48:16,P047,mid,streaming_stick,0.0267
IMP00005148,CAM0054,EV00006459,2025-11-28T18:08:52,P003,mid,mobile,0.0314
IMP00005149,CAM0049,EV00014720,2025-10-31T17:21:42,P055,mid,mobile,0.0416
IMP00005150,CAM0012,EV00010616,2025-01-28T15:14:16,P056,mid,tablet,0.0436
IMP00005151,CAM0016,EV00010292,2025-10-13T19:00:08,P060,pre,mobile,0.024
IMP00005152,CAM0011,EV00004062,2025-03-16T15:55:37,P043,mid,smart_tv,0.0276
IMP00005153,CAM0032,EV00008606,2025-07-08T16:22:53,P062,pre,tablet,0.0282
IMP00005154,CAM0041,EV00009292,2025-03-03T21:32:46,P060,mid,tablet,0.0379
IMP00005155,CAM0029,EV00008453,2025-01-31T13:17:41,P044,pre,tablet,0.0419
IMP00005156,CAM0035,EV00016712,2025-09-05T23:23:55,P022,mid,mobile,0.033
IMP00005157,CAM0029,EV00010346,2025-12-30T23:17:26,P025,mid,mobile,0.0343
IMP00005158,CAM0005,EV00013059,2025-03-03T16:27:17,P035,pre,mobile,0.0353
IMP00005159,CAM0007,EV00010517,2025-05-27T17:08:30,P005,pre,desktop,0.0403
IMP00005160,CAM0052,EV00017355,2025-04-10T11:15:55,P051,mid,mobile,0.0428
IMP00005161,CAM0009,EV00018491,2025-06-06T21:59:17,P061,pre,tablet,0.0234
IMP00005162,CAM0046,EV00013767,2025-02-20T22:43:05,P046,pre,mobile,0.0239
IMP00005163,CAM0040,EV00009642,2025-07-08T12:31:44,P028,pre,desktop,0.0281
IMP00005164,CAM0022,EV00019771,2025-11-25T19:20:09,P050,pre,tablet,0.0348
IMP00005165,CAM0014,EV00002354,2025-08-04T06:38:57,P061,pre,mobile,0.0414
IMP00005166,CAM0015,EV00008757,2025-01-31T15:44:37,P046,pre,mobile,0.031
IMP00005167,CAM0044,EV00004854,2025-08-14T16:44:14,P021,pre,mobile,0.035
IMP00005168,CAM0020,EV00011254,2025-08-09T15:55:11,P056,pre,tablet,0.0402
IMP00005169,CAM0013,EV00008207,2025-04-15T12:35:21,P054,mid,mobile,0.045
IMP00005170,CAM0029,EV00008245,2025-04-10T19:30:56,P042,pre,tablet,0.0317
IMP00005171,CAM0032,EV00004680,2025-12-26T12:55:22,P022,mid,mobile,0.0367
IMP00005172,CAM0027,EV00008060,2025-04-15T09:58:58,P031,pre,tablet,0.0265
IMP00005173,CAM0035,EV00012441,2025-09-19T13:12:28,P024,pre,mobile,0.0411
IMP00005174,CAM0056,EV00016857,2025-06-23T16:32:32,P033,pre,smart_tv,0.0441
IMP00005175,CAM0032,EV00003941,2025-06-26T15:50:27,P006,pre,streaming_stick,0.0227
IMP00005176,CAM0013,EV00014027,2025-10-11T21:20:23,P057,pre,mobile,0.0389
IMP00005177,CAM0054,EV00002786,2025-06-25T13:58:08,P047,pre,mobile,0.0268
IMP00005178,CAM0002,EV00018555,2025-02-02T17:20:08,P060,post,smart_tv,0.0431
IMP00005179,CAM0003,EV00010626,2025-08-30T18:59:42,P037,pre,tablet,0.0426
IMP00005180,CAM0019,EV00020066,2025-03-10T09:36:31,P011,pre,mobile,0.0312
IMP00005181,CAM0053,EV00004876,2025-10-20T18:09:09,P039,mid,mobile,0.0416
IMP00005182,CAM0031,EV00011626,2025-08-11T06:48:19,P025,pre,tablet,0.0281
IMP00005183,CAM0053,EV00006869,2025-05-21T18:13:28,P025,pre,mobile,0.0398
IMP00005184,CAM0049,EV00008504,2025-07-15T13:28:45,P040,pre,tablet,0.0261
IMP00005185,CAM0009,EV00006387,2025-08-04T12:51:00,P039,pre,streaming_stick,0.0234
IMP00005186,CAM0057,EV00007983,2025-03-05T09:37:15,P049,pre,smart_tv,0.0219
IMP00005187,CAM0030,EV00018424,2025-06-02T21:00:33,P022,mid,streaming_stick,0.0437
IMP00005188,CAM0024,EV00017744,2025-04-24T22:05:26,P038,mid,mobile,0.0421
IMP00005189,CAM0036,EV00004290,2025-07-24T12:59:13,P021,pre,mobile,0.0259
IMP00005190,CAM0029,EV00012012,2025-04-11T21:45:24,P057,mid,tablet,0.0265
IMP00005191,CAM0001,EV00004851,2025-07-30T21:02:21,P045,mid,mobile,0.0269
IMP00005192,CAM0015,EV00016687,2025-10-26T21:36:50,P033,pre,mobile,0.0393
IMP00005193,CAM0014,EV00012580,2025-08-27T21:19:40,P025,mid,mobile,0.0413
IMP00005194,CAM0027,EV00014654,2025-11-27T15:18:28,P013,mid,smart_tv,0.0228
IMP00005195,CAM0040,EV00014190,2025-06-23T23:41:34,P009,pre,tablet,0.0287
IMP00005196,CAM0040,EV00010400,2025-11-05T15:03:41,P024,pre,smart_tv,0.039
IMP00005197,CAM0050,EV00004455,2025-06-17T15:08:26,P062,mid,mobile,0.0245
IMP00005198,CAM0032,EV00017774,2025-02-06T15:49:53,P034,mid,mobile,0.0352
IMP00005199,CAM0034,EV00003990,2025-01-11T09:15:09,P040,pre,smart_tv,0.0343
IMP00005200,CAM0057,EV00012849,2025-10-20T17:18:57,P040,pre,tablet,0.0344
IMP00005201,CAM0032,EV00019510,2025-10-08T14:46:38,P025,mid,streaming_stick,0.0275
IMP00005202,CAM0011,EV00009051,2025-01-04T12:03:54,P044,pre,mobile,0.0213
IMP00005203,CAM0054,EV00012696,2025-03-03T13:22:58,P047,pre,mobile,0.0284
IMP00005204,CAM0047,EV00017658,2025-01-27T20:42:17,P039,pre,mobile,0.0337
IMP00005205,CAM0008,EV00014237,2025-04-19T13:16:48,P049,mid,mobile,0.0291
IMP00005206,CAM0034,EV00016945,2025-09-09T08:48:07,P032,pre,mobile,0.0261
IMP00005207,CAM0007,EV00003561,2025-06-04T17:33:33,P054,mid,mobile,0.0438
IMP00005208,CAM0028,EV00017408,2025-08-15T16:24:35,P012,mid,mobile,0.0352
IMP00005209,CAM0038,EV00004808,2025-01-20T18:22:54,P014,pre,tablet,0.0298
IMP00005210,CAM0009,EV00018430,2025-06-07T07:04:16,P029,mid,tablet,0.0388
IMP00005211,CAM0034,EV00018810,2025-11-07T07:47:12,P055,pre,mobile,0.0279
IMP00005212,CAM0054,EV00017925,2025-12-10T14:37:52,P034,pre,tablet,0.036
IMP00005213,CAM0044,EV00015926,2025-10-01T09:04:34,P011,pre,tablet,0.0204
IMP00005214,CAM0019,EV00018978,2025-08-06T22:03:45,P022,mid,mobile,0.0307
IMP00005215,CAM0020,EV00016351,2025-10-20T18:03:34,P031,pre,mobile,0.0403
IMP00005216,CAM0015,EV00016950,2025-04-20T17:51:13,P033,mid,mobile,0.0324
IMP00005217,CAM0022,EV00008084,2025-09-12T20:49:46,P052,post,mobile,0.0383
IMP00005218,CAM0040,EV00011727,2025-11-15T09:09:05,P019,pre,mobile,0.0429
IMP00005219,CAM0023,EV00004036,2025-10-23T13:08:26,P056,post,mobile,0.0289
IMP00005220,CAM0037,EV00012793,2025-03-17T15:30:26,P011,pre,tablet,0.0348
IMP00005221,CAM0046,EV00001087,2025-05-26T08:15:45,P059,mid,mobile,0.0331
IMP00005222,CAM0025,EV00006215,2025-06-14T14:35:19,P010,pre,streaming_stick,0.0233
IMP00005223,CAM0014,EV00003104,2025-04-07T17:45:30,P012,pre,tablet,0.0313
IMP00005224,CAM0022,EV00017640,2025-11-25T19:42:35,P043,pre,tablet,0.0395
IMP00005225,CAM0022,EV00001692,2025-06-18T10:03:59,P001,pre,smart_tv,0.0212
IMP00005226,CAM0026,EV00012312,2025-03-05T20:44:33,P058,mid,tablet,0.0201
IMP00005227,CAM0028,EV00012454,2025-12-19T16:53:23,P052,pre,mobile,0.0387
IMP00005228,CAM0030,EV00013766,2025-07-05T21:41:15,P057,pre,mobile,0.0304
IMP00005229,CAM0046,EV00010560,2025-04-18T11:17:35,P033,post,tablet,0.031
IMP00005230,CAM0014,EV00002482,2025-09-02T21:57:03,P017,pre,tablet,0.0353
IMP00005231,CAM0037,EV00015217,2025-11-16T21:59:25,P053,pre,tablet,0.0379
IMP00005232,CAM0009,EV00000032,2025-01-12T17:34:58,P011,pre,tablet,0.0307
IMP00005233,CAM0035,EV00006641,2025-05-24T23:42:22,P034,pre,mobile,0.0335
IMP00005234,CAM0042,EV00006502,2025-08-21T11:23:51,P032,mid,tablet,0.0301
IMP00005235,CAM0059,EV00018766,2025-10-08T15:56:46,P006,pre,desktop,0.044
IMP00005236,CAM0059,EV00017635,2025-01-28T20:03:01,P010,pre,mobile,0.0325
IMP00005237,CAM0050,EV00014848,2025-04-30T22:52:01,P057,mid,tablet,0.0362
IMP00005238,CAM0027,EV00014293,2025-07-11T13:45:51,P056,pre,mobile,0.0209
IMP00005239,CAM0033,EV00005966,2025-03-14T16:30:45,P024,mid,mobile,0.0215
IMP00005240,CAM0011,EV00003849,2025-01-07T21:19:36,P019,mid,mobile,0.0344
IMP00005241,CAM0038,EV00000791,2025-07-15T16:35:25,P045,pre,tablet,0.0324
IMP00005242,CAM0027,EV00008247,2025-04-10T19:43:22,P042,mid,tablet,0.0444
IMP00005243,CAM0009,EV00003488,2025-07-03T16:03:51,P006,mid,tablet,0.0362
IMP00005244,CAM0011,EV00003016,2025-06-25T18:48:41,P040,pre,mobile,0.0322
IMP00005245,CAM0047,EV00008516,2025-04-28T11:12:25,P028,mid,mobile,0.0305
IMP00005246,CAM0024,EV00011429,2025-10-13T19:02:18,P025,pre,mobile,0.0229
IMP00005247,CAM0054,EV00002701,2025-04-22T09:38:44,P059,post,mobile,0.0304
IMP00005248,CAM0046,EV00008563,2025-03-23T06:41:37,P006,pre,desktop,0.0315
IMP00005249,CAM0004,EV00012155,2025-06-14T11:24:43,P018,pre,tablet,0.0255
IMP00005250,CAM0020,EV00007056,2025-04-11T11:31:36,P013,mid,mobile,0.0286
IMP00005251,CAM0055,EV00005229,2025-08-26T16:17:56,P027,mid,mobile,0.0355
IMP00005252,CAM0006,EV00010558,2025-04-18T10:03:36,P033,mid,tablet,0.0404
IMP00005253,CAM0016,EV00004547,2025-08-14T18:37:28,P036,mid,tablet,0.0396
IMP00005254,CAM0030,EV00014378,2025-07-05T21:41:14,P024,pre,mobile,0.0344
IMP00005255,CAM0025,EV00010955,2025-08-29T14:47:38,P056,pre,mobile,0.0243
IMP00005256,CAM0023,EV00000976,2025-06-21T17:12:02,P034,mid,tablet,0.0379
IMP00005257,CAM0020,EV00013054,2025-02-20T14:31:24,P050,pre,tablet,0.028
IMP00005258,CAM0026,EV00012598,2025-01-23T19:40:08,P052,mid,tablet,0.0204
IMP00005259,CAM0054,EV00009466,2025-04-23T23:42:21,P002,mid,mobile,0.0257
IMP00005260,CAM0042,EV00000988,2025-04-24T15:30:56,P062,mid,desktop,0.0368
IMP00005261,CAM0022,EV00001391,2025-01-26T15:37:18,P014,pre,tablet,0.0324
IMP00005262,CAM0022,EV00010821,2025-08-14T08:42:34,P037,pre,desktop,0.0449
IMP00005263,CAM0049,EV00004450,2025-03-05T19:02:57,P002,mid,streaming_stick,0.0302
IMP00005264,CAM0058,EV00001107,2025-10-17T16:14:01,P020,pre,mobile,0.0202
IMP00005265,CAM0027,EV00020175,2025-03-02T21:36:47,P040,mid,tablet,0.029
IMP00005266,CAM0026,EV00002833,2025-06-16T12:31:41,P050,mid,tablet,0.0333
IMP00005267,CAM0011,EV00003599,2025-05-09T11:17:09,P057,pre,desktop,0.0352
IMP00005268,CAM0002,EV00019621,2025-12-20T18:36:14,P056,pre,tablet,0.027
IMP00005269,CAM0033,EV00009616,2025-05-27T18:49:41,P013,pre,desktop,0.0326
IMP00005270,CAM0046,EV00005691,2025-08-31T17:59:06,P025,pre,tablet,0.0348
IMP00005271,CAM0038,EV00018605,2025-08-11T18:45:02,P001,mid,smart_tv,0.0324
IMP00005272,CAM0010,EV00019399,2025-07-19T17:49:20,P034,post,tablet,0.0242
IMP00005273,CAM0001,EV00018360,2025-11-29T18:17:41,P005,mid,mobile,0.0352
IMP00005274,CAM0024,EV00000077,2025-05-05T00:23:46,P045,mid,mobile,0.032
IMP00005275,CAM0045,EV00002969,2025-10-30T19:45:01,P021,pre,mobile,0.0267
IMP00005276,CAM0001,EV00009041,2025-04-26T11:05:37,P033,pre,mobile,0.0324
IMP00005277,CAM0009,EV00012714,2025-05-08T15:57:18,P034,pre,tablet,0.0356
IMP00005278,CAM0030,EV00014524,2025-12-04T15:56:21,P011,pre,desktop,0.0416
IMP00005279,CAM0016,EV00004618,2025-10-12T14:26:15,P016,pre,tablet,0.0398
IMP00005280,CAM0017,EV00017203,2025-09-20T18:12:52,P041,pre,tablet,0.0215
IMP00005281,CAM0012,EV00016072,2025-01-24T13:30:14,P058,mid,streaming_stick,0.0304
IMP00005282,CAM0047,EV00014072,2025-02-25T15:02:04,P053,post,mobile,0.0268
IMP00005283,CAM0056,EV00012239,2025-10-25T14:40:30,P048,pre,tablet,0.02
IMP00005284,CAM0056,EV00009795,2025-09-02T10:24:30,P057,mid,mobile,0.0249
IMP00005285,CAM0017,EV00003002,2025-12-16T14:53:41,P048,pre,tablet,0.0375
IMP00005286,CAM0032,EV00015867,2025-06-03T13:39:19,P035,mid,desktop,0.022
IMP00005287,CAM0053,EV00003063,2025-05-22T14:50:36,P001,mid,mobile,0.0356
IMP00005288,CAM0008,EV00001368,2025-04-17T22:28:54,P010,mid,tablet,0.0286
IMP00005289,CAM0004,EV00002286,2025-02-06T08:55:30,P026,pre,streaming_stick,0.0212
IMP00005290,CAM0021,EV00013220,2025-04-12T13:58:51,P013,pre,mobile,0.045
IMP00005291,CAM0052,EV00001457,2025-06-04T17:00:51,P018,pre,desktop,0.0301
IMP00005292,CAM0008,EV00003532,2025-12-04T21:53:03,P048,pre,tablet,0.034
IMP00005293,CAM0012,EV00016057,2025-01-13T18:46:39,P045,pre,mobile,0.0423
IMP00005294,CAM0008,EV00005572,2025-07-07T16:07:41,P061,pre,tablet,0.033
IMP00005295,CAM0019,EV00007769,2025-08-16T20:04:15,P033,post,tablet,0.0287
IMP00005296,CAM0032,EV00011126,2025-10-30T13:07:55,P020,pre,tablet,0.0349
IMP00005297,CAM0059,EV00006684,2025-11-09T22:30:20,P028,pre,tablet,0.0252
IMP00005298,CAM0008,EV00012381,2025-12-23T17:41:49,P020,pre,streaming_stick,0.0362
IMP00005299,CAM0027,EV00019009,2025-01-15T14:25:14,P037,pre,tablet,0.0226
IMP00005300,CAM0047,EV00002195,2025-10-20T17:08:07,P023,pre,desktop,0.0211
IMP00005301,CAM0039,EV00002072,2025-04-24T18:52:50,P054,pre,tablet,0.0207
IMP00005302,CAM0027,EV00004858,2025-08-14T17:44:18,P021,post,mobile,0.0391
IMP00005303,CAM0028,EV00013590,2025-07-16T17:21:18,P036,mid,tablet,0.0264
IMP00005304,CAM0046,EV00012323,2025-08-29T16:31:19,P046,pre,tablet,0.0324
IMP00005305,CAM0004,EV00003186,2025-03-31T15:37:29,P025,pre,smart_tv,0.0241
IMP00005306,CAM0008,EV00018694,2025-03-03T11:15:45,P014,mid,tablet,0.0244
IMP00005307,CAM0040,EV00000338,2025-04-18T11:13:19,P028,pre,streaming_stick,0.036
IMP00005308,CAM0043,EV00019417,2025-01-28T06:52:54,P044,pre,mobile,0.037
IMP00005309,CAM0054,EV00006368,2025-12-29T21:13:46,P007,pre,mobile,0.0436
IMP00005310,CAM0030,EV00013676,2025-04-18T11:57:49,P041,post,desktop,0.027
IMP00005311,CAM0017,EV00007704,2025-08-30T09:29:11,P012,pre,streaming_stick,0.0242
IMP00005312,CAM0037,EV00009874,2025-05-26T00:01:54,P016,mid,mobile,0.024
IMP00005313,CAM0028,EV00002045,2025-02-08T06:07:39,P021,pre,tablet,0.0399
IMP00005314,CAM0034,EV00016159,2025-06-27T13:27:14,P011,pre,tablet,0.0292
IMP00005315,CAM0023,EV00009525,2025-07-23T16:46:20,P008,pre,mobile,0.0398
IMP00005316,CAM0047,EV00000874,2025-05-15T18:25:25,P024,pre,tablet,0.0248
IMP00005317,CAM0010,EV00016944,2025-12-24T18:56:27,P047,pre,tablet,0.0206
IMP00005318,CAM0022,EV00003373,2025-07-16T17:06:31,P003,mid,tablet,0.0402
IMP00005319,CAM0055,EV00002359,2025-03-30T16:07:46,P023,pre,tablet,0.032
IMP00005320,CAM0014,EV00001974,2025-06-22T21:04:00,P025,pre,streaming_stick,0.0313
IMP00005321,CAM0059,EV00019006,2025-08-14T18:39:18,P013,mid,tablet,0.0446
IMP00005322,CAM0035,EV00013677,2025-02-04T14:46:51,P029,pre,mobile,0.0406
IMP00005323,CAM0011,EV00010678,2025-01-15T17:25:46,P048,post,tablet,0.0329
IMP00005324,CAM0049,EV00017217,2025-03-06T23:24:06,P028,pre,mobile,0.0289
IMP00005325,CAM0031,EV00017903,2025-12-26T14:17:52,P022,pre,mobile,0.0442
IMP00005326,CAM0051,EV00006435,2025-11-20T11:41:25,P041,pre,mobile,0.0372
IMP00005327,CAM0002,EV00013880,2025-09-05T19:34:38,P013,mid,desktop,0.0224
IMP00005328,CAM0021,EV00004436,2025-03-23T16:57:53,P038,mid,tablet,0.0252
IMP00005329,CAM0051,EV00004309,2025-01-07T15:47:17,P057,post,tablet,0.0298
IMP00005330,CAM0028,EV00009070,2025-11-06T14:27:17,P048,pre,tablet,0.0402
IMP00005331,CAM0056,EV00005489,2025-03-04T21:39:46,P030,mid,tablet,0.0359
IMP00005332,CAM0014,EV00002516,2025-03-21T15:49:12,P061,mid,mobile,0.0377
IMP00005333,CAM0031,EV00013786,2025-08-30T19:20:50,P059,pre,mobile,0.0447
IMP00005334,CAM0011,EV00018734,2025-11-27T11:14:44,P062,pre,tablet,0.021
IMP00005335,CAM0058,EV00009127,2025-10-24T23:15:58,P044,mid,mobile,0.0392
IMP00005336,CAM0007,EV00018753,2025-12-17T17:50:57,P019,pre,mobile,0.0399
IMP00005337,CAM0041,EV00008621,2025-09-16T16:08:22,P012,mid,mobile,0.0369
IMP00005338,CAM0025,EV00014725,2025-04-21T17:20:46,P004,mid,mobile,0.0408
IMP00005339,CAM0041,EV00005926,2025-10-10T12:22:47,P034,mid,mobile,0.0247
IMP00005340,CAM0032,EV00002692,2025-04-06T11:10:07,P061,pre,streaming_stick,0.0433
IMP00005341,CAM0024,EV00002180,2025-07-18T12:16:39,P013,pre,mobile,0.0344
IMP00005342,CAM0003,EV00019231,2025-11-09T23:53:51,P041,pre,mobile,0.0406
IMP00005343,CAM0050,EV00001347,2025-02-16T09:04:06,P044,pre,desktop,0.0351
IMP00005344,CAM0012,EV00004739,2025-07-17T16:38:07,P021,mid,streaming_stick,0.0322
IMP00005345,CAM0027,EV00001035,2025-05-01T12:05:49,P055,post,smart_tv,0.0257
IMP00005346,CAM0055,EV00002344,2025-11-16T20:38:45,P022,pre,tablet,0.0347
IMP00005347,CAM0040,EV00002714,2025-08-17T14:21:53,P026,pre,mobile,0.0208
IMP00005348,CAM0015,EV00010838,2025-10-29T15:49:49,P045,mid,mobile,0.0342
IMP00005349,CAM0012,EV00006451,2025-01-27T08:45:08,P050,post,streaming_stick,0.0421
IMP00005350,CAM0039,EV00013024,2025-03-04T22:43:11,P009,mid,tablet,0.035
IMP00005351,CAM0011,EV00008032,2025-11-07T13:51:11,P052,pre,mobile,0.039
IMP00005352,CAM0044,EV00007741,2025-10-30T15:01:01,P055,mid,desktop,0.0204
IMP00005353,CAM0031,EV00016562,2025-09-18T18:24:26,P022,mid,mobile,0.0216
IMP00005354,CAM0011,EV00014279,2025-06-21T08:23:02,P032,pre,tablet,0.0216
IMP00005355,CAM0018,EV00013330,2025-07-05T17:02:05,P046,pre,mobile,0.0306
IMP00005356,CAM0049,EV00004837,2025-11-02T08:31:46,P029,mid,tablet,0.021
IMP00005357,CAM0046,EV00019354,2025-07-28T21:19:06,P058,post,tablet,0.0375
IMP00005358,CAM0010,EV00000367,2025-02-21T17:39:05,P003,post,tablet,0.0393
IMP00005359,CAM0030,EV00015346,2025-03-03T15:54:54,P021,pre,mobile,0.0263
IMP00005360,CAM0052,EV00016616,2025-11-30T14:33:05,P034,mid,streaming_stick,0.0274
IMP00005361,CAM0031,EV00001246,2025-07-14T11:10:47,P037,mid,mobile,0.0302
IMP00005362,CAM0030,EV00003968,2025-01-07T13:22:45,P047,mid,streaming_stick,0.0382
IMP00005363,CAM0058,EV00002019,2025-04-20T18:16:42,P023,post,smart_tv,0.026
IMP00005364,CAM0007,EV00019546,2025-03-21T11:43:51,P008,mid,tablet,0.0413
IMP00005365,CAM0002,EV00012023,2025-10-19T18:16:35,P042,mid,mobile,0.037
IMP00005366,CAM0017,EV00009376,2025-11-19T09:26:50,P056,mid,mobile,0.0342
IMP00005367,CAM0052,EV00000833,2025-12-27T19:36:54,P008,pre,tablet,0.0412
IMP00005368,CAM0032,EV00002566,2025-01-07T15:55:46,P034,mid,tablet,0.0269
IMP00005369,CAM0016,EV00017326,2025-01-27T13:41:25,P016,pre,tablet,0.0412
IMP00005370,CAM0045,EV00000642,2025-04-15T11:11:05,P035,mid,mobile,0.025
IMP00005371,CAM0048,EV00005111,2025-02-08T20:20:36,P015,mid,mobile,0.027
IMP00005372,CAM0018,EV00003894,2025-03-26T14:56:07,P006,mid,smart_tv,0.0403
IMP00005373,CAM0027,EV00012515,2025-06-07T19:23:02,P036,pre,tablet,0.0228
IMP00005374,CAM0004,EV00010180,2025-12-13T20:40:20,P005,post,tablet,0.032
IMP00005375,CAM0008,EV00019639,2025-06-25T16:53:39,P040,mid,tablet,0.0222
IMP00005376,CAM0055,EV00007297,2025-03-05T14:34:25,P027,pre,mobile,0.0392
IMP00005377,CAM0013,EV00004292,2025-07-24T13:29:12,P021,mid,mobile,0.0361
IMP00005378,CAM0038,EV00001224,2025-10-26T11:33:06,P047,pre,tablet,0.0204
IMP00005379,CAM0017,EV00011097,2025-01-22T18:16:33,P005,mid,tablet,0.0413
IMP00005380,CAM0007,EV00013519,2025-08-30T20:30:06,P042,mid,streaming_stick,0.0293
IMP00005381,CAM0020,EV00005167,2025-03-31T19:40:35,P003,pre,tablet,0.0405
IMP00005382,CAM0044,EV00005165,2025-09-07T19:21:56,P047,pre,desktop,0.0351
IMP00005383,CAM0040,EV00014205,2025-10-10T17:21:59,P042,pre,desktop,0.0281
IMP00005384,CAM0015,EV00013056,2025-02-20T15:31:21,P050,mid,tablet,0.0207
IMP00005385,CAM0046,EV00009878,2025-08-23T07:02:46,P001,pre,mobile,0.0262
IMP00005386,CAM0003,EV00008675,2025-03-15T14:38:54,P044,pre,mobile,0.0344
IMP00005387,CAM0043,EV00018642,2025-06-07T12:05:45,P006,pre,streaming_stick,0.0435
IMP00005388,CAM0027,EV00007972,2025-07-07T17:05:04,P059,mid,tablet,0.0203
IMP00005389,CAM0009,EV00008426,2025-01-21T08:54:17,P011,mid,tablet,0.0207
IMP00005390,CAM0053,EV00016494,2025-01-31T13:17:52,P015,pre,tablet,0.0352
IMP00005391,CAM0056,EV00000551,2025-12-14T15:09:48,P033,pre,tablet,0.0411
IMP00005392,CAM0050,EV00000697,2025-02-05T19:51:35,P045,mid,streaming_stick,0.0384
IMP00005393,CAM0057,EV00011898,2025-06-22T14:26:11,P040,mid,tablet,0.0433
IMP00005394,CAM0025,EV00013234,2025-10-22T18:22:32,P035,mid,streaming_stick,0.0409
IMP00005395,CAM0016,EV00002642,2025-07-29T15:16:06,P058,pre,mobile,0.0226
IMP00005396,CAM0036,EV00005239,2025-03-03T14:39:56,P021,mid,tablet,0.0269
IMP00005397,CAM0043,EV00007544,2025-09-20T14:12:27,P031,post,tablet,0.0244
IMP00005398,CAM0019,EV00016720,2025-08-28T21:22:41,P032,mid,tablet,0.0446
IMP00005399,CAM0046,EV00011309,2025-06-12T18:35:12,P021,mid,streaming_stick,0.0375
IMP00005400,CAM0044,EV00004917,2025-07-20T14:01:24,P015,pre,mobile,0.0311
IMP00005401,CAM0026,EV00004628,2025-04-18T10:18:43,P049,pre,mobile,0.0269
IMP00005402,CAM0010,EV00004156,2025-06-08T12:25:11,P016,pre,mobile,0.0326
IMP00005403,CAM0052,EV00012821,2025-05-11T17:48:47,P041,post,tablet,0.0219
IMP00005404,CAM0036,EV00019562,2025-10-25T15:07:57,P046,mid,tablet,0.0427
IMP00005405,CAM0038,EV00020220,2025-03-03T10:47:50,P036,pre,tablet,0.0382
IMP00005406,CAM0047,EV00017471,2025-01-06T15:18:58,P062,mid,smart_tv,0.0296
IMP00005407,CAM0008,EV00003803,2025-05-11T15:39:30,P007,mid,mobile,0.0216
IMP00005408,CAM0002,EV00013885,2025-09-15T16:02:07,P028,mid,desktop,0.045
IMP00005409,CAM0009,EV00008658,2025-05-05T18:48:42,P042,pre,desktop,0.0292
IMP00005410,CAM0033,EV00019941,2025-12-05T17:25:22,P020,mid,smart_tv,0.0287
IMP00005411,CAM0003,EV00018517,2025-02-25T06:49:02,P060,mid,mobile,0.0435
IMP00005412,CAM0058,EV00002351,2025-10-17T15:58:13,P059,mid,smart_tv,0.0212
IMP00005413,CAM0050,EV00004202,2025-09-30T19:52:23,P056,pre,mobile,0.0347
IMP00005414,CAM0022,EV00012182,2025-10-17T18:20:11,P013,pre,mobile,0.0407
IMP00005415,CAM0007,EV00016420,2025-09-14T18:25:08,P032,pre,tablet,0.023
IMP00005416,CAM0046,EV00018004,2025-11-02T16:19:27,P031,pre,streaming_stick,0.0401
IMP00005417,CAM0055,EV00003673,2025-10-19T18:21:07,P006,mid,tablet,0.0282
IMP00005418,CAM0017,EV00006155,2025-07-12T12:54:34,P017,pre,tablet,0.0232
IMP00005419,CAM0014,EV00011266,2025-04-15T11:09:00,P035,mid,mobile,0.0314
IMP00005420,CAM0012,EV00018998,2025-02-20T00:28:17,P012,mid,tablet,0.029
IMP00005421,CAM0035,EV00014388,2025-06-28T13:49:55,P020,pre,smart_tv,0.0284
IMP00005422,CAM0033,EV00017791,2025-07-30T09:59:19,P027,mid,mobile,0.0318
IMP00005423,CAM0041,EV00019108,2025-07-02T20:53:08,P030,mid,tablet,0.0431
IMP00005424,CAM0038,EV00006932,2025-09-26T19:39:46,P053,mid,smart_tv,0.0238
IMP00005425,CAM0008,EV00010977,2025-12-02T14:26:49,P040,pre,mobile,0.0431
IMP00005426,CAM0017,EV00012669,2025-05-21T22:25:38,P055,post,tablet,0.0214
IMP00005427,CAM0008,EV00016849,2025-01-25T10:07:53,P030,mid,tablet,0.0239
IMP00005428,CAM0006,EV00004074,2025-02-07T16:26:22,P032,post,streaming_stick,0.0223
IMP00005429,CAM0020,EV00013587,2025-07-27T22:06:59,P049,pre,mobile,0.0265
IMP00005430,CAM0053,EV00010206,2025-03-09T14:50:34,P052,pre,streaming_stick,0.0221
IMP00005431,CAM0031,EV00004113,2025-05-08T18:36:24,P004,pre,tablet,0.0383
IMP00005432,CAM0044,EV00008859,2025-08-27T00:01:54,P039,mid,tablet,0.0248
IMP00005433,CAM0023,EV00006557,2025-07-10T23:59:14,P061,mid,tablet,0.0354
IMP00005434,CAM0025,EV00012635,2025-04-08T17:53:32,P009,pre,mobile,0.0208
IMP00005435,CAM0022,EV00000741,2025-03-21T15:22:16,P059,pre,tablet,0.0434
IMP00005436,CAM0008,EV00014851,2025-03-07T14:33:18,P048,pre,mobile,0.0346
IMP00005437,CAM0020,EV00020187,2025-03-26T15:46:50,P058,mid,mobile,0.0237
IMP00005438,CAM0007,EV00005872,2025-04-20T16:59:39,P005,mid,mobile,0.044
IMP00005439,CAM0011,EV00001950,2025-07-20T23:44:24,P045,pre,mobile,0.0306
IMP00005440,CAM0049,EV00008589,2025-07-30T18:03:15,P052,mid,tablet,0.0281
IMP00005441,CAM0001,EV00018212,2025-10-16T19:44:57,P024,pre,mobile,0.0223
IMP00005442,CAM0022,EV00018689,2025-01-09T17:05:41,P002,mid,mobile,0.0335
IMP00005443,CAM0007,EV00002266,2025-09-11T13:30:56,P026,pre,desktop,0.0418
IMP00005444,CAM0028,EV00009152,2025-03-12T19:57:23,P042,mid,streaming_stick,0.0346
IMP00005445,CAM0053,EV00018490,2025-11-29T10:18:11,P015,post,mobile,0.0314
IMP00005446,CAM0052,EV00005931,2025-09-28T13:16:38,P014,mid,tablet,0.0432
IMP00005447,CAM0002,EV00001344,2025-05-01T15:24:55,P062,mid,tablet,0.0241
IMP00005448,CAM0035,EV00019616,2025-02-03T14:31:37,P034,pre,tablet,0.0389
IMP00005449,CAM0052,EV00018719,2025-02-21T19:05:43,P002,mid,streaming_stick,0.0396
IMP00005450,CAM0050,EV00007580,2025-05-06T15:36:31,P055,mid,mobile,0.0353
IMP00005451,CAM0051,EV00011877,2025-03-15T11:16:46,P021,mid,tablet,0.0315
IMP00005452,CAM0011,EV00003621,2025-02-20T13:56:37,P017,mid,tablet,0.0277
IMP00005453,CAM0048,EV00008222,2025-07-04T15:25:00,P051,mid,mobile,0.0206
IMP00005454,CAM0044,EV00019014,2025-02-17T20:21:00,P035,pre,tablet,0.0353
IMP00005455,CAM0014,EV00014906,2025-03-16T19:50:49,P039,mid,mobile,0.0372
IMP00005456,CAM0052,EV00018585,2025-08-22T14:17:56,P055,pre,mobile,0.0418
IMP00005457,CAM0033,EV00010746,2025-05-29T17:14:21,P019,pre,smart_tv,0.0253
IMP00005458,CAM0056,EV00019857,2025-02-21T15:45:38,P003,mid,tablet,0.0343
IMP00005459,CAM0032,EV00012310,2025-03-05T20:14:29,P058,pre,tablet,0.023
IMP00005460,CAM0014,EV00002790,2025-06-25T15:58:07,P047,post,mobile,0.0281
IMP00005461,CAM0035,EV00003551,2025-09-07T17:58:22,P007,mid,desktop,0.0412
IMP00005462,CAM0032,EV00009717,2025-05-29T14:54:10,P013,mid,tablet,0.039
IMP00005463,CAM0055,EV00005176,2025-11-03T19:48:50,P034,pre,tablet,0.0233
IMP00005464,CAM0045,EV00012487,2025-11-29T11:35:10,P013,mid,tablet,0.0431
IMP00005465,CAM0023,EV00007272,2025-06-10T23:50:40,P038,pre,tablet,0.0222
IMP00005466,CAM0007,EV00010378,2025-10-20T09:22:19,P004,pre,mobile,0.0227
IMP00005467,CAM0048,EV00013788,2025-08-30T20:05:48,P059,mid,mobile,0.0317
IMP00005468,CAM0027,EV00015946,2025-03-03T16:33:56,P061,mid,streaming_stick,0.04
IMP00005469,CAM0047,EV00000015,2025-02-22T14:05:46,P009,post,tablet,0.0441
IMP00005470,CAM0014,EV00007799,2025-04-13T13:54:19,P012,pre,mobile,0.0214
IMP00005471,CAM0020,EV00000845,2025-06-08T13:37:15,P003,mid,desktop,0.021
IMP00005472,CAM0057,EV00007806,2025-04-15T13:02:46,P009,pre,tablet,0.0232
IMP00005473,CAM0025,EV00003190,2025-09-30T23:51:47,P026,mid,mobile,0.0234
IMP00005474,CAM0017,EV00004998,2025-06-29T18:18:33,P034,mid,mobile,0.0334
IMP00005475,CAM0047,EV00003235,2025-08-17T20:29:19,P016,pre,mobile,0.0408
IMP00005476,CAM0015,EV00017387,2025-11-19T15:30:55,P060,mid,tablet,0.0284
IMP00005477,CAM0057,EV00005664,2025-07-11T21:49:08,P057,mid,mobile,0.0284
IMP00005478,CAM0045,EV00019947,2025-03-30T23:12:46,P030,pre,mobile,0.0248
IMP00005479,CAM0050,EV00014517,2025-11-07T14:27:41,P014,post,mobile,0.0205
IMP00005480,CAM0009,EV00018965,2025-07-22T10:41:09,P041,pre,tablet,0.0274
IMP00005481,CAM0038,EV00001505,2025-09-24T15:37:19,P050,pre,mobile,0.0312
IMP00005482,CAM0055,EV00001816,2025-10-09T21:11:56,P013,mid,mobile,0.0325
IMP00005483,CAM0035,EV00015440,2025-06-27T13:31:30,P027,pre,tablet,0.0235
IMP00005484,CAM0041,EV00004345,2025-04-29T21:47:21,P037,pre,tablet,0.0226
IMP00005485,CAM0005,EV00005911,2025-08-19T16:44:30,P009,post,tablet,0.0396
IMP00005486,CAM0006,EV00015177,2025-10-04T14:23:57,P024,mid,tablet,0.0376
IMP00005487,CAM0055,EV00010633,2025-04-01T17:36:56,P056,mid,streaming_stick,0.0303
IMP00005488,CAM0034,EV00010294,2025-10-13T19:22:39,P060,mid,mobile,0.0336
IMP00005489,CAM0036,EV00005004,2025-11-08T15:28:58,P060,pre,streaming_stick,0.0228
IMP00005490,CAM0032,EV00006411,2025-02-05T15:01:09,P026,pre,desktop,0.0212
IMP00005491,CAM0047,EV00009448,2025-10-19T22:40:50,P052,pre,streaming_stick,0.032
IMP00005492,CAM0026,EV00009915,2025-01-25T14:36:13,P043,pre,tablet,0.0423
IMP00005493,CAM0019,EV00018917,2025-12-09T18:38:47,P005,pre,desktop,0.0286
IMP00005494,CAM0028,EV00006193,2025-04-08T15:56:33,P051,mid,tablet,0.0435
IMP00005495,CAM0019,EV00013761,2025-02-16T13:20:59,P008,pre,tablet,0.0292
IMP00005496,CAM0030,EV00006140,2025-02-05T08:18:15,P018,pre,streaming_stick,0.0217
IMP00005497,CAM0022,EV00001738,2025-10-27T22:15:47,P006,mid,tablet,0.0227
IMP00005498,CAM0001,EV00010649,2025-02-27T17:05:15,P041,mid,mobile,0.0235
IMP00005499,CAM0044,EV00011721,2025-12-14T16:52:33,P040,post,mobile,0.029
IMP00005500,CAM0006,EV00000788,2025-03-05T21:41:32,P004,mid,tablet,0.0306
IMP00005501,CAM0039,EV00017834,2025-05-29T13:21:12,P059,pre,mobile,0.0391
IMP00005502,CAM0015,EV00016803,2025-06-27T19:54:29,P033,mid,mobile,0.0355
IMP00005503,CAM0058,EV00000589,2025-08-27T18:15:13,P059,pre,tablet,0.021
IMP00005504,CAM0025,EV00001158,2025-10-08T18:17:42,P049,pre,mobile,0.0205
IMP00005505,CAM0021,EV00002886,2025-08-24T12:48:05,P059,pre,mobile,0.0256
IMP00005506,CAM0001,EV00012563,2025-05-19T16:16:17,P044,pre,mobile,0.0439
IMP00005507,CAM0023,EV00019387,2025-01-15T10:37:39,P031,mid,mobile,0.0317
IMP00005508,CAM0021,EV00010354,2025-08-10T06:41:53,P027,pre,streaming_stick,0.0395
IMP00005509,CAM0038,EV00010614,2025-01-28T14:44:12,P056,pre,tablet,0.0292
IMP00005510,CAM0026,EV00002336,2025-09-20T11:08:17,P034,mid,mobile,0.0277
IMP00005511,CAM0006,EV00006254,2025-02-23T14:42:04,P001,pre,tablet,0.0373
IMP00005512,CAM0048,EV00003727,2025-09-19T22:32:32,P034,pre,mobile,0.0352
IMP00005513,CAM0010,EV00007679,2025-06-03T15:19:02,P025,mid,tablet,0.0405
IMP00005514,CAM0047,EV00006500,2025-08-21T10:19:47,P032,pre,tablet,0.0262
IMP00005515,CAM0019,EV00014894,2025-09-26T22:33:13,P018,pre,mobile,0.0355
IMP00005516,CAM0012,EV00010384,2025-11-22T15:38:42,P031,pre,mobile,0.0292
IMP00005517,CAM0020,EV00001765,2025-06-10T20:12:07,P045,pre,tablet,0.0353
IMP00005518,CAM0014,EV00012398,2025-12-30T18:36:25,P058,mid,desktop,0.0319
IMP00005519,CAM0003,EV00015985,2025-01-08T15:19:57,P015,mid,mobile,0.0247
IMP00005520,CAM0007,EV00019197,2025-04-03T16:18:54,P039,pre,mobile,0.0376
IMP00005521,CAM0011,EV00008613,2025-12-28T14:17:30,P047,post,mobile,0.0208
IMP00005522,CAM0029,EV00011973,2025-10-13T16:53:08,P061,mid,tablet,0.0213
IMP00005523,CAM0037,EV00014250,2025-03-31T23:46:07,P004,pre,smart_tv,0.0406
IMP00005524,CAM0012,EV00006059,2025-10-09T10:20:38,P027,pre,mobile,0.0403
IMP00005525,CAM0005,EV00014213,2025-11-26T18:41:45,P015,pre,mobile,0.0231
IMP00005526,CAM0054,EV00019742,2025-07-31T17:43:46,P008,mid,mobile,0.0411
IMP00005527,CAM0024,EV00013244,2025-07-21T16:13:35,P021,mid,tablet,0.0284
IMP00005528,CAM0057,EV00019602,2025-09-19T22:08:36,P003,pre,desktop,0.0445
IMP00005529,CAM0012,EV00018512,2025-06-13T12:41:27,P043,mid,tablet,0.0393
IMP00005530,CAM0007,EV00008033,2025-09-21T16:45:28,P031,pre,mobile,0.0291
IMP00005531,CAM0031,EV00007701,2025-08-29T16:52:06,P011,pre,mobile,0.0201
IMP00005532,CAM0025,EV00012113,2025-08-14T18:27:35,P021,pre,smart_tv,0.0246
IMP00005533,CAM0048,EV00008092,2025-10-18T18:29:17,P017,mid,streaming_stick,0.0319
IMP00005534,CAM0015,EV00019837,2025-10-18T21:53:33,P024,mid,mobile,0.0297
IMP00005535,CAM0005,EV00010034,2025-01-11T17:27:25,P015,pre,mobile,0.0243
IMP00005536,CAM0032,EV00001860,2025-06-19T21:18:23,P007,mid,tablet,0.0241
IMP00005537,CAM0024,EV00005472,2025-12-07T17:08:31,P051,pre,tablet,0.0427
IMP00005538,CAM0037,EV00001572,2025-10-08T18:53:24,P057,mid,mobile,0.0379
IMP00005539,CAM0045,EV00015745,2025-12-11T22:43:44,P049,pre,mobile,0.0438
IMP00005540,CAM0049,EV00003691,2025-11-08T14:20:41,P017,mid,mobile,0.0266
IMP00005541,CAM0005,EV00016585,2025-10-23T15:13:28,P014,pre,tablet,0.0431
IMP00005542,CAM0019,EV00014924,2025-06-29T13:29:19,P040,post,desktop,0.0311
IMP00005543,CAM0019,EV00004434,2025-03-23T16:27:52,P038,pre,tablet,0.0372
IMP00005544,CAM0018,EV00008792,2025-05-28T08:48:18,P053,mid,tablet,0.0282
IMP00005545,CAM0027,EV00016348,2025-07-19T19:36:38,P003,mid,mobile,0.0216
IMP00005546,CAM0042,EV00007390,2025-11-21T17:10:34,P025,mid,tablet,0.0391
IMP00005547,CAM0037,EV00009474,2025-10-07T13:56:03,P023,pre,smart_tv,0.0449
IMP00005548,CAM0040,EV00000368,2025-04-12T23:30:39,P009,pre,desktop,0.0334
IMP00005549,CAM0037,EV00010973,2025-09-15T14:21:04,P009,pre,tablet,0.0262
IMP00005550,CAM0016,EV00005896,2025-04-27T13:09:27,P039,pre,tablet,0.0359
IMP00005551,CAM0041,EV00013509,2025-12-03T14:09:25,P036,post,smart_tv,0.0261
IMP00005552,CAM0006,EV00017440,2025-11-06T15:27:35,P011,pre,tablet,0.0214
IMP00005553,CAM0008,EV00006783,2025-02-05T08:16:35,P059,pre,streaming_stick,0.0324
IMP00005554,CAM0017,EV00007572,2025-12-11T09:32:15,P056,post,tablet,0.0227
IMP00005555,CAM0017,EV00003995,2025-07-25T12:03:55,P014,pre,mobile,0.0331
IMP00005556,CAM0049,EV00012017,2025-10-24T18:57:13,P006,mid,streaming_stick,0.0393
IMP00005557,CAM0052,EV00006235,2025-04-10T15:11:20,P042,pre,tablet,0.0302
IMP00005558,CAM0033,EV00009672,2025-08-14T13:16:04,P015,mid,smart_tv,0.0425
IMP00005559,CAM0032,EV00001911,2025-03-29T14:52:24,P035,mid,tablet,0.0403
IMP00005560,CAM0011,EV00006981,2025-03-28T15:12:56,P007,mid,tablet,0.028
IMP00005561,CAM0041,EV00017242,2025-02-22T16:56:28,P019,pre,mobile,0.0304
IMP00005562,CAM0022,EV00013927,2025-11-27T14:59:09,P059,pre,tablet,0.0342
IMP00005563,CAM0012,EV00016728,2025-09-12T15:01:52,P006,pre,desktop,0.0317
IMP00005564,CAM0008,EV00002773,2025-09-14T20:38:31,P035,mid,mobile,0.0211
IMP00005565,CAM0049,EV00019815,2025-10-23T09:32:18,P007,pre,mobile,0.0353
IMP00005566,CAM0024,EV00012609,2025-09-01T17:04:31,P022,pre,mobile,0.0276
IMP00005567,CAM0032,EV00010720,2025-09-21T12:59:06,P010,mid,streaming_stick,0.0307
IMP00005568,CAM0007,EV00013408,2025-05-29T08:53:43,P015,pre,tablet,0.0311
IMP00005569,CAM0008,EV00015749,2025-09-12T15:45:46,P008,mid,desktop,0.042
IMP00005570,CAM0035,EV00004220,2025-02-23T13:16:45,P035,pre,smart_tv,0.0412
IMP00005571,CAM0011,EV00011545,2025-10-20T18:05:02,P050,mid,desktop,0.0276
IMP00005572,CAM0021,EV00010158,2025-01-26T20:37:04,P026,mid,mobile,0.0364
IMP00005573,CAM0058,EV00018246,2025-11-11T07:07:39,P014,pre,mobile,0.044
IMP00005574,CAM0043,EV00019636,2025-11-06T15:01:39,P008,post,mobile,0.0303
IMP00005575,CAM0052,EV00001615,2025-12-26T22:25:22,P012,pre,tablet,0.0355
IMP00005576,CAM0034,EV00008196,2025-07-30T19:27:22,P039,mid,streaming_stick,0.0271
IMP00005577,CAM0028,EV00008300,2025-08-07T20:53:30,P062,pre,tablet,0.0261
IMP00005578,CAM0011,EV00004615,2025-02-04T14:59:56,P054,mid,mobile,0.0292
IMP00005579,CAM0055,EV00007168,2025-07-02T10:35:49,P036,post,tablet,0.0386
IMP00005580,CAM0057,EV00010062,2025-11-21T11:59:44,P061,pre,mobile,0.0266
IMP00005581,CAM0035,EV00010073,2025-11-18T15:54:33,P024,pre,smart_tv,0.0245
IMP00005582,CAM0037,EV00013790,2025-08-30T20:50:48,P059,post,mobile,0.0431
IMP00005583,CAM0035,EV00008775,2025-07-23T09:18:39,P005,pre,mobile,0.0431
IMP00005584,CAM0055,EV00019416,2025-10-26T22:39:48,P046,post,mobile,0.0285
IMP00005585,CAM0014,EV00003564,2025-11-30T22:48:58,P012,pre,tablet,0.0441
IMP00005586,CAM0042,EV00015204,2025-06-09T14:01:27,P035,mid,tablet,0.0307
IMP00005587,CAM0024,EV00018821,2025-01-23T18:24:21,P040,pre,mobile,0.0346
IMP00005588,CAM0004,EV00005996,2025-12-03T14:15:52,P030,mid,mobile,0.0376
IMP00005589,CAM0018,EV00006447,2025-01-27T06:45:05,P050,pre,streaming_stick,0.0271
IMP00005590,CAM0035,EV00007944,2025-12-12T23:56:47,P012,pre,streaming_stick,0.0374
IMP00005591,CAM0014,EV00014844,2025-06-21T16:39:50,P037,post,tablet,0.0387
IMP00005592,CAM0022,EV00002726,2025-04-04T10:53:41,P024,pre,tablet,0.0438
IMP00005593,CAM0053,EV00012862,2025-08-01T15:12:08,P014,post,tablet,0.031
IMP00005594,CAM0045,EV00013644,2025-10-05T18:05:19,P010,mid,tablet,0.0232
IMP00005595,CAM0037,EV00007401,2025-11-19T20:26:56,P002,mid,streaming_stick,0.0217
IMP00005596,CAM0032,EV00001849,2025-10-14T11:53:29,P053,pre,tablet,0.0417
IMP00005597,CAM0013,EV00018205,2025-08-26T07:08:41,P037,pre,streaming_stick,0.0215
IMP00005598,CAM0051,EV00006051,2025-01-22T15:09:35,P020,mid,tablet,0.0327
IMP00005599,CAM0032,EV00016859,2025-06-23T17:46:35,P033,mid,smart_tv,0.0209
IMP00005600,CAM0050,EV00000687,2025-04-04T13:11:52,P052,pre,mobile,0.0328
IMP00005601,CAM0005,EV00002056,2025-08-09T15:53:40,P014,pre,tablet,0.0436
IMP00005602,CAM0032,EV00002101,2025-07-27T07:36:23,P032,pre,smart_tv,0.0419
IMP00005603,CAM0040,EV00004925,2025-07-07T22:44:01,P042,pre,mobile,0.0354
IMP00005604,CAM0028,EV00016153,2025-08-30T13:36:37,P003,post,tablet,0.0436
IMP00005605,CAM0048,EV00005350,2025-04-26T17:24:41,P003,mid,mobile,0.0235
IMP00005606,CAM0055,EV00014042,2025-09-11T13:24:00,P007,pre,mobile,0.0271
IMP00005607,CAM0006,EV00009229,2025-07-26T18:14:50,P021,pre,tablet,0.0367
IMP00005608,CAM0028,EV00012713,2025-06-12T16:20:52,P042,post,smart_tv,0.0328
IMP00005609,CAM0035,EV00007913,2025-11-01T23:12:41,P029,pre,desktop,0.04
IMP00005610,CAM0043,EV00019346,2025-05-31T14:49:09,P039,pre,streaming_stick,0.0292
IMP00005611,CAM0006,EV00012723,2025-08-19T20:33:46,P041,pre,tablet,0.0345
IMP00005612,CAM0008,EV00019860,2025-10-08T18:21:58,P027,pre,mobile,0.0229
IMP00005613,CAM0056,EV00006861,2025-03-11T16:03:53,P035,mid,tablet,0.041
IMP00005614,CAM0059,EV00008521,2025-12-18T06:10:02,P033,pre,tablet,0.0378
IMP00005615,CAM0030,EV00013391,2025-10-29T16:43:57,P041,mid,mobile,0.0374
IMP00005616,CAM0014,EV00000349,2025-08-04T22:35:36,P051,post,streaming_stick,0.0406
IMP00005617,CAM0002,EV00011742,2025-05-11T16:07:16,P045,mid,tablet,0.0305
IMP00005618,CAM0008,EV00009442,2025-10-31T07:56:29,P052,mid,tablet,0.0285
IMP00005619,CAM0001,EV00005971,2025-02-03T11:57:26,P021,mid,tablet,0.0257
IMP00005620,CAM0036,EV00001014,2025-07-15T16:37:59,P062,pre,tablet,0.0373
IMP00005621,CAM0006,EV00006475,2025-04-15T10:28:38,P018,pre,mobile,0.0331
IMP00005622,CAM0020,EV00000707,2025-01-24T15:47:13,P041,mid,mobile,0.0203
IMP00005623,CAM0045,EV00014161,2025-07-17T22:35:20,P062,pre,mobile,0.0241
IMP00005624,CAM0049,EV00012035,2025-10-27T18:23:48,P007,mid,streaming_stick,0.0401
IMP00005625,CAM0029,EV00015903,2025-10-27T12:45:37,P013,pre,mobile,0.032
IMP00005626,CAM0022,EV00000239,2025-09-08T17:54:53,P019,mid,mobile,0.0382
IMP00005627,CAM0011,EV00014922,2025-06-29T12:59:20,P040,mid,desktop,0.0229
IMP00005628,CAM0015,EV00007053,2025-09-12T22:41:23,P033,mid,tablet,0.0278
IMP00005629,CAM0044,EV00011380,2025-02-25T20:14:52,P006,mid,mobile,0.0439
IMP00005630,CAM0006,EV00005484,2025-12-02T14:55:44,P046,mid,mobile,0.0448
IMP00005631,CAM0007,EV00008467,2025-06-04T11:29:48,P060,post,tablet,0.0216
IMP00005632,CAM0002,EV00007004,2025-01-26T17:07:47,P055,mid,streaming_stick,0.0353
IMP00005633,CAM0025,EV00006669,2025-01-30T21:16:09,P053,post,tablet,0.0364
IMP00005634,CAM0048,EV00003419,2025-04-28T20:47:02,P034,post,mobile,0.035
IMP00005635,CAM0006,EV00002951,2025-06-17T15:55:46,P049,pre,mobile,0.0246
IMP00005636,CAM0051,EV00010270,2025-07-20T19:28:23,P013,mid,mobile,0.0371
IMP00005637,CAM0047,EV00002906,2025-08-03T16:30:56,P058,mid,mobile,0.0304
IMP00005638,CAM0050,EV00012869,2025-06-24T13:31:06,P029,post,tablet,0.0446
IMP00005639,CAM0022,EV00019814,2025-09-12T15:17:26,P048,post,mobile,0.0316
IMP00005640,CAM0031,EV00009884,2025-05-14T18:21:52,P056,mid,tablet,0.027
IMP00005641,CAM0055,EV00015562,2025-05-26T23:36:03,P012,mid,desktop,0.0434
IMP00005642,CAM0045,EV00008897,2025-04-17T19:23:38,P004,mid,tablet,0.0437
IMP00005643,CAM0046,EV00017021,2025-01-15T18:57:35,P011,mid,tablet,0.034
IMP00005644,CAM0011,EV00007957,2025-06-04T18:37:55,P020,mid,mobile,0.0349
IMP00005645,CAM0030,EV00005689,2025-03-21T18:05:02,P036,mid,mobile,0.0206
IMP00005646,CAM0042,EV00008353,2025-12-17T13:12:07,P019,pre,tablet,0.0395
IMP00005647,CAM0012,EV00016824,2025-04-21T10:57:57,P048,mid,tablet,0.0281
IMP00005648,CAM0038,EV00007380,2025-09-27T16:02:19,P052,pre,tablet,0.0269
IMP00005649,CAM0032,EV00003335,2025-05-12T16:33:41,P032,pre,tablet,0.0412
IMP00005650,CAM0058,EV00012974,2025-05-05T19:49:33,P037,post,desktop,0.0358
IMP00005651,CAM0052,EV00012492,2025-02-14T00:07:22,P036,mid,mobile,0.0421
IMP00005652,CAM0047,EV00004825,2025-03-05T21:42:41,P017,mid,mobile,0.0411
IMP00005653,CAM0032,EV00007001,2025-01-04T16:35:26,P026,mid,mobile,0.0396
IMP00005654,CAM0017,EV00018076,2025-12-12T17:02:52,P022,pre,mobile,0.0339
IMP00005655,CAM0001,EV00002529,2025-09-02T09:57:41,P027,pre,tablet,0.0318
IMP00005656,CAM0038,EV00016689,2025-10-26T22:50:52,P033,mid,mobile,0.027
IMP00005657,CAM0012,EV00008579,2025-06-10T10:49:25,P060,mid,tablet,0.0222
IMP00005658,CAM0040,EV00006905,2025-02-28T17:49:29,P033,pre,tablet,0.0296
IMP00005659,CAM0033,EV00019052,2025-06-28T09:23:20,P040,mid,tablet,0.0272
IMP00005660,CAM0035,EV00004000,2025-10-29T12:58:49,P048,pre,mobile,0.031
IMP00005661,CAM0019,EV00009205,2025-11-07T23:00:48,P031,mid,mobile,0.0364
IMP00005662,CAM0050,EV00009595,2025-12-17T13:13:17,P015,pre,tablet,0.0416
IMP00005663,CAM0016,EV00015013,2025-10-14T17:41:49,P047,mid,tablet,0.0344
IMP00005664,CAM0056,EV00001668,2025-12-14T15:20:44,P043,mid,tablet,0.0423
IMP00005665,CAM0014,EV00011259,2025-06-05T13:42:49,P055,pre,streaming_stick,0.0428
IMP00005666,CAM0012,EV00001178,2025-05-18T15:01:36,P051,mid,mobile,0.0446
IMP00005667,CAM0005,EV00001863,2025-02-18T06:03:05,P013,pre,tablet,0.042
IMP00005668,CAM0002,EV00016738,2025-04-16T18:11:48,P025,pre,mobile,0.0242
IMP00005669,CAM0034,EV00000869,2025-12-27T11:22:58,P045,pre,tablet,0.0289
IMP00005670,CAM0005,EV00017793,2025-07-30T10:11:51,P027,post,mobile,0.0422
IMP00005671,CAM0008,EV00013578,2025-08-10T17:53:52,P021,pre,mobile,0.0375
IMP00005672,CAM0058,EV00012391,2025-09-11T15:09:45,P044,pre,mobile,0.0418
IMP00005673,CAM0048,EV00008305,2025-09-24T21:04:37,P025,mid,mobile,0.0382
IMP00005674,CAM0044,EV00016918,2025-07-07T13:52:17,P050,pre,streaming_stick,0.0372
IMP00005675,CAM0030,EV00016604,2025-01-17T08:56:10,P020,pre,tablet,0.0359
IMP00005676,CAM0015,EV00009321,2025-05-28T21:53:53,P051,pre,mobile,0.0287
IMP00005677,CAM0014,EV00002876,2025-08-23T15:35:54,P036,mid,tablet,0.0274
IMP00005678,CAM0045,EV00011178,2025-04-28T19:07:20,P052,mid,tablet,0.0313
IMP00005679,CAM0043,EV00016596,2025-06-20T00:23:40,P033,mid,tablet,0.0411
IMP00005680,CAM0005,EV00003415,2025-04-28T18:35:04,P034,pre,mobile,0.0352
IMP00005681,CAM0024,EV00014242,2025-08-01T14:27:35,P024,mid,tablet,0.0286
IMP00005682,CAM0022,EV00020152,2025-01-25T18:49:34,P012,mid,mobile,0.0406
IMP00005683,CAM0005,EV00018814,2025-05-31T19:46:23,P044,pre,tablet,0.0233
IMP00005684,CAM0011,EV00014652,2025-11-27T14:48:24,P013,pre,smart_tv,0.0202
IMP00005685,CAM0048,EV00014330,2025-07-01T18:40:09,P060,pre,tablet,0.034
IMP00005686,CAM0043,EV00004027,2025-08-13T17:00:25,P011,pre,tablet,0.0328
IMP00005687,CAM0032,EV00008957,2025-12-24T09:01:34,P018,mid,tablet,0.0288
IMP00005688,CAM0046,EV00001461,2025-09-05T11:12:57,P008,mid,tablet,0.0361
IMP00005689,CAM0015,EV00019347,2025-07-28T15:22:12,P036,pre,mobile,0.0291
IMP00005690,CAM0004,EV00014394,2025-04-25T16:55:25,P050,pre,tablet,0.0319
IMP00005691,CAM0038,EV00003094,2025-03-13T13:24:05,P051,mid,streaming_stick,0.0312
IMP00005692,CAM0044,EV00013045,2025-03-22T15:57:44,P052,pre,tablet,0.0328
IMP00005693,CAM0057,EV00002679,2025-11-25T09:23:10,P014,post,mobile,0.0244
IMP00005694,CAM0035,EV00008340,2025-06-22T15:33:10,P035,pre,mobile,0.0305
IMP00005695,CAM0005,EV00015003,2025-09-04T13:15:31,P004,mid,tablet,0.0241
IMP00005696,CAM0054,EV00004226,2025-08-03T13:10:19,P009,mid,streaming_stick,0.0208
IMP00005697,CAM0018,EV00004783,2025-09-28T11:02:03,P061,mid,tablet,0.0209
IMP00005698,CAM0039,EV00018738,2025-05-26T21:57:29,P008,mid,tablet,0.0224
IMP00005699,CAM0046,EV00018046,2025-11-13T22:00:05,P006,mid,tablet,0.024
IMP00005700,CAM0005,EV00014209,2025-10-10T17:47:00,P042,post,desktop,0.0318
IMP00005701,CAM0034,EV00017582,2025-05-12T20:30:08,P057,mid,mobile,0.0262
IMP00005702,CAM0033,EV00005557,2025-10-29T18:27:28,P032,post,mobile,0.0331
IMP00005703,CAM0010,EV00004092,2025-02-05T08:31:28,P006,mid,streaming_stick,0.0336
IMP00005704,CAM0029,EV00016229,2025-12-20T16:05:57,P024,pre,tablet,0.0258
IMP00005705,CAM0041,EV00017947,2025-10-09T10:18:50,P054,pre,mobile,0.0381
IMP00005706,CAM0013,EV00006328,2025-04-03T21:23:20,P052,pre,mobile,0.0426
IMP00005707,CAM0030,EV00001229,2025-10-12T11:15:18,P006,pre,mobile,0.02
IMP00005708,CAM0057,EV00019917,2025-10-16T19:15:04,P033,pre,smart_tv,0.0246
IMP00005709,CAM0003,EV00016912,2025-11-15T23:19:30,P024,mid,tablet,0.0373
IMP00005710,CAM0029,EV00002055,2025-04-11T14:55:10,P031,post,mobile,0.024
IMP00005711,CAM0028,EV00003946,2025-09-15T20:02:27,P062,pre,tablet,0.0397
IMP00005712,CAM0045,EV00016974,2025-10-15T22:51:48,P043,mid,mobile,0.0203
IMP00005713,CAM0033,EV00015685,2025-11-18T18:12:21,P061,mid,mobile,0.0321
IMP00005714,CAM0013,EV00016784,2025-06-19T14:51:38,P041,pre,mobile,0.0331
IMP00005715,CAM0052,EV00015688,2025-09-30T23:39:12,P038,pre,mobile,0.0408
IMP00005716,CAM0015,EV00002844,2025-07-09T08:31:15,P013,pre,tablet,0.0442
IMP00005717,CAM0046,EV00001128,2025-08-29T16:57:00,P032,post,tablet,0.0437
IMP00005718,CAM0001,EV00016309,2025-05-11T15:50:45,P051,pre,tablet,0.0339
IMP00005719,CAM0027,EV00006914,2025-08-30T09:59:41,P020,post,mobile,0.0417
IMP00005720,CAM0032,EV00017255,2025-05-21T18:57:59,P059,mid,mobile,0.0421
IMP00005721,CAM0015,EV00009618,2025-07-31T15:25:55,P003,pre,mobile,0.0252
IMP00005722,CAM0045,EV00013137,2025-10-18T15:42:35,P024,pre,mobile,0.0326
IMP00005723,CAM0059,EV00002996,2025-02-04T16:26:14,P050,pre,mobile,0.0357
IMP00005724,CAM0015,EV00002591,2025-05-28T18:19:19,P031,mid,smart_tv,0.0234
IMP00005725,CAM0035,EV00011620,2025-07-23T08:27:45,P008,post,smart_tv,0.0281
IMP00005726,CAM0021,EV00007082,2025-10-25T11:30:16,P060,pre,tablet,0.0311
IMP00005727,CAM0049,EV00019487,2025-05-20T23:56:40,P014,mid,tablet,0.0383
IMP00005728,CAM0052,EV00006691,2025-08-05T21:20:59,P057,mid,tablet,0.0336
IMP00005729,CAM0052,EV00003936,2025-06-04T10:58:31,P020,pre,tablet,0.0391
IMP00005730,CAM0051,EV00019565,2025-01-21T20:41:50,P032,mid,mobile,0.0219
IMP00005731,CAM0038,EV00001503,2025-11-16T09:15:15,P062,pre,smart_tv,0.035
IMP00005732,CAM0016,EV00019734,2025-11-24T13:13:26,P056,mid,streaming_stick,0.0202
IMP00005733,CAM0024,EV00012583,2025-02-21T11:34:28,P023,pre,mobile,0.0415
IMP00005734,CAM0002,EV00004932,2025-11-27T17:16:01,P024,mid,streaming_stick,0.0212
IMP00005735,CAM0001,EV00018290,2025-12-22T18:05:42,P058,post,mobile,0.0302
IMP00005736,CAM0018,EV00016643,2025-05-17T14:51:06,P058,pre,desktop,0.0341
IMP00005737,CAM0014,EV00014711,2025-08-06T14:02:32,P006,mid,mobile,0.0277
IMP00005738,CAM0038,EV00012448,2025-08-09T16:28:23,P034,mid,desktop,0.0413
IMP00005739,CAM0028,EV00009298,2025-12-25T17:56:14,P062,pre,tablet,0.0359
IMP00005740,CAM0042,EV00016549,2025-11-30T15:53:41,P062,post,desktop,0.0353
IMP00005741,CAM0039,EV00000234,2025-06-15T21:00:09,P056,mid,mobile,0.0449
IMP00005742,CAM0004,EV00016560,2025-09-18T17:54:28,P022,pre,mobile,0.0254
IMP00005743,CAM0043,EV00019755,2025-01-07T10:59:02,P013,pre,mobile,0.0259
IMP00005744,CAM0043,EV00015977,2025-04-10T16:48:54,P006,post,desktop,0.0201
IMP00005745,CAM0020,EV00002200,2025-04-07T23:00:11,P040,pre,mobile,0.0262
IMP00005746,CAM0023,EV00017867,2025-12-25T13:25:24,P039,mid,mobile,0.035
IMP00005747,CAM0034,EV00004348,2025-09-07T15:34:53,P013,pre,mobile,0.0287
IMP00005748,CAM0058,EV00012058,2025-04-11T18:13:52,P016,mid,mobile,0.0388
IMP00005749,CAM0020,EV00006877,2025-05-08T13:52:13,P023,mid,tablet,0.039
IMP00005750,CAM0037,EV00013598,2025-07-10T20:31:24,P048,pre,tablet,0.0285
IMP00005751,CAM0049,EV00013142,2025-08-10T14:23:47,P041,pre,mobile,0.0248
IMP00005752,CAM0059,EV00008810,2025-10-01T00:11:17,P018,mid,mobile,0.0291
IMP00005753,CAM0039,EV00002042,2025-03-19T21:26:14,P056,mid,tablet,0.0426
IMP00005754,CAM0030,EV00003014,2025-01-11T17:26:19,P017,pre,mobile,0.0428
IMP00005755,CAM0010,EV00014897,2025-05-23T16:12:06,P029,pre,tablet,0.035
IMP00005756,CAM0010,EV00001716,2025-10-25T20:00:28,P027,mid,mobile,0.025
IMP00005757,CAM0047,EV00010001,2025-05-09T15:31:33,P057,pre,mobile,0.0393
IMP00005758,CAM0036,EV00017301,2025-04-02T22:25:07,P062,mid,tablet,0.0232
IMP00005759,CAM0053,EV00009217,2025-09-19T11:48:34,P032,pre,tablet,0.0242
IMP00005760,CAM0002,EV00002098,2025-12-14T18:12:22,P029,mid,mobile,0.0365
IMP00005761,CAM0053,EV00006670,2025-04-29T22:09:04,P035,pre,mobile,0.0414
IMP00005762,CAM0029,EV00004789,2025-09-22T19:52:05,P008,pre,mobile,0.0404
IMP00005763,CAM0006,EV00006864,2025-07-03T14:27:42,P053,pre,desktop,0.0362
IMP00005764,CAM0048,EV00011515,2025-06-13T13:01:11,P055,mid,tablet,0.0417
IMP00005765,CAM0052,EV00008731,2025-01-19T21:41:45,P005,mid,mobile,0.0376
IMP00005766,CAM0046,EV00017699,2025-11-04T20:59:55,P055,mid,tablet,0.04
IMP00005767,CAM0003,EV00012077,2025-01-15T19:59:45,P024,pre,mobile,0.0315
IMP00005768,CAM0023,EV00000962,2025-02-16T18:00:22,P001,pre,streaming_stick,0.026
IMP00005769,CAM0057,EV00015549,2025-05-01T15:53:10,P054,mid,streaming_stick,0.0326
IMP00005770,CAM0006,EV00017996,2025-10-16T16:51:41,P037,mid,tablet,0.0249
IMP00005771,CAM0044,EV00016935,2025-04-06T18:06:09,P032,mid,tablet,0.036
IMP00005772,CAM0011,EV00005114,2025-07-24T15:21:38,P038,pre,smart_tv,0.0296
IMP00005773,CAM0005,EV00006677,2025-04-14T13:48:09,P049,mid,mobile,0.0326
IMP00005774,CAM0017,EV00003329,2025-05-22T15:50:05,P053,post,mobile,0.0437
IMP00005775,CAM0035,EV00014284,2025-01-08T09:51:36,P061,pre,desktop,0.0237
IMP00005776,CAM0045,EV00014329,2025-09-06T11:56:40,P010,post,streaming_stick,0.0323
IMP00005777,CAM0026,EV00011190,2025-01-14T14:26:44,P012,pre,mobile,0.034
IMP00005778,CAM0020,EV00009245,2025-08-30T10:41:13,P017,pre,tablet,0.0299
IMP00005779,CAM0054,EV00006023,2025-12-05T15:23:54,P043,pre,tablet,0.031
IMP00005780,CAM0043,EV00010611,2025-11-07T13:27:27,P010,pre,mobile,0.0446
IMP00005781,CAM0040,EV00015922,2025-08-30T20:06:03,P013,mid,mobile,0.0351
IMP00005782,CAM0032,EV00001324,2025-10-10T17:41:45,P045,post,desktop,0.0377
IMP00005783,CAM0041,EV00007293,2025-05-31T20:03:04,P046,mid,tablet,0.03
IMP00005784,CAM0042,EV00006013,2025-02-02T12:58:27,P021,pre,tablet,0.0323
IMP00005785,CAM0046,EV00017071,2025-11-12T12:45:53,P048,mid,smart_tv,0.0411
IMP00005786,CAM0005,EV00001728,2025-09-05T20:06:00,P031,mid,mobile,0.0323
IMP00005787,CAM0017,EV00001079,2025-02-19T12:10:05,P027,post,tablet,0.0336
IMP00005788,CAM0051,EV00019236,2025-08-23T15:06:10,P057,pre,tablet,0.0379
IMP00005789,CAM0040,EV00001451,2025-12-08T19:54:32,P008,mid,tablet,0.0378
IMP00005790,CAM0047,EV00016380,2025-09-11T15:27:36,P013,post,tablet,0.0425
IMP00005791,CAM0029,EV00017971,2025-09-20T18:35:16,P041,mid,tablet,0.0446
IMP00005792,CAM0027,EV00005387,2025-12-10T14:35:37,P025,pre,tablet,0.0405
IMP00005793,CAM0035,EV00006373,2025-03-25T21:11:36,P034,pre,streaming_stick,0.0276
IMP00005794,CAM0013,EV00002950,2025-07-05T19:21:46,P054,pre,streaming_stick,0.0321
IMP00005795,CAM0042,EV00019332,2025-01-27T07:18:05,P015,mid,tablet,0.0376
IMP00005796,CAM0032,EV00010011,2025-09-01T14:43:32,P012,pre,mobile,0.0283
IMP00005797,CAM0034,EV00001509,2025-09-24T17:37:20,P050,post,mobile,0.0352
IMP00005798,CAM0041,EV00001733,2025-06-19T16:17:35,P054,mid,tablet,0.0431
IMP00005799,CAM0041,EV00000814,2025-10-22T12:50:53,P038,mid,smart_tv,0.0237
IMP00005800,CAM0017,EV00015872,2025-08-26T09:34:25,P038,mid,tablet,0.0303
IMP00005801,CAM0056,EV00000385,2025-02-16T14:32:34,P057,mid,mobile,0.0347
IMP00005802,CAM0034,EV00011806,2025-07-30T19:19:14,P033,pre,streaming_stick,0.0329
IMP00005803,CAM0003,EV00019228,2025-09-07T10:37:33,P019,mid,desktop,0.0316
IMP00005804,CAM0050,EV00017103,2025-06-17T14:42:08,P028,mid,streaming_stick,0.0395
IMP00005805,CAM0008,EV00016390,2025-03-03T00:04:28,P061,mid,mobile,0.0217
IMP00005806,CAM0037,EV00014870,2025-06-13T12:27:03,P001,pre,tablet,0.0394
IMP00005807,CAM0025,EV00003882,2025-01-26T19:44:12,P028,pre,tablet,0.0385
IMP00005808,CAM0055,EV00006069,2025-02-27T20:08:22,P048,pre,tablet,0.0211
IMP00005809,CAM0014,EV00011224,2025-03-21T11:14:30,P055,pre,tablet,0.0343
IMP00005810,CAM0004,EV00018181,2025-10-25T20:05:33,P059,mid,mobile,0.0369
IMP00005811,CAM0019,EV00013008,2025-03-16T10:47:52,P015,pre,tablet,0.0345
IMP00005812,CAM0029,EV00019412,2025-10-26T21:39:48,P046,pre,mobile,0.0254
IMP00005813,CAM0032,EV00002202,2025-03-27T21:34:54,P052,pre,desktop,0.0413
IMP00005814,CAM0027,EV00012989,2025-10-30T14:46:38,P024,mid,desktop,0.0395
IMP00005815,CAM0015,EV00017134,2025-10-13T19:30:22,P060,pre,tablet,0.0221
IMP00005816,CAM0026,EV00010419,2025-11-20T19:50:33,P040,mid,tablet,0.027
IMP00005817,CAM0039,EV00018353,2025-03-30T09:25:53,P061,pre,desktop,0.0262
IMP00005818,CAM0031,EV00014049,2025-09-06T07:02:50,P026,mid,tablet,0.0296
IMP00005819,CAM0056,EV00016831,2025-05-31T17:21:26,P035,post,streaming_stick,0.0395
IMP00005820,CAM0038,EV00011108,2025-12-24T13:30:04,P006,post,mobile,0.0386
IMP00005821,CAM0024,EV00013497,2025-05-11T19:33:17,P010,mid,streaming_stick,0.0251
IMP00005822,CAM0049,EV00009725,2025-02-27T11:25:52,P031,pre,tablet,0.0283
IMP00005823,CAM0029,EV00016031,2025-05-01T13:06:57,P039,pre,mobile,0.0218
IMP00005824,CAM0051,EV00016997,2025-11-26T18:34:07,P004,mid,mobile,0.0305
IMP00005825,CAM0048,EV00000218,2025-09-01T21:09:12,P016,mid,tablet,0.0267
IMP00005826,CAM0022,EV00001051,2025-12-05T10:10:26,P050,pre,smart_tv,0.035
IMP00005827,CAM0022,EV00007190,2025-11-24T12:09:19,P046,post,tablet,0.0308
IMP00005828,CAM0040,EV00019740,2025-07-31T17:13:45,P008,pre,mobile,0.0341
IMP00005829,CAM0019,EV00013780,2025-06-09T23:42:29,P003,mid,mobile,0.0382
IMP00005830,CAM0007,EV00000531,2025-11-05T21:16:55,P029,pre,tablet,0.0394
IMP00005831,CAM0022,EV00014419,2025-04-26T15:25:55,P054,pre,tablet,0.0378
IMP00005832,CAM0058,EV00010452,2025-11-12T16:24:27,P006,pre,streaming_stick,0.0207
IMP00005833,CAM0001,EV00019832,2025-09-21T10:49:32,P040,mid,tablet,0.0435
IMP00005834,CAM0002,EV00018393,2025-12-27T21:32:27,P016,mid,mobile,0.0366
IMP00005835,CAM0058,EV00003071,2025-10-26T15:05:38,P059,mid,mobile,0.0325
IMP00005836,CAM0046,EV00006874,2025-09-19T08:09:13,P050,pre,tablet,0.0442
IMP00005837,CAM0052,EV00005904,2025-08-23T21:14:00,P057,mid,mobile,0.035
IMP00005838,CAM0032,EV00005108,2025-08-06T20:12:44,P028,post,desktop,0.0257
IMP00005839,CAM0008,EV00016763,2025-04-28T10:55:13,P034,pre,mobile,0.0295
IMP00005840,CAM0037,EV00013845,2025-03-30T23:23:07,P050,pre,tablet,0.0448
IMP00005841,CAM0018,EV00006345,2025-05-08T19:28:27,P028,mid,mobile,0.0206
IMP00005842,CAM0044,EV00007290,2025-08-09T07:37:09,P053,post,tablet,0.0267
IMP00005843,CAM0047,EV00011837,2025-10-28T19:55:08,P047,mid,desktop,0.0265
IMP00005844,CAM0024,EV00004239,2025-12-04T12:06:08,P012,mid,tablet,0.0351
IMP00005845,CAM0035,EV00012241,2025-10-25T16:10:28,P048,mid,tablet,0.0383
IMP00005846,CAM0023,EV00017426,2025-12-07T14:59:20,P051,pre,mobile,0.0307
IMP00005847,CAM0002,EV00008935,2025-02-23T10:37:33,P022,post,tablet,0.0257
IMP00005848,CAM0043,EV00010394,2025-04-05T10:28:55,P050,pre,mobile,0.0294
IMP00005849,CAM0047,EV00002328,2025-04-01T22:07:09,P057,post,tablet,0.0224
IMP00005850,CAM0025,EV00002315,2025-12-16T15:59:39,P052,post,smart_tv,0.026
IMP00005851,CAM0004,EV00011562,2025-12-05T22:51:59,P047,pre,tablet,0.0429
IMP00005852,CAM0027,EV00003912,2025-01-30T12:26:01,P006,pre,tablet,0.0283
IMP00005853,CAM0038,EV00012509,2025-08-17T14:25:03,P040,post,desktop,0.02
IMP00005854,CAM0055,EV00001256,2025-12-14T15:10:03,P020,pre,tablet,0.0325
IMP00005855,CAM0013,EV00005413,2025-06-15T13:39:04,P004,mid,smart_tv,0.0273
IMP00005856,CAM0053,EV00005595,2025-04-24T18:10:51,P061,pre,mobile,0.0351
IMP00005857,CAM0050,EV00001207,2025-03-06T14:07:08,P033,mid,tablet,0.0357
IMP00005858,CAM0059,EV00015407,2025-02-27T19:59:28,P013,mid,tablet,0.0222
IMP00005859,CAM0015,EV00016381,2025-04-27T14:13:13,P048,pre,tablet,0.0262
IMP00005860,CAM0035,EV00017592,2025-06-28T19:02:47,P020,mid,tablet,0.0414
IMP00005861,CAM0010,EV00018855,2025-01-16T13:47:07,P043,mid,smart_tv,0.0371
IMP00005862,CAM0024,EV00018881,2025-02-09T08:43:36,P001,pre,tablet,0.0307
IMP00005863,CAM0021,EV00014656,2025-11-27T15:48:28,P013,post,smart_tv,0.0219
IMP00005864,CAM0042,EV00007450,2025-02-17T22:00:13,P007,pre,tablet,0.0332
IMP00005865,CAM0032,EV00005542,2025-11-17T20:14:25,P053,pre,mobile,0.0268
IMP00005866,CAM0054,EV00010019,2025-11-20T13:34:40,P046,mid,tablet,0.0212
IMP00005867,CAM0041,EV00000677,2025-11-05T14:25:29,P048,mid,tablet,0.022
IMP00005868,CAM0014,EV00000289,2025-10-16T10:42:16,P052,pre,mobile,0.0349
IMP00005869,CAM0023,EV00014182,2025-03-09T14:18:53,P054,mid,tablet,0.0412
IMP00005870,CAM0042,EV00014119,2025-06-02T14:56:52,P054,pre,tablet,0.0447
IMP00005871,CAM0057,EV00010487,2025-07-11T16:56:53,P008,mid,desktop,0.0336
IMP00005872,CAM0053,EV00005641,2025-06-07T09:20:55,P045,pre,mobile,0.0431
IMP00005873,CAM0018,EV00008560,2025-07-26T12:52:30,P001,mid,mobile,0.0364
IMP00005874,CAM0018,EV00018401,2025-09-05T19:04:47,P044,pre,desktop,0.0321
IMP00005875,CAM0058,EV00003540,2025-03-11T15:17:38,P038,pre,tablet,0.0448
IMP00005876,CAM0027,EV00009985,2025-07-04T15:23:52,P051,mid,mobile,0.039
IMP00005877,CAM0029,EV00017061,2025-08-26T09:48:06,P006,mid,mobile,0.0398
IMP00005878,CAM0049,EV00020071,2025-03-04T22:50:36,P061,mid,smart_tv,0.0386
IMP00005879,CAM0038,EV00019312,2025-06-25T21:27:03,P010,mid,mobile,0.0355
IMP00005880,CAM0047,EV00012374,2025-06-11T08:25:31,P052,mid,streaming_stick,0.0305
IMP00005881,CAM0040,EV00017073,2025-11-12T14:15:52,P048,post,smart_tv,0.031
IMP00005882,CAM0020,EV00010055,2025-04-04T15:39:51,P050,mid,mobile,0.0208
IMP00005883,CAM0015,EV00003389,2025-04-12T22:34:33,P041,post,desktop,0.0332
IMP00005884,CAM0030,EV00006222,2025-01-29T22:17:18,P060,mid,mobile,0.0401
IMP00005885,CAM0008,EV00004263,2025-09-01T20:37:22,P060,pre,tablet,0.0243
IMP00005886,CAM0055,EV00010329,2025-11-07T17:43:30,P030,mid,tablet,0.0309
IMP00005887,CAM0011,EV00019029,2025-03-26T10:25:13,P014,mid,desktop,0.0273
IMP00005888,CAM0025,EV00016316,2025-04-17T22:31:18,P027,mid,tablet,0.0219
IMP00005889,CAM0020,EV00010673,2025-12-26T14:20:00,P003,pre,mobile,0.0255
IMP00005890,CAM0047,EV00013687,2025-02-14T06:04:24,P013,pre,mobile,0.0217
IMP00005891,CAM0031,EV00004672,2025-11-15T23:57:10,P004,post,tablet,0.0311
IMP00005892,CAM0022,EV00011971,2025-10-13T16:23:09,P061,pre,tablet,0.0391
IMP00005893,CAM0055,EV00008764,2025-04-24T15:40:10,P035,pre,tablet,0.0272
IMP00005894,CAM0010,EV00001814,2025-10-09T20:41:52,P013,pre,mobile,0.0346
IMP00005895,CAM0037,EV00014830,2025-04-27T17:19:10,P011,mid,tablet,0.0435
IMP00005896,CAM0023,EV00018485,2025-04-25T18:02:12,P029,pre,mobile,0.043
IMP00005897,CAM0010,EV00001126,2025-08-29T15:53:00,P032,mid,tablet,0.0403
IMP00005898,CAM0052,EV00005215,2025-11-19T14:22:50,P053,pre,smart_tv,0.0268
IMP00005899,CAM0058,EV00019079,2025-11-19T17:52:40,P044,pre,mobile,0.0236
IMP00005900,CAM0012,EV00009664,2025-05-06T15:39:44,P031,pre,tablet,0.0332
IMP00005901,CAM0025,EV00000226,2025-06-09T18:17:08,P015,post,desktop,0.0359
IMP00005902,CAM0034,EV00015323,2025-11-16T20:49:30,P021,mid,tablet,0.0237
IMP00005903,CAM0036,EV00015658,2025-09-13T08:02:46,P033,pre,mobile,0.0229
IMP00005904,CAM0010,EV00012277,2025-06-07T09:11:58,P004,mid,mobile,0.0432
IMP00005905,CAM0018,EV00000431,2025-05-06T17:01:29,P005,pre,tablet,0.0375
IMP00005906,CAM0004,EV00006076,2025-12-16T20:12:38,P025,mid,mobile,0.0442
IMP00005907,CAM0022,EV00012591,2025-11-12T15:46:35,P020,pre,tablet,0.0335
IMP00005908,CAM0054,EV00018119,2025-02-12T12:19:10,P021,pre,tablet,0.0226
IMP00005909,CAM0022,EV00019567,2025-01-21T21:45:47,P032,post,mobile,0.0346
IMP00005910,CAM0052,EV00019490,2025-12-19T16:23:01,P051,pre,mobile,0.0305
IMP00005911,CAM0005,EV00012369,2025-04-16T14:15:20,P016,mid,streaming_stick,0.0335
IMP00005912,CAM0006,EV00003801,2025-05-11T15:24:34,P007,pre,mobile,0.0428
IMP00005913,CAM0031,EV00001412,2025-03-06T10:11:19,P009,mid,streaming_stick,0.032
IMP00005914,CAM0051,EV00004654,2025-11-06T20:49:42,P056,pre,mobile,0.0416
IMP00005915,CAM0043,EV00005959,2025-04-04T10:53:14,P002,pre,tablet,0.0219
IMP00005916,CAM0005,EV00008342,2025-06-22T16:50:38,P035,mid,mobile,0.0255
IMP00005917,CAM0050,EV00016406,2025-01-10T23:42:32,P039,mid,mobile,0.0425
IMP00005918,CAM0033,EV00015452,2025-06-15T13:55:29,P051,post,smart_tv,0.0205
IMP00005919,CAM0045,EV00013081,2025-12-29T17:03:02,P009,pre,mobile,0.0218
IMP00005920,CAM0037,EV00015939,2025-03-21T16:05:15,P027,pre,streaming_stick,0.0318
IMP00005921,CAM0041,EV00006991,2025-02-16T14:58:23,P055,mid,mobile,0.0226
IMP00005922,CAM0036,EV00012224,2025-03-08T11:22:30,P002,pre,mobile,0.0207
IMP00005923,CAM0044,EV00013543,2025-03-21T12:15:09,P052,post,tablet,0.0237
IMP00005924,CAM0009,EV00006384,2025-11-03T07:33:38,P019,mid,mobile,0.022
IMP00005925,CAM0017,EV00004651,2025-01-05T16:28:36,P017,pre,desktop,0.043
IMP00005926,CAM0024,EV00002365,2025-12-02T18:17:42,P003,pre,tablet,0.0207
IMP00005927,CAM0003,EV00010083,2025-12-06T23:10:31,P026,pre,tablet,0.0361
IMP00005928,CAM0025,EV00012071,2025-07-27T15:22:20,P051,pre,mobile,0.0305
IMP00005929,CAM0005,EV00011821,2025-09-20T23:15:08,P034,pre,mobile,0.0318
IMP00005930,CAM0024,EV00000375,2025-11-22T19:37:46,P028,mid,smart_tv,0.0329
IMP00005931,CAM0019,EV00009927,2025-10-31T15:24:59,P043,mid,desktop,0.0282
IMP00005932,CAM0057,EV00011101,2025-10-09T23:43:50,P051,pre,smart_tv,0.0277
IMP00005933,CAM0041,EV00009212,2025-11-28T16:46:04,P037,pre,mobile,0.0376
IMP00005934,CAM0038,EV00009345,2025-08-20T19:15:50,P022,mid,tablet,0.0388
IMP00005935,CAM0015,EV00016166,2025-03-26T17:44:21,P025,mid,mobile,0.0348
IMP00005936,CAM0013,EV00009097,2025-06-13T22:59:20,P038,pre,mobile,0.0267
IMP00005937,CAM0023,EV00002656,2025-04-12T15:43:50,P008,mid,streaming_stick,0.0348
IMP00005938,CAM0036,EV00009932,2025-10-07T15:17:18,P042,mid,mobile,0.0203
IMP00005939,CAM0002,EV00001029,2025-05-27T12:54:59,P048,pre,mobile,0.0302
IMP00005940,CAM0019,EV00002358,2025-08-04T07:38:59,P061,post,mobile,0.0374
IMP00005941,CAM0021,EV00020056,2025-09-14T17:55:15,P055,mid,tablet,0.037
IMP00005942,CAM0014,EV00001541,2025-05-30T13:07:36,P057,pre,desktop,0.0357
IMP00005943,CAM0053,EV00005865,2025-05-17T19:21:12,P047,pre,tablet,0.0412
IMP00005944,CAM0041,EV00020178,2025-01-31T13:17:36,P057,pre,tablet,0.0226
IMP00005945,CAM0036,EV00011991,2025-06-04T18:01:58,P047,mid,desktop,0.0279
IMP00005946,CAM0027,EV00012400,2025-07-13T14:19:15,P024,pre,tablet,0.0204
IMP00005947,CAM0009,EV00003831,2025-04-13T12:25:55,P046,pre,smart_tv,0.0331
IMP00005948,CAM0009,EV00018822,2025-04-03T17:27:50,P020,pre,smart_tv,0.0203
IMP00005949,CAM0021,EV00009144,2025-07-01T12:06:27,P035,pre,desktop,0.0275
IMP00005950,CAM0014,EV00009791,2025-06-04T15:40:47,P013,pre,mobile,0.0383
IMP00005951,CAM0054,EV00011104,2025-12-24T13:00:03,P006,pre,mobile,0.0398
IMP00005952,CAM0046,EV00016675,2025-10-24T22:33:33,P045,pre,mobile,0.0326
IMP00005953,CAM0027,EV00012313,2025-04-15T11:47:58,P008,pre,mobile,0.0307
IMP00005954,CAM0058,EV00000996,2025-12-11T18:25:19,P022,pre,smart_tv,0.0323
IMP00005955,CAM0031,EV00013006,2025-11-18T16:26:55,P049,mid,mobile,0.0403
IMP00005956,CAM0033,EV00004945,2025-03-05T07:26:45,P002,pre,desktop,0.0281
IMP00005957,CAM0046,EV00007145,2025-08-27T23:53:09,P004,pre,mobile,0.0218
IMP00005958,CAM0021,EV00001559,2025-02-13T23:34:26,P029,pre,tablet,0.0325
IMP00005959,CAM0059,EV00017127,2025-07-27T22:38:23,P056,mid,mobile,0.0232
IMP00005960,CAM0019,EV00019409,2025-07-12T11:25:52,P024,mid,mobile,0.0362
IMP00005961,CAM0029,EV00007151,2025-12-18T18:55:24,P010,mid,streaming_stick,0.0285
IMP00005962,CAM0058,EV00009409,2025-05-23T14:29:10,P030,mid,tablet,0.029
IMP00005963,CAM0059,EV00016334,2025-12-05T20:16:25,P018,pre,tablet,0.0358
IMP00005964,CAM0058,EV00014498,2025-06-03T18:48:48,P014,pre,tablet,0.028
IMP00005965,CAM0050,EV00018384,2025-08-20T12:11:31,P026,pre,tablet,0.0245
IMP00005966,CAM0002,EV00011441,2025-01-09T13:56:49,P050,mid,tablet,0.0254
IMP00005967,CAM0044,EV00015380,2025-05-20T09:19:15,P010,pre,mobile,0.039
IMP00005968,CAM0035,EV00011393,2025-03-15T14:36:09,P012,pre,mobile,0.0289
IMP00005969,CAM0030,EV00002253,2025-01-12T14:42:29,P029,mid,tablet,0.034
IMP00005970,CAM0040,EV00014748,2025-09-09T11:24:05,P003,mid,tablet,0.0422
IMP00005971,CAM0018,EV00000188,2025-04-11T11:04:40,P058,pre,mobile,0.0267
IMP00005972,CAM0046,EV00008399,2025-04-13T12:56:54,P055,mid,tablet,0.0412
IMP00005973,CAM0050,EV00008721,2025-04-08T12:58:30,P018,pre,mobile,0.0355
IMP00005974,CAM0035,EV00004760,2025-10-20T22:19:11,P029,mid,mobile,0.0376
IMP00005975,CAM0051,EV00000722,2025-12-08T22:43:31,P038,mid,streaming_stick,0.0267
IMP00005976,CAM0048,EV00005051,2025-10-10T21:57:21,P024,mid,tablet,0.0322
IMP00005977,CAM0055,EV00017633,2025-12-29T23:59:29,P009,pre,tablet,0.0292
IMP00005978,CAM0013,EV00016915,2025-12-02T14:40:10,P024,mid,mobile,0.0229
IMP00005979,CAM0011,EV00016761,2025-04-18T14:24:18,P006,mid,tablet,0.0422
IMP00005980,CAM0042,EV00012670,2025-05-07T16:08:08,P027,pre,tablet,0.0372
IMP00005981,CAM0021,EV00011583,2025-12-28T12:13:15,P044,pre,mobile,0.0302
IMP00005982,CAM0037,EV00000528,2025-10-04T19:51:02,P027,mid,smart_tv,0.0294
IMP00005983,CAM0033,EV00004884,2025-02-16T20:22:43,P005,pre,mobile,0.0442
IMP00005984,CAM0052,EV00016587,2025-10-23T15:43:29,P014,mid,tablet,0.0431
IMP00005985,CAM0003,EV00013748,2025-08-02T17:44:22,P043,pre,tablet,0.0344
IMP00005986,CAM0056,EV00006536,2025-09-30T18:51:10,P019,pre,tablet,0.0338
IMP00005987,CAM0045,EV00005080,2025-04-11T19:57:56,P004,mid,tablet,0.0321
IMP00005988,CAM0027,EV00010537,2025-12-14T16:07:05,P051,pre,mobile,0.0433
IMP00005989,CAM0044,EV00018349,2025-10-08T13:58:24,P008,pre,streaming_stick,0.0355
IMP00005990,CAM0004,EV00002916,2025-07-13T10:35:27,P014,post,streaming_stick,0.0319
IMP00005991,CAM0018,EV00002213,2025-04-08T15:57:05,P010,mid,tablet,0.0204
IMP00005992,CAM0025,EV00001604,2025-12-19T20:22:35,P058,pre,tablet,0.0394
IMP00005993,CAM0014,EV00004724,2025-11-26T16:05:29,P022,pre,mobile,0.0393
IMP00005994,CAM0032,EV00007591,2025-12-17T11:15:13,P028,pre,streaming_stick,0.0421
IMP00005995,CAM0005,EV00014085,2025-04-10T15:44:59,P046,mid,mobile,0.0283
IMP00005996,CAM0013,EV00001361,2025-06-17T14:10:30,P040,post,tablet,0.0363
IMP00005997,CAM0006,EV00000884,2025-05-10T12:11:34,P027,pre,desktop,0.032
IMP00005998,CAM0006,EV00017260,2025-11-10T09:23:08,P005,mid,mobile,0.0272
IMP00005999,CAM0026,EV00015338,2025-07-20T08:13:28,P011,mid,tablet,0.0263
IMP00006000,CAM0010,EV00018960,2025-10-03T16:24:50,P053,pre,mobile,0.0326
