spot_id,campaign_id,broadcast_date,airing_time,channel_id,daypart,duration_sec,booked_impressions_thousands,delivered_impressions_thousands,rate_card_cpm_gbp,actual_revenue_gbp
LSP000001,CAM0033,2025-09-18,2025-09-18T18:02:00,FACTUAL,pre-peak,40,194.38,201.35,19.67,3.96
LSP000002,CAM0050,2025-10-03,2025-10-03T20:40:00,MAIN,peak,20,552.75,568.89,27.51,15.65
LSP000003,CAM0007,2025-04-16,2025-04-16T20:44:00,MOVIES,peak,40,662.57,672.43,22.31,15.0
LSP000004,CAM0046,2025-06-19,2025-06-19T07:04:00,MAIN,breakfast,20,645.66,649.53,9.59,6.23
LSP000005,CAM0017,2025-07-28,2025-07-28T18:40:00,MOVIES,pre-peak,30,287.3,278.53,18.06,5.03
LSP000006,CAM0047,2025-11-13,2025-11-13T08:47:00,CATCHUP,breakfast,10,575.66,595.37,8.74,5.2
LSP000007,CAM0051,2025-12-18,2025-12-18T16:05:00,FACTUAL,daytime,60,745.02,764.22,6.18,4.72
LSP000008,CAM0011,2025-10-01,2025-10-01T12:47:00,MOVIES,daytime,60,648.11,671.97,6.86,4.61
LSP000009,CAM0044,2025-11-28,2025-11-28T18:00:00,CATCHUP,pre-peak,60,466.3,447.84,23.97,10.73
LSP000010,CAM0035,2025-10-08,2025-10-08T23:19:00,EXTRA,post-peak,40,606.07,592.09,21.25,12.58
LSP000011,CAM0055,2025-09-20,2025-09-20T10:11:00,EXTRA,daytime,30,676.06,658.83,10.8,7.12
LSP000012,CAM0055,2025-01-28,2025-01-28T21:59:00,CATCHUP,peak,30,533.51,540.84,25.26,13.66
LSP000013,CAM0013,2025-10-25,2025-10-25T20:21:00,FACTUAL,peak,20,553.47,543.96,22.91,12.46
LSP000014,CAM0013,2025-06-12,2025-06-12T20:21:00,CATCHUP,peak,40,279.26,280.72,26.74,7.51
LSP000015,CAM0021,2025-08-08,2025-08-08T12:20:00,EXTRA,daytime,60,216.14,215.04,11.04,2.37
LSP000016,CAM0009,2025-12-14,2025-12-14T21:56:00,MOVIES,peak,30,384.02,383.62,23.41,8.98
LSP000017,CAM0042,2025-11-07,2025-11-07T08:17:00,EXTRA,breakfast,30,197.32,199.32,13.09,2.61
LSP000018,CAM0058,2025-01-10,2025-01-10T21:40:00,MAIN,peak,60,486.42,489.92,33.78,16.55
LSP000019,CAM0036,2025-05-14,2025-05-14T20:34:00,MOVIES,peak,40,631.4,617.42,32.04,19.78
LSP000020,CAM0047,2025-05-29,2025-05-29T10:32:00,CATCHUP,daytime,10,347.59,352.11,11.09,3.9
LSP000021,CAM0052,2025-11-11,2025-11-11T21:48:00,CATCHUP,peak,20,384.67,398.48,30.57,12.18
LSP000022,CAM0010,2025-09-05,2025-09-05T23:02:00,EXTRA,post-peak,60,415.73,411.39,14.34,5.9
LSP000023,CAM0014,2025-09-23,2025-09-23T23:23:00,MOVIES,post-peak,30,738.43,711.25,19.19,13.65
LSP000024,CAM0007,2025-12-27,2025-12-27T23:40:00,FACTUAL,post-peak,60,606.43,609.83,17.01,10.37
LSP000025,CAM0025,2025-07-07,2025-07-07T20:57:00,MAIN,peak,30,238.69,233.4,27.28,6.37
LSP000026,CAM0053,2025-06-26,2025-06-26T20:30:00,CATCHUP,peak,10,426.38,414.97,23.0,9.54
LSP000027,CAM0042,2025-05-24,2025-05-24T12:11:00,EXTRA,daytime,30,501.52,507.98,8.49,4.31
LSP000028,CAM0022,2025-02-28,2025-02-28T20:30:00,MOVIES,peak,20,493.09,489.58,25.17,12.32
LSP000029,CAM0009,2025-10-21,2025-10-21T20:08:00,CATCHUP,peak,10,718.1,698.93,33.99,23.76
LSP000030,CAM0034,2025-07-27,2025-07-27T20:36:00,MAIN,peak,40,595.98,617.3,24.82,15.32
LSP000031,CAM0039,2025-08-30,2025-08-30T21:10:00,EXTRA,peak,60,358.08,360.45,31.98,11.53
LSP000032,CAM0040,2025-12-04,2025-12-04T20:10:00,FACTUAL,peak,30,497.4,492.55,23.72,11.68
LSP000033,CAM0002,2025-04-14,2025-04-14T20:58:00,CATCHUP,peak,40,364.85,353.07,28.19,9.95
LSP000034,CAM0040,2025-11-04,2025-11-04T07:50:00,CATCHUP,breakfast,30,614.29,622.12,14.31,8.9
LSP000035,CAM0035,2025-01-01,2025-01-01T23:49:00,MOVIES,post-peak,30,365.51,371.29,17.43,6.47
LSP000036,CAM0052,2025-09-04,2025-09-04T21:24:00,FACTUAL,peak,30,653.47,671.1,29.49,19.79
LSP000037,CAM0028,2025-03-10,2025-03-10T14:49:00,EXTRA,daytime,60,112.86,113.25,7.55,0.86
LSP000038,CAM0001,2025-12-30,2025-12-30T21:00:00,CATCHUP,peak,30,138.37,118.6,30.94,3.67
LSP000039,CAM0021,2025-07-29,2025-07-29T18:09:00,MOVIES,pre-peak,40,489.03,490.44,23.65,11.6
LSP000040,CAM0040,2025-05-22,2025-05-22T23:25:00,EXTRA,post-peak,30,464.08,452.15,18.47,8.35
LSP000041,CAM0031,2025-05-10,2025-05-10T23:36:00,FACTUAL,post-peak,60,579.12,595.57,19.27,11.48
LSP000042,CAM0048,2025-04-28,2025-04-28T18:44:00,EXTRA,pre-peak,10,210.84,208.11,23.51,4.89
LSP000043,CAM0045,2025-12-17,2025-12-17T21:10:00,MOVIES,peak,40,53.97,52.44,34.04,1.79
LSP000044,CAM0028,2025-02-15,2025-02-15T08:14:00,FACTUAL,breakfast,10,506.77,524.23,10.8,5.66
LSP000045,CAM0042,2025-09-24,2025-09-24T14:38:00,MAIN,daytime,60,665.17,661.92,7.21,4.77
LSP000046,CAM0043,2025-09-23,2025-09-23T14:02:00,CATCHUP,daytime,30,436.86,425.31,6.22,2.65
LSP000047,CAM0016,2025-12-02,2025-12-02T07:10:00,MAIN,breakfast,30,634.75,629.43,12.1,7.62
LSP000048,CAM0034,2025-01-08,2025-01-08T21:04:00,MAIN,peak,30,263.37,272.11,26.53,7.22
LSP000049,CAM0053,2025-05-22,2025-05-22T14:12:00,MOVIES,daytime,30,481.18,477.61,6.64,3.17
LSP000050,CAM0005,2025-09-15,2025-09-15T16:07:00,CATCHUP,daytime,30,707.08,711.32,10.17,7.23
LSP000051,CAM0025,2025-10-16,2025-10-16T20:15:00,FACTUAL,peak,60,394.14,396.88,22.36,8.87
LSP000052,CAM0008,2025-05-13,2025-05-13T08:40:00,EXTRA,breakfast,40,575.88,571.85,10.47,5.99
LSP000053,CAM0035,2025-01-05,2025-01-05T21:16:00,EXTRA,peak,30,119.76,122.84,22.99,2.82
LSP000054,CAM0012,2025-09-01,2025-09-01T16:13:00,CATCHUP,daytime,30,187.09,193.53,7.14,1.38
LSP000055,CAM0048,2025-04-13,2025-04-13T14:15:00,FACTUAL,daytime,20,221.91,227.88,8.14,1.85
LSP000056,CAM0050,2025-02-24,2025-02-24T10:05:00,MOVIES,daytime,30,54.97,56.98,11.09,0.63
LSP000057,CAM0024,2025-11-14,2025-11-14T16:57:00,CATCHUP,daytime,60,256.05,261.46,9.07,2.37
LSP000058,CAM0026,2025-04-24,2025-04-24T21:08:00,MAIN,peak,30,649.45,651.57,28.53,18.59
LSP000059,CAM0026,2025-12-18,2025-12-18T21:29:00,MAIN,peak,40,438.65,421.4,30.76,12.96
LSP000060,CAM0025,2025-10-25,2025-10-25T10:23:00,CATCHUP,daytime,60,244.78,239.63,8.83,2.12
LSP000061,CAM0040,2025-06-25,2025-06-25T18:31:00,MOVIES,pre-peak,20,364.32,360.39,22.01,7.93
LSP000062,CAM0029,2025-04-03,2025-04-03T20:36:00,EXTRA,peak,60,124.9,122.26,27.62,3.38
LSP000063,CAM0025,2025-04-11,2025-04-11T10:47:00,EXTRA,daytime,30,654.25,654.23,11.97,7.83
LSP000064,CAM0055,2025-11-19,2025-11-19T20:46:00,FACTUAL,peak,60,414.97,426.87,22.62,9.66
LSP000065,CAM0007,2025-12-20,2025-12-20T12:13:00,FACTUAL,daytime,30,679.23,692.52,7.56,5.24
LSP000066,CAM0024,2025-10-14,2025-10-14T20:51:00,FACTUAL,peak,30,64.88,66.79,34.52,2.31
LSP000067,CAM0013,2025-10-23,2025-10-23T20:41:00,CATCHUP,peak,20,784.53,773.55,28.64,22.15
LSP000068,CAM0050,2025-08-17,2025-08-17T23:24:00,CATCHUP,post-peak,30,397.81,409.53,19.12,7.83
LSP000069,CAM0022,2025-08-04,2025-08-04T20:36:00,MOVIES,peak,60,730.3,721.16,26.08,18.81
LSP000070,CAM0042,2025-05-30,2025-05-30T21:38:00,MOVIES,peak,30,715.77,740.89,31.72,23.5
LSP000071,CAM0034,2025-08-19,2025-08-19T18:11:00,MAIN,pre-peak,20,595.83,616.82,25.01,15.43
LSP000072,CAM0006,2025-04-18,2025-04-18T12:06:00,MAIN,daytime,10,752.6,725.74,10.63,7.71
LSP000073,CAM0034,2025-02-12,2025-02-12T10:39:00,EXTRA,daytime,10,541.12,532.87,7.48,3.99
LSP000074,CAM0019,2025-08-15,2025-08-15T20:08:00,CATCHUP,peak,60,177.96,139.81,33.9,4.74
LSP000075,CAM0056,2025-09-01,2025-09-01T18:55:00,CATCHUP,pre-peak,30,461.41,477.96,23.39,11.18
LSP000076,CAM0038,2025-11-02,2025-11-02T18:47:00,CATCHUP,pre-peak,30,442.59,435.85,21.47,9.36
LSP000077,CAM0035,2025-04-27,2025-04-27T21:28:00,FACTUAL,peak,30,359.15,345.09,28.8,9.94
LSP000078,CAM0049,2025-03-11,2025-03-11T16:30:00,CATCHUP,daytime,10,565.83,577.39,7.8,4.5
LSP000079,CAM0050,2025-08-09,2025-08-09T21:38:00,EXTRA,peak,60,55.41,55.02,29.29,1.61
LSP000080,CAM0026,2025-05-08,2025-05-08T12:47:00,MOVIES,daytime,60,333.77,331.69,7.44,2.47
LSP000081,CAM0049,2025-11-10,2025-11-10T21:43:00,FACTUAL,peak,30,536.34,526.42,24.44,12.87
LSP000082,CAM0005,2025-04-04,2025-04-04T10:07:00,MOVIES,daytime,30,389.58,389.33,7.92,3.08
LSP000083,CAM0010,2025-01-26,2025-01-26T23:01:00,EXTRA,post-peak,10,261.59,260.3,14.07,3.66
LSP000084,CAM0006,2025-03-19,2025-03-19T07:13:00,FACTUAL,breakfast,30,283.68,294.98,11.25,3.32
LSP000085,CAM0051,2025-01-17,2025-01-17T16:53:00,EXTRA,daytime,10,249.88,250.74,7.09,1.78
LSP000086,CAM0058,2025-05-09,2025-05-09T21:53:00,MAIN,peak,10,780.95,773.75,34.67,26.83
LSP000087,CAM0016,2025-01-18,2025-01-18T12:47:00,MAIN,daytime,30,549.51,544.64,11.77,6.41
LSP000088,CAM0021,2025-03-23,2025-03-23T20:02:00,CATCHUP,peak,30,141.61,139.33,26.69,3.72
LSP000089,CAM0004,2025-12-08,2025-12-08T12:07:00,EXTRA,daytime,40,375.62,334.55,9.51,3.18
LSP000090,CAM0026,2025-05-05,2025-05-05T07:02:00,CATCHUP,breakfast,60,568.06,552.38,13.4,7.4
LSP000091,CAM0016,2025-03-22,2025-03-22T20:43:00,CATCHUP,peak,30,748.14,755.63,22.78,17.21
LSP000092,CAM0042,2025-03-20,2025-03-20T21:50:00,MAIN,peak,20,415.88,417.82,30.38,12.69
LSP000093,CAM0023,2025-08-13,2025-08-13T21:01:00,MOVIES,peak,30,593.3,571.44,31.19,17.82
LSP000094,CAM0036,2025-05-31,2025-05-31T20:31:00,EXTRA,peak,30,189.97,193.5,25.58,4.95
LSP000095,CAM0054,2025-11-03,2025-11-03T23:35:00,EXTRA,post-peak,10,448.35,459.81,18.33,8.43
LSP000096,CAM0030,2025-01-01,2025-01-01T21:32:00,MOVIES,peak,40,189.15,171.3,32.09,5.5
LSP000097,CAM0016,2025-06-14,2025-06-14T21:42:00,CATCHUP,peak,60,340.62,340.55,29.17,9.93
LSP000098,CAM0040,2025-05-25,2025-05-25T16:41:00,FACTUAL,daytime,10,122.19,117.73,11.63,1.37
LSP000099,CAM0012,2025-01-17,2025-01-17T12:31:00,EXTRA,daytime,10,73.86,73.2,8.94,0.65
LSP000100,CAM0040,2025-12-26,2025-12-26T20:03:00,FACTUAL,peak,20,504.47,521.83,24.71,12.89
LSP000101,CAM0032,2025-02-10,2025-02-10T18:40:00,MAIN,pre-peak,30,468.51,465.36,21.69,10.09
LSP000102,CAM0046,2025-01-30,2025-01-30T21:17:00,CATCHUP,peak,10,600.73,580.45,24.81,14.4
LSP000103,CAM0034,2025-02-19,2025-02-19T10:14:00,CATCHUP,daytime,30,192.1,188.24,9.75,1.84
LSP000104,CAM0012,2025-10-13,2025-10-13T21:26:00,MAIN,peak,60,528.97,527.22,30.65,16.16
LSP000105,CAM0057,2025-02-23,2025-02-23T12:11:00,CATCHUP,daytime,30,428.52,429.68,9.6,4.12
LSP000106,CAM0023,2025-06-11,2025-06-11T20:20:00,FACTUAL,peak,30,623.14,634.4,29.91,18.97
LSP000107,CAM0037,2025-10-07,2025-10-07T12:49:00,CATCHUP,daytime,40,240.57,239.56,8.38,2.01
LSP000108,CAM0047,2025-01-18,2025-01-18T23:38:00,MAIN,post-peak,30,151.31,145.34,21.88,3.18
LSP000109,CAM0014,2025-06-11,2025-06-11T07:52:00,FACTUAL,breakfast,30,433.45,435.93,8.66,3.78
LSP000110,CAM0030,2025-07-02,2025-07-02T12:16:00,FACTUAL,daytime,30,237.39,233.6,9.42,2.2
LSP000111,CAM0037,2025-04-22,2025-04-22T21:46:00,FACTUAL,peak,60,411.9,425.05,31.14,13.24
LSP000112,CAM0053,2025-02-18,2025-02-18T20:19:00,MAIN,peak,40,656.26,670.97,33.98,22.8
LSP000113,CAM0022,2025-06-28,2025-06-28T21:27:00,MOVIES,peak,60,140.41,143.19,33.04,4.73
LSP000114,CAM0001,2025-11-21,2025-11-21T21:24:00,MAIN,peak,30,443.29,445.59,26.25,11.7
LSP000115,CAM0045,2025-04-24,2025-04-24T12:43:00,MOVIES,daytime,30,614.63,594.47,8.59,5.11
LSP000116,CAM0051,2025-07-21,2025-07-21T10:21:00,MAIN,daytime,30,478.58,380.86,6.51,2.48
LSP000117,CAM0033,2025-08-11,2025-08-11T21:08:00,EXTRA,peak,30,469.47,475.19,24.55,11.67
LSP000118,CAM0040,2025-09-26,2025-09-26T14:04:00,FACTUAL,daytime,60,372.55,374.82,6.68,2.5
LSP000119,CAM0027,2025-08-05,2025-08-05T18:12:00,FACTUAL,pre-peak,30,495.41,383.03,27.88,10.68
LSP000120,CAM0040,2025-08-15,2025-08-15T20:28:00,MAIN,peak,60,225.12,218.92,31.47,6.89
LSP000121,CAM0006,2025-02-27,2025-02-27T21:15:00,CATCHUP,peak,20,701.56,674.27,31.02,20.92
LSP000122,CAM0008,2025-06-06,2025-06-06T18:01:00,FACTUAL,pre-peak,20,605.01,607.26,25.5,15.49
LSP000123,CAM0036,2025-09-05,2025-09-05T20:09:00,MAIN,peak,30,487.25,469.45,24.21,11.37
LSP000124,CAM0019,2025-04-13,2025-04-13T21:39:00,FACTUAL,peak,10,398.72,384.9,30.58,11.77
LSP000125,CAM0043,2025-12-04,2025-12-04T16:06:00,MAIN,daytime,30,700.56,685.49,8.28,5.68
LSP000126,CAM0046,2025-02-20,2025-02-20T23:31:00,CATCHUP,post-peak,30,116.02,120.35,18.49,2.23
LSP000127,CAM0046,2025-01-12,2025-01-12T07:59:00,CATCHUP,breakfast,30,300.18,291.94,10.43,3.04
LSP000128,CAM0023,2025-07-01,2025-07-01T20:15:00,CATCHUP,peak,30,658.92,678.88,33.58,22.8
LSP000129,CAM0053,2025-01-16,2025-01-16T23:17:00,EXTRA,post-peak,20,306.34,297.45,19.84,5.9
LSP000130,CAM0034,2025-12-14,2025-12-14T20:40:00,EXTRA,peak,30,230.27,238.94,33.83,8.08
LSP000131,CAM0022,2025-08-18,2025-08-18T20:13:00,EXTRA,peak,30,456.02,469.25,26.02,12.21
LSP000132,CAM0046,2025-09-26,2025-09-26T23:27:00,EXTRA,post-peak,40,749.77,738.82,18.46,13.64
LSP000133,CAM0047,2025-03-02,2025-03-02T12:53:00,EXTRA,daytime,40,72.11,74.84,11.77,0.88
LSP000134,CAM0020,2025-08-15,2025-08-15T21:52:00,FACTUAL,peak,20,634.33,618.33,31.91,19.73
LSP000135,CAM0040,2025-11-12,2025-11-12T14:36:00,CATCHUP,daytime,20,497.27,478.42,6.48,3.1
LSP000136,CAM0050,2025-09-02,2025-09-02T10:54:00,CATCHUP,daytime,30,584.01,600.46,8.95,5.37
LSP000137,CAM0009,2025-03-25,2025-03-25T12:02:00,MOVIES,daytime,60,776.61,804.58,7.34,5.91
LSP000138,CAM0043,2025-04-14,2025-04-14T21:04:00,EXTRA,peak,30,700.35,690.54,27.95,19.3
LSP000139,CAM0016,2025-08-07,2025-08-07T18:02:00,CATCHUP,pre-peak,40,668.25,662.59,27.39,18.15
LSP000140,CAM0037,2025-11-01,2025-11-01T20:41:00,MAIN,peak,30,131.99,135.98,33.41,4.54
LSP000141,CAM0016,2025-09-23,2025-09-23T20:47:00,MAIN,peak,30,340.55,353.15,24.47,8.64
LSP000142,CAM0029,2025-07-23,2025-07-23T21:49:00,FACTUAL,peak,30,174.86,180.72,30.97,5.6
LSP000143,CAM0058,2025-03-14,2025-03-14T18:41:00,MOVIES,pre-peak,10,591.99,605.19,27.38,16.57
LSP000144,CAM0045,2025-10-07,2025-10-07T10:26:00,FACTUAL,daytime,30,68.68,70.86,11.37,0.81
LSP000145,CAM0057,2025-08-21,2025-08-21T10:20:00,EXTRA,daytime,40,599.95,609.85,9.8,5.98
LSP000146,CAM0006,2025-09-26,2025-09-26T21:46:00,CATCHUP,peak,30,762.32,755.04,31.99,24.15
LSP000147,CAM0059,2025-06-21,2025-06-21T20:42:00,EXTRA,peak,20,701.61,713.51,27.45,19.59
LSP000148,CAM0020,2025-08-17,2025-08-17T14:11:00,MAIN,daytime,20,770.33,680.74,6.07,4.13
LSP000149,CAM0032,2025-09-13,2025-09-13T20:00:00,CATCHUP,peak,30,228.41,227.97,27.33,6.23
LSP000150,CAM0006,2025-11-04,2025-11-04T20:15:00,CATCHUP,peak,30,514.82,528.22,22.64,11.96
LSP000151,CAM0010,2025-01-29,2025-01-29T20:02:00,EXTRA,peak,60,74.32,74.93,26.3,1.97
LSP000152,CAM0006,2025-01-26,2025-01-26T10:11:00,EXTRA,daytime,40,263.29,267.5,9.43,2.52
LSP000153,CAM0036,2025-04-01,2025-04-01T23:47:00,CATCHUP,post-peak,30,748.61,736.59,16.95,12.49
LSP000154,CAM0025,2025-02-04,2025-02-04T21:53:00,CATCHUP,peak,10,269.62,273.82,25.57,7.0
LSP000155,CAM0034,2025-07-31,2025-07-31T20:44:00,EXTRA,peak,30,93.64,97.23,28.88,2.81
LSP000156,CAM0006,2025-09-05,2025-09-05T21:38:00,FACTUAL,peak,30,506.63,507.66,34.94,17.74
LSP000157,CAM0023,2025-03-08,2025-03-08T20:31:00,CATCHUP,peak,40,523.89,510.47,29.92,15.27
LSP000158,CAM0046,2025-05-29,2025-05-29T23:00:00,MAIN,post-peak,10,398.66,406.23,15.66,6.36
LSP000159,CAM0040,2025-08-01,2025-08-01T18:21:00,FACTUAL,pre-peak,30,654.53,661.89,24.9,16.48
LSP000160,CAM0017,2025-02-04,2025-02-04T16:32:00,CATCHUP,daytime,30,625.27,616.93,8.38,5.17
LSP000161,CAM0037,2025-11-12,2025-11-12T23:53:00,EXTRA,post-peak,20,297.89,302.0,21.33,6.44
LSP000162,CAM0052,2025-01-19,2025-01-19T20:30:00,EXTRA,peak,40,395.46,407.99,28.01,11.43
LSP000163,CAM0053,2025-07-31,2025-07-31T23:03:00,CATCHUP,post-peak,30,473.71,475.8,14.15,6.73
LSP000164,CAM0037,2025-12-17,2025-12-17T16:58:00,FACTUAL,daytime,10,777.21,748.06,11.9,8.9
LSP000165,CAM0041,2025-10-01,2025-10-01T21:36:00,CATCHUP,peak,30,190.53,194.83,26.01,5.07
LSP000166,CAM0055,2025-06-11,2025-06-11T21:17:00,MOVIES,peak,10,422.79,421.16,34.36,14.47
LSP000167,CAM0014,2025-09-26,2025-09-26T16:07:00,FACTUAL,daytime,60,78.05,75.51,9.04,0.68
LSP000168,CAM0052,2025-09-05,2025-09-05T23:09:00,EXTRA,post-peak,30,742.73,744.13,20.2,15.03
LSP000169,CAM0010,2025-02-20,2025-02-20T21:33:00,EXTRA,peak,20,593.43,603.57,28.79,17.38
LSP000170,CAM0001,2025-06-09,2025-06-09T23:43:00,CATCHUP,post-peak,60,115.31,111.12,18.16,2.02
LSP000171,CAM0043,2025-06-09,2025-06-09T07:48:00,FACTUAL,breakfast,40,719.1,701.41,9.94,6.97
LSP000172,CAM0021,2025-08-14,2025-08-14T20:17:00,EXTRA,peak,20,255.23,216.82,28.68,6.22
LSP000173,CAM0014,2025-10-05,2025-10-05T16:20:00,FACTUAL,daytime,20,757.46,761.95,7.03,5.36
LSP000174,CAM0020,2025-11-10,2025-11-10T23:34:00,MOVIES,post-peak,10,147.56,149.63,14.85,2.22
LSP000175,CAM0004,2025-02-14,2025-02-14T18:11:00,CATCHUP,pre-peak,30,522.1,519.84,21.56,11.21
LSP000176,CAM0022,2025-04-12,2025-04-12T21:42:00,CATCHUP,peak,10,780.26,778.12,23.71,18.45
LSP000177,CAM0053,2025-12-24,2025-12-24T18:29:00,FACTUAL,pre-peak,40,533.31,532.05,27.47,14.62
LSP000178,CAM0010,2025-11-12,2025-11-12T14:23:00,MOVIES,daytime,20,574.71,587.99,11.29,6.64
LSP000179,CAM0030,2025-09-07,2025-09-07T07:30:00,MAIN,breakfast,30,408.99,401.87,10.44,4.2
LSP000180,CAM0037,2025-03-07,2025-03-07T20:25:00,MAIN,peak,30,467.11,459.72,27.99,12.87
LSP000181,CAM0038,2025-07-31,2025-07-31T14:15:00,CATCHUP,daytime,20,780.42,770.48,10.88,8.38
LSP000182,CAM0038,2025-08-09,2025-08-09T21:27:00,CATCHUP,peak,60,306.65,298.63,30.7,9.17
LSP000183,CAM0048,2025-12-31,2025-12-31T20:31:00,MAIN,peak,30,497.06,481.06,27.79,13.37
LSP000184,CAM0020,2025-07-27,2025-07-27T08:06:00,CATCHUP,breakfast,60,664.9,672.61,8.43,5.67
LSP000185,CAM0014,2025-03-13,2025-03-13T21:57:00,MAIN,peak,60,160.04,160.44,27.07,4.34
LSP000186,CAM0037,2025-08-17,2025-08-17T12:43:00,FACTUAL,daytime,30,477.71,470.24,11.66,5.48
LSP000187,CAM0028,2025-06-26,2025-06-26T23:37:00,MAIN,post-peak,30,789.82,766.29,16.35,12.53
LSP000188,CAM0024,2025-10-09,2025-10-09T23:00:00,CATCHUP,post-peak,60,784.02,770.36,14.25,10.98
LSP000189,CAM0028,2025-12-26,2025-12-26T20:40:00,FACTUAL,peak,40,337.09,338.31,30.61,10.36
LSP000190,CAM0031,2025-03-13,2025-03-13T12:24:00,FACTUAL,daytime,60,362.93,373.75,6.75,2.52
LSP000191,CAM0001,2025-02-06,2025-02-06T20:09:00,MOVIES,peak,40,377.55,365.01,30.35,11.08
LSP000192,CAM0027,2025-08-22,2025-08-22T23:44:00,CATCHUP,post-peak,30,517.44,514.3,20.56,10.57
LSP000193,CAM0025,2025-07-01,2025-07-01T14:27:00,CATCHUP,daytime,10,483.45,473.27,9.01,4.26
LSP000194,CAM0027,2025-10-07,2025-10-07T20:02:00,MAIN,peak,30,412.45,415.1,34.5,14.32
LSP000195,CAM0006,2025-03-14,2025-03-14T21:33:00,FACTUAL,peak,30,437.71,441.56,25.19,11.12
LSP000196,CAM0041,2025-12-06,2025-12-06T23:04:00,CATCHUP,post-peak,60,484.72,500.37,18.28,9.15
LSP000197,CAM0001,2025-08-29,2025-08-29T18:57:00,MOVIES,pre-peak,30,600.36,622.48,25.98,16.17
LSP000198,CAM0019,2025-03-27,2025-03-27T07:59:00,CATCHUP,breakfast,40,278.05,272.72,12.41,3.38
LSP000199,CAM0038,2025-03-28,2025-03-28T20:42:00,FACTUAL,peak,60,603.04,492.29,23.65,11.64
LSP000200,CAM0005,2025-05-23,2025-05-23T14:39:00,FACTUAL,daytime,30,693.39,503.94,7.05,3.55
LSP000201,CAM0038,2025-03-19,2025-03-19T20:23:00,EXTRA,peak,30,636.9,620.64,28.86,17.91
LSP000202,CAM0003,2025-06-25,2025-06-25T23:09:00,CATCHUP,post-peak,60,165.61,172.15,20.16,3.47
LSP000203,CAM0016,2025-12-05,2025-12-05T18:40:00,EXTRA,pre-peak,20,483.32,466.09,20.64,9.62
LSP000204,CAM0053,2025-03-01,2025-03-01T08:29:00,MOVIES,breakfast,30,276.03,281.6,11.73,3.3
LSP000205,CAM0025,2025-12-16,2025-12-16T21:30:00,FACTUAL,peak,20,447.83,440.26,32.37,14.25
LSP000206,CAM0025,2025-12-14,2025-12-14T16:33:00,MAIN,daytime,10,738.28,765.22,8.59,6.57
LSP000207,CAM0059,2025-11-30,2025-11-30T21:21:00,FACTUAL,peak,30,651.74,656.13,27.99,18.37
LSP000208,CAM0044,2025-05-04,2025-05-04T21:37:00,EXTRA,peak,30,303.05,295.29,29.12,8.6
LSP000209,CAM0044,2025-01-05,2025-01-05T21:00:00,MOVIES,peak,10,443.95,438.68,31.43,13.79
LSP000210,CAM0017,2025-04-09,2025-04-09T07:39:00,MAIN,breakfast,10,753.88,774.11,14.65,11.34
LSP000211,CAM0041,2025-03-04,2025-03-04T21:07:00,MAIN,peak,60,503.51,514.14,30.42,15.64
LSP000212,CAM0052,2025-04-05,2025-04-05T23:44:00,EXTRA,post-peak,30,270.93,261.73,17.63,4.61
LSP000213,CAM0018,2025-08-07,2025-08-07T21:42:00,FACTUAL,peak,30,171.47,175.27,26.98,4.73
LSP000214,CAM0022,2025-01-31,2025-01-31T14:52:00,FACTUAL,daytime,20,380.43,393.47,9.66,3.8
LSP000215,CAM0012,2025-11-27,2025-11-27T20:09:00,CATCHUP,peak,60,373.44,361.68,27.74,10.03
LSP000216,CAM0017,2025-02-22,2025-02-22T07:04:00,CATCHUP,breakfast,40,237.95,245.5,9.04,2.22
LSP000217,CAM0041,2025-01-01,2025-01-01T23:42:00,MOVIES,post-peak,30,163.71,162.29,14.03,2.28
LSP000218,CAM0046,2025-09-09,2025-09-09T20:25:00,MAIN,peak,30,219.39,222.71,32.14,7.16
LSP000219,CAM0008,2025-10-18,2025-10-18T20:22:00,FACTUAL,peak,40,277.12,288.14,30.41,8.76
LSP000220,CAM0024,2025-10-01,2025-10-01T21:21:00,MAIN,peak,60,394.73,399.4,24.3,9.71
LSP000221,CAM0003,2025-07-16,2025-07-16T20:19:00,MOVIES,peak,10,522.96,505.59,30.23,15.28
LSP000222,CAM0048,2025-04-08,2025-04-08T10:12:00,MAIN,daytime,40,797.29,790.2,10.76,8.5
LSP000223,CAM0042,2025-06-07,2025-06-07T20:53:00,MOVIES,peak,10,77.78,79.57,22.56,1.8
LSP000224,CAM0008,2025-04-19,2025-04-19T21:42:00,CATCHUP,peak,30,755.07,757.28,31.63,23.95
LSP000225,CAM0015,2025-02-06,2025-02-06T07:09:00,MOVIES,breakfast,40,64.3,64.91,9.7,0.63
LSP000226,CAM0042,2025-03-08,2025-03-08T07:40:00,MAIN,breakfast,30,665.55,671.47,13.85,9.3
LSP000227,CAM0005,2025-02-24,2025-02-24T10:38:00,CATCHUP,daytime,20,97.33,96.06,11.02,1.06
LSP000228,CAM0048,2025-12-14,2025-12-14T18:07:00,CATCHUP,pre-peak,30,153.0,156.59,25.64,4.01
LSP000229,CAM0038,2025-03-30,2025-03-30T16:07:00,FACTUAL,daytime,20,618.16,611.73,6.99,4.28
LSP000230,CAM0016,2025-10-25,2025-10-25T07:06:00,CATCHUP,breakfast,30,633.25,517.28,8.04,4.16
LSP000231,CAM0012,2025-02-15,2025-02-15T21:37:00,FACTUAL,peak,30,570.13,569.04,23.65,13.46
LSP000232,CAM0010,2025-11-24,2025-11-24T14:28:00,MOVIES,daytime,20,753.57,725.7,7.08,5.14
LSP000233,CAM0032,2025-11-10,2025-11-10T23:40:00,FACTUAL,post-peak,30,364.09,355.12,21.89,7.77
LSP000234,CAM0007,2025-11-13,2025-11-13T18:48:00,CATCHUP,pre-peak,30,214.46,217.19,20.76,4.51
LSP000235,CAM0013,2025-02-27,2025-02-27T21:43:00,MOVIES,peak,30,182.24,175.58,30.38,5.33
LSP000236,CAM0019,2025-04-18,2025-04-18T18:21:00,CATCHUP,pre-peak,60,717.56,694.85,18.52,12.87
LSP000237,CAM0035,2025-04-01,2025-04-01T12:01:00,MOVIES,daytime,30,137.05,139.48,9.56,1.33
LSP000238,CAM0021,2025-08-03,2025-08-03T12:43:00,FACTUAL,daytime,20,634.23,613.84,10.43,6.4
LSP000239,CAM0056,2025-04-13,2025-04-13T18:14:00,MAIN,pre-peak,30,488.82,486.31,20.16,9.8
LSP000240,CAM0040,2025-08-21,2025-08-21T12:23:00,EXTRA,daytime,30,589.87,612.31,7.21,4.41
LSP000241,CAM0009,2025-01-17,2025-01-17T21:03:00,FACTUAL,peak,20,133.33,132.46,31.88,4.22
LSP000242,CAM0015,2025-06-01,2025-06-01T20:50:00,CATCHUP,peak,20,483.59,473.13,27.35,12.94
LSP000243,CAM0034,2025-09-08,2025-09-08T21:13:00,CATCHUP,peak,30,677.74,690.21,31.57,21.79
LSP000244,CAM0016,2025-05-07,2025-05-07T16:37:00,EXTRA,daytime,30,759.69,783.89,8.51,6.67
LSP000245,CAM0003,2025-01-21,2025-01-21T23:46:00,CATCHUP,post-peak,10,369.27,378.42,19.57,7.41
LSP000246,CAM0007,2025-08-20,2025-08-20T20:05:00,CATCHUP,peak,60,59.32,61.46,23.73,1.46
LSP000247,CAM0019,2025-05-03,2025-05-03T20:05:00,MAIN,peak,30,551.78,549.98,29.41,16.17
LSP000248,CAM0038,2025-01-13,2025-01-13T23:29:00,EXTRA,post-peak,60,577.35,594.51,19.01,11.3
LSP000249,CAM0046,2025-11-21,2025-11-21T07:40:00,MAIN,breakfast,30,720.08,693.16,10.98,7.61
LSP000250,CAM0018,2025-12-24,2025-12-24T23:34:00,CATCHUP,post-peak,60,205.36,207.34,16.69,3.46
LSP000251,CAM0004,2025-09-21,2025-09-21T23:43:00,FACTUAL,post-peak,10,133.22,134.49,16.92,2.28
LSP000252,CAM0012,2025-11-28,2025-11-28T20:04:00,CATCHUP,peak,40,630.18,621.86,29.02,18.05
LSP000253,CAM0042,2025-09-02,2025-09-02T21:48:00,CATCHUP,peak,60,769.33,784.41,24.93,19.56
LSP000254,CAM0023,2025-05-17,2025-05-17T20:27:00,FACTUAL,peak,10,97.53,97.42,28.85,2.81
LSP000255,CAM0008,2025-08-29,2025-08-29T21:43:00,CATCHUP,peak,30,388.98,394.37,31.01,12.23
LSP000256,CAM0057,2025-02-03,2025-02-03T12:56:00,MOVIES,daytime,10,110.13,108.27,11.74,1.27
LSP000257,CAM0007,2025-03-26,2025-03-26T14:44:00,EXTRA,daytime,30,162.87,168.76,6.14,1.04
LSP000258,CAM0027,2025-12-16,2025-12-16T20:08:00,MOVIES,peak,30,365.1,351.12,24.46,8.59
LSP000259,CAM0002,2025-04-29,2025-04-29T21:33:00,FACTUAL,peak,30,484.03,495.14,28.32,14.02
LSP000260,CAM0043,2025-12-23,2025-12-23T20:35:00,MOVIES,peak,30,278.06,284.5,24.23,6.89
LSP000261,CAM0017,2025-04-27,2025-04-27T20:18:00,MAIN,peak,20,314.84,306.44,34.01,10.42
LSP000262,CAM0046,2025-10-02,2025-10-02T14:11:00,EXTRA,daytime,20,228.43,177.26,6.76,1.2
LSP000263,CAM0017,2025-07-09,2025-07-09T12:35:00,MAIN,daytime,40,287.71,284.78,9.24,2.63
LSP000264,CAM0011,2025-10-01,2025-10-01T16:58:00,MAIN,daytime,30,748.3,775.11,11.57,8.97
LSP000265,CAM0010,2025-01-03,2025-01-03T23:34:00,CATCHUP,post-peak,30,535.43,552.39,21.76,12.02
LSP000266,CAM0049,2025-10-21,2025-10-21T20:51:00,CATCHUP,peak,40,730.16,741.21,31.51,23.36
LSP000267,CAM0058,2025-01-21,2025-01-21T10:35:00,MAIN,daytime,30,68.6,67.07,8.14,0.55
LSP000268,CAM0021,2025-01-29,2025-01-29T20:12:00,CATCHUP,peak,30,216.61,212.76,22.29,4.74
LSP000269,CAM0035,2025-08-17,2025-08-17T20:05:00,CATCHUP,peak,30,195.84,197.49,34.26,6.77
LSP000270,CAM0059,2025-12-08,2025-12-08T16:09:00,MOVIES,daytime,30,339.58,265.82,7.85,2.09
LSP000271,CAM0029,2025-10-15,2025-10-15T10:46:00,MOVIES,daytime,40,794.45,781.02,10.83,8.46
LSP000272,CAM0058,2025-08-06,2025-08-06T21:26:00,EXTRA,peak,60,490.39,478.93,28.17,13.49
LSP000273,CAM0056,2025-09-26,2025-09-26T23:04:00,CATCHUP,post-peak,60,331.83,283.15,16.19,4.58
LSP000274,CAM0012,2025-10-12,2025-10-12T18:36:00,EXTRA,pre-peak,20,189.5,190.32,18.42,3.51
LSP000275,CAM0053,2025-06-04,2025-06-04T21:19:00,MOVIES,peak,30,604.89,618.98,24.0,14.86
LSP000276,CAM0020,2025-11-24,2025-11-24T21:30:00,MAIN,peak,40,549.44,535.35,33.79,18.09
LSP000277,CAM0042,2025-05-06,2025-05-06T07:48:00,FACTUAL,breakfast,30,795.75,811.38,12.07,9.79
LSP000278,CAM0037,2025-08-12,2025-08-12T21:40:00,MOVIES,peak,40,663.71,676.08,22.23,15.03
LSP000279,CAM0017,2025-03-25,2025-03-25T20:09:00,FACTUAL,peak,30,708.74,689.65,25.54,17.61
LSP000280,CAM0027,2025-11-22,2025-11-22T23:22:00,MAIN,post-peak,30,268.75,259.65,15.55,4.04
LSP000281,CAM0041,2025-04-04,2025-04-04T21:38:00,EXTRA,peak,30,291.96,300.02,32.4,9.72
LSP000282,CAM0018,2025-12-17,2025-12-17T21:23:00,MAIN,peak,30,485.03,466.13,28.74,13.4
LSP000283,CAM0024,2025-09-06,2025-09-06T18:58:00,EXTRA,pre-peak,10,213.41,219.07,25.95,5.68
LSP000284,CAM0036,2025-11-11,2025-11-11T21:33:00,CATCHUP,peak,40,463.33,449.02,27.99,12.57
LSP000285,CAM0005,2025-03-01,2025-03-01T21:59:00,MAIN,peak,30,311.16,302.17,27.75,8.39
LSP000286,CAM0039,2025-09-25,2025-09-25T21:21:00,EXTRA,peak,40,278.51,270.01,23.67,6.39
LSP000287,CAM0045,2025-03-14,2025-03-14T21:19:00,EXTRA,peak,20,147.66,149.91,32.19,4.83
LSP000288,CAM0005,2025-01-10,2025-01-10T21:48:00,MOVIES,peak,10,197.26,169.32,29.71,5.03
LSP000289,CAM0031,2025-03-02,2025-03-02T23:02:00,MAIN,post-peak,30,550.69,563.13,21.36,12.03
LSP000290,CAM0014,2025-10-28,2025-10-28T23:11:00,FACTUAL,post-peak,10,118.08,122.25,21.59,2.64
LSP000291,CAM0023,2025-06-30,2025-06-30T12:32:00,CATCHUP,daytime,20,428.68,439.64,10.58,4.65
LSP000292,CAM0034,2025-04-22,2025-04-22T21:18:00,EXTRA,peak,60,452.84,438.3,24.78,10.86
LSP000293,CAM0033,2025-12-29,2025-12-29T20:44:00,CATCHUP,peak,20,379.75,370.05,26.61,9.85
LSP000294,CAM0025,2025-08-06,2025-08-06T12:14:00,MOVIES,daytime,10,621.06,619.37,9.12,5.65
LSP000295,CAM0032,2025-07-04,2025-07-04T21:35:00,MAIN,peak,10,296.09,290.96,29.81,8.67
LSP000296,CAM0020,2025-12-18,2025-12-18T23:28:00,EXTRA,post-peak,30,355.46,353.41,20.85,7.37
LSP000297,CAM0058,2025-09-01,2025-09-01T23:23:00,EXTRA,post-peak,10,799.04,773.8,17.5,13.54
LSP000298,CAM0043,2025-12-13,2025-12-13T10:09:00,MOVIES,daytime,30,571.28,582.31,11.35,6.61
LSP000299,CAM0011,2025-02-03,2025-02-03T18:12:00,FACTUAL,pre-peak,20,496.22,481.24,26.38,12.7
LSP000300,CAM0047,2025-09-13,2025-09-13T14:45:00,CATCHUP,daytime,30,254.73,257.66,8.4,2.16
LSP000301,CAM0031,2025-12-08,2025-12-08T20:25:00,MOVIES,peak,30,259.17,251.04,25.26,6.34
LSP000302,CAM0032,2025-04-29,2025-04-29T20:08:00,MAIN,peak,10,603.35,603.26,22.35,13.48
LSP000303,CAM0012,2025-07-15,2025-07-15T20:20:00,EXTRA,peak,30,516.48,498.98,31.77,15.85
LSP000304,CAM0050,2025-09-10,2025-09-10T21:12:00,FACTUAL,peak,40,423.42,424.86,32.52,13.82
LSP000305,CAM0035,2025-10-07,2025-10-07T07:48:00,MAIN,breakfast,30,710.09,707.26,13.97,9.88
LSP000306,CAM0029,2025-08-24,2025-08-24T07:11:00,CATCHUP,breakfast,40,695.27,706.73,11.44,8.08
LSP000307,CAM0009,2025-06-09,2025-06-09T21:31:00,MAIN,peak,30,556.27,564.52,29.44,16.62
LSP000308,CAM0031,2025-10-15,2025-10-15T21:32:00,MAIN,peak,30,247.54,245.12,30.79,7.55
LSP000309,CAM0050,2025-05-26,2025-05-26T16:01:00,CATCHUP,daytime,10,146.15,149.77,9.5,1.42
LSP000310,CAM0049,2025-11-17,2025-11-17T16:06:00,MOVIES,daytime,30,793.96,765.79,7.47,5.72
LSP000311,CAM0016,2025-11-28,2025-11-28T16:05:00,MAIN,daytime,60,278.68,267.97,7.96,2.13
LSP000312,CAM0030,2025-12-03,2025-12-03T21:36:00,CATCHUP,peak,30,249.96,251.72,34.81,8.76
LSP000313,CAM0025,2025-10-20,2025-10-20T18:36:00,MAIN,pre-peak,60,416.27,406.48,22.97,9.34
LSP000314,CAM0052,2025-12-08,2025-12-08T16:39:00,FACTUAL,daytime,30,777.07,785.49,11.84,9.3
LSP000315,CAM0005,2025-10-02,2025-10-02T12:16:00,MAIN,daytime,30,797.17,779.69,10.46,8.16
LSP000316,CAM0006,2025-10-24,2025-10-24T10:21:00,FACTUAL,daytime,10,474.82,472.05,8.08,3.81
LSP000317,CAM0005,2025-11-30,2025-11-30T21:32:00,FACTUAL,peak,30,547.59,543.84,25.27,13.74
LSP000318,CAM0033,2025-08-21,2025-08-21T20:35:00,EXTRA,peak,10,520.88,507.82,28.49,14.47
LSP000319,CAM0043,2025-08-28,2025-08-28T14:40:00,CATCHUP,daytime,60,510.82,508.11,9.4,4.78
LSP000320,CAM0041,2025-01-31,2025-01-31T20:23:00,MOVIES,peak,20,230.28,235.17,32.97,7.75
LSP000321,CAM0027,2025-06-13,2025-06-13T21:58:00,MAIN,peak,40,202.67,207.92,30.4,6.32
LSP000322,CAM0017,2025-12-18,2025-12-18T20:25:00,EXTRA,peak,10,162.47,144.81,26.04,3.77
LSP000323,CAM0032,2025-10-14,2025-10-14T23:27:00,MAIN,post-peak,20,169.52,166.24,20.43,3.4
LSP000324,CAM0043,2025-10-09,2025-10-09T12:54:00,MAIN,daytime,40,414.38,375.55,6.5,2.44
LSP000325,CAM0039,2025-06-02,2025-06-02T21:57:00,MOVIES,peak,30,553.75,549.18,32.92,18.08
LSP000326,CAM0054,2025-03-13,2025-03-13T14:36:00,CATCHUP,daytime,10,441.47,457.35,11.59,5.3
LSP000327,CAM0017,2025-09-12,2025-09-12T21:15:00,CATCHUP,peak,10,629.89,646.64,31.58,20.42
LSP000328,CAM0052,2025-05-01,2025-05-01T23:13:00,EXTRA,post-peak,10,181.37,180.49,16.03,2.89
LSP000329,CAM0038,2025-01-29,2025-01-29T20:23:00,MAIN,peak,30,459.31,449.99,25.61,11.52
LSP000330,CAM0051,2025-03-16,2025-03-16T18:45:00,FACTUAL,pre-peak,60,281.13,290.24,18.35,5.33
LSP000331,CAM0048,2025-12-06,2025-12-06T21:03:00,EXTRA,peak,30,464.55,481.59,26.72,12.87
LSP000332,CAM0052,2025-12-17,2025-12-17T10:55:00,EXTRA,daytime,60,381.8,355.3,11.57,4.11
LSP000333,CAM0059,2025-05-11,2025-05-11T16:59:00,EXTRA,daytime,30,207.79,214.7,9.79,2.1
LSP000334,CAM0057,2025-11-26,2025-11-26T18:02:00,FACTUAL,pre-peak,60,110.07,110.0,25.37,2.79
LSP000335,CAM0054,2025-06-20,2025-06-20T21:56:00,MAIN,peak,60,170.26,164.35,27.47,4.51
LSP000336,CAM0047,2025-10-08,2025-10-08T21:29:00,MAIN,peak,60,89.07,90.0,32.28,2.91
LSP000337,CAM0009,2025-01-02,2025-01-02T18:40:00,FACTUAL,pre-peak,30,481.86,472.21,25.14,11.87
LSP000338,CAM0050,2025-11-29,2025-11-29T21:54:00,CATCHUP,peak,40,357.74,356.35,33.36,11.89
LSP000339,CAM0009,2025-05-14,2025-05-14T12:37:00,FACTUAL,daytime,60,261.35,258.58,8.36,2.16
LSP000340,CAM0025,2025-10-20,2025-10-20T14:01:00,CATCHUP,daytime,40,509.0,492.26,8.77,4.32
LSP000341,CAM0017,2025-12-26,2025-12-26T21:03:00,MOVIES,peak,30,371.68,359.46,26.78,9.63
LSP000342,CAM0037,2025-03-02,2025-03-02T07:33:00,MOVIES,breakfast,60,739.99,750.27,8.83,6.62
LSP000343,CAM0046,2025-04-15,2025-04-15T12:55:00,FACTUAL,daytime,30,609.83,606.48,7.24,4.39
LSP000344,CAM0014,2025-05-25,2025-05-25T21:12:00,MOVIES,peak,20,356.39,350.41,25.4,8.9
LSP000345,CAM0040,2025-08-19,2025-08-19T23:23:00,CATCHUP,post-peak,40,535.43,534.1,20.97,11.2
LSP000346,CAM0045,2025-07-23,2025-07-23T21:45:00,MOVIES,peak,40,367.47,354.92,29.24,10.38
LSP000347,CAM0004,2025-06-20,2025-06-20T23:30:00,FACTUAL,post-peak,30,754.49,760.42,19.99,15.2
LSP000348,CAM0003,2025-01-03,2025-01-03T14:39:00,MOVIES,daytime,30,783.14,760.1,11.35,8.63
LSP000349,CAM0003,2025-10-25,2025-10-25T12:10:00,CATCHUP,daytime,30,747.75,725.73,7.9,5.73
LSP000350,CAM0034,2025-08-10,2025-08-10T10:07:00,FACTUAL,daytime,10,783.89,813.58,7.69,6.26
LSP000351,CAM0024,2025-08-09,2025-08-09T14:56:00,FACTUAL,daytime,30,672.19,673.1,8.61,5.8
LSP000352,CAM0011,2025-06-11,2025-06-11T21:31:00,EXTRA,peak,30,689.78,706.24,22.69,16.02
LSP000353,CAM0010,2025-01-28,2025-01-28T14:02:00,MOVIES,daytime,30,172.67,167.37,11.37,1.9
LSP000354,CAM0032,2025-01-21,2025-01-21T18:45:00,CATCHUP,pre-peak,30,393.32,400.24,19.48,7.8
LSP000355,CAM0023,2025-02-17,2025-02-17T12:18:00,EXTRA,daytime,60,176.22,173.02,11.35,1.96
LSP000356,CAM0038,2025-04-19,2025-04-19T20:00:00,CATCHUP,peak,60,478.09,461.91,31.99,14.78
LSP000357,CAM0044,2025-02-18,2025-02-18T21:01:00,FACTUAL,peak,40,786.0,778.05,34.08,26.52
LSP000358,CAM0007,2025-06-15,2025-06-15T12:05:00,MOVIES,daytime,60,580.78,586.74,7.62,4.47
LSP000359,CAM0043,2025-01-03,2025-01-03T16:02:00,CATCHUP,daytime,30,293.69,299.2,11.74,3.51
LSP000360,CAM0037,2025-03-08,2025-03-08T12:03:00,FACTUAL,daytime,30,648.61,651.06,9.61,6.26
LSP000361,CAM0006,2025-07-24,2025-07-24T14:15:00,MOVIES,daytime,10,65.38,64.8,8.41,0.54
LSP000362,CAM0042,2025-12-01,2025-12-01T12:19:00,MOVIES,daytime,60,374.27,368.58,10.11,3.73
LSP000363,CAM0009,2025-07-03,2025-07-03T20:53:00,FACTUAL,peak,30,199.9,198.11,25.49,5.05
LSP000364,CAM0039,2025-08-05,2025-08-05T10:27:00,FACTUAL,daytime,30,189.77,183.59,9.08,1.67
LSP000365,CAM0030,2025-12-13,2025-12-13T14:43:00,EXTRA,daytime,30,445.46,430.63,8.81,3.79
LSP000366,CAM0006,2025-09-02,2025-09-02T16:08:00,FACTUAL,daytime,60,236.49,237.79,9.31,2.21
LSP000367,CAM0059,2025-01-24,2025-01-24T20:32:00,MOVIES,peak,30,120.86,121.52,25.29,3.07
LSP000368,CAM0017,2025-10-27,2025-10-27T08:32:00,MAIN,breakfast,10,605.39,619.25,13.9,8.61
LSP000369,CAM0003,2025-02-12,2025-02-12T18:45:00,FACTUAL,pre-peak,30,490.41,497.09,24.24,12.05
LSP000370,CAM0017,2025-06-24,2025-06-24T23:55:00,EXTRA,post-peak,20,188.82,190.39,20.97,3.99
LSP000371,CAM0007,2025-08-11,2025-08-11T20:00:00,MOVIES,peak,10,59.98,59.79,27.27,1.63
LSP000372,CAM0043,2025-11-05,2025-11-05T21:19:00,CATCHUP,peak,60,780.44,791.29,30.97,24.51
LSP000373,CAM0026,2025-06-04,2025-06-04T10:08:00,MAIN,daytime,20,133.93,124.95,11.15,1.39
LSP000374,CAM0014,2025-09-04,2025-09-04T20:41:00,EXTRA,peak,30,681.57,683.67,23.12,15.81
LSP000375,CAM0050,2025-08-26,2025-08-26T10:27:00,MAIN,daytime,10,174.58,177.41,11.78,2.09
LSP000376,CAM0031,2025-01-11,2025-01-11T21:37:00,EXTRA,peak,20,271.12,268.77,26.34,7.08
LSP000377,CAM0007,2025-11-19,2025-11-19T21:27:00,MOVIES,peak,60,421.78,429.58,34.99,15.03
LSP000378,CAM0003,2025-09-07,2025-09-07T18:32:00,CATCHUP,pre-peak,40,508.62,521.51,22.88,11.93
LSP000379,CAM0046,2025-02-01,2025-02-01T20:27:00,CATCHUP,peak,30,464.94,470.46,33.56,15.79
LSP000380,CAM0008,2025-09-11,2025-09-11T20:41:00,FACTUAL,peak,30,573.14,440.81,24.5,10.8
LSP000381,CAM0023,2025-08-13,2025-08-13T14:14:00,CATCHUP,daytime,40,304.36,312.7,9.94,3.11
LSP000382,CAM0009,2025-05-31,2025-05-31T21:24:00,MOVIES,peak,60,755.9,747.45,28.14,21.03
LSP000383,CAM0055,2025-03-24,2025-03-24T20:18:00,MAIN,peak,40,412.17,400.84,28.4,11.38
LSP000384,CAM0051,2025-08-01,2025-08-01T23:31:00,FACTUAL,post-peak,20,207.07,145.85,21.05,3.07
LSP000385,CAM0023,2025-12-13,2025-12-13T12:52:00,CATCHUP,daytime,10,655.11,634.88,7.36,4.67
LSP000386,CAM0036,2025-04-25,2025-04-25T20:21:00,FACTUAL,peak,60,85.01,83.43,23.97,2.0
LSP000387,CAM0045,2025-09-21,2025-09-21T20:06:00,MAIN,peak,30,649.24,662.52,34.67,22.97
LSP000388,CAM0051,2025-11-09,2025-11-09T20:54:00,MAIN,peak,60,471.85,459.28,23.53,10.81
LSP000389,CAM0014,2025-07-05,2025-07-05T12:18:00,MOVIES,daytime,60,429.42,415.65,9.88,4.11
LSP000390,CAM0022,2025-03-12,2025-03-12T10:12:00,MOVIES,daytime,30,626.91,564.44,8.84,4.99
LSP000391,CAM0019,2025-09-16,2025-09-16T12:17:00,FACTUAL,daytime,40,616.13,624.26,6.91,4.31
LSP000392,CAM0049,2025-09-29,2025-09-29T18:14:00,EXTRA,pre-peak,60,371.62,383.45,27.52,10.55
LSP000393,CAM0034,2025-12-16,2025-12-16T18:01:00,MOVIES,pre-peak,20,627.61,628.48,18.7,11.75
LSP000394,CAM0022,2025-06-11,2025-06-11T18:49:00,EXTRA,pre-peak,30,96.1,97.33,24.41,2.38
LSP000395,CAM0058,2025-10-22,2025-10-22T08:40:00,CATCHUP,breakfast,30,364.48,370.33,14.11,5.23
LSP000396,CAM0047,2025-06-10,2025-06-10T23:00:00,FACTUAL,post-peak,30,507.8,503.9,19.15,9.65
LSP000397,CAM0057,2025-10-06,2025-10-06T20:39:00,MOVIES,peak,40,308.94,312.62,32.08,10.03
LSP000398,CAM0057,2025-06-04,2025-06-04T10:34:00,FACTUAL,daytime,30,593.82,576.05,11.95,6.88
LSP000399,CAM0019,2025-04-20,2025-04-20T10:35:00,FACTUAL,daytime,30,305.53,293.88,11.34,3.33
LSP000400,CAM0035,2025-10-31,2025-10-31T14:53:00,FACTUAL,daytime,40,367.06,373.87,11.05,4.13
LSP000401,CAM0017,2025-11-18,2025-11-18T20:07:00,MAIN,peak,60,538.22,529.52,31.58,16.72
LSP000402,CAM0030,2025-06-23,2025-06-23T23:51:00,CATCHUP,post-peak,30,585.99,593.75,20.76,12.33
LSP000403,CAM0015,2025-06-29,2025-06-29T16:42:00,CATCHUP,daytime,40,154.98,157.92,6.63,1.05
LSP000404,CAM0034,2025-10-26,2025-10-26T12:49:00,FACTUAL,daytime,30,123.49,126.73,6.49,0.82
LSP000405,CAM0004,2025-08-06,2025-08-06T21:30:00,EXTRA,peak,30,108.55,107.71,29.27,3.15
LSP000406,CAM0050,2025-07-22,2025-07-22T21:37:00,MOVIES,peak,40,367.57,380.24,28.36,10.78
LSP000407,CAM0027,2025-03-25,2025-03-25T10:08:00,MOVIES,daytime,40,393.28,393.69,9.17,3.61
LSP000408,CAM0045,2025-04-19,2025-04-19T18:02:00,EXTRA,pre-peak,30,327.0,329.66,22.09,7.28
LSP000409,CAM0008,2025-07-09,2025-07-09T20:02:00,CATCHUP,peak,20,138.31,136.92,25.82,3.54
LSP000410,CAM0002,2025-03-15,2025-03-15T10:37:00,MOVIES,daytime,10,752.62,739.58,7.1,5.25
LSP000411,CAM0048,2025-09-08,2025-09-08T07:35:00,FACTUAL,breakfast,10,702.82,706.93,11.96,8.45
LSP000412,CAM0058,2025-06-22,2025-06-22T21:30:00,CATCHUP,peak,20,621.46,619.52,27.85,17.25
LSP000413,CAM0029,2025-03-18,2025-03-18T21:20:00,MAIN,peak,60,518.58,513.9,33.7,17.32
LSP000414,CAM0022,2025-10-04,2025-10-04T08:42:00,MOVIES,breakfast,40,258.03,251.13,8.17,2.05
LSP000415,CAM0041,2025-12-29,2025-12-29T16:41:00,MAIN,daytime,40,469.51,473.97,9.46,4.48
LSP000416,CAM0004,2025-10-19,2025-10-19T20:48:00,MOVIES,peak,30,722.65,747.87,24.34,18.2
LSP000417,CAM0002,2025-05-21,2025-05-21T21:15:00,CATCHUP,peak,30,113.49,111.86,29.66,3.32
LSP000418,CAM0032,2025-01-12,2025-01-12T16:11:00,MOVIES,daytime,10,694.74,681.24,6.69,4.56
LSP000419,CAM0007,2025-10-05,2025-10-05T12:09:00,EXTRA,daytime,30,626.23,648.88,10.07,6.53
LSP000420,CAM0004,2025-11-11,2025-11-11T23:11:00,MAIN,post-peak,40,93.88,92.53,17.3,1.6
LSP000421,CAM0021,2025-05-13,2025-05-13T18:52:00,MAIN,pre-peak,10,201.92,203.31,22.93,4.66
LSP000422,CAM0049,2025-09-16,2025-09-16T18:07:00,FACTUAL,pre-peak,10,288.75,278.71,18.29,5.1
LSP000423,CAM0041,2025-04-30,2025-04-30T23:01:00,FACTUAL,post-peak,30,772.61,756.93,18.44,13.96
LSP000424,CAM0051,2025-03-06,2025-03-06T16:26:00,MOVIES,daytime,10,684.71,700.21,6.85,4.8
LSP000425,CAM0035,2025-03-28,2025-03-28T21:34:00,MOVIES,peak,30,388.81,315.53,32.78,10.34
LSP000426,CAM0019,2025-12-01,2025-12-01T23:00:00,MAIN,post-peak,30,254.98,258.65,21.99,5.69
LSP000427,CAM0054,2025-11-20,2025-11-20T12:53:00,CATCHUP,daytime,30,84.11,84.53,7.8,0.66
LSP000428,CAM0026,2025-12-24,2025-12-24T10:08:00,CATCHUP,daytime,30,708.71,708.98,10.81,7.66
LSP000429,CAM0057,2025-12-16,2025-12-16T23:40:00,FACTUAL,post-peak,60,580.82,588.36,16.57,9.75
LSP000430,CAM0014,2025-08-24,2025-08-24T23:21:00,MAIN,post-peak,40,150.29,151.6,14.03,2.13
LSP000431,CAM0001,2025-12-11,2025-12-11T12:35:00,MOVIES,daytime,60,344.59,354.98,9.91,3.52
LSP000432,CAM0035,2025-01-16,2025-01-16T23:52:00,MOVIES,post-peak,40,142.56,141.15,18.81,2.66
LSP000433,CAM0025,2025-04-01,2025-04-01T21:51:00,MAIN,peak,10,397.02,395.26,24.88,9.83
LSP000434,CAM0002,2025-05-24,2025-05-24T20:45:00,FACTUAL,peak,20,117.47,115.62,31.33,3.62
LSP000435,CAM0015,2025-09-10,2025-09-10T23:02:00,FACTUAL,post-peak,30,728.38,711.43,15.57,11.08
LSP000436,CAM0053,2025-11-23,2025-11-23T18:55:00,FACTUAL,pre-peak,30,425.24,414.82,25.39,10.53
LSP000437,CAM0044,2025-12-16,2025-12-16T20:11:00,MAIN,peak,30,146.18,143.37,29.41,4.22
LSP000438,CAM0015,2025-09-25,2025-09-25T21:17:00,EXTRA,peak,60,558.48,567.1,28.93,16.41
LSP000439,CAM0017,2025-12-15,2025-12-15T20:29:00,MAIN,peak,30,530.72,511.69,34.2,17.5
LSP000440,CAM0028,2025-07-28,2025-07-28T14:43:00,CATCHUP,daytime,30,421.68,406.28,10.33,4.2
LSP000441,CAM0004,2025-05-23,2025-05-23T23:34:00,MOVIES,post-peak,30,53.87,52.07,18.57,0.97
LSP000442,CAM0002,2025-04-26,2025-04-26T23:27:00,MAIN,post-peak,20,197.66,190.75,19.0,3.62
LSP000443,CAM0002,2025-09-03,2025-09-03T18:01:00,CATCHUP,pre-peak,60,519.72,509.34,19.08,9.72
LSP000444,CAM0016,2025-06-24,2025-06-24T21:52:00,FACTUAL,peak,30,645.58,659.82,30.05,19.83
LSP000445,CAM0049,2025-02-18,2025-02-18T20:37:00,MAIN,peak,10,780.89,773.23,33.57,25.96
LSP000446,CAM0045,2025-02-03,2025-02-03T21:03:00,MOVIES,peak,10,276.1,266.51,30.81,8.21
LSP000447,CAM0036,2025-01-27,2025-01-27T16:24:00,MOVIES,daytime,10,512.98,527.94,10.72,5.66
LSP000448,CAM0040,2025-01-06,2025-01-06T18:29:00,MOVIES,pre-peak,30,514.42,532.43,25.83,13.75
LSP000449,CAM0030,2025-09-22,2025-09-22T16:12:00,MAIN,daytime,10,59.22,59.66,11.04,0.66
LSP000450,CAM0058,2025-10-21,2025-10-21T10:32:00,FACTUAL,daytime,30,365.76,364.14,7.46,2.72
LSP000451,CAM0052,2025-01-23,2025-01-23T08:19:00,CATCHUP,breakfast,30,434.84,429.89,12.09,5.2
LSP000452,CAM0035,2025-03-16,2025-03-16T10:19:00,CATCHUP,daytime,30,268.3,268.68,9.95,2.67
LSP000453,CAM0010,2025-01-30,2025-01-30T14:52:00,CATCHUP,daytime,60,90.96,94.43,9.84,0.93
LSP000454,CAM0013,2025-02-05,2025-02-05T16:42:00,MOVIES,daytime,40,568.88,577.64,11.11,6.42
LSP000455,CAM0037,2025-06-21,2025-06-21T20:26:00,FACTUAL,peak,20,128.64,132.86,28.45,3.78
LSP000456,CAM0059,2025-01-02,2025-01-02T20:44:00,EXTRA,peak,30,517.94,527.66,34.38,18.14
LSP000457,CAM0022,2025-07-12,2025-07-12T12:11:00,MAIN,daytime,30,57.42,57.67,6.85,0.4
LSP000458,CAM0029,2025-04-10,2025-04-10T20:58:00,FACTUAL,peak,10,781.48,767.98,24.85,19.08
LSP000459,CAM0017,2025-03-31,2025-03-31T16:35:00,EXTRA,daytime,20,196.99,193.24,6.61,1.28
LSP000460,CAM0054,2025-12-13,2025-12-13T10:41:00,MAIN,daytime,30,752.09,736.46,10.86,8.0
LSP000461,CAM0043,2025-03-29,2025-03-29T23:51:00,CATCHUP,post-peak,30,708.79,688.63,21.39,14.73
LSP000462,CAM0051,2025-04-08,2025-04-08T12:24:00,FACTUAL,daytime,30,499.66,489.45,6.28,3.07
LSP000463,CAM0040,2025-10-28,2025-10-28T12:34:00,FACTUAL,daytime,60,161.43,163.1,7.68,1.25
LSP000464,CAM0009,2025-09-18,2025-09-18T23:56:00,MOVIES,post-peak,20,595.47,609.33,18.92,11.53
LSP000465,CAM0011,2025-09-18,2025-09-18T18:56:00,CATCHUP,pre-peak,30,423.94,417.9,21.74,9.09
LSP000466,CAM0045,2025-09-05,2025-09-05T21:31:00,MOVIES,peak,30,485.89,497.19,30.45,15.14
LSP000467,CAM0014,2025-04-23,2025-04-23T23:28:00,EXTRA,post-peak,30,213.95,211.85,15.26,3.23
LSP000468,CAM0054,2025-07-11,2025-07-11T14:05:00,EXTRA,daytime,60,113.02,111.68,9.5,1.06
LSP000469,CAM0030,2025-09-20,2025-09-20T20:27:00,MOVIES,peak,30,374.38,374.31,25.55,9.56
LSP000470,CAM0002,2025-04-02,2025-04-02T18:16:00,MAIN,pre-peak,30,726.11,726.21,23.47,17.04
LSP000471,CAM0006,2025-05-22,2025-05-22T23:06:00,MAIN,post-peak,10,320.18,315.92,19.4,6.13
LSP000472,CAM0017,2025-06-04,2025-06-04T21:49:00,FACTUAL,peak,20,579.23,602.33,31.78,19.14
LSP000473,CAM0048,2025-10-06,2025-10-06T23:00:00,FACTUAL,post-peak,30,666.73,661.6,17.25,11.41
LSP000474,CAM0038,2025-12-02,2025-12-02T07:41:00,CATCHUP,breakfast,60,763.62,746.98,13.06,9.76
LSP000475,CAM0014,2025-08-31,2025-08-31T14:37:00,CATCHUP,daytime,60,401.55,396.43,6.52,2.58
LSP000476,CAM0055,2025-04-07,2025-04-07T18:44:00,MOVIES,pre-peak,20,379.01,364.76,19.39,7.07
LSP000477,CAM0056,2025-03-07,2025-03-07T16:47:00,MAIN,daytime,30,657.8,649.37,8.51,5.53
LSP000478,CAM0044,2025-07-26,2025-07-26T21:44:00,CATCHUP,peak,30,294.56,261.71,33.99,8.9
LSP000479,CAM0010,2025-06-19,2025-06-19T20:51:00,CATCHUP,peak,30,480.41,475.85,34.33,16.34
LSP000480,CAM0005,2025-10-01,2025-10-01T18:30:00,MAIN,pre-peak,30,477.14,492.21,18.93,9.32
LSP000481,CAM0007,2025-12-12,2025-12-12T20:02:00,CATCHUP,peak,30,70.13,72.44,27.02,1.96
LSP000482,CAM0014,2025-04-30,2025-04-30T14:33:00,MAIN,daytime,30,93.09,90.65,11.16,1.01
LSP000483,CAM0027,2025-07-20,2025-07-20T12:07:00,EXTRA,daytime,30,363.81,360.58,11.42,4.12
LSP000484,CAM0014,2025-03-08,2025-03-08T21:19:00,MOVIES,peak,60,582.25,587.08,34.21,20.08
LSP000485,CAM0038,2025-04-14,2025-04-14T20:43:00,MOVIES,peak,30,201.28,200.41,32.72,6.56
LSP000486,CAM0039,2025-05-07,2025-05-07T20:58:00,CATCHUP,peak,30,395.15,402.65,25.74,10.36
LSP000487,CAM0057,2025-08-22,2025-08-22T16:53:00,FACTUAL,daytime,30,509.77,496.52,7.49,3.72
LSP000488,CAM0058,2025-11-13,2025-11-13T21:29:00,MOVIES,peak,40,187.58,185.98,34.29,6.38
LSP000489,CAM0016,2025-03-22,2025-03-22T14:40:00,CATCHUP,daytime,30,549.99,559.96,11.41,6.39
LSP000490,CAM0059,2025-09-10,2025-09-10T18:48:00,CATCHUP,pre-peak,10,796.49,771.34,25.67,19.8
LSP000491,CAM0021,2025-07-29,2025-07-29T18:16:00,EXTRA,pre-peak,30,83.48,71.24,24.76,1.76
LSP000492,CAM0030,2025-07-15,2025-07-15T16:25:00,EXTRA,daytime,30,78.33,79.64,6.82,0.54
LSP000493,CAM0043,2025-08-26,2025-08-26T20:04:00,MAIN,peak,30,542.77,540.07,28.12,15.19
LSP000494,CAM0018,2025-03-24,2025-03-24T12:01:00,CATCHUP,daytime,10,182.93,186.46,7.01,1.31
LSP000495,CAM0043,2025-01-06,2025-01-06T20:09:00,MOVIES,peak,30,183.46,189.22,28.92,5.47
LSP000496,CAM0029,2025-12-23,2025-12-23T08:40:00,CATCHUP,breakfast,40,546.9,529.52,12.83,6.79
LSP000497,CAM0029,2025-01-27,2025-01-27T20:03:00,MOVIES,peak,60,201.3,207.88,24.6,5.11
LSP000498,CAM0002,2025-08-04,2025-08-04T07:00:00,FACTUAL,breakfast,60,194.11,189.77,14.18,2.69
LSP000499,CAM0052,2025-12-07,2025-12-07T12:10:00,MAIN,daytime,30,434.38,428.22,9.76,4.18
LSP000500,CAM0040,2025-04-17,2025-04-17T23:25:00,MOVIES,post-peak,10,224.31,221.14,14.12,3.12
LSP000501,CAM0042,2025-06-11,2025-06-11T07:13:00,MOVIES,breakfast,20,99.51,100.7,10.58,1.07
LSP000502,CAM0005,2025-04-22,2025-04-22T18:49:00,CATCHUP,pre-peak,30,787.33,789.61,27.91,22.04
LSP000503,CAM0055,2025-10-19,2025-10-19T12:06:00,CATCHUP,daytime,30,786.06,797.25,11.83,9.43
LSP000504,CAM0045,2025-03-10,2025-03-10T16:40:00,FACTUAL,daytime,60,549.78,528.57,11.47,6.06
LSP000505,CAM0029,2025-07-15,2025-07-15T20:47:00,EXTRA,peak,30,490.6,480.11,30.01,14.41
LSP000506,CAM0058,2025-03-05,2025-03-05T16:47:00,MOVIES,daytime,60,232.66,225.91,8.99,2.03
LSP000507,CAM0013,2025-03-19,2025-03-19T18:41:00,MAIN,pre-peak,20,742.56,769.05,25.39,19.53
LSP000508,CAM0022,2025-03-10,2025-03-10T14:41:00,MAIN,daytime,30,643.83,659.94,10.5,6.93
LSP000509,CAM0015,2025-06-19,2025-06-19T16:13:00,CATCHUP,daytime,10,729.97,715.27,10.12,7.24
LSP000510,CAM0047,2025-04-24,2025-04-24T20:24:00,CATCHUP,peak,30,187.66,181.12,28.39,5.14
LSP000511,CAM0013,2025-01-27,2025-01-27T20:09:00,EXTRA,peak,20,118.82,121.97,34.11,4.16
LSP000512,CAM0016,2025-09-17,2025-09-17T08:46:00,MOVIES,breakfast,30,173.12,172.07,12.24,2.11
LSP000513,CAM0020,2025-05-27,2025-05-27T20:40:00,EXTRA,peak,30,696.82,721.96,26.67,19.25
LSP000514,CAM0025,2025-03-27,2025-03-27T18:27:00,CATCHUP,pre-peak,30,601.2,616.57,25.94,15.99
LSP000515,CAM0002,2025-07-15,2025-07-15T18:05:00,FACTUAL,pre-peak,30,452.9,441.15,21.8,9.62
LSP000516,CAM0020,2025-08-21,2025-08-21T14:35:00,CATCHUP,daytime,30,103.95,103.69,6.93,0.72
LSP000517,CAM0013,2025-01-03,2025-01-03T07:32:00,FACTUAL,breakfast,30,353.42,350.44,13.2,4.63
LSP000518,CAM0025,2025-09-08,2025-09-08T16:37:00,MAIN,daytime,30,713.75,692.31,11.59,8.02
LSP000519,CAM0011,2025-04-10,2025-04-10T21:16:00,FACTUAL,peak,30,581.85,575.71,22.75,13.1
LSP000520,CAM0025,2025-08-06,2025-08-06T21:15:00,MOVIES,peak,10,741.1,753.35,22.37,16.85
LSP000521,CAM0043,2025-11-27,2025-11-27T10:38:00,MOVIES,daytime,40,160.53,161.54,9.98,1.61
LSP000522,CAM0011,2025-01-07,2025-01-07T10:05:00,MOVIES,daytime,30,579.55,560.09,11.46,6.42
LSP000523,CAM0057,2025-08-05,2025-08-05T12:27:00,FACTUAL,daytime,40,276.66,280.17,8.3,2.33
LSP000524,CAM0020,2025-07-30,2025-07-30T21:59:00,MAIN,peak,10,527.14,520.58,23.86,12.42
LSP000525,CAM0048,2025-04-18,2025-04-18T23:25:00,FACTUAL,post-peak,10,790.27,758.76,14.56,11.05
LSP000526,CAM0045,2025-08-02,2025-08-02T20:41:00,FACTUAL,peak,40,373.21,363.85,23.75,8.64
LSP000527,CAM0032,2025-04-04,2025-04-04T20:07:00,MOVIES,peak,30,660.78,637.47,24.38,15.54
LSP000528,CAM0049,2025-04-09,2025-04-09T14:57:00,MOVIES,daytime,30,520.13,535.46,7.0,3.75
LSP000529,CAM0019,2025-02-13,2025-02-13T18:17:00,MAIN,pre-peak,30,72.25,72.16,25.61,1.85
LSP000530,CAM0001,2025-02-01,2025-02-01T14:00:00,CATCHUP,daytime,60,790.71,792.12,6.04,4.78
LSP000531,CAM0039,2025-09-24,2025-09-24T23:48:00,FACTUAL,post-peak,30,404.92,402.63,16.97,6.83
LSP000532,CAM0057,2025-06-25,2025-06-25T23:52:00,EXTRA,post-peak,30,548.81,529.37,16.85,8.92
LSP000533,CAM0022,2025-02-21,2025-02-21T07:55:00,MOVIES,breakfast,40,676.57,650.9,8.86,5.77
LSP000534,CAM0034,2025-05-24,2025-05-24T23:48:00,EXTRA,post-peak,30,388.94,400.45,18.12,7.26
LSP000535,CAM0043,2025-04-07,2025-04-07T07:40:00,FACTUAL,breakfast,10,525.33,545.07,13.15,7.17
LSP000536,CAM0044,2025-08-16,2025-08-16T14:31:00,MOVIES,daytime,40,509.44,506.5,11.59,5.87
LSP000537,CAM0031,2025-12-04,2025-12-04T21:57:00,MAIN,peak,40,338.64,344.38,33.31,11.47
LSP000538,CAM0057,2025-10-20,2025-10-20T21:45:00,CATCHUP,peak,10,145.9,143.58,30.75,4.42
LSP000539,CAM0036,2025-08-28,2025-08-28T12:28:00,MAIN,daytime,30,546.98,534.36,10.52,5.62
LSP000540,CAM0043,2025-12-25,2025-12-25T10:27:00,MAIN,daytime,20,746.75,739.79,7.68,5.68
LSP000541,CAM0047,2025-05-12,2025-05-12T20:57:00,MAIN,peak,40,151.82,154.56,23.18,3.58
LSP000542,CAM0045,2025-06-20,2025-06-20T21:59:00,CATCHUP,peak,60,742.89,733.57,33.83,24.82
LSP000543,CAM0048,2025-07-15,2025-07-15T20:50:00,CATCHUP,peak,60,377.72,370.44,25.78,9.55
LSP000544,CAM0008,2025-02-15,2025-02-15T16:37:00,EXTRA,daytime,40,756.51,733.96,7.88,5.78
LSP000545,CAM0025,2025-10-23,2025-10-23T21:19:00,MAIN,peak,30,451.7,469.04,26.16,12.27
LSP000546,CAM0024,2025-12-14,2025-12-14T23:08:00,CATCHUP,post-peak,40,501.21,497.01,18.31,9.1
LSP000547,CAM0030,2025-06-11,2025-06-11T10:18:00,EXTRA,daytime,30,559.99,550.29,10.48,5.77
LSP000548,CAM0055,2025-12-26,2025-12-26T07:20:00,FACTUAL,breakfast,30,792.75,824.26,12.95,10.67
LSP000549,CAM0031,2025-11-20,2025-11-20T21:31:00,FACTUAL,peak,40,774.87,794.1,23.99,19.05
LSP000550,CAM0046,2025-04-18,2025-04-18T21:59:00,EXTRA,peak,40,601.79,615.08,33.14,20.38
LSP000551,CAM0047,2025-07-20,2025-07-20T16:52:00,EXTRA,daytime,10,460.96,467.52,11.94,5.58
LSP000552,CAM0049,2025-07-20,2025-07-20T18:33:00,FACTUAL,pre-peak,30,572.28,588.59,21.94,12.91
LSP000553,CAM0009,2025-06-15,2025-06-15T21:37:00,MAIN,peak,60,750.93,760.22,29.5,22.43
LSP000554,CAM0029,2025-12-23,2025-12-23T20:57:00,EXTRA,peak,20,213.6,217.62,22.12,4.81
LSP000555,CAM0047,2025-10-22,2025-10-22T10:50:00,EXTRA,daytime,30,762.8,783.65,11.56,9.06
LSP000556,CAM0007,2025-07-02,2025-07-02T23:11:00,MAIN,post-peak,10,785.21,791.08,21.76,17.21
LSP000557,CAM0041,2025-07-26,2025-07-26T14:07:00,EXTRA,daytime,30,416.47,431.61,9.92,4.28
LSP000558,CAM0025,2025-12-21,2025-12-21T23:42:00,MAIN,post-peak,60,397.76,394.01,19.06,7.51
LSP000559,CAM0029,2025-07-08,2025-07-08T07:07:00,MAIN,breakfast,10,416.91,417.24,8.16,3.4
LSP000560,CAM0037,2025-10-21,2025-10-21T20:44:00,MAIN,peak,60,494.66,514.44,31.14,16.02
LSP000561,CAM0020,2025-10-20,2025-10-20T10:20:00,MAIN,daytime,40,731.66,713.22,10.88,7.76
LSP000562,CAM0002,2025-07-21,2025-07-21T20:34:00,CATCHUP,peak,30,97.95,98.26,32.64,3.21
LSP000563,CAM0042,2025-03-05,2025-03-05T21:13:00,MAIN,peak,20,696.5,668.94,27.81,18.6
LSP000564,CAM0021,2025-03-04,2025-03-04T07:36:00,EXTRA,breakfast,40,170.91,175.72,8.25,1.45
LSP000565,CAM0008,2025-09-17,2025-09-17T16:34:00,EXTRA,daytime,30,782.83,767.07,6.28,4.82
LSP000566,CAM0034,2025-05-31,2025-05-31T20:28:00,EXTRA,peak,30,417.83,431.56,34.96,15.09
LSP000567,CAM0039,2025-10-03,2025-10-03T20:44:00,MAIN,peak,40,664.82,648.23,25.9,16.79
LSP000568,CAM0054,2025-04-21,2025-04-21T23:38:00,CATCHUP,post-peak,20,493.84,502.89,17.38,8.74
LSP000569,CAM0036,2025-05-11,2025-05-11T14:41:00,EXTRA,daytime,30,392.05,397.59,11.64,4.63
LSP000570,CAM0010,2025-10-02,2025-10-02T12:40:00,FACTUAL,daytime,40,572.6,566.74,9.94,5.63
LSP000571,CAM0053,2025-09-19,2025-09-19T20:26:00,EXTRA,peak,30,794.34,764.21,29.85,22.81
LSP000572,CAM0005,2025-05-19,2025-05-19T10:07:00,CATCHUP,daytime,30,99.47,98.38,8.0,0.79
LSP000573,CAM0018,2025-03-16,2025-03-16T21:14:00,FACTUAL,peak,10,123.46,120.72,34.37,4.15
LSP000574,CAM0051,2025-03-05,2025-03-05T12:46:00,FACTUAL,daytime,30,666.01,667.55,10.2,6.81
LSP000575,CAM0056,2025-05-25,2025-05-25T20:38:00,MAIN,peak,10,178.06,176.49,26.49,4.68
LSP000576,CAM0048,2025-12-14,2025-12-14T23:34:00,CATCHUP,post-peak,30,711.52,716.77,16.07,11.52
LSP000577,CAM0044,2025-09-20,2025-09-20T21:42:00,EXTRA,peak,20,334.1,322.15,31.43,10.13
LSP000578,CAM0024,2025-12-29,2025-12-29T21:43:00,CATCHUP,peak,30,580.09,602.66,32.38,19.51
LSP000579,CAM0033,2025-05-27,2025-05-27T14:27:00,CATCHUP,daytime,40,711.04,699.96,11.15,7.8
LSP000580,CAM0020,2025-07-28,2025-07-28T21:54:00,MAIN,peak,40,109.61,113.51,24.15,2.74
LSP000581,CAM0004,2025-02-13,2025-02-13T21:35:00,MOVIES,peak,60,705.76,701.47,28.61,20.07
LSP000582,CAM0047,2025-03-11,2025-03-11T20:32:00,CATCHUP,peak,40,143.52,107.01,32.81,3.51
LSP000583,CAM0001,2025-08-06,2025-08-06T21:47:00,FACTUAL,peak,20,795.67,822.43,34.99,28.78
LSP000584,CAM0034,2025-12-17,2025-12-17T20:38:00,MOVIES,peak,20,555.89,556.94,24.93,13.88
LSP000585,CAM0005,2025-07-07,2025-07-07T21:32:00,FACTUAL,peak,10,367.04,363.32,23.47,8.53
LSP000586,CAM0059,2025-12-14,2025-12-14T14:34:00,MAIN,daytime,30,274.38,268.08,10.43,2.8
LSP000587,CAM0037,2025-07-21,2025-07-21T12:19:00,CATCHUP,daytime,60,720.06,742.67,11.09,8.24
LSP000588,CAM0004,2025-07-02,2025-07-02T07:29:00,FACTUAL,breakfast,30,315.42,288.18,9.3,2.68
LSP000589,CAM0023,2025-01-05,2025-01-05T10:31:00,EXTRA,daytime,10,446.82,443.63,11.48,5.09
LSP000590,CAM0001,2025-03-21,2025-03-21T21:16:00,EXTRA,peak,30,346.52,344.53,24.37,8.4
LSP000591,CAM0052,2025-05-18,2025-05-18T10:28:00,MOVIES,daytime,20,154.91,148.79,11.3,1.68
LSP000592,CAM0046,2025-04-12,2025-04-12T10:18:00,MAIN,daytime,20,345.91,357.01,6.96,2.48
LSP000593,CAM0013,2025-09-03,2025-09-03T23:17:00,MAIN,post-peak,30,416.8,422.86,15.02,6.35
LSP000594,CAM0049,2025-07-24,2025-07-24T20:59:00,MOVIES,peak,20,132.3,127.23,24.02,3.06
LSP000595,CAM0033,2025-01-07,2025-01-07T21:15:00,MAIN,peak,40,672.38,677.6,22.1,14.97
LSP000596,CAM0031,2025-05-29,2025-05-29T14:05:00,MOVIES,daytime,20,513.21,500.35,7.69,3.85
LSP000597,CAM0008,2025-05-15,2025-05-15T23:15:00,MOVIES,post-peak,20,405.42,392.55,19.84,7.79
LSP000598,CAM0040,2025-04-03,2025-04-03T12:54:00,CATCHUP,daytime,40,525.86,510.39,6.23,3.18
LSP000599,CAM0013,2025-03-16,2025-03-16T18:39:00,EXTRA,pre-peak,10,698.26,699.65,25.0,17.49
LSP000600,CAM0015,2025-04-24,2025-04-24T16:30:00,MAIN,daytime,30,370.3,358.75,8.18,2.93
LSP000601,CAM0023,2025-12-31,2025-12-31T18:20:00,MAIN,pre-peak,20,80.67,82.25,20.12,1.65
LSP000602,CAM0031,2025-05-24,2025-05-24T23:06:00,MOVIES,post-peak,20,239.2,236.03,14.89,3.51
LSP000603,CAM0043,2025-01-07,2025-01-07T21:49:00,EXTRA,peak,30,320.43,326.66,29.66,9.69
LSP000604,CAM0039,2025-07-10,2025-07-10T14:17:00,EXTRA,daytime,30,338.04,328.05,10.46,3.43
LSP000605,CAM0008,2025-01-22,2025-01-22T20:58:00,EXTRA,peak,20,578.5,558.83,29.11,16.27
LSP000606,CAM0022,2025-06-04,2025-06-04T21:48:00,EXTRA,peak,30,590.58,440.58,29.16,12.85
LSP000607,CAM0017,2025-10-14,2025-10-14T23:57:00,FACTUAL,post-peak,30,522.4,519.73,17.86,9.28
LSP000608,CAM0034,2025-09-15,2025-09-15T21:10:00,CATCHUP,peak,30,572.53,551.71,29.36,16.2
LSP000609,CAM0051,2025-12-22,2025-12-22T12:52:00,MOVIES,daytime,30,563.52,584.78,6.99,4.09
LSP000610,CAM0049,2025-09-18,2025-09-18T18:49:00,MOVIES,pre-peak,30,505.41,485.34,23.72,11.51
LSP000611,CAM0038,2025-12-23,2025-12-23T07:59:00,CATCHUP,breakfast,30,427.86,419.61,13.97,5.86
LSP000612,CAM0019,2025-12-29,2025-12-29T14:07:00,EXTRA,daytime,20,84.21,81.1,6.89,0.56
LSP000613,CAM0057,2025-05-23,2025-05-23T23:17:00,MAIN,post-peak,40,785.02,766.81,14.93,11.45
LSP000614,CAM0042,2025-06-27,2025-06-27T20:23:00,FACTUAL,peak,10,759.82,745.48,23.74,17.7
LSP000615,CAM0058,2025-11-10,2025-11-10T16:03:00,MAIN,daytime,60,316.61,311.03,7.54,2.35
LSP000616,CAM0002,2025-10-03,2025-10-03T20:55:00,CATCHUP,peak,10,591.95,613.05,25.35,15.54
LSP000617,CAM0041,2025-11-21,2025-11-21T20:13:00,MOVIES,peak,20,293.2,296.24,33.16,9.82
LSP000618,CAM0026,2025-03-21,2025-03-21T18:46:00,MOVIES,pre-peak,30,161.25,161.2,22.59,3.64
LSP000619,CAM0053,2025-04-01,2025-04-01T12:31:00,EXTRA,daytime,40,261.53,269.59,10.9,2.94
LSP000620,CAM0044,2025-11-08,2025-11-08T12:09:00,MAIN,daytime,30,233.94,242.74,6.6,1.6
LSP000621,CAM0034,2025-03-12,2025-03-12T21:51:00,MAIN,peak,30,124.8,120.91,22.18,2.68
LSP000622,CAM0054,2025-11-26,2025-11-26T23:08:00,EXTRA,post-peak,60,112.7,113.85,14.11,1.61
LSP000623,CAM0001,2025-02-24,2025-02-24T20:52:00,FACTUAL,peak,60,580.59,579.68,29.32,17.0
LSP000624,CAM0029,2025-03-25,2025-03-25T16:30:00,EXTRA,daytime,20,91.91,92.85,6.74,0.63
LSP000625,CAM0053,2025-01-23,2025-01-23T10:18:00,MAIN,daytime,30,714.84,686.32,7.35,5.04
LSP000626,CAM0015,2025-08-07,2025-08-07T18:22:00,FACTUAL,pre-peak,20,741.27,752.35,25.15,18.92
LSP000627,CAM0058,2025-02-27,2025-02-27T20:07:00,EXTRA,peak,10,767.35,741.34,26.34,19.53
LSP000628,CAM0024,2025-02-13,2025-02-13T23:38:00,EXTRA,post-peak,20,371.47,362.0,17.4,6.3
LSP000629,CAM0058,2025-12-08,2025-12-08T21:39:00,FACTUAL,peak,30,706.55,706.51,26.8,18.93
LSP000630,CAM0017,2025-12-31,2025-12-31T21:50:00,MAIN,peak,60,749.82,759.17,26.16,19.86
LSP000631,CAM0025,2025-08-17,2025-08-17T21:50:00,MOVIES,peak,60,100.49,104.18,25.62,2.67
LSP000632,CAM0006,2025-06-15,2025-06-15T23:11:00,MOVIES,post-peak,30,289.49,293.97,17.31,5.09
LSP000633,CAM0051,2025-11-22,2025-11-22T16:51:00,EXTRA,daytime,30,363.99,364.97,9.19,3.35
LSP000634,CAM0053,2025-04-28,2025-04-28T18:37:00,MOVIES,pre-peak,30,483.41,493.01,25.03,12.34
LSP000635,CAM0016,2025-07-05,2025-07-05T07:54:00,MAIN,breakfast,30,468.78,484.56,8.42,4.08
LSP000636,CAM0023,2025-07-04,2025-07-04T21:55:00,EXTRA,peak,30,395.29,396.92,34.11,13.54
LSP000637,CAM0027,2025-05-05,2025-05-05T12:14:00,MAIN,daytime,40,153.35,155.85,8.26,1.29
LSP000638,CAM0002,2025-12-23,2025-12-23T23:23:00,MAIN,post-peak,40,129.51,129.27,18.75,2.42
LSP000639,CAM0011,2025-01-16,2025-01-16T10:09:00,MAIN,daytime,20,107.8,110.51,6.9,0.76
LSP000640,CAM0012,2025-08-29,2025-08-29T21:47:00,CATCHUP,peak,40,761.57,775.13,27.77,21.53
LSP000641,CAM0042,2025-12-22,2025-12-22T07:07:00,EXTRA,breakfast,10,710.87,625.76,11.52,7.21
LSP000642,CAM0001,2025-07-22,2025-07-22T21:43:00,MOVIES,peak,30,583.56,586.92,25.98,15.25
LSP000643,CAM0015,2025-08-05,2025-08-05T23:17:00,MAIN,post-peak,30,333.17,339.65,17.2,5.84
LSP000644,CAM0004,2025-04-23,2025-04-23T18:52:00,CATCHUP,pre-peak,30,681.28,679.56,21.13,14.36
LSP000645,CAM0042,2025-07-27,2025-07-27T21:10:00,MAIN,peak,60,328.61,322.56,23.36,7.54
LSP000646,CAM0024,2025-11-05,2025-11-05T21:21:00,MAIN,peak,20,261.66,252.56,29.76,7.52
LSP000647,CAM0049,2025-06-08,2025-06-08T12:12:00,MAIN,daytime,20,251.88,253.19,9.38,2.37
LSP000648,CAM0051,2025-09-05,2025-09-05T08:20:00,MAIN,breakfast,30,56.36,55.38,10.79,0.6
LSP000649,CAM0013,2025-06-11,2025-06-11T21:46:00,FACTUAL,peak,20,576.99,572.71,31.64,18.12
LSP000650,CAM0007,2025-09-15,2025-09-15T21:09:00,MAIN,peak,30,647.05,666.14,22.49,14.98
LSP000651,CAM0011,2025-03-19,2025-03-19T21:05:00,MAIN,peak,40,223.68,226.93,23.83,5.41
LSP000652,CAM0046,2025-03-24,2025-03-24T23:32:00,CATCHUP,post-peak,40,506.55,517.44,17.58,9.1
LSP000653,CAM0009,2025-06-23,2025-06-23T14:39:00,MOVIES,daytime,10,718.01,711.56,7.25,5.16
LSP000654,CAM0040,2025-11-07,2025-11-07T08:09:00,CATCHUP,breakfast,40,795.8,764.92,13.36,10.22
LSP000655,CAM0020,2025-10-08,2025-10-08T21:51:00,MAIN,peak,30,120.59,124.78,24.1,3.01
LSP000656,CAM0018,2025-10-23,2025-10-23T18:05:00,MAIN,pre-peak,20,582.99,605.66,27.78,16.83
LSP000657,CAM0049,2025-08-15,2025-08-15T20:08:00,MAIN,peak,30,416.19,409.09,27.32,11.18
LSP000658,CAM0040,2025-12-15,2025-12-15T10:23:00,CATCHUP,daytime,60,518.47,501.19,8.48,4.25
LSP000659,CAM0029,2025-05-15,2025-05-15T21:43:00,MAIN,peak,30,783.07,801.27,31.1,24.92
LSP000660,CAM0036,2025-01-05,2025-01-05T12:06:00,FACTUAL,daytime,30,168.65,162.89,8.33,1.36
LSP000661,CAM0030,2025-12-09,2025-12-09T10:29:00,MOVIES,daytime,40,451.34,437.23,7.08,3.1
LSP000662,CAM0007,2025-07-23,2025-07-23T21:12:00,MOVIES,peak,30,98.35,99.17,24.76,2.46
LSP000663,CAM0048,2025-09-01,2025-09-01T10:29:00,MAIN,daytime,30,166.81,168.68,7.92,1.34
LSP000664,CAM0003,2025-11-04,2025-11-04T21:03:00,FACTUAL,peak,60,372.58,359.29,33.28,11.96
LSP000665,CAM0049,2025-12-17,2025-12-17T18:16:00,EXTRA,pre-peak,10,156.3,151.07,26.74,4.04
LSP000666,CAM0029,2025-08-03,2025-08-03T20:42:00,FACTUAL,peak,20,672.91,694.53,26.45,18.37
LSP000667,CAM0049,2025-06-02,2025-06-02T12:22:00,MOVIES,daytime,30,406.62,395.58,10.18,4.03
LSP000668,CAM0023,2025-12-21,2025-12-21T20:52:00,MAIN,peak,30,637.3,615.77,30.68,18.89
LSP000669,CAM0040,2025-03-16,2025-03-16T16:52:00,FACTUAL,daytime,10,162.88,158.29,11.19,1.77
LSP000670,CAM0008,2025-12-12,2025-12-12T18:33:00,MAIN,pre-peak,30,757.49,765.63,24.39,18.67
LSP000671,CAM0038,2025-02-19,2025-02-19T07:47:00,EXTRA,breakfast,30,572.33,576.95,9.51,5.49
LSP000672,CAM0014,2025-04-08,2025-04-08T23:36:00,MAIN,post-peak,30,660.33,604.33,18.02,10.89
LSP000673,CAM0056,2025-03-05,2025-03-05T21:41:00,MOVIES,peak,30,357.79,359.01,28.8,10.34
LSP000674,CAM0049,2025-06-21,2025-06-21T10:11:00,MOVIES,daytime,30,329.84,320.94,8.62,2.77
LSP000675,CAM0019,2025-12-04,2025-12-04T21:27:00,FACTUAL,peak,40,515.28,530.0,34.94,18.52
LSP000676,CAM0052,2025-02-23,2025-02-23T10:01:00,CATCHUP,daytime,30,127.76,129.03,9.27,1.2
LSP000677,CAM0041,2025-08-16,2025-08-16T20:51:00,MAIN,peak,40,267.43,261.5,27.91,7.3
LSP000678,CAM0025,2025-02-28,2025-02-28T12:30:00,MAIN,daytime,30,775.71,770.31,10.92,8.41
LSP000679,CAM0046,2025-07-22,2025-07-22T07:23:00,EXTRA,breakfast,30,262.7,257.75,13.87,3.57
LSP000680,CAM0051,2025-08-01,2025-08-01T20:00:00,MOVIES,peak,10,61.65,61.03,32.62,1.99
LSP000681,CAM0053,2025-11-04,2025-11-04T16:10:00,CATCHUP,daytime,30,231.37,225.68,9.87,2.23
LSP000682,CAM0054,2025-01-27,2025-01-27T21:36:00,MOVIES,peak,20,754.54,768.31,27.24,20.93
LSP000683,CAM0021,2025-09-22,2025-09-22T12:14:00,MAIN,daytime,40,650.88,657.72,10.71,7.04
LSP000684,CAM0054,2025-11-18,2025-11-18T23:53:00,CATCHUP,post-peak,20,761.53,736.75,17.5,12.89
LSP000685,CAM0041,2025-10-31,2025-10-31T12:39:00,CATCHUP,daytime,10,478.85,419.57,11.9,4.99
LSP000686,CAM0041,2025-11-20,2025-11-20T21:11:00,EXTRA,peak,40,723.43,725.48,25.19,18.27
LSP000687,CAM0050,2025-07-13,2025-07-13T21:42:00,MAIN,peak,30,112.22,107.94,34.8,3.76
LSP000688,CAM0056,2025-02-22,2025-02-22T10:59:00,CATCHUP,daytime,10,130.31,134.42,6.56,0.88
LSP000689,CAM0032,2025-07-05,2025-07-05T23:13:00,MOVIES,post-peak,10,418.28,300.18,21.67,6.5
LSP000690,CAM0005,2025-04-18,2025-04-18T21:24:00,FACTUAL,peak,40,731.23,712.5,22.13,15.77
LSP000691,CAM0012,2025-12-04,2025-12-04T20:38:00,MAIN,peak,10,781.94,780.93,29.98,23.41
LSP000692,CAM0035,2025-01-03,2025-01-03T12:47:00,FACTUAL,daytime,10,194.63,137.32,9.07,1.25
LSP000693,CAM0010,2025-04-21,2025-04-21T21:07:00,EXTRA,peak,10,295.65,301.04,34.22,10.3
LSP000694,CAM0018,2025-05-21,2025-05-21T20:05:00,FACTUAL,peak,40,463.62,472.71,28.45,13.45
LSP000695,CAM0033,2025-07-24,2025-07-24T23:16:00,EXTRA,post-peak,20,565.29,555.39,17.14,9.52
LSP000696,CAM0038,2025-10-28,2025-10-28T16:50:00,EXTRA,daytime,40,415.87,413.33,10.48,4.33
LSP000697,CAM0053,2025-06-13,2025-06-13T20:38:00,MOVIES,peak,30,199.79,206.15,32.65,6.73
LSP000698,CAM0029,2025-03-27,2025-03-27T23:32:00,FACTUAL,post-peak,30,357.36,368.15,21.6,7.95
LSP000699,CAM0034,2025-06-30,2025-06-30T18:07:00,EXTRA,pre-peak,60,292.01,288.69,18.73,5.41
LSP000700,CAM0043,2025-07-10,2025-07-10T18:49:00,FACTUAL,pre-peak,10,57.22,58.21,20.14,1.17
LSP000701,CAM0037,2025-06-14,2025-06-14T23:35:00,MAIN,post-peak,30,262.71,256.77,18.49,4.75
LSP000702,CAM0046,2025-11-08,2025-11-08T23:51:00,MAIN,post-peak,30,719.5,734.25,16.54,12.14
LSP000703,CAM0021,2025-04-12,2025-04-12T12:51:00,MOVIES,daytime,30,85.09,82.5,8.72,0.72
LSP000704,CAM0039,2025-06-17,2025-06-17T20:15:00,CATCHUP,peak,10,263.78,271.29,34.84,9.45
LSP000705,CAM0059,2025-08-25,2025-08-25T14:53:00,MOVIES,daytime,10,721.87,695.25,9.87,6.86
LSP000706,CAM0005,2025-08-29,2025-08-29T10:51:00,MOVIES,daytime,40,275.75,272.35,6.48,1.76
LSP000707,CAM0050,2025-06-10,2025-06-10T20:03:00,MOVIES,peak,30,572.34,588.3,34.57,20.34
LSP000708,CAM0008,2025-07-11,2025-07-11T23:06:00,MAIN,post-peak,20,85.88,62.28,16.58,1.03
LSP000709,CAM0045,2025-08-12,2025-08-12T14:05:00,EXTRA,daytime,40,726.71,750.13,11.94,8.96
LSP000710,CAM0045,2025-01-27,2025-01-27T14:50:00,MAIN,daytime,10,86.0,84.37,10.13,0.85
LSP000711,CAM0051,2025-07-14,2025-07-14T14:10:00,EXTRA,daytime,30,395.52,406.97,10.52,4.28
LSP000712,CAM0057,2025-07-31,2025-07-31T20:42:00,MAIN,peak,30,445.69,451.44,34.69,15.66
LSP000713,CAM0021,2025-09-05,2025-09-05T14:16:00,FACTUAL,daytime,40,112.1,115.44,9.96,1.15
LSP000714,CAM0048,2025-04-16,2025-04-16T21:04:00,MOVIES,peak,10,209.36,208.83,27.01,5.64
LSP000715,CAM0032,2025-02-23,2025-02-23T16:52:00,CATCHUP,daytime,60,445.73,455.02,7.87,3.58
LSP000716,CAM0030,2025-12-02,2025-12-02T12:32:00,MAIN,daytime,20,214.09,222.23,11.21,2.49
LSP000717,CAM0033,2025-04-14,2025-04-14T21:12:00,MAIN,peak,30,367.32,380.59,29.5,11.23
LSP000718,CAM0007,2025-03-17,2025-03-17T18:06:00,MAIN,pre-peak,20,62.44,61.27,22.76,1.39
LSP000719,CAM0034,2025-08-20,2025-08-20T16:07:00,CATCHUP,daytime,10,315.82,313.22,8.59,2.69
LSP000720,CAM0022,2025-01-28,2025-01-28T18:23:00,MAIN,pre-peak,10,536.47,533.15,20.94,11.16
LSP000721,CAM0026,2025-04-01,2025-04-01T20:33:00,CATCHUP,peak,30,438.96,423.15,25.24,10.68
LSP000722,CAM0008,2025-04-23,2025-04-23T10:57:00,MAIN,daytime,30,249.63,241.66,7.36,1.78
LSP000723,CAM0040,2025-12-25,2025-12-25T21:25:00,MOVIES,peak,10,214.92,218.22,28.44,6.21
LSP000724,CAM0011,2025-04-15,2025-04-15T16:18:00,CATCHUP,daytime,30,600.41,600.57,10.2,6.13
LSP000725,CAM0031,2025-06-06,2025-06-06T21:44:00,EXTRA,peak,20,286.33,279.17,33.7,9.41
LSP000726,CAM0010,2025-01-07,2025-01-07T20:27:00,FACTUAL,peak,10,183.14,176.94,30.83,5.46
LSP000727,CAM0055,2025-01-05,2025-01-05T20:30:00,CATCHUP,peak,10,416.23,403.22,32.65,13.17
LSP000728,CAM0037,2025-12-15,2025-12-15T23:53:00,EXTRA,post-peak,30,427.36,436.77,14.8,6.46
LSP000729,CAM0052,2025-06-21,2025-06-21T18:47:00,FACTUAL,pre-peak,30,243.0,240.36,18.14,4.36
LSP000730,CAM0023,2025-06-04,2025-06-04T21:57:00,CATCHUP,peak,60,547.95,563.02,28.3,15.93
LSP000731,CAM0018,2025-12-18,2025-12-18T20:40:00,MAIN,peak,20,783.98,793.98,23.84,18.93
LSP000732,CAM0032,2025-01-16,2025-01-16T14:47:00,MOVIES,daytime,30,204.73,211.62,8.27,1.75
LSP000733,CAM0007,2025-05-21,2025-05-21T21:43:00,CATCHUP,peak,30,790.5,769.94,33.83,26.05
LSP000734,CAM0023,2025-06-19,2025-06-19T18:26:00,FACTUAL,pre-peak,30,192.93,196.05,26.34,5.16
LSP000735,CAM0008,2025-08-10,2025-08-10T21:36:00,FACTUAL,peak,30,132.64,122.37,23.91,2.93
LSP000736,CAM0044,2025-03-18,2025-03-18T20:18:00,CATCHUP,peak,30,548.24,538.95,32.4,17.46
LSP000737,CAM0001,2025-08-21,2025-08-21T07:18:00,CATCHUP,breakfast,10,89.89,89.39,12.62,1.13
LSP000738,CAM0001,2025-01-26,2025-01-26T14:22:00,FACTUAL,daytime,60,694.26,709.19,6.93,4.91
LSP000739,CAM0006,2025-05-19,2025-05-19T10:46:00,EXTRA,daytime,30,488.92,477.92,8.84,4.22
LSP000740,CAM0023,2025-05-08,2025-05-08T21:40:00,MOVIES,peak,30,349.34,360.32,33.96,12.24
LSP000741,CAM0039,2025-06-09,2025-06-09T12:27:00,FACTUAL,daytime,60,483.63,472.0,6.81,3.21
LSP000742,CAM0036,2025-04-13,2025-04-13T16:05:00,FACTUAL,daytime,30,745.34,726.46,10.69,7.77
LSP000743,CAM0054,2025-08-12,2025-08-12T10:33:00,MOVIES,daytime,40,284.95,289.8,8.81,2.55
LSP000744,CAM0028,2025-08-27,2025-08-27T18:26:00,MOVIES,pre-peak,10,734.42,649.25,18.88,12.26
LSP000745,CAM0009,2025-11-11,2025-11-11T23:50:00,EXTRA,post-peak,30,434.16,435.66,18.52,8.07
LSP000746,CAM0019,2025-01-28,2025-01-28T21:25:00,EXTRA,peak,30,552.56,564.19,28.73,16.21
LSP000747,CAM0054,2025-01-28,2025-01-28T10:17:00,MAIN,daytime,30,495.75,498.35,10.14,5.05
LSP000748,CAM0056,2025-02-01,2025-02-01T10:37:00,CATCHUP,daytime,40,587.71,588.47,9.37,5.51
LSP000749,CAM0032,2025-03-11,2025-03-11T14:43:00,EXTRA,daytime,30,521.18,539.38,10.83,5.84
LSP000750,CAM0040,2025-12-19,2025-12-19T12:04:00,MAIN,daytime,20,502.84,486.62,7.23,3.52
LSP000751,CAM0031,2025-01-13,2025-01-13T21:28:00,MOVIES,peak,10,744.53,743.56,24.39,18.14
LSP000752,CAM0016,2025-10-07,2025-10-07T14:39:00,MOVIES,daytime,60,543.62,528.24,6.13,3.24
LSP000753,CAM0010,2025-12-03,2025-12-03T14:32:00,CATCHUP,daytime,20,407.12,412.58,11.75,4.85
LSP000754,CAM0032,2025-07-08,2025-07-08T20:25:00,MOVIES,peak,40,649.89,666.19,23.93,15.94
LSP000755,CAM0019,2025-08-23,2025-08-23T10:24:00,MAIN,daytime,30,277.07,285.79,9.72,2.78
LSP000756,CAM0003,2025-07-01,2025-07-01T23:29:00,MOVIES,post-peak,30,56.84,56.84,20.89,1.19
LSP000757,CAM0014,2025-06-28,2025-06-28T23:33:00,MOVIES,post-peak,30,97.07,95.92,19.75,1.89
LSP000758,CAM0022,2025-08-24,2025-08-24T21:50:00,EXTRA,peak,30,638.72,660.36,22.89,15.12
LSP000759,CAM0054,2025-11-27,2025-11-27T20:30:00,CATCHUP,peak,40,185.28,185.38,30.57,5.67
LSP000760,CAM0017,2025-03-08,2025-03-08T21:37:00,CATCHUP,peak,30,488.37,471.48,22.38,10.55
LSP000761,CAM0047,2025-03-23,2025-03-23T14:42:00,MAIN,daytime,30,750.68,766.29,11.89,9.11
LSP000762,CAM0052,2025-05-02,2025-05-02T10:56:00,EXTRA,daytime,40,719.35,714.75,6.39,4.57
LSP000763,CAM0040,2025-05-09,2025-05-09T10:54:00,MAIN,daytime,30,622.51,639.48,11.54,7.38
LSP000764,CAM0021,2025-02-25,2025-02-25T21:24:00,EXTRA,peak,40,480.33,470.82,27.69,13.04
LSP000765,CAM0019,2025-04-26,2025-04-26T12:10:00,MOVIES,daytime,60,446.4,431.62,6.15,2.65
LSP000766,CAM0043,2025-02-19,2025-02-19T12:51:00,EXTRA,daytime,10,319.67,320.86,6.43,2.06
LSP000767,CAM0012,2025-12-16,2025-12-16T21:58:00,CATCHUP,peak,30,192.6,197.65,28.51,5.64
LSP000768,CAM0023,2025-11-13,2025-11-13T23:54:00,EXTRA,post-peak,60,100.37,99.38,14.57,1.45
LSP000769,CAM0006,2025-03-07,2025-03-07T21:19:00,MAIN,peak,10,424.03,425.41,22.29,9.48
LSP000770,CAM0053,2025-05-29,2025-05-29T23:16:00,MOVIES,post-peak,40,318.43,309.71,16.3,5.05
LSP000771,CAM0035,2025-10-22,2025-10-22T14:33:00,CATCHUP,daytime,30,284.18,285.22,11.35,3.24
LSP000772,CAM0038,2025-08-30,2025-08-30T23:16:00,MAIN,post-peak,10,303.53,299.51,20.12,6.03
LSP000773,CAM0009,2025-04-15,2025-04-15T20:46:00,FACTUAL,peak,60,547.5,535.92,22.95,12.3
LSP000774,CAM0037,2025-11-09,2025-11-09T21:48:00,MAIN,peak,30,785.79,791.96,29.96,23.73
LSP000775,CAM0006,2025-10-10,2025-10-10T20:08:00,FACTUAL,peak,40,81.31,66.82,30.45,2.03
LSP000776,CAM0028,2025-09-02,2025-09-02T16:54:00,EXTRA,daytime,10,748.43,664.33,7.18,4.77
LSP000777,CAM0039,2025-07-14,2025-07-14T21:47:00,MAIN,peak,30,411.63,407.59,23.63,9.63
LSP000778,CAM0045,2025-08-07,2025-08-07T20:07:00,MOVIES,peak,10,722.86,715.21,24.52,17.54
LSP000779,CAM0028,2025-01-30,2025-01-30T14:05:00,CATCHUP,daytime,10,220.34,227.19,10.76,2.44
LSP000780,CAM0037,2025-01-24,2025-01-24T23:00:00,EXTRA,post-peak,60,92.66,92.2,16.26,1.5
LSP000781,CAM0021,2025-06-29,2025-06-29T20:56:00,EXTRA,peak,30,147.29,149.15,30.54,4.56
LSP000782,CAM0005,2025-05-09,2025-05-09T23:13:00,MOVIES,post-peak,40,601.41,621.38,15.76,9.79
LSP000783,CAM0046,2025-06-04,2025-06-04T23:49:00,CATCHUP,post-peak,30,701.73,723.79,16.55,11.98
LSP000784,CAM0035,2025-09-15,2025-09-15T10:22:00,MOVIES,daytime,40,762.92,737.19,11.47,8.46
LSP000785,CAM0054,2025-09-24,2025-09-24T14:47:00,CATCHUP,daytime,20,142.06,145.33,6.22,0.9
LSP000786,CAM0016,2025-12-24,2025-12-24T18:48:00,MOVIES,pre-peak,10,65.97,64.76,23.88,1.55
LSP000787,CAM0020,2025-02-13,2025-02-13T08:54:00,CATCHUP,breakfast,30,421.52,417.63,8.31,3.47
LSP000788,CAM0014,2025-07-14,2025-07-14T12:27:00,CATCHUP,daytime,10,545.3,481.56,11.62,5.6
LSP000789,CAM0059,2025-11-08,2025-11-08T21:21:00,FACTUAL,peak,60,614.99,591.74,31.44,18.6
LSP000790,CAM0040,2025-08-11,2025-08-11T21:50:00,MAIN,peak,60,131.91,134.25,30.81,4.14
LSP000791,CAM0055,2025-10-01,2025-10-01T18:36:00,CATCHUP,pre-peak,60,439.18,435.01,25.46,11.08
LSP000792,CAM0016,2025-03-09,2025-03-09T23:17:00,FACTUAL,post-peak,10,799.1,786.05,18.57,14.6
LSP000793,CAM0003,2025-11-12,2025-11-12T14:17:00,FACTUAL,daytime,60,539.77,518.71,7.84,4.07
LSP000794,CAM0043,2025-06-14,2025-06-14T21:54:00,EXTRA,peak,30,397.04,395.97,34.56,13.68
LSP000795,CAM0031,2025-11-23,2025-11-23T21:13:00,MOVIES,peak,10,484.68,500.08,29.17,14.59
LSP000796,CAM0005,2025-08-14,2025-08-14T12:49:00,FACTUAL,daytime,30,701.79,709.11,6.88,4.88
LSP000797,CAM0040,2025-12-02,2025-12-02T08:07:00,MAIN,breakfast,20,563.33,566.93,8.29,4.7
LSP000798,CAM0046,2025-04-27,2025-04-27T08:45:00,FACTUAL,breakfast,30,62.09,63.83,11.78,0.75
LSP000799,CAM0003,2025-11-04,2025-11-04T14:06:00,MAIN,daytime,30,382.86,374.8,7.95,2.98
LSP000800,CAM0024,2025-12-15,2025-12-15T18:41:00,MOVIES,pre-peak,30,157.31,160.94,21.35,3.44
LSP000801,CAM0027,2025-11-30,2025-11-30T18:18:00,CATCHUP,pre-peak,10,170.23,157.17,27.12,4.26
LSP000802,CAM0002,2025-02-24,2025-02-24T20:51:00,FACTUAL,peak,30,586.83,600.14,31.27,18.77
LSP000803,CAM0014,2025-07-13,2025-07-13T21:02:00,EXTRA,peak,30,621.96,644.61,34.46,22.21
LSP000804,CAM0015,2025-10-17,2025-10-17T20:36:00,CATCHUP,peak,40,363.56,373.67,28.86,10.78
LSP000805,CAM0004,2025-11-07,2025-11-07T20:33:00,CATCHUP,peak,30,287.7,289.43,33.84,9.79
LSP000806,CAM0022,2025-05-05,2025-05-05T21:23:00,EXTRA,peak,30,286.11,290.53,27.79,8.07
LSP000807,CAM0057,2025-07-29,2025-07-29T18:22:00,CATCHUP,pre-peak,30,107.33,107.19,20.3,2.18
LSP000808,CAM0051,2025-08-03,2025-08-03T14:52:00,EXTRA,daytime,30,233.71,236.97,10.0,2.37
LSP000809,CAM0039,2025-05-14,2025-05-14T21:21:00,FACTUAL,peak,10,111.13,115.43,29.49,3.4
LSP000810,CAM0041,2025-04-12,2025-04-12T23:56:00,MOVIES,post-peak,10,175.08,178.8,19.69,3.52
LSP000811,CAM0031,2025-02-21,2025-02-21T10:02:00,MOVIES,daytime,10,567.53,550.84,11.2,6.17
LSP000812,CAM0059,2025-07-18,2025-07-18T23:22:00,EXTRA,post-peak,30,572.7,563.23,16.69,9.4
LSP000813,CAM0053,2025-06-22,2025-06-22T20:39:00,MAIN,peak,40,83.93,82.96,27.84,2.31
LSP000814,CAM0027,2025-11-19,2025-11-19T18:53:00,MOVIES,pre-peak,30,618.25,629.8,25.24,15.9
LSP000815,CAM0038,2025-09-18,2025-09-18T10:57:00,MAIN,daytime,30,494.79,492.95,7.92,3.9
LSP000816,CAM0012,2025-09-18,2025-09-18T21:17:00,MAIN,peak,20,273.01,274.41,33.66,9.24
LSP000817,CAM0038,2025-09-18,2025-09-18T21:27:00,FACTUAL,peak,30,338.05,350.31,22.55,7.9
LSP000818,CAM0048,2025-04-18,2025-04-18T18:17:00,CATCHUP,pre-peak,30,285.78,278.13,20.88,5.81
LSP000819,CAM0032,2025-08-13,2025-08-13T14:10:00,FACTUAL,daytime,30,791.6,818.48,10.0,8.18
LSP000820,CAM0010,2025-02-19,2025-02-19T12:53:00,CATCHUP,daytime,60,176.64,170.14,11.34,1.93
LSP000821,CAM0035,2025-04-10,2025-04-10T07:53:00,MAIN,breakfast,30,202.36,203.51,13.12,2.67
LSP000822,CAM0034,2025-03-06,2025-03-06T21:18:00,MAIN,peak,40,579.74,577.16,27.62,15.94
LSP000823,CAM0017,2025-02-14,2025-02-14T21:17:00,MAIN,peak,30,652.73,638.24,22.97,14.66
LSP000824,CAM0011,2025-09-17,2025-09-17T16:29:00,CATCHUP,daytime,40,632.78,623.41,11.55,7.2
LSP000825,CAM0028,2025-02-21,2025-02-21T23:50:00,CATCHUP,post-peak,30,192.8,198.01,19.01,3.76
LSP000826,CAM0041,2025-11-18,2025-11-18T07:08:00,CATCHUP,breakfast,30,704.09,686.95,11.29,7.76
LSP000827,CAM0032,2025-04-06,2025-04-06T21:18:00,EXTRA,peak,20,526.08,526.77,31.4,16.54
LSP000828,CAM0014,2025-01-02,2025-01-02T18:31:00,CATCHUP,pre-peak,30,206.41,205.06,20.63,4.23
LSP000829,CAM0025,2025-11-20,2025-11-20T20:40:00,FACTUAL,peak,30,447.85,461.39,32.93,15.19
LSP000830,CAM0057,2025-05-30,2025-05-30T20:31:00,MOVIES,peak,30,317.85,307.59,23.46,7.22
LSP000831,CAM0057,2025-05-28,2025-05-28T18:28:00,FACTUAL,pre-peak,20,546.81,545.27,21.19,11.55
LSP000832,CAM0008,2025-06-27,2025-06-27T21:45:00,EXTRA,peak,60,711.63,732.35,29.81,21.83
LSP000833,CAM0044,2025-05-01,2025-05-01T07:17:00,CATCHUP,breakfast,20,717.36,692.16,13.4,9.27
LSP000834,CAM0017,2025-12-12,2025-12-12T16:25:00,MOVIES,daytime,30,349.01,342.54,10.37,3.55
LSP000835,CAM0022,2025-11-22,2025-11-22T21:19:00,MOVIES,peak,30,215.98,216.6,32.13,6.96
LSP000836,CAM0008,2025-11-11,2025-11-11T20:08:00,CATCHUP,peak,30,64.94,66.51,23.17,1.54
LSP000837,CAM0046,2025-06-20,2025-06-20T23:49:00,CATCHUP,post-peak,10,541.2,535.23,15.59,8.34
LSP000838,CAM0011,2025-10-02,2025-10-02T18:45:00,EXTRA,pre-peak,30,650.96,642.19,20.16,12.95
LSP000839,CAM0047,2025-05-08,2025-05-08T23:02:00,MAIN,post-peak,60,755.27,749.1,17.88,13.39
LSP000840,CAM0011,2025-05-25,2025-05-25T16:14:00,EXTRA,daytime,10,254.34,260.12,9.93,2.58
LSP000841,CAM0009,2025-05-19,2025-05-19T21:04:00,MAIN,peak,30,591.58,587.58,22.19,13.04
LSP000842,CAM0054,2025-10-05,2025-10-05T20:09:00,MAIN,peak,40,491.15,504.17,33.17,16.72
LSP000843,CAM0051,2025-06-15,2025-06-15T18:47:00,MAIN,pre-peak,30,255.54,250.72,24.56,6.16
LSP000844,CAM0031,2025-07-12,2025-07-12T14:05:00,EXTRA,daytime,30,470.75,486.1,9.2,4.47
LSP000845,CAM0016,2025-07-15,2025-07-15T07:31:00,MOVIES,breakfast,30,622.03,619.65,12.05,7.47
LSP000846,CAM0002,2025-07-23,2025-07-23T21:28:00,FACTUAL,peak,30,472.36,466.03,32.53,15.16
LSP000847,CAM0006,2025-02-18,2025-02-18T20:13:00,MOVIES,peak,30,237.48,239.69,28.16,6.75
LSP000848,CAM0047,2025-10-18,2025-10-18T21:03:00,MOVIES,peak,30,358.89,368.49,22.47,8.28
LSP000849,CAM0045,2025-10-17,2025-10-17T20:55:00,MAIN,peak,30,567.8,581.19,29.09,16.91
LSP000850,CAM0021,2025-11-30,2025-11-30T14:29:00,MOVIES,daytime,30,466.11,474.8,11.53,5.47
LSP000851,CAM0028,2025-12-25,2025-12-25T08:08:00,MAIN,breakfast,20,439.95,429.3,14.09,6.05
LSP000852,CAM0008,2025-01-20,2025-01-20T21:31:00,EXTRA,peak,40,652.37,665.36,29.11,19.37
LSP000853,CAM0026,2025-01-05,2025-01-05T16:27:00,FACTUAL,daytime,40,741.48,742.81,9.69,7.2
LSP000854,CAM0024,2025-10-16,2025-10-16T20:09:00,FACTUAL,peak,30,563.77,584.16,26.83,15.67
LSP000855,CAM0039,2025-05-09,2025-05-09T18:13:00,FACTUAL,pre-peak,40,590.1,572.89,23.24,13.31
LSP000856,CAM0054,2025-08-31,2025-08-31T07:26:00,EXTRA,breakfast,20,402.87,386.94,12.91,5.0
LSP000857,CAM0013,2025-12-22,2025-12-22T10:29:00,FACTUAL,daytime,10,95.83,93.2,8.1,0.75
LSP000858,CAM0036,2025-04-26,2025-04-26T16:00:00,EXTRA,daytime,30,263.14,261.59,10.38,2.72
LSP000859,CAM0024,2025-11-16,2025-11-16T21:59:00,FACTUAL,peak,30,455.76,440.35,23.98,10.56
LSP000860,CAM0047,2025-04-21,2025-04-21T14:16:00,CATCHUP,daytime,10,145.03,146.71,8.3,1.22
LSP000861,CAM0037,2025-10-31,2025-10-31T20:51:00,CATCHUP,peak,40,731.92,702.8,25.01,17.58
LSP000862,CAM0014,2025-02-16,2025-02-16T23:39:00,EXTRA,post-peak,20,173.61,171.16,21.17,3.62
LSP000863,CAM0004,2025-03-12,2025-03-12T20:28:00,MOVIES,peak,40,403.77,412.17,25.13,10.36
LSP000864,CAM0026,2025-07-13,2025-07-13T21:45:00,MOVIES,peak,30,283.82,284.52,33.48,9.53
LSP000865,CAM0054,2025-04-20,2025-04-20T23:40:00,FACTUAL,post-peak,40,157.16,156.43,19.56,3.06
LSP000866,CAM0017,2025-12-17,2025-12-17T10:57:00,MOVIES,daytime,40,311.14,245.11,8.8,2.16
LSP000867,CAM0043,2025-06-27,2025-06-27T21:13:00,CATCHUP,peak,30,707.22,689.74,26.86,18.53
LSP000868,CAM0048,2025-01-06,2025-01-06T12:23:00,CATCHUP,daytime,20,54.21,52.45,8.21,0.43
LSP000869,CAM0017,2025-09-15,2025-09-15T23:38:00,FACTUAL,post-peak,10,535.41,531.05,21.97,11.67
LSP000870,CAM0046,2025-05-10,2025-05-10T14:03:00,CATCHUP,daytime,60,72.82,72.65,9.65,0.7
LSP000871,CAM0030,2025-09-09,2025-09-09T12:47:00,CATCHUP,daytime,60,127.92,129.08,10.28,1.33
LSP000872,CAM0046,2025-04-01,2025-04-01T21:08:00,MAIN,peak,30,675.55,672.49,31.24,21.01
LSP000873,CAM0021,2025-02-19,2025-02-19T21:17:00,EXTRA,peak,40,510.5,459.93,33.03,15.19
LSP000874,CAM0021,2025-12-30,2025-12-30T12:37:00,FACTUAL,daytime,30,60.63,60.22,10.01,0.6
LSP000875,CAM0004,2025-02-03,2025-02-03T12:48:00,CATCHUP,daytime,20,596.72,594.02,7.65,4.54
LSP000876,CAM0013,2025-12-19,2025-12-19T20:11:00,MAIN,peak,30,255.32,252.08,29.39,7.41
LSP000877,CAM0045,2025-02-14,2025-02-14T20:29:00,MAIN,peak,10,738.51,714.08,26.13,18.66
LSP000878,CAM0041,2025-01-11,2025-01-11T21:50:00,MAIN,peak,20,528.46,544.41,34.26,18.65
LSP000879,CAM0020,2025-12-15,2025-12-15T20:57:00,EXTRA,peak,40,616.87,594.83,31.18,18.55
LSP000880,CAM0012,2025-05-23,2025-05-23T10:20:00,MOVIES,daytime,20,676.46,660.18,11.88,7.84
LSP000881,CAM0017,2025-12-24,2025-12-24T18:05:00,MOVIES,pre-peak,30,484.02,489.51,22.5,11.01
LSP000882,CAM0041,2025-12-18,2025-12-18T21:02:00,CATCHUP,peak,30,166.78,173.37,27.64,4.79
LSP000883,CAM0042,2025-12-16,2025-12-16T21:13:00,FACTUAL,peak,40,776.37,791.47,25.5,20.18
LSP000884,CAM0033,2025-04-18,2025-04-18T14:29:00,FACTUAL,daytime,10,741.44,749.22,8.85,6.63
LSP000885,CAM0030,2025-10-28,2025-10-28T16:36:00,MOVIES,daytime,40,491.29,426.59,9.78,4.17
LSP000886,CAM0056,2025-01-05,2025-01-05T12:30:00,FACTUAL,daytime,30,535.91,553.62,7.84,4.34
LSP000887,CAM0030,2025-10-07,2025-10-07T12:01:00,MOVIES,daytime,60,512.46,520.43,10.39,5.41
LSP000888,CAM0031,2025-05-05,2025-05-05T14:23:00,CATCHUP,daytime,30,411.92,396.77,11.57,4.59
LSP000889,CAM0015,2025-09-17,2025-09-17T10:27:00,FACTUAL,daytime,30,350.56,288.49,11.53,3.33
LSP000890,CAM0057,2025-11-02,2025-11-02T23:33:00,EXTRA,post-peak,30,613.89,605.7,21.68,13.13
LSP000891,CAM0006,2025-06-08,2025-06-08T21:09:00,FACTUAL,peak,30,347.0,351.4,24.61,8.65
LSP000892,CAM0012,2025-06-04,2025-06-04T16:11:00,EXTRA,daytime,60,202.49,198.35,10.11,2.01
LSP000893,CAM0055,2025-07-11,2025-07-11T07:10:00,FACTUAL,breakfast,10,403.1,409.51,14.39,5.89
LSP000894,CAM0043,2025-07-12,2025-07-12T21:45:00,EXTRA,peak,60,737.71,726.99,34.16,24.83
LSP000895,CAM0026,2025-06-17,2025-06-17T23:52:00,MOVIES,post-peak,30,345.39,345.07,19.92,6.87
LSP000896,CAM0038,2025-01-14,2025-01-14T12:38:00,EXTRA,daytime,60,226.37,226.4,6.01,1.36
LSP000897,CAM0039,2025-07-23,2025-07-23T23:41:00,EXTRA,post-peak,20,424.96,328.27,14.74,4.84
LSP000898,CAM0025,2025-12-01,2025-12-01T12:09:00,FACTUAL,daytime,30,340.11,327.45,11.75,3.85
LSP000899,CAM0027,2025-04-02,2025-04-02T12:43:00,CATCHUP,daytime,60,129.82,128.22,10.4,1.33
LSP000900,CAM0042,2025-07-27,2025-07-27T21:00:00,EXTRA,peak,30,146.55,148.73,22.15,3.29
LSP000901,CAM0042,2025-12-10,2025-12-10T18:49:00,MAIN,pre-peak,30,368.74,357.41,26.07,9.32
LSP000902,CAM0059,2025-08-19,2025-08-19T20:49:00,MOVIES,peak,40,301.3,298.04,32.21,9.6
LSP000903,CAM0028,2025-09-30,2025-09-30T21:55:00,MAIN,peak,20,55.22,56.14,25.35,1.42
LSP000904,CAM0033,2025-11-11,2025-11-11T21:29:00,MOVIES,peak,10,398.57,362.02,27.98,10.13
LSP000905,CAM0004,2025-11-03,2025-11-03T21:16:00,MOVIES,peak,30,556.25,535.05,25.47,13.63
LSP000906,CAM0019,2025-07-02,2025-07-02T18:28:00,FACTUAL,pre-peak,30,526.99,520.97,18.37,9.57
LSP000907,CAM0048,2025-07-22,2025-07-22T14:05:00,CATCHUP,daytime,10,144.54,144.46,11.36,1.64
LSP000908,CAM0023,2025-08-23,2025-08-23T21:15:00,CATCHUP,peak,30,393.81,389.8,23.91,9.32
LSP000909,CAM0047,2025-11-23,2025-11-23T21:06:00,MOVIES,peak,30,785.2,812.05,31.74,25.77
LSP000910,CAM0028,2025-07-25,2025-07-25T07:47:00,FACTUAL,breakfast,40,539.67,554.21,11.03,6.11
LSP000911,CAM0008,2025-04-09,2025-04-09T20:19:00,CATCHUP,peak,30,454.37,461.43,22.63,10.44
LSP000912,CAM0037,2025-08-31,2025-08-31T12:59:00,MOVIES,daytime,30,610.15,599.26,10.03,6.01
LSP000913,CAM0039,2025-07-24,2025-07-24T23:43:00,FACTUAL,post-peak,30,53.79,55.0,19.26,1.06
LSP000914,CAM0018,2025-05-17,2025-05-17T18:50:00,FACTUAL,pre-peak,10,215.99,168.02,18.64,3.13
LSP000915,CAM0019,2025-12-31,2025-12-31T20:29:00,CATCHUP,peak,30,526.08,521.41,34.09,17.77
LSP000916,CAM0001,2025-06-25,2025-06-25T16:22:00,MOVIES,daytime,20,396.46,387.28,10.19,3.95
LSP000917,CAM0044,2025-07-19,2025-07-19T14:02:00,CATCHUP,daytime,10,523.54,517.06,7.25,3.75
LSP000918,CAM0034,2025-07-09,2025-07-09T16:48:00,FACTUAL,daytime,30,555.88,472.48,7.0,3.31
LSP000919,CAM0023,2025-10-17,2025-10-17T18:48:00,MAIN,pre-peak,60,780.02,779.44,20.35,15.86
LSP000920,CAM0059,2025-10-03,2025-10-03T10:38:00,MAIN,daytime,10,346.81,336.01,7.74,2.6
LSP000921,CAM0056,2025-03-23,2025-03-23T21:47:00,MOVIES,peak,30,356.39,354.06,29.79,10.55
LSP000922,CAM0021,2025-07-05,2025-07-05T20:42:00,FACTUAL,peak,30,451.72,464.7,28.43,13.21
LSP000923,CAM0030,2025-05-27,2025-05-27T21:28:00,EXTRA,peak,60,183.22,183.7,26.34,4.84
LSP000924,CAM0030,2025-12-02,2025-12-02T12:58:00,MAIN,daytime,30,485.12,481.95,7.13,3.44
LSP000925,CAM0002,2025-11-13,2025-11-13T14:39:00,CATCHUP,daytime,30,799.18,814.02,11.67,9.5
LSP000926,CAM0021,2025-11-09,2025-11-09T14:36:00,MOVIES,daytime,40,118.22,120.52,11.3,1.36
LSP000927,CAM0042,2025-07-19,2025-07-19T20:55:00,EXTRA,peak,60,734.91,748.02,25.11,18.78
LSP000928,CAM0031,2025-12-31,2025-12-31T23:20:00,EXTRA,post-peak,30,98.61,82.7,17.67,1.46
LSP000929,CAM0044,2025-11-05,2025-11-05T18:15:00,EXTRA,pre-peak,30,425.16,428.7,21.31,9.14
LSP000930,CAM0059,2025-03-23,2025-03-23T14:46:00,MAIN,daytime,10,611.46,606.88,9.12,5.53
LSP000931,CAM0031,2025-07-17,2025-07-17T08:26:00,FACTUAL,breakfast,40,453.01,456.89,14.92,6.82
LSP000932,CAM0046,2025-01-13,2025-01-13T18:52:00,MAIN,pre-peak,30,658.75,670.62,18.4,12.34
LSP000933,CAM0026,2025-09-19,2025-09-19T20:28:00,MOVIES,peak,60,143.04,140.32,32.73,4.59
LSP000934,CAM0049,2025-02-27,2025-02-27T21:23:00,MOVIES,peak,40,304.88,312.09,24.73,7.72
LSP000935,CAM0007,2025-06-18,2025-06-18T20:04:00,MOVIES,peak,40,418.68,410.64,25.84,10.61
LSP000936,CAM0029,2025-06-19,2025-06-19T21:44:00,FACTUAL,peak,30,256.47,188.15,28.78,5.41
LSP000937,CAM0002,2025-04-24,2025-04-24T21:36:00,FACTUAL,peak,40,268.41,261.07,30.24,7.89
LSP000938,CAM0031,2025-08-14,2025-08-14T20:09:00,EXTRA,peak,20,505.59,495.77,24.96,12.37
LSP000939,CAM0055,2025-04-19,2025-04-19T20:09:00,CATCHUP,peak,10,244.57,249.37,34.95,8.72
LSP000940,CAM0026,2025-09-02,2025-09-02T20:10:00,FACTUAL,peak,40,166.91,164.43,26.87,4.42
LSP000941,CAM0056,2025-09-06,2025-09-06T20:55:00,CATCHUP,peak,30,181.54,174.49,34.31,5.99
LSP000942,CAM0022,2025-04-26,2025-04-26T16:14:00,EXTRA,daytime,30,506.48,491.07,7.18,3.53
LSP000943,CAM0032,2025-08-24,2025-08-24T20:40:00,MAIN,peak,60,609.69,623.72,33.68,21.01
LSP000944,CAM0048,2025-04-14,2025-04-14T18:02:00,MOVIES,pre-peak,40,124.13,119.83,23.53,2.82
LSP000945,CAM0035,2025-10-03,2025-10-03T21:51:00,MAIN,peak,30,475.03,465.76,31.61,14.72
LSP000946,CAM0045,2025-11-30,2025-11-30T21:14:00,MOVIES,peak,20,80.17,80.5,23.19,1.87
LSP000947,CAM0013,2025-02-02,2025-02-02T23:08:00,CATCHUP,post-peak,30,95.65,96.31,18.65,1.8
LSP000948,CAM0030,2025-02-20,2025-02-20T20:50:00,MAIN,peak,30,642.51,641.39,27.74,17.79
LSP000949,CAM0031,2025-04-12,2025-04-12T10:37:00,EXTRA,daytime,30,415.42,418.14,11.17,4.67
LSP000950,CAM0008,2025-08-15,2025-08-15T21:12:00,CATCHUP,peak,60,526.2,546.92,25.27,13.82
LSP000951,CAM0027,2025-11-04,2025-11-04T14:40:00,EXTRA,daytime,30,430.47,446.02,7.8,3.48
LSP000952,CAM0056,2025-09-30,2025-09-30T14:17:00,CATCHUP,daytime,30,281.6,292.35,11.67,3.41
LSP000953,CAM0032,2025-01-04,2025-01-04T16:32:00,MOVIES,daytime,30,172.35,171.41,7.83,1.34
LSP000954,CAM0056,2025-08-15,2025-08-15T16:43:00,CATCHUP,daytime,60,186.99,190.92,7.28,1.39
LSP000955,CAM0033,2025-06-06,2025-06-06T16:33:00,MOVIES,daytime,10,563.56,550.5,10.03,5.52
LSP000956,CAM0021,2025-03-22,2025-03-22T12:25:00,EXTRA,daytime,60,168.46,166.11,9.1,1.51
LSP000957,CAM0031,2025-12-01,2025-12-01T20:26:00,FACTUAL,peak,20,749.63,770.99,25.95,20.01
LSP000958,CAM0010,2025-06-06,2025-06-06T16:22:00,FACTUAL,daytime,30,281.01,286.92,6.03,1.73
LSP000959,CAM0026,2025-01-29,2025-01-29T23:22:00,EXTRA,post-peak,30,625.29,543.4,15.67,8.52
LSP000960,CAM0046,2025-05-12,2025-05-12T16:23:00,MAIN,daytime,30,370.62,372.34,10.43,3.88
LSP000961,CAM0052,2025-04-21,2025-04-21T20:28:00,FACTUAL,peak,10,105.82,107.71,34.24,3.69
LSP000962,CAM0038,2025-08-29,2025-08-29T23:02:00,MOVIES,post-peak,40,769.8,754.39,21.9,16.52
LSP000963,CAM0038,2025-07-12,2025-07-12T08:03:00,FACTUAL,breakfast,30,453.42,445.59,11.3,5.04
LSP000964,CAM0057,2025-02-07,2025-02-07T16:49:00,MOVIES,daytime,60,163.83,161.19,7.2,1.16
LSP000965,CAM0006,2025-08-13,2025-08-13T14:36:00,CATCHUP,daytime,60,545.52,559.37,10.14,5.67
LSP000966,CAM0009,2025-02-04,2025-02-04T21:44:00,FACTUAL,peak,60,320.92,327.27,24.79,8.11
LSP000967,CAM0021,2025-08-28,2025-08-28T14:23:00,FACTUAL,daytime,20,558.25,547.32,10.49,5.74
LSP000968,CAM0002,2025-03-13,2025-03-13T10:26:00,MOVIES,daytime,30,654.55,671.92,6.36,4.27
LSP000969,CAM0033,2025-07-11,2025-07-11T07:27:00,MAIN,breakfast,30,704.81,707.0,9.98,7.06
LSP000970,CAM0022,2025-11-21,2025-11-21T08:04:00,CATCHUP,breakfast,10,780.67,782.65,13.59,10.64
LSP000971,CAM0055,2025-02-14,2025-02-14T20:29:00,CATCHUP,peak,40,794.71,811.69,27.6,22.4
LSP000972,CAM0018,2025-08-27,2025-08-27T18:56:00,EXTRA,pre-peak,40,297.82,299.61,22.54,6.75
LSP000973,CAM0050,2025-12-21,2025-12-21T21:27:00,MAIN,peak,30,481.05,432.35,22.25,9.62
LSP000974,CAM0015,2025-06-15,2025-06-15T18:16:00,EXTRA,pre-peak,30,555.9,554.02,24.65,13.66
LSP000975,CAM0050,2025-10-22,2025-10-22T23:57:00,CATCHUP,post-peak,20,191.64,188.7,14.81,2.79
LSP000976,CAM0035,2025-11-05,2025-11-05T23:02:00,EXTRA,post-peak,30,311.39,320.62,21.43,6.87
LSP000977,CAM0043,2025-04-17,2025-04-17T12:10:00,MOVIES,daytime,30,224.73,229.63,6.16,1.41
LSP000978,CAM0057,2025-08-14,2025-08-14T10:24:00,MAIN,daytime,30,700.65,684.32,6.3,4.31
LSP000979,CAM0029,2025-07-24,2025-07-24T12:49:00,MOVIES,daytime,30,660.87,643.69,11.48,7.39
LSP000980,CAM0047,2025-09-22,2025-09-22T10:48:00,EXTRA,daytime,10,755.52,746.96,11.97,8.94
LSP000981,CAM0027,2025-04-08,2025-04-08T12:05:00,CATCHUP,daytime,30,408.48,423.02,6.1,2.58
LSP000982,CAM0025,2025-08-04,2025-08-04T18:54:00,MAIN,pre-peak,30,320.29,309.15,27.46,8.49
LSP000983,CAM0042,2025-06-03,2025-06-03T14:44:00,MAIN,daytime,40,532.69,531.47,11.71,6.22
LSP000984,CAM0018,2025-11-28,2025-11-28T23:02:00,EXTRA,post-peak,60,236.75,229.7,15.25,3.5
LSP000985,CAM0045,2025-08-29,2025-08-29T21:03:00,CATCHUP,peak,60,207.37,203.94,30.03,6.12
LSP000986,CAM0053,2025-03-22,2025-03-22T18:11:00,CATCHUP,pre-peak,20,606.48,591.03,26.79,15.83
LSP000987,CAM0008,2025-03-25,2025-03-25T07:13:00,FACTUAL,breakfast,30,518.98,509.23,10.25,5.22
LSP000988,CAM0051,2025-01-14,2025-01-14T16:56:00,MOVIES,daytime,10,601.21,596.77,9.24,5.51
LSP000989,CAM0049,2025-11-03,2025-11-03T21:10:00,EXTRA,peak,10,61.2,59.2,34.85,2.06
LSP000990,CAM0008,2025-09-01,2025-09-01T18:26:00,CATCHUP,pre-peak,30,150.8,152.45,21.11,3.22
LSP000991,CAM0031,2025-05-12,2025-05-12T10:42:00,CATCHUP,daytime,30,767.68,742.89,8.96,6.66
LSP000992,CAM0054,2025-10-20,2025-10-20T12:14:00,CATCHUP,daytime,20,654.09,662.42,10.46,6.93
LSP000993,CAM0046,2025-07-26,2025-07-26T14:39:00,MAIN,daytime,20,219.67,222.47,7.97,1.77
LSP000994,CAM0030,2025-12-09,2025-12-09T20:33:00,CATCHUP,peak,30,619.92,616.05,30.6,18.85
LSP000995,CAM0038,2025-01-18,2025-01-18T21:51:00,MOVIES,peak,40,86.01,83.82,23.86,2.0
LSP000996,CAM0003,2025-05-02,2025-05-02T12:20:00,MAIN,daytime,30,410.58,400.32,11.22,4.49
LSP000997,CAM0037,2025-07-27,2025-07-27T18:13:00,MOVIES,pre-peak,30,247.1,251.94,24.55,6.19
LSP000998,CAM0033,2025-06-22,2025-06-22T16:57:00,EXTRA,daytime,30,305.74,312.39,8.74,2.73
LSP000999,CAM0007,2025-12-09,2025-12-09T21:48:00,CATCHUP,peak,30,97.34,98.45,34.54,3.4
LSP001000,CAM0009,2025-02-18,2025-02-18T14:29:00,MAIN,daytime,10,462.85,476.67,7.84,3.74
LSP001001,CAM0028,2025-10-11,2025-10-11T23:05:00,CATCHUP,post-peak,20,348.17,362.06,15.56,5.63
LSP001002,CAM0054,2025-12-15,2025-12-15T12:01:00,EXTRA,daytime,40,608.45,622.08,9.38,5.84
LSP001003,CAM0034,2025-09-26,2025-09-26T08:34:00,FACTUAL,breakfast,30,222.82,223.37,10.62,2.37
LSP001004,CAM0007,2025-12-15,2025-12-15T12:40:00,CATCHUP,daytime,20,682.43,663.43,11.65,7.73
LSP001005,CAM0040,2025-08-06,2025-08-06T21:17:00,MAIN,peak,30,272.37,282.65,33.62,9.5
LSP001006,CAM0030,2025-06-14,2025-06-14T10:19:00,MAIN,daytime,10,238.5,234.91,11.54,2.71
LSP001007,CAM0040,2025-11-01,2025-11-01T23:03:00,MOVIES,post-peak,20,157.84,161.18,20.46,3.3
LSP001008,CAM0016,2025-07-20,2025-07-20T21:41:00,MOVIES,peak,30,493.56,487.65,24.94,12.16
LSP001009,CAM0018,2025-03-13,2025-03-13T23:07:00,CATCHUP,post-peak,40,163.88,166.14,20.08,3.34
LSP001010,CAM0001,2025-11-23,2025-11-23T10:19:00,CATCHUP,daytime,10,628.74,615.27,8.63,5.31
LSP001011,CAM0053,2025-03-05,2025-03-05T20:39:00,MOVIES,peak,20,102.8,106.18,26.44,2.81
LSP001012,CAM0018,2025-01-21,2025-01-21T18:57:00,FACTUAL,pre-peak,10,520.17,506.37,25.1,12.71
LSP001013,CAM0056,2025-09-07,2025-09-07T21:14:00,CATCHUP,peak,10,116.43,120.71,33.25,4.01
LSP001014,CAM0016,2025-12-07,2025-12-07T20:44:00,MOVIES,peak,30,92.49,94.49,32.95,3.11
LSP001015,CAM0047,2025-05-22,2025-05-22T23:40:00,CATCHUP,post-peak,30,364.73,378.83,14.66,5.55
LSP001016,CAM0007,2025-09-06,2025-09-06T14:31:00,EXTRA,daytime,30,375.33,390.26,10.96,4.28
LSP001017,CAM0032,2025-10-15,2025-10-15T20:36:00,MOVIES,peak,30,439.23,435.1,29.82,12.97
LSP001018,CAM0038,2025-11-26,2025-11-26T23:36:00,MAIN,post-peak,10,775.05,780.02,19.67,15.34
LSP001019,CAM0039,2025-08-04,2025-08-04T21:45:00,MAIN,peak,30,535.32,533.64,33.22,17.73
LSP001020,CAM0003,2025-07-24,2025-07-24T21:40:00,MOVIES,peak,40,731.06,712.39,30.2,21.51
LSP001021,CAM0022,2025-02-20,2025-02-20T16:26:00,MAIN,daytime,40,392.47,388.03,10.1,3.92
LSP001022,CAM0023,2025-05-08,2025-05-08T14:50:00,MAIN,daytime,30,393.65,386.19,10.76,4.16
LSP001023,CAM0014,2025-10-13,2025-10-13T21:35:00,FACTUAL,peak,40,350.99,359.85,32.98,11.87
LSP001024,CAM0055,2025-02-15,2025-02-15T16:39:00,CATCHUP,daytime,40,653.87,644.27,7.84,5.05
LSP001025,CAM0059,2025-02-16,2025-02-16T20:20:00,CATCHUP,peak,30,529.61,516.99,33.13,17.13
LSP001026,CAM0032,2025-06-29,2025-06-29T16:28:00,FACTUAL,daytime,60,169.41,162.85,7.14,1.16
LSP001027,CAM0020,2025-09-17,2025-09-17T21:35:00,FACTUAL,peak,60,469.94,474.39,22.99,10.91
LSP001028,CAM0006,2025-02-16,2025-02-16T21:58:00,MOVIES,peak,60,247.53,248.18,27.16,6.74
LSP001029,CAM0059,2025-07-17,2025-07-17T10:47:00,FACTUAL,daytime,30,477.58,496.66,8.66,4.3
LSP001030,CAM0003,2025-05-06,2025-05-06T20:42:00,FACTUAL,peak,10,420.87,437.14,25.19,11.01
LSP001031,CAM0015,2025-08-14,2025-08-14T20:13:00,EXTRA,peak,10,272.59,280.39,28.28,7.93
LSP001032,CAM0029,2025-08-01,2025-08-01T20:36:00,EXTRA,peak,30,189.54,188.02,29.48,5.54
LSP001033,CAM0058,2025-07-18,2025-07-18T21:45:00,FACTUAL,peak,60,651.29,644.23,34.03,21.92
LSP001034,CAM0016,2025-06-13,2025-06-13T20:04:00,EXTRA,peak,30,694.96,680.89,29.0,19.75
LSP001035,CAM0009,2025-02-19,2025-02-19T23:50:00,CATCHUP,post-peak,40,406.8,416.8,18.83,7.85
LSP001036,CAM0047,2025-06-28,2025-06-28T21:41:00,CATCHUP,peak,60,788.81,793.5,22.69,18.0
LSP001037,CAM0040,2025-08-13,2025-08-13T20:27:00,MAIN,peak,20,66.59,67.39,33.65,2.27
LSP001038,CAM0031,2025-12-28,2025-12-28T10:43:00,FACTUAL,daytime,10,766.05,750.85,11.38,8.54
LSP001039,CAM0002,2025-11-03,2025-11-03T20:45:00,EXTRA,peak,30,211.4,212.05,30.77,6.52
LSP001040,CAM0022,2025-04-30,2025-04-30T20:56:00,CATCHUP,peak,30,158.17,160.46,26.09,4.19
LSP001041,CAM0001,2025-11-09,2025-11-09T08:48:00,FACTUAL,breakfast,30,139.76,141.03,11.71,1.65
LSP001042,CAM0047,2025-03-24,2025-03-24T21:15:00,CATCHUP,peak,60,619.12,603.33,30.44,18.37
LSP001043,CAM0032,2025-03-03,2025-03-03T16:06:00,MOVIES,daytime,30,575.7,589.74,8.29,4.89
LSP001044,CAM0031,2025-03-12,2025-03-12T21:11:00,MAIN,peak,30,316.37,325.96,28.5,9.29
LSP001045,CAM0012,2025-05-14,2025-05-14T18:14:00,FACTUAL,pre-peak,40,524.76,535.33,23.24,12.44
LSP001046,CAM0002,2025-11-07,2025-11-07T08:35:00,MAIN,breakfast,40,329.86,342.09,11.7,4.0
LSP001047,CAM0001,2025-06-17,2025-06-17T18:01:00,CATCHUP,pre-peak,30,331.13,322.45,24.36,7.85
LSP001048,CAM0032,2025-04-04,2025-04-04T20:22:00,MAIN,peak,60,562.39,556.73,24.3,13.53
LSP001049,CAM0029,2025-12-28,2025-12-28T21:49:00,EXTRA,peak,30,161.64,155.57,22.5,3.5
LSP001050,CAM0035,2025-03-03,2025-03-03T21:19:00,FACTUAL,peak,10,311.79,312.25,33.7,10.52
LSP001051,CAM0032,2025-04-09,2025-04-09T20:39:00,FACTUAL,peak,30,746.45,739.81,27.82,20.58
LSP001052,CAM0008,2025-12-09,2025-12-09T20:21:00,EXTRA,peak,30,156.04,155.92,32.32,5.04
LSP001053,CAM0003,2025-07-03,2025-07-03T08:58:00,MOVIES,breakfast,60,682.7,696.61,12.14,8.46
LSP001054,CAM0055,2025-09-24,2025-09-24T10:41:00,FACTUAL,daytime,30,472.25,473.07,10.54,4.99
LSP001055,CAM0042,2025-04-13,2025-04-13T14:08:00,MOVIES,daytime,60,198.53,197.36,8.61,1.7
LSP001056,CAM0006,2025-09-09,2025-09-09T07:06:00,FACTUAL,breakfast,30,413.08,413.0,13.5,5.58
LSP001057,CAM0019,2025-12-17,2025-12-17T21:33:00,MAIN,peak,20,760.08,765.4,33.7,25.79
LSP001058,CAM0035,2025-03-30,2025-03-30T20:47:00,MAIN,peak,30,70.97,70.32,26.57,1.87
LSP001059,CAM0035,2025-01-27,2025-01-27T21:43:00,MOVIES,peak,40,431.28,431.58,30.85,13.31
LSP001060,CAM0003,2025-04-20,2025-04-20T10:11:00,EXTRA,daytime,40,290.23,290.12,9.43,2.74
LSP001061,CAM0040,2025-01-08,2025-01-08T08:24:00,EXTRA,breakfast,40,137.25,141.69,12.62,1.79
LSP001062,CAM0059,2025-06-19,2025-06-19T23:24:00,EXTRA,post-peak,30,738.19,717.87,18.79,13.49
LSP001063,CAM0040,2025-12-09,2025-12-09T14:59:00,MOVIES,daytime,40,477.9,482.72,7.23,3.49
LSP001064,CAM0057,2025-12-01,2025-12-01T21:17:00,MOVIES,peak,40,57.67,57.1,32.95,1.88
LSP001065,CAM0013,2025-09-07,2025-09-07T14:00:00,MOVIES,daytime,10,572.0,579.46,7.34,4.25
LSP001066,CAM0041,2025-02-28,2025-02-28T10:57:00,MOVIES,daytime,10,187.52,194.17,7.54,1.46
LSP001067,CAM0044,2025-12-22,2025-12-22T18:34:00,FACTUAL,pre-peak,30,691.63,706.07,21.95,15.5
LSP001068,CAM0057,2025-04-14,2025-04-14T23:35:00,MOVIES,post-peak,20,145.34,144.98,14.87,2.16
LSP001069,CAM0015,2025-01-20,2025-01-20T21:11:00,MAIN,peak,60,570.21,567.29,26.82,15.21
LSP001070,CAM0048,2025-03-15,2025-03-15T18:49:00,MAIN,pre-peak,40,750.21,731.54,20.1,14.7
LSP001071,CAM0021,2025-01-23,2025-01-23T20:09:00,FACTUAL,peak,60,762.81,753.66,24.61,18.55
LSP001072,CAM0042,2025-01-29,2025-01-29T18:09:00,FACTUAL,pre-peak,30,97.74,95.35,24.58,2.34
LSP001073,CAM0029,2025-01-13,2025-01-13T21:04:00,EXTRA,peak,30,446.42,433.68,34.53,14.97
LSP001074,CAM0004,2025-02-27,2025-02-27T21:26:00,CATCHUP,peak,30,63.1,64.23,26.18,1.68
LSP001075,CAM0003,2025-03-15,2025-03-15T23:43:00,EXTRA,post-peak,10,335.91,344.34,20.15,6.94
LSP001076,CAM0008,2025-04-25,2025-04-25T21:02:00,CATCHUP,peak,30,105.44,108.91,34.18,3.72
LSP001077,CAM0042,2025-07-17,2025-07-17T14:39:00,MOVIES,daytime,30,732.68,732.13,7.5,5.49
LSP001078,CAM0041,2025-08-21,2025-08-21T20:57:00,EXTRA,peak,30,452.34,439.47,30.28,13.31
LSP001079,CAM0012,2025-07-18,2025-07-18T23:56:00,EXTRA,post-peak,30,605.0,595.31,14.34,8.54
LSP001080,CAM0027,2025-12-30,2025-12-30T21:54:00,EXTRA,peak,30,143.77,140.41,27.28,3.83
LSP001081,CAM0057,2025-08-02,2025-08-02T18:28:00,MOVIES,pre-peak,30,397.64,402.9,19.33,7.79
LSP001082,CAM0034,2025-04-16,2025-04-16T14:45:00,EXTRA,daytime,30,195.95,198.45,9.71,1.93
LSP001083,CAM0058,2025-08-26,2025-08-26T20:48:00,MOVIES,peak,30,533.0,517.71,23.41,12.12
LSP001084,CAM0042,2025-08-20,2025-08-20T16:53:00,CATCHUP,daytime,30,88.16,88.52,6.94,0.61
LSP001085,CAM0025,2025-09-22,2025-09-22T18:28:00,MAIN,pre-peak,40,204.84,199.47,27.84,5.55
LSP001086,CAM0044,2025-10-16,2025-10-16T21:41:00,MOVIES,peak,30,636.39,631.87,28.09,17.75
LSP001087,CAM0056,2025-03-08,2025-03-08T21:31:00,FACTUAL,peak,30,749.77,763.88,33.39,25.51
LSP001088,CAM0044,2025-02-19,2025-02-19T21:05:00,MAIN,peak,10,740.13,730.15,23.17,16.92
LSP001089,CAM0058,2025-07-02,2025-07-02T12:09:00,EXTRA,daytime,30,680.51,702.79,9.5,6.68
LSP001090,CAM0054,2025-08-17,2025-08-17T20:45:00,EXTRA,peak,30,277.43,269.88,33.45,9.03
LSP001091,CAM0011,2025-08-01,2025-08-01T10:58:00,CATCHUP,daytime,30,168.71,168.3,11.9,2.0
LSP001092,CAM0045,2025-05-08,2025-05-08T23:42:00,EXTRA,post-peak,30,122.8,111.9,17.78,1.99
LSP001093,CAM0031,2025-03-29,2025-03-29T21:37:00,FACTUAL,peak,30,488.67,504.07,34.61,17.45
LSP001094,CAM0043,2025-10-18,2025-10-18T16:21:00,MAIN,daytime,30,101.67,100.04,8.36,0.84
LSP001095,CAM0010,2025-02-26,2025-02-26T23:50:00,EXTRA,post-peak,40,290.52,300.95,14.66,4.41
LSP001096,CAM0039,2025-09-11,2025-09-11T07:57:00,CATCHUP,breakfast,30,793.78,778.08,11.59,9.02
LSP001097,CAM0034,2025-01-13,2025-01-13T20:57:00,EXTRA,peak,10,537.05,526.87,34.95,18.41
LSP001098,CAM0022,2025-01-21,2025-01-21T14:48:00,MOVIES,daytime,40,110.18,106.92,11.87,1.27
LSP001099,CAM0040,2025-01-06,2025-01-06T21:01:00,FACTUAL,peak,30,199.73,197.95,31.04,6.14
LSP001100,CAM0018,2025-12-23,2025-12-23T18:23:00,CATCHUP,pre-peak,60,795.24,808.43,19.32,15.62
LSP001101,CAM0023,2025-05-14,2025-05-14T20:31:00,FACTUAL,peak,30,112.48,114.03,32.47,3.7
LSP001102,CAM0059,2025-06-13,2025-06-13T21:57:00,MAIN,peak,10,658.07,637.38,22.97,14.64
LSP001103,CAM0024,2025-02-03,2025-02-03T12:51:00,EXTRA,daytime,60,115.54,117.6,10.42,1.23
LSP001104,CAM0022,2025-11-13,2025-11-13T08:37:00,MOVIES,breakfast,40,705.05,682.82,8.85,6.04
LSP001105,CAM0046,2025-03-13,2025-03-13T12:47:00,MAIN,daytime,20,118.78,114.07,10.75,1.23
LSP001106,CAM0015,2025-04-18,2025-04-18T08:05:00,MOVIES,breakfast,30,519.09,532.28,12.96,6.9
LSP001107,CAM0032,2025-11-06,2025-11-06T21:30:00,FACTUAL,peak,40,557.12,537.57,24.4,13.12
LSP001108,CAM0001,2025-02-10,2025-02-10T12:12:00,FACTUAL,daytime,20,708.63,691.02,6.74,4.66
LSP001109,CAM0049,2025-02-08,2025-02-08T12:54:00,FACTUAL,daytime,60,793.99,802.58,9.55,7.66
LSP001110,CAM0039,2025-07-31,2025-07-31T20:18:00,EXTRA,peak,30,238.21,233.27,22.09,5.15
LSP001111,CAM0057,2025-12-16,2025-12-16T14:48:00,EXTRA,daytime,10,96.21,99.31,6.36,0.63
LSP001112,CAM0049,2025-08-09,2025-08-09T08:48:00,MOVIES,breakfast,10,782.88,771.51,13.4,10.34
LSP001113,CAM0059,2025-07-05,2025-07-05T21:38:00,MAIN,peak,30,246.83,245.86,31.65,7.78
LSP001114,CAM0031,2025-07-09,2025-07-09T20:48:00,MOVIES,peak,30,459.44,449.45,24.22,10.89
LSP001115,CAM0045,2025-06-30,2025-06-30T18:56:00,MOVIES,pre-peak,30,742.58,770.64,22.64,17.45
LSP001116,CAM0058,2025-08-26,2025-08-26T18:09:00,MOVIES,pre-peak,30,762.23,779.81,21.81,17.01
LSP001117,CAM0056,2025-11-20,2025-11-20T10:23:00,MAIN,daytime,30,643.53,626.68,9.56,5.99
LSP001118,CAM0012,2025-04-22,2025-04-22T10:25:00,MOVIES,daytime,20,253.17,253.12,6.95,1.76
LSP001119,CAM0054,2025-10-09,2025-10-09T14:12:00,MOVIES,daytime,30,592.8,614.01,6.96,4.27
LSP001120,CAM0043,2025-01-31,2025-01-31T16:06:00,MAIN,daytime,30,579.52,562.9,9.11,5.13
LSP001121,CAM0032,2025-04-21,2025-04-21T18:00:00,FACTUAL,pre-peak,40,168.95,171.44,22.29,3.82
LSP001122,CAM0008,2025-11-03,2025-11-03T10:18:00,FACTUAL,daytime,40,330.02,320.2,9.39,3.01
LSP001123,CAM0031,2025-02-02,2025-02-02T07:23:00,MOVIES,breakfast,20,207.09,202.67,14.1,2.86
LSP001124,CAM0021,2025-11-21,2025-11-21T23:30:00,FACTUAL,post-peak,30,305.57,310.42,21.21,6.58
LSP001125,CAM0021,2025-11-20,2025-11-20T20:58:00,EXTRA,peak,40,494.63,507.28,28.35,14.38
LSP001126,CAM0031,2025-01-10,2025-01-10T16:56:00,MAIN,daytime,30,612.64,592.12,8.95,5.3
LSP001127,CAM0039,2025-05-17,2025-05-17T08:24:00,EXTRA,breakfast,60,627.46,620.62,13.44,8.34
LSP001128,CAM0031,2025-05-07,2025-05-07T14:00:00,FACTUAL,daytime,30,668.63,649.7,7.64,4.96
LSP001129,CAM0021,2025-09-06,2025-09-06T23:38:00,CATCHUP,post-peak,20,668.1,692.56,18.78,13.01
LSP001130,CAM0008,2025-06-01,2025-06-01T21:47:00,EXTRA,peak,30,649.14,664.24,27.5,18.27
LSP001131,CAM0053,2025-01-06,2025-01-06T16:13:00,EXTRA,daytime,30,68.96,70.41,6.47,0.46
LSP001132,CAM0030,2025-03-17,2025-03-17T18:24:00,CATCHUP,pre-peak,20,495.38,479.83,20.74,9.95
LSP001133,CAM0018,2025-04-12,2025-04-12T21:29:00,FACTUAL,peak,20,489.86,470.93,22.68,10.68
LSP001134,CAM0021,2025-10-10,2025-10-10T20:09:00,FACTUAL,peak,60,590.38,596.47,30.4,18.13
LSP001135,CAM0026,2025-04-02,2025-04-02T16:53:00,MAIN,daytime,40,262.18,263.62,11.3,2.98
LSP001136,CAM0004,2025-03-09,2025-03-09T20:59:00,MAIN,peak,20,163.68,169.44,25.06,4.25
LSP001137,CAM0049,2025-07-04,2025-07-04T23:21:00,MAIN,post-peak,30,307.68,305.23,14.5,4.43
LSP001138,CAM0027,2025-11-25,2025-11-25T21:44:00,EXTRA,peak,30,667.13,664.38,23.5,15.61
LSP001139,CAM0059,2025-05-14,2025-05-14T14:03:00,CATCHUP,daytime,10,89.36,87.4,6.25,0.55
LSP001140,CAM0015,2025-04-30,2025-04-30T23:55:00,EXTRA,post-peak,30,289.59,292.7,17.17,5.03
LSP001141,CAM0033,2025-05-29,2025-05-29T20:42:00,MOVIES,peak,30,100.97,97.22,24.98,2.43
LSP001142,CAM0032,2025-01-04,2025-01-04T16:05:00,CATCHUP,daytime,30,431.86,428.31,6.91,2.96
LSP001143,CAM0001,2025-11-18,2025-11-18T21:18:00,FACTUAL,peak,30,330.73,339.59,31.8,10.8
LSP001144,CAM0017,2025-06-21,2025-06-21T12:57:00,FACTUAL,daytime,30,139.38,134.13,9.62,1.29
LSP001145,CAM0042,2025-12-10,2025-12-10T20:25:00,EXTRA,peak,20,134.52,130.29,34.13,4.45
LSP001146,CAM0014,2025-04-13,2025-04-13T21:47:00,FACTUAL,peak,60,567.31,571.54,25.94,14.83
LSP001147,CAM0030,2025-01-28,2025-01-28T20:14:00,CATCHUP,peak,60,239.25,235.61,24.81,5.85
LSP001148,CAM0012,2025-06-20,2025-06-20T12:46:00,MOVIES,daytime,40,295.52,297.93,6.99,2.08
LSP001149,CAM0032,2025-09-03,2025-09-03T20:18:00,EXTRA,peak,10,512.28,526.73,30.05,15.83
LSP001150,CAM0055,2025-01-06,2025-01-06T23:59:00,MAIN,post-peak,30,383.8,397.96,14.78,5.88
LSP001151,CAM0024,2025-04-21,2025-04-21T20:27:00,FACTUAL,peak,10,259.98,255.77,22.45,5.74
LSP001152,CAM0008,2025-06-04,2025-06-04T10:29:00,EXTRA,daytime,10,739.55,750.31,6.18,4.64
LSP001153,CAM0031,2025-03-31,2025-03-31T07:05:00,EXTRA,breakfast,30,702.34,705.57,9.89,6.98
LSP001154,CAM0045,2025-10-16,2025-10-16T20:46:00,EXTRA,peak,20,98.87,95.15,28.47,2.71
LSP001155,CAM0054,2025-08-27,2025-08-27T18:00:00,CATCHUP,pre-peak,10,542.46,558.79,25.1,14.03
LSP001156,CAM0047,2025-09-03,2025-09-03T12:17:00,MAIN,daytime,40,253.97,248.58,8.69,2.16
LSP001157,CAM0001,2025-11-29,2025-11-29T08:36:00,MOVIES,breakfast,30,764.11,747.7,13.94,10.42
LSP001158,CAM0004,2025-05-27,2025-05-27T18:38:00,FACTUAL,pre-peak,30,665.54,658.79,27.02,17.8
LSP001159,CAM0047,2025-10-10,2025-10-10T20:20:00,FACTUAL,peak,30,180.47,180.0,26.52,4.77
LSP001160,CAM0019,2025-03-17,2025-03-17T21:48:00,MOVIES,peak,40,456.7,454.21,29.83,13.55
LSP001161,CAM0057,2025-03-12,2025-03-12T16:22:00,MOVIES,daytime,30,615.28,598.75,6.26,3.75
LSP001162,CAM0033,2025-11-17,2025-11-17T10:21:00,CATCHUP,daytime,40,674.01,690.12,6.84,4.72
LSP001163,CAM0053,2025-04-16,2025-04-16T21:25:00,MAIN,peak,60,364.23,364.27,22.55,8.21
LSP001164,CAM0007,2025-10-22,2025-10-22T07:59:00,CATCHUP,breakfast,40,756.72,767.86,13.51,10.37
LSP001165,CAM0032,2025-03-01,2025-03-01T16:53:00,FACTUAL,daytime,30,752.7,771.93,7.31,5.64
LSP001166,CAM0023,2025-07-28,2025-07-28T21:06:00,EXTRA,peak,40,532.93,541.2,31.79,17.2
LSP001167,CAM0046,2025-01-01,2025-01-01T23:32:00,MAIN,post-peak,30,158.27,163.97,15.93,2.61
LSP001168,CAM0026,2025-06-05,2025-06-05T21:34:00,MAIN,peak,60,193.25,148.99,24.69,3.68
LSP001169,CAM0053,2025-12-15,2025-12-15T08:16:00,MOVIES,breakfast,10,366.44,363.6,12.88,4.68
LSP001170,CAM0020,2025-06-25,2025-06-25T18:13:00,FACTUAL,pre-peak,30,514.44,520.0,23.93,12.44
LSP001171,CAM0044,2025-09-09,2025-09-09T23:31:00,FACTUAL,post-peak,30,73.28,75.4,17.07,1.29
LSP001172,CAM0035,2025-02-20,2025-02-20T18:37:00,CATCHUP,pre-peak,30,761.84,791.99,21.8,17.27
LSP001173,CAM0032,2025-02-14,2025-02-14T20:34:00,MAIN,peak,10,234.04,236.5,23.22,5.49
LSP001174,CAM0025,2025-06-22,2025-06-22T14:30:00,MAIN,daytime,30,282.36,290.37,7.3,2.12
LSP001175,CAM0027,2025-02-18,2025-02-18T07:08:00,CATCHUP,breakfast,60,556.43,457.11,8.48,3.88
LSP001176,CAM0012,2025-08-26,2025-08-26T14:36:00,MOVIES,daytime,60,743.74,716.89,9.51,6.82
LSP001177,CAM0045,2025-09-22,2025-09-22T20:57:00,MOVIES,peak,30,690.17,582.69,27.55,16.05
LSP001178,CAM0044,2025-03-21,2025-03-21T23:04:00,EXTRA,post-peak,30,414.69,367.49,20.45,7.52
LSP001179,CAM0058,2025-04-01,2025-04-01T21:02:00,FACTUAL,peak,20,217.57,219.02,28.41,6.22
LSP001180,CAM0046,2025-08-16,2025-08-16T21:58:00,MAIN,peak,10,173.32,179.96,29.87,5.38
LSP001181,CAM0002,2025-08-13,2025-08-13T20:50:00,MOVIES,peak,10,581.31,575.18,29.07,16.72
LSP001182,CAM0027,2025-08-31,2025-08-31T07:27:00,CATCHUP,breakfast,40,366.69,359.73,14.64,5.27
LSP001183,CAM0023,2025-09-01,2025-09-01T18:58:00,EXTRA,pre-peak,20,140.76,141.55,24.65,3.49
LSP001184,CAM0029,2025-12-04,2025-12-04T23:23:00,CATCHUP,post-peak,30,408.41,413.52,18.66,7.72
LSP001185,CAM0008,2025-10-14,2025-10-14T07:12:00,EXTRA,breakfast,30,149.91,144.05,8.42,1.21
LSP001186,CAM0051,2025-01-07,2025-01-07T10:42:00,FACTUAL,daytime,30,447.89,459.05,7.92,3.64
LSP001187,CAM0016,2025-09-03,2025-09-03T21:12:00,MOVIES,peak,30,409.05,405.38,30.23,12.25
LSP001188,CAM0035,2025-02-06,2025-02-06T10:08:00,CATCHUP,daytime,20,695.89,696.64,11.92,8.3
LSP001189,CAM0037,2025-03-26,2025-03-26T14:48:00,MOVIES,daytime,60,519.22,532.84,8.44,4.5
LSP001190,CAM0049,2025-08-10,2025-08-10T08:20:00,MOVIES,breakfast,10,194.45,192.49,11.15,2.15
LSP001191,CAM0054,2025-04-26,2025-04-26T21:08:00,MOVIES,peak,30,762.04,756.34,33.33,25.21
LSP001192,CAM0041,2025-03-22,2025-03-22T14:33:00,FACTUAL,daytime,30,629.82,606.18,6.4,3.88
LSP001193,CAM0006,2025-12-27,2025-12-27T23:09:00,MAIN,post-peak,30,258.04,261.14,21.89,5.72
LSP001194,CAM0022,2025-06-05,2025-06-05T21:38:00,FACTUAL,peak,30,691.53,690.85,31.85,22.0
LSP001195,CAM0054,2025-12-19,2025-12-19T20:35:00,CATCHUP,peak,30,545.76,544.42,23.18,12.62
LSP001196,CAM0032,2025-06-25,2025-06-25T20:39:00,MAIN,peak,30,521.84,537.48,29.73,15.98
LSP001197,CAM0015,2025-06-10,2025-06-10T23:20:00,EXTRA,post-peak,30,193.45,188.68,16.68,3.15
LSP001198,CAM0044,2025-07-30,2025-07-30T14:38:00,MOVIES,daytime,40,544.33,561.34,6.84,3.84
LSP001199,CAM0050,2025-12-19,2025-12-19T16:43:00,FACTUAL,daytime,40,457.08,467.98,9.49,4.44
LSP001200,CAM0012,2025-03-02,2025-03-02T21:56:00,FACTUAL,peak,40,235.27,237.78,26.39,6.28
LSP001201,CAM0057,2025-11-28,2025-11-28T21:23:00,EXTRA,peak,30,413.26,415.51,28.99,12.05
LSP001202,CAM0010,2025-05-11,2025-05-11T20:16:00,MAIN,peak,30,659.84,633.62,24.46,15.5
LSP001203,CAM0017,2025-09-11,2025-09-11T18:35:00,CATCHUP,pre-peak,60,257.82,251.62,18.51,4.66
LSP001204,CAM0028,2025-11-18,2025-11-18T23:38:00,MAIN,post-peak,30,377.88,366.99,14.98,5.5
LSP001205,CAM0049,2025-01-28,2025-01-28T07:04:00,FACTUAL,breakfast,10,461.37,471.85,14.48,6.83
LSP001206,CAM0044,2025-08-05,2025-08-05T12:57:00,CATCHUP,daytime,10,57.39,57.96,7.66,0.44
LSP001207,CAM0028,2025-05-04,2025-05-04T14:39:00,CATCHUP,daytime,30,613.79,606.6,7.42,4.5
LSP001208,CAM0002,2025-10-11,2025-10-11T20:48:00,EXTRA,peak,20,654.28,638.74,30.01,19.17
LSP001209,CAM0011,2025-02-16,2025-02-16T20:39:00,FACTUAL,peak,60,414.69,426.15,24.87,10.6
LSP001210,CAM0030,2025-11-09,2025-11-09T12:11:00,EXTRA,daytime,30,130.54,128.54,9.48,1.22
LSP001211,CAM0039,2025-07-17,2025-07-17T18:14:00,MAIN,pre-peak,60,111.5,110.99,25.39,2.82
LSP001212,CAM0025,2025-11-11,2025-11-11T21:01:00,CATCHUP,peak,60,253.79,253.62,32.26,8.18
LSP001213,CAM0034,2025-06-25,2025-06-25T16:31:00,CATCHUP,daytime,30,340.93,332.9,6.87,2.29
LSP001214,CAM0005,2025-11-04,2025-11-04T21:43:00,MOVIES,peak,20,641.05,631.52,27.27,17.22
LSP001215,CAM0016,2025-05-29,2025-05-29T23:24:00,CATCHUP,post-peak,30,770.49,774.39,19.16,14.84
LSP001216,CAM0005,2025-08-20,2025-08-20T21:01:00,MOVIES,peak,30,308.89,308.67,31.41,9.7
LSP001217,CAM0059,2025-08-06,2025-08-06T10:16:00,FACTUAL,daytime,20,251.84,247.0,6.95,1.72
LSP001218,CAM0015,2025-10-27,2025-10-27T20:38:00,CATCHUP,peak,60,196.78,155.76,22.62,3.52
LSP001219,CAM0015,2025-02-16,2025-02-16T21:10:00,MAIN,peak,30,571.48,552.24,34.12,18.84
LSP001220,CAM0029,2025-03-18,2025-03-18T16:54:00,MOVIES,daytime,30,703.26,698.17,7.0,4.89
LSP001221,CAM0005,2025-04-29,2025-04-29T21:39:00,MAIN,peak,30,540.97,560.61,34.24,19.2
LSP001222,CAM0012,2025-05-28,2025-05-28T20:27:00,EXTRA,peak,20,62.89,63.41,23.0,1.46
LSP001223,CAM0050,2025-02-21,2025-02-21T14:50:00,EXTRA,daytime,30,143.1,146.09,10.34,1.51
LSP001224,CAM0010,2025-10-01,2025-10-01T23:15:00,MAIN,post-peak,30,691.56,692.29,14.17,9.81
LSP001225,CAM0033,2025-01-30,2025-01-30T18:10:00,MAIN,pre-peak,30,166.93,171.76,26.34,4.52
LSP001226,CAM0037,2025-05-23,2025-05-23T18:29:00,EXTRA,pre-peak,40,132.41,133.89,25.55,3.42
LSP001227,CAM0005,2025-07-13,2025-07-13T10:18:00,MOVIES,daytime,30,649.13,643.68,9.25,5.95
LSP001228,CAM0026,2025-09-26,2025-09-26T18:41:00,CATCHUP,pre-peak,30,639.79,657.07,22.05,14.49
LSP001229,CAM0017,2025-09-26,2025-09-26T23:10:00,CATCHUP,post-peak,60,424.8,414.84,18.8,7.8
LSP001230,CAM0024,2025-06-02,2025-06-02T10:57:00,MOVIES,daytime,30,331.96,327.03,7.19,2.35
LSP001231,CAM0002,2025-04-21,2025-04-21T18:40:00,EXTRA,pre-peak,30,698.9,712.83,24.49,17.46
LSP001232,CAM0020,2025-07-22,2025-07-22T14:01:00,EXTRA,daytime,30,239.69,243.77,8.23,2.01
LSP001233,CAM0014,2025-08-26,2025-08-26T10:03:00,EXTRA,daytime,20,722.78,710.95,6.32,4.49
LSP001234,CAM0030,2025-07-17,2025-07-17T21:55:00,MOVIES,peak,10,498.68,499.18,28.2,14.08
LSP001235,CAM0056,2025-09-03,2025-09-03T08:21:00,EXTRA,breakfast,30,741.49,770.68,9.02,6.95
LSP001236,CAM0046,2025-10-15,2025-10-15T14:01:00,CATCHUP,daytime,20,523.01,520.85,8.0,4.17
LSP001237,CAM0040,2025-08-24,2025-08-24T16:20:00,FACTUAL,daytime,30,88.19,85.53,8.63,0.74
LSP001238,CAM0032,2025-08-10,2025-08-10T21:02:00,CATCHUP,peak,40,611.7,636.1,23.99,15.26
LSP001239,CAM0053,2025-07-13,2025-07-13T16:45:00,MOVIES,daytime,40,591.91,574.97,11.49,6.61
LSP001240,CAM0006,2025-11-12,2025-11-12T18:25:00,EXTRA,pre-peak,10,83.01,60.76,22.18,1.35
LSP001241,CAM0013,2025-08-02,2025-08-02T21:56:00,EXTRA,peak,30,460.29,475.61,22.01,10.47
LSP001242,CAM0005,2025-03-25,2025-03-25T21:16:00,MOVIES,peak,60,99.57,103.4,34.02,3.52
LSP001243,CAM0032,2025-02-28,2025-02-28T08:29:00,FACTUAL,breakfast,30,595.94,594.46,14.7,8.74
LSP001244,CAM0037,2025-10-13,2025-10-13T20:57:00,FACTUAL,peak,40,548.71,556.07,32.86,18.27
LSP001245,CAM0038,2025-09-24,2025-09-24T21:51:00,CATCHUP,peak,60,722.44,694.83,28.28,19.65
LSP001246,CAM0022,2025-09-18,2025-09-18T16:46:00,MOVIES,daytime,10,764.08,786.28,6.64,5.22
LSP001247,CAM0010,2025-10-12,2025-10-12T14:50:00,EXTRA,daytime,20,398.26,385.47,9.25,3.57
LSP001248,CAM0024,2025-07-31,2025-07-31T21:26:00,CATCHUP,peak,30,274.31,277.01,34.33,9.51
LSP001249,CAM0043,2025-02-03,2025-02-03T21:59:00,MAIN,peak,30,354.44,352.01,34.72,12.22
LSP001250,CAM0022,2025-07-09,2025-07-09T10:15:00,MOVIES,daytime,30,745.88,728.82,8.58,6.25
LSP001251,CAM0016,2025-05-27,2025-05-27T14:51:00,EXTRA,daytime,30,169.39,167.72,6.5,1.09
LSP001252,CAM0006,2025-02-12,2025-02-12T21:00:00,EXTRA,peak,30,371.41,384.32,32.32,12.42
LSP001253,CAM0045,2025-11-28,2025-11-28T10:03:00,MAIN,daytime,30,183.18,190.27,8.2,1.56
LSP001254,CAM0044,2025-12-25,2025-12-25T16:36:00,MAIN,daytime,10,173.92,168.35,11.98,2.02
LSP001255,CAM0006,2025-01-21,2025-01-21T20:52:00,EXTRA,peak,60,177.45,184.46,23.4,4.32
LSP001256,CAM0038,2025-05-30,2025-05-30T20:33:00,MAIN,peak,60,509.55,508.01,33.08,16.8
LSP001257,CAM0011,2025-11-26,2025-11-26T21:32:00,MAIN,peak,30,504.86,485.96,33.08,16.08
LSP001258,CAM0043,2025-03-25,2025-03-25T21:51:00,MOVIES,peak,30,763.78,773.16,32.59,25.2
LSP001259,CAM0027,2025-05-01,2025-05-01T21:54:00,FACTUAL,peak,40,294.96,286.67,24.02,6.89
LSP001260,CAM0006,2025-01-31,2025-01-31T20:07:00,EXTRA,peak,10,798.67,812.9,25.67,20.87
LSP001261,CAM0022,2025-12-19,2025-12-19T16:15:00,MOVIES,daytime,30,357.41,362.22,10.03,3.63
LSP001262,CAM0047,2025-10-28,2025-10-28T16:45:00,EXTRA,daytime,30,542.14,537.4,8.07,4.34
LSP001263,CAM0004,2025-01-17,2025-01-17T21:51:00,FACTUAL,peak,30,189.92,192.33,27.17,5.23
LSP001264,CAM0046,2025-06-15,2025-06-15T18:52:00,FACTUAL,pre-peak,40,775.02,763.54,27.15,20.73
LSP001265,CAM0037,2025-12-25,2025-12-25T12:55:00,EXTRA,daytime,30,361.85,375.99,6.89,2.59
LSP001266,CAM0057,2025-03-13,2025-03-13T14:38:00,MOVIES,daytime,30,730.48,725.68,10.63,7.71
LSP001267,CAM0041,2025-07-04,2025-07-04T21:51:00,CATCHUP,peak,30,302.88,309.46,34.6,10.71
LSP001268,CAM0013,2025-04-19,2025-04-19T10:43:00,CATCHUP,daytime,30,448.15,465.85,9.67,4.5
LSP001269,CAM0040,2025-04-11,2025-04-11T18:46:00,MAIN,pre-peak,30,773.11,760.13,27.97,21.26
LSP001270,CAM0030,2025-01-23,2025-01-23T14:01:00,MOVIES,daytime,30,520.28,519.22,11.27,5.85
LSP001271,CAM0030,2025-11-08,2025-11-08T20:59:00,FACTUAL,peak,60,493.17,485.29,30.48,14.79
LSP001272,CAM0003,2025-04-28,2025-04-28T20:37:00,FACTUAL,peak,30,249.02,239.87,34.38,8.25
LSP001273,CAM0029,2025-05-03,2025-05-03T18:27:00,MAIN,pre-peak,10,651.79,668.19,23.47,15.68
LSP001274,CAM0027,2025-01-09,2025-01-09T20:46:00,FACTUAL,peak,60,500.18,519.74,24.77,12.87
LSP001275,CAM0043,2025-10-10,2025-10-10T14:07:00,EXTRA,daytime,30,470.57,472.27,7.2,3.4
LSP001276,CAM0044,2025-08-08,2025-08-08T08:41:00,EXTRA,breakfast,30,65.52,66.83,9.81,0.66
LSP001277,CAM0043,2025-05-30,2025-05-30T20:26:00,EXTRA,peak,30,203.07,196.53,34.11,6.7
LSP001278,CAM0020,2025-10-05,2025-10-05T21:40:00,MAIN,peak,10,787.11,809.34,22.04,17.84
LSP001279,CAM0016,2025-02-03,2025-02-03T21:50:00,FACTUAL,peak,20,135.03,130.94,31.96,4.18
LSP001280,CAM0050,2025-10-01,2025-10-01T18:07:00,MOVIES,pre-peak,40,510.77,504.9,18.92,9.55
LSP001281,CAM0012,2025-07-18,2025-07-18T21:34:00,FACTUAL,peak,40,63.67,65.22,32.31,2.11
LSP001282,CAM0006,2025-02-02,2025-02-02T12:21:00,EXTRA,daytime,30,661.41,660.28,11.55,7.63
LSP001283,CAM0041,2025-06-29,2025-06-29T07:54:00,MOVIES,breakfast,60,617.57,618.18,13.68,8.46
LSP001284,CAM0014,2025-03-27,2025-03-27T12:40:00,MOVIES,daytime,60,489.77,508.43,10.47,5.32
LSP001285,CAM0054,2025-12-03,2025-12-03T23:49:00,MOVIES,post-peak,30,628.13,635.29,15.59,9.9
LSP001286,CAM0003,2025-01-19,2025-01-19T18:00:00,CATCHUP,pre-peak,30,62.84,62.2,21.39,1.33
LSP001287,CAM0048,2025-01-04,2025-01-04T23:55:00,MOVIES,post-peak,10,150.56,150.81,20.13,3.04
LSP001288,CAM0038,2025-03-11,2025-03-11T20:35:00,CATCHUP,peak,40,621.19,636.64,32.22,20.51
LSP001289,CAM0041,2025-06-12,2025-06-12T14:34:00,MOVIES,daytime,30,79.2,81.98,9.99,0.82
LSP001290,CAM0009,2025-12-23,2025-12-23T14:24:00,EXTRA,daytime,30,304.96,294.58,9.19,2.71
LSP001291,CAM0005,2025-09-13,2025-09-13T16:19:00,MOVIES,daytime,10,69.61,67.85,6.56,0.45
LSP001292,CAM0009,2025-09-26,2025-09-26T20:54:00,MAIN,peak,30,135.03,137.93,26.14,3.61
LSP001293,CAM0008,2025-04-04,2025-04-04T20:37:00,MAIN,peak,20,86.81,88.62,31.81,2.82
LSP001294,CAM0059,2025-02-10,2025-02-10T21:35:00,CATCHUP,peak,60,567.86,570.24,25.87,14.75
LSP001295,CAM0058,2025-07-26,2025-07-26T21:02:00,FACTUAL,peak,30,119.73,122.04,23.78,2.9
LSP001296,CAM0007,2025-10-29,2025-10-29T07:57:00,MOVIES,breakfast,10,401.92,403.27,9.85,3.97
LSP001297,CAM0038,2025-10-15,2025-10-15T23:15:00,MAIN,post-peak,30,176.28,177.25,20.93,3.71
LSP001298,CAM0041,2025-01-09,2025-01-09T18:46:00,EXTRA,pre-peak,20,603.4,612.21,20.39,12.48
LSP001299,CAM0027,2025-01-03,2025-01-03T21:56:00,FACTUAL,peak,30,646.0,629.85,29.12,18.34
LSP001300,CAM0004,2025-08-09,2025-08-09T12:42:00,MOVIES,daytime,20,668.77,649.31,11.84,7.69
LSP001301,CAM0027,2025-10-24,2025-10-24T14:15:00,CATCHUP,daytime,60,717.18,703.12,9.63,6.77
LSP001302,CAM0001,2025-02-28,2025-02-28T18:12:00,FACTUAL,pre-peak,40,146.14,147.79,19.2,2.84
LSP001303,CAM0043,2025-05-08,2025-05-08T10:02:00,EXTRA,daytime,20,608.66,617.62,6.8,4.2
LSP001304,CAM0014,2025-05-22,2025-05-22T23:36:00,MAIN,post-peak,40,207.65,210.91,17.31,3.65
LSP001305,CAM0022,2025-04-16,2025-04-16T18:09:00,MAIN,pre-peak,60,326.57,323.4,23.19,7.5
LSP001306,CAM0018,2025-08-16,2025-08-16T20:54:00,EXTRA,peak,20,341.91,346.45,34.31,11.89
LSP001307,CAM0016,2025-09-08,2025-09-08T20:17:00,MOVIES,peak,10,239.08,232.55,32.16,7.48
LSP001308,CAM0054,2025-01-31,2025-01-31T21:33:00,FACTUAL,peak,20,360.05,349.7,25.63,8.96
LSP001309,CAM0028,2025-01-08,2025-01-08T20:48:00,CATCHUP,peak,10,489.86,495.51,27.84,13.79
LSP001310,CAM0045,2025-05-22,2025-05-22T21:24:00,FACTUAL,peak,20,410.26,398.23,32.15,12.8
LSP001311,CAM0042,2025-09-06,2025-09-06T18:35:00,CATCHUP,pre-peak,40,750.48,763.76,23.22,17.73
LSP001312,CAM0045,2025-02-20,2025-02-20T14:42:00,CATCHUP,daytime,60,282.66,272.78,11.74,3.2
LSP001313,CAM0007,2025-05-04,2025-05-04T23:16:00,EXTRA,post-peak,60,768.26,790.13,18.6,14.7
LSP001314,CAM0034,2025-04-04,2025-04-04T20:33:00,MAIN,peak,20,768.97,780.64,29.2,22.79
LSP001315,CAM0037,2025-06-24,2025-06-24T07:12:00,EXTRA,breakfast,10,599.46,595.86,12.87,7.67
LSP001316,CAM0018,2025-10-28,2025-10-28T12:25:00,CATCHUP,daytime,30,473.02,471.95,7.18,3.39
LSP001317,CAM0016,2025-06-16,2025-06-16T08:21:00,FACTUAL,breakfast,30,619.19,618.85,11.02,6.82
LSP001318,CAM0036,2025-01-09,2025-01-09T21:06:00,CATCHUP,peak,20,223.48,218.21,27.36,5.97
LSP001319,CAM0048,2025-02-07,2025-02-07T10:35:00,MOVIES,daytime,40,151.79,148.37,6.58,0.98
LSP001320,CAM0017,2025-01-06,2025-01-06T23:26:00,MAIN,post-peak,30,532.26,549.0,14.75,8.1
LSP001321,CAM0016,2025-11-10,2025-11-10T10:51:00,FACTUAL,daytime,60,498.74,516.23,7.45,3.85
LSP001322,CAM0031,2025-12-19,2025-12-19T14:10:00,MAIN,daytime,60,417.16,427.03,11.32,4.83
LSP001323,CAM0007,2025-02-15,2025-02-15T20:14:00,CATCHUP,peak,30,50.07,51.81,31.79,1.65
LSP001324,CAM0036,2025-12-23,2025-12-23T12:47:00,MAIN,daytime,40,478.78,467.0,10.93,5.1
LSP001325,CAM0015,2025-01-24,2025-01-24T21:12:00,EXTRA,peak,20,149.47,151.4,24.93,3.77
LSP001326,CAM0009,2025-01-17,2025-01-17T10:58:00,EXTRA,daytime,30,520.35,512.01,10.12,5.18
LSP001327,CAM0010,2025-12-19,2025-12-19T08:57:00,EXTRA,breakfast,30,333.56,321.16,9.23,2.96
LSP001328,CAM0054,2025-08-04,2025-08-04T10:48:00,EXTRA,daytime,20,104.91,104.36,10.2,1.06
LSP001329,CAM0011,2025-05-17,2025-05-17T21:45:00,CATCHUP,peak,40,448.15,451.44,34.5,15.57
LSP001330,CAM0038,2025-06-18,2025-06-18T21:10:00,CATCHUP,peak,30,545.39,543.17,24.24,13.17
LSP001331,CAM0054,2025-08-16,2025-08-16T14:16:00,CATCHUP,daytime,20,744.66,764.65,7.18,5.49
LSP001332,CAM0019,2025-07-12,2025-07-12T21:29:00,MAIN,peak,60,486.05,471.54,22.7,10.7
LSP001333,CAM0048,2025-12-25,2025-12-25T20:54:00,MAIN,peak,30,409.49,412.13,31.59,13.02
LSP001334,CAM0009,2025-01-28,2025-01-28T20:34:00,EXTRA,peak,60,144.82,144.92,29.89,4.33
LSP001335,CAM0057,2025-02-07,2025-02-07T14:35:00,MAIN,daytime,30,443.81,435.33,9.29,4.04
LSP001336,CAM0053,2025-04-02,2025-04-02T08:31:00,EXTRA,breakfast,20,652.15,659.26,11.63,7.67
LSP001337,CAM0040,2025-08-15,2025-08-15T08:46:00,CATCHUP,breakfast,10,603.31,587.12,9.93,5.83
LSP001338,CAM0055,2025-06-22,2025-06-22T07:48:00,MAIN,breakfast,60,70.49,67.81,13.67,0.93
LSP001339,CAM0002,2025-02-12,2025-02-12T16:48:00,CATCHUP,daytime,10,111.97,116.03,6.59,0.76
LSP001340,CAM0051,2025-10-03,2025-10-03T20:03:00,CATCHUP,peak,10,589.42,580.59,30.74,17.85
LSP001341,CAM0051,2025-09-16,2025-09-16T20:48:00,FACTUAL,peak,30,169.46,164.69,30.69,5.05
LSP001342,CAM0035,2025-09-02,2025-09-02T14:33:00,MAIN,daytime,20,181.79,181.81,10.73,1.95
LSP001343,CAM0021,2025-07-14,2025-07-14T18:32:00,MOVIES,pre-peak,30,69.69,66.92,20.61,1.38
LSP001344,CAM0016,2025-07-13,2025-07-13T16:21:00,MAIN,daytime,30,592.92,576.32,8.27,4.77
LSP001345,CAM0008,2025-05-01,2025-05-01T18:51:00,FACTUAL,pre-peak,30,220.88,223.73,21.66,4.85
LSP001346,CAM0053,2025-03-29,2025-03-29T21:24:00,MAIN,peak,30,585.72,564.78,24.7,13.95
LSP001347,CAM0027,2025-11-05,2025-11-05T21:35:00,MOVIES,peak,30,316.31,323.2,32.12,10.38
LSP001348,CAM0055,2025-09-27,2025-09-27T12:04:00,MAIN,daytime,30,651.5,670.54,7.52,5.04
LSP001349,CAM0034,2025-03-05,2025-03-05T23:58:00,CATCHUP,post-peak,40,53.73,52.69,20.86,1.1
LSP001350,CAM0012,2025-10-08,2025-10-08T23:31:00,EXTRA,post-peak,30,195.39,190.51,19.18,3.65
LSP001351,CAM0026,2025-05-18,2025-05-18T14:43:00,MAIN,daytime,20,572.48,563.1,7.03,3.96
LSP001352,CAM0037,2025-11-27,2025-11-27T20:46:00,FACTUAL,peak,30,273.19,248.89,31.83,7.92
LSP001353,CAM0009,2025-07-08,2025-07-08T21:54:00,CATCHUP,peak,30,210.41,215.09,23.07,4.96
LSP001354,CAM0056,2025-01-21,2025-01-21T21:18:00,MOVIES,peak,20,316.01,322.52,33.26,10.73
LSP001355,CAM0003,2025-04-06,2025-04-06T18:14:00,FACTUAL,pre-peak,30,457.6,446.31,26.65,11.89
LSP001356,CAM0047,2025-01-12,2025-01-12T20:30:00,MOVIES,peak,30,358.39,352.39,29.48,10.39
LSP001357,CAM0053,2025-09-29,2025-09-29T20:58:00,MAIN,peak,60,219.4,214.86,31.07,6.68
LSP001358,CAM0034,2025-04-02,2025-04-02T21:17:00,FACTUAL,peak,40,779.36,800.04,22.8,18.24
LSP001359,CAM0045,2025-06-24,2025-06-24T07:43:00,MAIN,breakfast,60,268.53,262.43,14.79,3.88
LSP001360,CAM0053,2025-07-01,2025-07-01T12:33:00,FACTUAL,daytime,30,286.31,283.9,7.33,2.08
LSP001361,CAM0010,2025-02-22,2025-02-22T10:45:00,CATCHUP,daytime,30,444.66,454.88,9.27,4.22
LSP001362,CAM0039,2025-04-12,2025-04-12T14:05:00,EXTRA,daytime,30,212.59,209.58,7.35,1.54
LSP001363,CAM0057,2025-07-28,2025-07-28T21:46:00,MAIN,peak,10,738.6,738.89,31.86,23.54
LSP001364,CAM0021,2025-07-19,2025-07-19T10:32:00,MOVIES,daytime,60,464.41,478.97,6.06,2.9
LSP001365,CAM0012,2025-04-17,2025-04-17T21:51:00,MAIN,peak,30,130.06,126.02,23.66,2.98
LSP001366,CAM0039,2025-09-26,2025-09-26T23:15:00,MOVIES,post-peak,30,404.2,396.57,16.27,6.45
LSP001367,CAM0039,2025-03-03,2025-03-03T23:58:00,MOVIES,post-peak,10,711.71,705.55,18.88,13.32
LSP001368,CAM0023,2025-03-10,2025-03-10T21:04:00,FACTUAL,peak,30,103.18,103.39,32.03,3.31
LSP001369,CAM0019,2025-02-25,2025-02-25T20:14:00,EXTRA,peak,30,447.42,430.47,23.81,10.25
LSP001370,CAM0027,2025-04-10,2025-04-10T12:46:00,EXTRA,daytime,20,504.93,487.7,8.71,4.25
LSP001371,CAM0022,2025-06-22,2025-06-22T18:05:00,FACTUAL,pre-peak,10,571.56,562.14,23.2,13.04
LSP001372,CAM0027,2025-01-22,2025-01-22T21:40:00,MAIN,peak,60,644.02,666.46,27.57,18.37
LSP001373,CAM0051,2025-01-24,2025-01-24T20:06:00,MAIN,peak,40,146.59,140.94,22.55,3.18
LSP001374,CAM0013,2025-01-29,2025-01-29T20:13:00,FACTUAL,peak,30,348.37,357.24,31.92,11.4
LSP001375,CAM0025,2025-03-20,2025-03-20T21:04:00,FACTUAL,peak,40,209.64,214.13,25.3,5.42
LSP001376,CAM0022,2025-07-02,2025-07-02T08:27:00,CATCHUP,breakfast,30,187.55,187.33,13.93,2.61
LSP001377,CAM0028,2025-10-15,2025-10-15T20:09:00,CATCHUP,peak,20,787.94,774.73,34.52,26.74
LSP001378,CAM0008,2025-05-04,2025-05-04T16:35:00,MAIN,daytime,60,445.86,434.95,7.79,3.39
LSP001379,CAM0031,2025-12-08,2025-12-08T23:47:00,CATCHUP,post-peak,20,355.59,359.72,18.92,6.81
LSP001380,CAM0008,2025-01-28,2025-01-28T10:23:00,MOVIES,daytime,40,570.48,549.83,8.21,4.51
LSP001381,CAM0037,2025-10-25,2025-10-25T21:51:00,FACTUAL,peak,30,480.57,488.82,27.89,13.63
LSP001382,CAM0017,2025-10-26,2025-10-26T21:25:00,CATCHUP,peak,40,479.59,476.55,30.12,14.35
LSP001383,CAM0052,2025-07-12,2025-07-12T21:42:00,FACTUAL,peak,60,464.52,468.25,31.49,14.75
LSP001384,CAM0044,2025-08-22,2025-08-22T10:33:00,FACTUAL,daytime,20,451.45,447.26,11.71,5.24
LSP001385,CAM0016,2025-03-17,2025-03-17T16:06:00,FACTUAL,daytime,10,629.22,632.72,10.75,6.8
LSP001386,CAM0055,2025-04-10,2025-04-10T23:56:00,EXTRA,post-peak,10,188.72,193.54,16.36,3.17
LSP001387,CAM0010,2025-08-09,2025-08-09T18:35:00,MAIN,pre-peak,30,516.66,430.84,19.55,8.42
LSP001388,CAM0041,2025-03-02,2025-03-02T18:26:00,MAIN,pre-peak,40,381.49,375.68,27.43,10.3
LSP001389,CAM0047,2025-04-27,2025-04-27T20:14:00,FACTUAL,peak,40,546.91,553.48,33.68,18.64
LSP001390,CAM0034,2025-03-12,2025-03-12T20:35:00,MAIN,peak,60,664.08,637.68,26.48,16.89
LSP001391,CAM0027,2025-12-06,2025-12-06T10:09:00,CATCHUP,daytime,30,375.61,335.46,10.7,3.59
LSP001392,CAM0026,2025-10-30,2025-10-30T21:34:00,EXTRA,peak,30,545.69,547.9,29.45,16.14
LSP001393,CAM0023,2025-07-28,2025-07-28T20:59:00,EXTRA,peak,10,471.35,456.2,32.8,14.96
LSP001394,CAM0057,2025-03-16,2025-03-16T21:51:00,CATCHUP,peak,30,478.63,488.22,25.28,12.34
LSP001395,CAM0013,2025-05-17,2025-05-17T18:09:00,EXTRA,pre-peak,30,647.21,647.68,24.26,15.71
LSP001396,CAM0003,2025-01-16,2025-01-16T21:10:00,MOVIES,peak,60,217.8,197.01,27.65,5.45
LSP001397,CAM0026,2025-07-19,2025-07-19T08:03:00,MAIN,breakfast,60,784.74,766.04,8.57,6.56
LSP001398,CAM0013,2025-11-10,2025-11-10T16:52:00,MAIN,daytime,10,759.01,732.05,9.89,7.24
LSP001399,CAM0006,2025-05-31,2025-05-31T20:04:00,FACTUAL,peak,10,389.85,401.17,28.78,11.55
LSP001400,CAM0056,2025-10-26,2025-10-26T23:41:00,MOVIES,post-peak,40,157.74,154.21,16.24,2.5
LSP001401,CAM0002,2025-09-11,2025-09-11T18:38:00,FACTUAL,pre-peak,30,171.73,171.03,19.4,3.32
LSP001402,CAM0026,2025-07-30,2025-07-30T20:38:00,EXTRA,peak,30,64.6,65.87,28.4,1.87
LSP001403,CAM0041,2025-08-31,2025-08-31T23:59:00,MAIN,post-peak,20,474.07,457.64,20.22,9.25
LSP001404,CAM0002,2025-07-23,2025-07-23T23:43:00,CATCHUP,post-peak,30,100.37,97.98,15.86,1.55
LSP001405,CAM0009,2025-06-10,2025-06-10T16:59:00,EXTRA,daytime,20,308.56,298.9,9.27,2.77
LSP001406,CAM0006,2025-08-26,2025-08-26T07:54:00,EXTRA,breakfast,40,126.24,121.2,8.79,1.07
LSP001407,CAM0049,2025-08-05,2025-08-05T14:32:00,FACTUAL,daytime,20,400.8,416.08,8.26,3.44
LSP001408,CAM0013,2025-04-22,2025-04-22T18:57:00,CATCHUP,pre-peak,30,280.32,285.39,19.69,5.62
LSP001409,CAM0038,2025-06-15,2025-06-15T08:55:00,MOVIES,breakfast,30,432.7,418.66,9.93,4.16
LSP001410,CAM0004,2025-05-02,2025-05-02T18:43:00,FACTUAL,pre-peak,60,126.21,122.25,19.42,2.37
LSP001411,CAM0030,2025-09-13,2025-09-13T20:10:00,EXTRA,peak,10,60.51,58.54,28.39,1.66
LSP001412,CAM0053,2025-10-29,2025-10-29T20:11:00,MAIN,peak,40,195.04,202.43,24.23,4.9
LSP001413,CAM0035,2025-06-24,2025-06-24T21:31:00,CATCHUP,peak,30,225.4,231.28,33.37,7.72
LSP001414,CAM0035,2025-05-05,2025-05-05T21:54:00,CATCHUP,peak,20,457.63,454.28,26.4,11.99
LSP001415,CAM0037,2025-08-19,2025-08-19T23:01:00,MOVIES,post-peak,60,577.11,583.42,17.22,10.05
LSP001416,CAM0008,2025-08-21,2025-08-21T20:03:00,MOVIES,peak,60,753.65,747.93,32.14,24.04
LSP001417,CAM0010,2025-01-08,2025-01-08T18:00:00,MOVIES,pre-peak,30,157.72,153.57,20.24,3.11
LSP001418,CAM0023,2025-06-17,2025-06-17T20:05:00,MOVIES,peak,40,705.09,720.73,29.01,20.91
LSP001419,CAM0029,2025-02-23,2025-02-23T21:25:00,CATCHUP,peak,20,599.37,612.32,24.26,14.85
LSP001420,CAM0037,2025-03-13,2025-03-13T16:25:00,MOVIES,daytime,60,495.63,417.2,10.64,4.44
LSP001421,CAM0018,2025-05-01,2025-05-01T18:38:00,CATCHUP,pre-peak,30,637.51,660.62,19.27,12.73
LSP001422,CAM0059,2025-01-20,2025-01-20T21:51:00,MAIN,peak,30,568.84,584.39,27.63,16.15
LSP001423,CAM0047,2025-11-03,2025-11-03T21:16:00,CATCHUP,peak,30,536.28,540.81,33.0,17.85
LSP001424,CAM0040,2025-09-20,2025-09-20T20:04:00,MAIN,peak,30,310.08,310.27,34.51,10.71
LSP001425,CAM0049,2025-01-19,2025-01-19T21:28:00,MAIN,peak,30,742.74,745.35,27.82,20.74
LSP001426,CAM0031,2025-04-11,2025-04-11T20:42:00,EXTRA,peak,10,750.43,743.25,23.01,17.1
LSP001427,CAM0040,2025-02-02,2025-02-02T21:42:00,MOVIES,peak,30,507.82,509.53,33.14,16.89
LSP001428,CAM0037,2025-08-12,2025-08-12T20:45:00,EXTRA,peak,60,675.57,679.72,28.42,19.32
LSP001429,CAM0048,2025-01-20,2025-01-20T21:34:00,FACTUAL,peak,40,443.29,432.16,30.13,13.02
LSP001430,CAM0016,2025-07-08,2025-07-08T08:17:00,MAIN,breakfast,40,721.04,749.56,10.67,8.0
LSP001431,CAM0040,2025-06-19,2025-06-19T21:36:00,MAIN,peak,10,554.76,572.5,24.29,13.91
LSP001432,CAM0048,2025-06-25,2025-06-25T21:17:00,FACTUAL,peak,20,750.67,756.29,24.55,18.57
LSP001433,CAM0023,2025-11-10,2025-11-10T16:40:00,EXTRA,daytime,40,763.73,778.35,11.08,8.62
LSP001434,CAM0051,2025-07-20,2025-07-20T21:14:00,EXTRA,peak,30,770.36,797.14,26.42,21.06
LSP001435,CAM0011,2025-05-14,2025-05-14T08:43:00,FACTUAL,breakfast,20,449.78,467.39,11.38,5.32
LSP001436,CAM0059,2025-06-25,2025-06-25T18:36:00,EXTRA,pre-peak,30,759.55,771.37,21.43,16.53
LSP001437,CAM0039,2025-12-18,2025-12-18T18:14:00,CATCHUP,pre-peak,10,469.95,464.9,27.52,12.79
LSP001438,CAM0032,2025-09-23,2025-09-23T14:24:00,CATCHUP,daytime,30,61.72,61.66,10.08,0.62
LSP001439,CAM0053,2025-05-14,2025-05-14T14:12:00,FACTUAL,daytime,40,517.39,533.69,10.95,5.84
LSP001440,CAM0005,2025-02-27,2025-02-27T23:38:00,MOVIES,post-peak,20,85.17,86.56,18.66,1.62
LSP001441,CAM0018,2025-01-20,2025-01-20T10:23:00,EXTRA,daytime,30,280.69,279.65,7.96,2.23
LSP001442,CAM0021,2025-04-14,2025-04-14T10:46:00,EXTRA,daytime,30,514.53,511.22,10.37,5.3
LSP001443,CAM0034,2025-02-19,2025-02-19T14:27:00,MOVIES,daytime,60,287.99,244.5,11.72,2.87
LSP001444,CAM0010,2025-12-23,2025-12-23T21:51:00,MAIN,peak,30,762.79,734.43,26.6,19.54
LSP001445,CAM0030,2025-07-16,2025-07-16T20:07:00,CATCHUP,peak,30,404.67,412.2,23.71,9.77
LSP001446,CAM0031,2025-01-04,2025-01-04T14:08:00,EXTRA,daytime,60,435.69,445.0,8.41,3.74
LSP001447,CAM0057,2025-03-12,2025-03-12T23:35:00,MOVIES,post-peak,30,93.78,95.83,18.05,1.73
LSP001448,CAM0051,2025-08-19,2025-08-19T20:17:00,FACTUAL,peak,60,175.69,173.41,26.38,4.57
LSP001449,CAM0048,2025-12-09,2025-12-09T14:40:00,FACTUAL,daytime,40,491.24,502.9,7.9,3.97
LSP001450,CAM0046,2025-11-11,2025-11-11T14:32:00,EXTRA,daytime,30,768.5,797.25,10.87,8.67
LSP001451,CAM0028,2025-06-20,2025-06-20T07:59:00,MAIN,breakfast,10,82.16,81.32,9.61,0.78
LSP001452,CAM0042,2025-04-29,2025-04-29T08:15:00,EXTRA,breakfast,40,708.03,726.56,13.6,9.88
LSP001453,CAM0056,2025-06-12,2025-06-12T08:00:00,FACTUAL,breakfast,30,410.4,414.78,10.98,4.55
LSP001454,CAM0048,2025-04-04,2025-04-04T21:18:00,FACTUAL,peak,30,688.34,681.9,29.62,20.2
LSP001455,CAM0046,2025-09-09,2025-09-09T10:54:00,EXTRA,daytime,30,386.75,384.93,11.7,4.5
LSP001456,CAM0042,2025-07-31,2025-07-31T10:00:00,EXTRA,daytime,30,684.47,695.62,11.52,8.01
LSP001457,CAM0019,2025-04-18,2025-04-18T23:04:00,CATCHUP,post-peak,20,654.04,656.31,20.53,13.47
LSP001458,CAM0048,2025-03-10,2025-03-10T12:04:00,EXTRA,daytime,20,504.93,510.79,9.76,4.99
LSP001459,CAM0040,2025-02-17,2025-02-17T08:47:00,MAIN,breakfast,10,439.69,439.32,9.43,4.14
LSP001460,CAM0036,2025-08-26,2025-08-26T16:34:00,EXTRA,daytime,60,403.75,390.41,8.74,3.41
LSP001461,CAM0051,2025-04-03,2025-04-03T23:30:00,MOVIES,post-peak,30,245.26,246.48,16.13,3.98
LSP001462,CAM0009,2025-07-14,2025-07-14T12:36:00,MAIN,daytime,30,156.83,160.8,11.13,1.79
LSP001463,CAM0048,2025-08-21,2025-08-21T18:42:00,CATCHUP,pre-peak,20,597.17,599.53,19.82,11.88
LSP001464,CAM0029,2025-03-03,2025-03-03T20:11:00,MAIN,peak,30,565.61,578.61,31.47,18.21
LSP001465,CAM0037,2025-12-02,2025-12-02T20:11:00,MAIN,peak,30,186.34,193.13,33.83,6.53
LSP001466,CAM0014,2025-07-30,2025-07-30T21:06:00,MOVIES,peak,60,295.22,285.19,25.94,7.4
LSP001467,CAM0036,2025-10-09,2025-10-09T10:57:00,EXTRA,daytime,30,539.99,528.95,9.47,5.01
LSP001468,CAM0058,2025-10-04,2025-10-04T12:35:00,FACTUAL,daytime,30,363.41,367.61,10.42,3.83
LSP001469,CAM0057,2025-09-10,2025-09-10T12:51:00,MOVIES,daytime,30,235.35,183.53,11.19,2.05
LSP001470,CAM0037,2025-09-13,2025-09-13T20:46:00,MAIN,peak,20,719.95,739.99,29.57,21.88
LSP001471,CAM0001,2025-04-06,2025-04-06T20:28:00,MAIN,peak,20,91.58,94.52,28.09,2.66
LSP001472,CAM0034,2025-09-12,2025-09-12T21:13:00,MOVIES,peak,40,721.54,726.13,29.26,21.25
LSP001473,CAM0059,2025-09-23,2025-09-23T14:09:00,MAIN,daytime,60,556.42,540.16,8.19,4.42
LSP001474,CAM0047,2025-01-28,2025-01-28T20:11:00,MAIN,peak,10,248.98,251.1,34.22,8.59
LSP001475,CAM0057,2025-08-27,2025-08-27T20:32:00,CATCHUP,peak,30,311.98,317.97,31.16,9.91
LSP001476,CAM0024,2025-12-08,2025-12-08T20:11:00,EXTRA,peak,40,451.24,462.02,33.99,15.7
LSP001477,CAM0051,2025-01-21,2025-01-21T12:17:00,FACTUAL,daytime,20,741.91,760.59,11.13,8.47
LSP001478,CAM0037,2025-06-14,2025-06-14T10:04:00,FACTUAL,daytime,60,703.87,724.82,9.42,6.83
LSP001479,CAM0056,2025-02-17,2025-02-17T07:09:00,CATCHUP,breakfast,20,634.42,638.83,10.44,6.67
LSP001480,CAM0002,2025-02-17,2025-02-17T16:30:00,FACTUAL,daytime,40,700.89,676.03,10.94,7.4
LSP001481,CAM0059,2025-01-03,2025-01-03T20:30:00,MAIN,peak,20,565.08,569.99,23.5,13.39
LSP001482,CAM0026,2025-01-25,2025-01-25T20:46:00,EXTRA,peak,10,205.43,208.5,31.11,6.49
LSP001483,CAM0030,2025-07-29,2025-07-29T18:42:00,EXTRA,pre-peak,10,136.37,138.26,19.16,2.65
LSP001484,CAM0025,2025-07-26,2025-07-26T10:58:00,EXTRA,daytime,10,140.72,140.12,10.34,1.45
LSP001485,CAM0043,2025-09-28,2025-09-28T21:59:00,EXTRA,peak,20,744.11,727.09,25.82,18.77
LSP001486,CAM0013,2025-08-09,2025-08-09T18:13:00,CATCHUP,pre-peak,10,545.25,561.69,26.11,14.67
LSP001487,CAM0050,2025-09-24,2025-09-24T10:48:00,FACTUAL,daytime,20,125.34,128.25,10.1,1.3
LSP001488,CAM0041,2025-09-26,2025-09-26T10:21:00,MAIN,daytime,30,548.69,533.33,7.72,4.12
LSP001489,CAM0009,2025-01-09,2025-01-09T21:37:00,EXTRA,peak,40,685.15,676.93,26.95,18.24
LSP001490,CAM0051,2025-02-03,2025-02-03T21:47:00,MAIN,peak,60,748.03,752.15,26.49,19.92
LSP001491,CAM0050,2025-12-22,2025-12-22T20:52:00,MAIN,peak,60,122.88,119.13,25.58,3.05
LSP001492,CAM0028,2025-07-03,2025-07-03T20:34:00,FACTUAL,peak,30,280.21,273.75,22.35,6.12
LSP001493,CAM0005,2025-03-21,2025-03-21T07:30:00,MAIN,breakfast,30,142.33,142.09,11.9,1.69
LSP001494,CAM0018,2025-01-31,2025-01-31T12:39:00,MAIN,daytime,30,589.13,585.89,11.17,6.54
LSP001495,CAM0002,2025-07-31,2025-07-31T14:08:00,FACTUAL,daytime,30,537.57,530.79,7.57,4.02
LSP001496,CAM0056,2025-03-23,2025-03-23T21:43:00,MAIN,peak,20,575.9,554.36,22.76,12.62
LSP001497,CAM0002,2025-11-12,2025-11-12T18:57:00,MOVIES,pre-peak,30,473.32,471.48,22.23,10.48
LSP001498,CAM0051,2025-06-07,2025-06-07T20:23:00,MOVIES,peak,30,557.8,552.09,27.53,15.2
LSP001499,CAM0012,2025-05-07,2025-05-07T14:53:00,MAIN,daytime,20,677.58,674.01,6.66,4.49
LSP001500,CAM0036,2025-01-31,2025-01-31T21:51:00,CATCHUP,peak,10,79.05,72.63,32.3,2.35
LSP001501,CAM0036,2025-04-28,2025-04-28T10:25:00,FACTUAL,daytime,60,757.41,752.79,6.26,4.71
LSP001502,CAM0001,2025-09-22,2025-09-22T10:46:00,FACTUAL,daytime,30,130.55,134.4,6.65,0.89
LSP001503,CAM0022,2025-12-27,2025-12-27T08:05:00,EXTRA,breakfast,30,81.84,80.18,11.23,0.9
LSP001504,CAM0015,2025-06-20,2025-06-20T08:03:00,FACTUAL,breakfast,30,777.48,776.98,9.4,7.3
LSP001505,CAM0026,2025-03-31,2025-03-31T10:12:00,MAIN,daytime,10,473.85,475.05,9.17,4.36
LSP001506,CAM0023,2025-08-17,2025-08-17T18:27:00,CATCHUP,pre-peak,30,422.13,424.2,21.34,9.05
LSP001507,CAM0043,2025-04-13,2025-04-13T20:10:00,MOVIES,peak,30,678.75,675.32,23.94,16.17
LSP001508,CAM0023,2025-10-27,2025-10-27T08:15:00,EXTRA,breakfast,40,690.31,492.76,9.86,4.86
LSP001509,CAM0027,2025-08-06,2025-08-06T10:21:00,CATCHUP,daytime,10,616.32,594.16,9.53,5.66
LSP001510,CAM0043,2025-08-28,2025-08-28T10:16:00,MAIN,daytime,10,611.77,598.85,10.61,6.35
LSP001511,CAM0036,2025-02-04,2025-02-04T21:36:00,FACTUAL,peak,30,52.27,54.35,22.86,1.24
LSP001512,CAM0051,2025-03-30,2025-03-30T08:39:00,CATCHUP,breakfast,30,78.42,79.34,12.19,0.97
LSP001513,CAM0032,2025-07-22,2025-07-22T21:33:00,MOVIES,peak,40,217.76,217.12,27.71,6.02
LSP001514,CAM0008,2025-08-01,2025-08-01T18:35:00,FACTUAL,pre-peak,10,358.17,346.7,20.16,6.99
LSP001515,CAM0019,2025-01-26,2025-01-26T20:36:00,FACTUAL,peak,20,224.97,221.77,24.38,5.41
LSP001516,CAM0048,2025-12-19,2025-12-19T23:42:00,CATCHUP,post-peak,30,266.83,258.59,18.88,4.88
LSP001517,CAM0052,2025-01-08,2025-01-08T08:52:00,FACTUAL,breakfast,20,712.57,738.55,8.98,6.63
LSP001518,CAM0014,2025-08-28,2025-08-28T08:29:00,CATCHUP,breakfast,60,178.65,172.29,9.11,1.57
LSP001519,CAM0043,2025-12-04,2025-12-04T07:51:00,FACTUAL,breakfast,10,687.21,689.73,14.81,10.21
LSP001520,CAM0006,2025-05-01,2025-05-01T18:44:00,CATCHUP,pre-peak,30,434.72,451.87,23.85,10.78
LSP001521,CAM0058,2025-03-17,2025-03-17T23:05:00,MOVIES,post-peak,10,598.22,604.25,21.72,13.12
LSP001522,CAM0043,2025-09-18,2025-09-18T07:52:00,MAIN,breakfast,30,746.06,734.37,8.97,6.59
LSP001523,CAM0049,2025-03-03,2025-03-03T18:56:00,FACTUAL,pre-peak,30,434.86,437.33,22.4,9.8
LSP001524,CAM0033,2025-07-11,2025-07-11T18:00:00,CATCHUP,pre-peak,20,96.29,79.88,22.19,1.77
LSP001525,CAM0021,2025-08-31,2025-08-31T20:53:00,EXTRA,peak,60,191.69,188.62,27.24,5.14
LSP001526,CAM0049,2025-11-28,2025-11-28T20:59:00,EXTRA,peak,30,718.24,723.44,32.29,23.36
LSP001527,CAM0039,2025-12-10,2025-12-10T18:57:00,CATCHUP,pre-peak,20,397.52,400.02,27.99,11.2
LSP001528,CAM0055,2025-09-02,2025-09-02T20:03:00,FACTUAL,peak,10,491.63,476.6,33.76,16.09
LSP001529,CAM0006,2025-10-25,2025-10-25T18:22:00,MOVIES,pre-peak,10,420.77,412.29,22.88,9.43
LSP001530,CAM0044,2025-12-20,2025-12-20T20:14:00,FACTUAL,peak,40,333.04,344.52,29.55,10.18
LSP001531,CAM0055,2025-12-04,2025-12-04T20:25:00,EXTRA,peak,30,530.0,548.07,31.13,17.06
LSP001532,CAM0019,2025-11-09,2025-11-09T18:34:00,EXTRA,pre-peak,40,248.62,239.18,22.53,5.39
LSP001533,CAM0020,2025-03-19,2025-03-19T08:00:00,EXTRA,breakfast,30,303.51,295.25,14.53,4.29
LSP001534,CAM0038,2025-05-05,2025-05-05T21:26:00,FACTUAL,peak,30,460.03,428.86,34.48,14.79
LSP001535,CAM0050,2025-04-24,2025-04-24T14:25:00,CATCHUP,daytime,40,426.36,439.33,6.82,3.0
LSP001536,CAM0017,2025-07-22,2025-07-22T20:48:00,CATCHUP,peak,30,501.46,482.29,32.83,15.83
LSP001537,CAM0006,2025-06-03,2025-06-03T08:53:00,MAIN,breakfast,30,722.04,707.5,12.63,8.94
LSP001538,CAM0039,2025-11-24,2025-11-24T21:52:00,EXTRA,peak,40,355.53,354.82,27.3,9.69
LSP001539,CAM0001,2025-06-24,2025-06-24T12:15:00,MAIN,daytime,30,290.91,288.6,10.68,3.08
LSP001540,CAM0045,2025-01-12,2025-01-12T23:23:00,FACTUAL,post-peak,60,276.57,268.26,14.78,3.96
LSP001541,CAM0021,2025-11-29,2025-11-29T07:12:00,FACTUAL,breakfast,30,71.19,70.63,8.44,0.6
LSP001542,CAM0049,2025-09-05,2025-09-05T23:59:00,MAIN,post-peak,60,436.84,440.14,18.59,8.18
LSP001543,CAM0035,2025-11-19,2025-11-19T08:34:00,MAIN,breakfast,60,350.53,340.59,9.9,3.37
LSP001544,CAM0029,2025-05-19,2025-05-19T18:54:00,MAIN,pre-peak,60,219.86,214.31,21.95,4.7
LSP001545,CAM0025,2025-05-16,2025-05-16T20:39:00,CATCHUP,peak,30,653.57,678.42,27.15,18.42
LSP001546,CAM0040,2025-10-09,2025-10-09T18:59:00,CATCHUP,pre-peak,30,475.42,489.37,21.27,10.41
LSP001547,CAM0038,2025-05-14,2025-05-14T23:51:00,MAIN,post-peak,10,143.09,144.22,15.44,2.23
LSP001548,CAM0055,2025-12-18,2025-12-18T21:23:00,EXTRA,peak,40,746.56,719.35,23.47,16.88
LSP001549,CAM0031,2025-02-10,2025-02-10T18:46:00,MAIN,pre-peak,20,674.39,689.03,26.08,17.97
LSP001550,CAM0014,2025-08-04,2025-08-04T16:26:00,EXTRA,daytime,10,436.0,431.55,6.33,2.73
LSP001551,CAM0032,2025-01-04,2025-01-04T08:38:00,CATCHUP,breakfast,30,655.25,679.95,9.75,6.63
LSP001552,CAM0004,2025-05-31,2025-05-31T23:24:00,FACTUAL,post-peak,60,727.27,733.87,17.45,12.81
LSP001553,CAM0027,2025-01-26,2025-01-26T16:27:00,FACTUAL,daytime,20,60.77,59.85,8.54,0.51
LSP001554,CAM0024,2025-09-08,2025-09-08T21:21:00,CATCHUP,peak,10,478.41,471.08,26.15,12.32
LSP001555,CAM0015,2025-04-09,2025-04-09T21:51:00,CATCHUP,peak,10,368.86,377.19,25.36,9.57
LSP001556,CAM0026,2025-07-15,2025-07-15T21:54:00,EXTRA,peak,60,364.05,351.07,27.15,9.53
LSP001557,CAM0022,2025-11-06,2025-11-06T20:14:00,MAIN,peak,10,571.09,555.57,24.43,13.57
LSP001558,CAM0012,2025-03-19,2025-03-19T16:48:00,MOVIES,daytime,30,773.25,782.94,7.86,6.15
LSP001559,CAM0009,2025-06-11,2025-06-11T20:24:00,MAIN,peak,10,109.3,113.53,23.2,2.63
LSP001560,CAM0059,2025-09-15,2025-09-15T21:16:00,CATCHUP,peak,60,437.8,422.39,31.89,13.47
LSP001561,CAM0035,2025-01-08,2025-01-08T10:37:00,CATCHUP,daytime,30,410.9,412.83,7.18,2.96
LSP001562,CAM0006,2025-03-30,2025-03-30T20:56:00,FACTUAL,peak,30,748.04,773.83,25.55,19.77
LSP001563,CAM0009,2025-07-29,2025-07-29T21:54:00,EXTRA,peak,40,658.99,671.14,33.95,22.79
LSP001564,CAM0004,2025-04-15,2025-04-15T20:14:00,MOVIES,peak,30,220.98,222.55,27.02,6.01
LSP001565,CAM0049,2025-09-30,2025-09-30T08:35:00,FACTUAL,breakfast,60,526.67,516.76,11.6,5.99
LSP001566,CAM0020,2025-03-07,2025-03-07T10:35:00,EXTRA,daytime,30,293.22,300.18,11.88,3.57
LSP001567,CAM0018,2025-01-25,2025-01-25T07:27:00,FACTUAL,breakfast,30,539.62,538.21,13.18,7.09
LSP001568,CAM0056,2025-04-11,2025-04-11T21:04:00,MAIN,peak,20,758.35,771.27,27.82,21.46
LSP001569,CAM0050,2025-10-03,2025-10-03T20:47:00,MOVIES,peak,40,755.06,784.25,27.86,21.85
LSP001570,CAM0058,2025-07-23,2025-07-23T21:15:00,FACTUAL,peak,40,531.14,530.68,22.4,11.89
LSP001571,CAM0056,2025-10-12,2025-10-12T20:43:00,EXTRA,peak,60,104.58,106.37,30.52,3.25
LSP001572,CAM0004,2025-02-04,2025-02-04T20:24:00,EXTRA,peak,60,81.28,82.16,22.43,1.84
LSP001573,CAM0039,2025-04-28,2025-04-28T16:34:00,CATCHUP,daytime,60,158.62,155.19,11.09,1.72
LSP001574,CAM0057,2025-06-06,2025-06-06T07:54:00,MAIN,breakfast,30,101.84,101.36,11.54,1.17
LSP001575,CAM0033,2025-02-04,2025-02-04T21:22:00,EXTRA,peak,30,240.58,249.35,25.4,6.33
LSP001576,CAM0028,2025-01-28,2025-01-28T21:13:00,CATCHUP,peak,30,566.33,571.75,27.85,15.92
LSP001577,CAM0051,2025-10-10,2025-10-10T10:41:00,FACTUAL,daytime,20,532.74,534.3,11.76,6.28
LSP001578,CAM0033,2025-12-05,2025-12-05T14:34:00,MOVIES,daytime,60,516.57,536.74,9.17,4.92
LSP001579,CAM0050,2025-03-21,2025-03-21T21:48:00,CATCHUP,peak,10,279.56,279.14,31.14,8.69
LSP001580,CAM0054,2025-09-03,2025-09-03T10:53:00,MOVIES,daytime,40,153.15,147.47,6.54,0.96
LSP001581,CAM0047,2025-11-03,2025-11-03T20:24:00,FACTUAL,peak,20,250.85,257.51,30.43,7.84
LSP001582,CAM0038,2025-08-19,2025-08-19T12:15:00,EXTRA,daytime,30,644.26,624.3,9.88,6.17
LSP001583,CAM0036,2025-09-13,2025-09-13T07:58:00,EXTRA,breakfast,30,207.57,213.66,14.47,3.09
LSP001584,CAM0046,2025-10-23,2025-10-23T20:13:00,EXTRA,peak,20,140.84,135.37,24.99,3.38
LSP001585,CAM0057,2025-01-02,2025-01-02T07:44:00,CATCHUP,breakfast,30,395.98,381.58,8.21,3.13
LSP001586,CAM0054,2025-11-20,2025-11-20T20:55:00,CATCHUP,peak,60,557.55,540.68,29.12,15.74
LSP001587,CAM0053,2025-06-01,2025-06-01T12:24:00,MAIN,daytime,30,96.28,99.34,7.74,0.77
LSP001588,CAM0021,2025-11-29,2025-11-29T14:05:00,CATCHUP,daytime,30,616.34,605.31,10.7,6.48
LSP001589,CAM0050,2025-10-09,2025-10-09T20:12:00,FACTUAL,peak,30,356.5,351.26,30.79,10.82
LSP001590,CAM0007,2025-01-18,2025-01-18T07:46:00,MAIN,breakfast,30,676.48,659.29,10.59,6.98
LSP001591,CAM0053,2025-05-23,2025-05-23T23:47:00,CATCHUP,post-peak,30,378.15,363.62,19.51,7.09
LSP001592,CAM0028,2025-08-10,2025-08-10T23:42:00,MOVIES,post-peak,30,251.5,259.65,17.14,4.45
LSP001593,CAM0024,2025-06-03,2025-06-03T21:45:00,MAIN,peak,40,680.54,665.56,25.67,17.08
LSP001594,CAM0052,2025-08-17,2025-08-17T20:06:00,MOVIES,peak,30,663.46,651.19,30.04,19.56
LSP001595,CAM0003,2025-09-25,2025-09-25T20:23:00,CATCHUP,peak,60,195.99,191.32,29.2,5.59
LSP001596,CAM0025,2025-10-01,2025-10-01T21:36:00,CATCHUP,peak,30,169.48,173.34,28.86,5.0
LSP001597,CAM0035,2025-08-10,2025-08-10T20:33:00,CATCHUP,peak,10,404.36,409.55,28.31,11.59
LSP001598,CAM0040,2025-02-07,2025-02-07T18:23:00,CATCHUP,pre-peak,30,185.46,179.19,22.54,4.04
LSP001599,CAM0025,2025-01-12,2025-01-12T21:15:00,EXTRA,peak,10,757.45,780.55,31.93,24.92
LSP001600,CAM0023,2025-08-21,2025-08-21T21:40:00,CATCHUP,peak,30,469.3,464.8,25.94,12.06
LSP001601,CAM0006,2025-10-11,2025-10-11T21:48:00,CATCHUP,peak,30,750.89,767.95,26.7,20.5
LSP001602,CAM0033,2025-06-10,2025-06-10T23:07:00,MOVIES,post-peak,30,392.69,398.06,15.1,6.01
LSP001603,CAM0019,2025-07-17,2025-07-17T20:50:00,MAIN,peak,10,456.36,461.65,23.88,11.02
LSP001604,CAM0006,2025-11-08,2025-11-08T21:25:00,EXTRA,peak,30,249.7,251.76,28.21,7.1
LSP001605,CAM0033,2025-10-28,2025-10-28T08:03:00,FACTUAL,breakfast,40,598.56,580.93,13.76,7.99
LSP001606,CAM0023,2025-12-15,2025-12-15T16:31:00,MAIN,daytime,30,376.34,361.37,9.47,3.42
LSP001607,CAM0009,2025-07-07,2025-07-07T20:00:00,CATCHUP,peak,10,753.57,641.82,24.85,15.95
LSP001608,CAM0046,2025-06-25,2025-06-25T18:03:00,MOVIES,pre-peak,20,208.45,214.25,22.7,4.86
LSP001609,CAM0012,2025-09-15,2025-09-15T12:35:00,CATCHUP,daytime,30,715.57,702.98,6.35,4.46
LSP001610,CAM0032,2025-09-24,2025-09-24T20:58:00,CATCHUP,peak,20,170.69,170.04,23.17,3.94
LSP001611,CAM0027,2025-02-07,2025-02-07T18:59:00,CATCHUP,pre-peak,60,629.32,450.48,25.86,11.65
LSP001612,CAM0036,2025-11-25,2025-11-25T21:03:00,MAIN,peak,10,480.77,485.02,32.97,15.99
LSP001613,CAM0057,2025-02-25,2025-02-25T23:42:00,MAIN,post-peak,30,189.45,195.21,19.95,3.89
LSP001614,CAM0015,2025-08-14,2025-08-14T08:36:00,EXTRA,breakfast,20,82.89,84.94,12.16,1.03
LSP001615,CAM0044,2025-01-08,2025-01-08T07:30:00,FACTUAL,breakfast,40,672.48,692.78,12.02,8.33
LSP001616,CAM0020,2025-10-15,2025-10-15T21:44:00,FACTUAL,peak,20,658.05,661.6,28.09,18.58
LSP001617,CAM0038,2025-10-12,2025-10-12T20:55:00,MOVIES,peak,30,148.63,154.06,31.96,4.92
LSP001618,CAM0027,2025-02-15,2025-02-15T23:50:00,CATCHUP,post-peak,20,783.05,771.2,18.31,14.12
LSP001619,CAM0014,2025-02-06,2025-02-06T07:21:00,MAIN,breakfast,20,313.85,316.63,9.55,3.02
LSP001620,CAM0012,2025-02-05,2025-02-05T18:18:00,EXTRA,pre-peak,60,643.0,630.45,25.64,16.16
LSP001621,CAM0053,2025-05-04,2025-05-04T16:58:00,EXTRA,daytime,30,447.45,439.32,9.27,4.07
LSP001622,CAM0003,2025-08-08,2025-08-08T18:37:00,CATCHUP,pre-peak,20,792.29,817.07,27.31,22.31
LSP001623,CAM0033,2025-04-10,2025-04-10T20:11:00,FACTUAL,peak,60,220.89,226.15,30.2,6.83
LSP001624,CAM0055,2025-06-02,2025-06-02T18:08:00,CATCHUP,pre-peak,10,298.14,305.68,27.27,8.34
LSP001625,CAM0046,2025-01-26,2025-01-26T18:28:00,CATCHUP,pre-peak,30,314.33,311.74,20.06,6.25
LSP001626,CAM0012,2025-01-05,2025-01-05T20:34:00,FACTUAL,peak,60,293.41,249.68,26.02,6.5
LSP001627,CAM0002,2025-12-08,2025-12-08T23:06:00,EXTRA,post-peak,10,763.28,761.0,18.06,13.74
LSP001628,CAM0025,2025-02-18,2025-02-18T20:43:00,MAIN,peak,20,296.4,306.89,30.87,9.47
LSP001629,CAM0004,2025-12-18,2025-12-18T21:10:00,MAIN,peak,30,587.82,575.3,32.63,18.77
LSP001630,CAM0018,2025-12-24,2025-12-24T23:43:00,EXTRA,post-peak,10,719.73,701.43,21.21,14.88
LSP001631,CAM0051,2025-10-17,2025-10-17T16:03:00,MAIN,daytime,20,694.95,706.05,6.3,4.45
LSP001632,CAM0021,2025-02-26,2025-02-26T16:55:00,EXTRA,daytime,30,774.96,786.52,7.56,5.95
LSP001633,CAM0041,2025-11-13,2025-11-13T16:28:00,FACTUAL,daytime,10,766.9,783.16,10.23,8.01
LSP001634,CAM0055,2025-03-08,2025-03-08T18:35:00,MAIN,pre-peak,30,581.22,575.0,18.28,10.51
LSP001635,CAM0015,2025-12-08,2025-12-08T21:04:00,MAIN,peak,10,786.93,798.11,24.81,19.8
LSP001636,CAM0020,2025-01-07,2025-01-07T12:57:00,CATCHUP,daytime,10,52.25,54.08,11.27,0.61
LSP001637,CAM0028,2025-01-24,2025-01-24T20:44:00,FACTUAL,peak,10,104.01,104.95,23.22,2.44
LSP001638,CAM0015,2025-12-01,2025-12-01T16:39:00,CATCHUP,daytime,20,769.88,785.89,7.46,5.86
LSP001639,CAM0024,2025-12-18,2025-12-18T20:09:00,MAIN,peak,30,340.94,272.01,28.33,7.71
LSP001640,CAM0037,2025-01-07,2025-01-07T20:25:00,CATCHUP,peak,30,757.18,760.06,22.96,17.45
LSP001641,CAM0025,2025-08-13,2025-08-13T20:02:00,EXTRA,peak,30,425.72,412.96,33.57,13.86
LSP001642,CAM0014,2025-12-06,2025-12-06T12:54:00,FACTUAL,daytime,30,485.79,480.93,7.35,3.53
LSP001643,CAM0001,2025-07-21,2025-07-21T20:24:00,EXTRA,peak,30,296.07,299.22,32.77,9.81
LSP001644,CAM0005,2025-09-10,2025-09-10T12:24:00,FACTUAL,daytime,30,147.51,144.98,8.76,1.27
LSP001645,CAM0017,2025-04-05,2025-04-05T20:40:00,EXTRA,peak,40,760.27,738.95,32.26,23.84
LSP001646,CAM0020,2025-06-19,2025-06-19T21:04:00,MAIN,peak,40,640.59,647.93,33.6,21.77
LSP001647,CAM0054,2025-12-13,2025-12-13T08:15:00,MAIN,breakfast,40,623.23,643.85,11.57,7.45
LSP001648,CAM0016,2025-01-08,2025-01-08T10:57:00,MAIN,daytime,10,338.02,345.99,9.7,3.36
LSP001649,CAM0001,2025-05-25,2025-05-25T23:21:00,MOVIES,post-peak,30,615.68,618.46,21.86,13.52
LSP001650,CAM0029,2025-06-15,2025-06-15T21:55:00,EXTRA,peak,10,178.24,182.11,26.05,4.74
LSP001651,CAM0026,2025-01-24,2025-01-24T14:53:00,EXTRA,daytime,30,553.28,566.44,11.31,6.41
LSP001652,CAM0010,2025-08-23,2025-08-23T18:33:00,EXTRA,pre-peak,10,241.88,249.43,24.95,6.22
LSP001653,CAM0009,2025-01-01,2025-01-01T23:07:00,MAIN,post-peak,60,308.19,313.46,18.41,5.77
LSP001654,CAM0012,2025-04-07,2025-04-07T18:10:00,MAIN,pre-peak,40,646.45,629.43,21.53,13.55
LSP001655,CAM0059,2025-09-26,2025-09-26T21:33:00,CATCHUP,peak,30,592.09,595.19,27.64,16.45
LSP001656,CAM0050,2025-02-27,2025-02-27T20:13:00,CATCHUP,peak,30,299.24,304.75,33.45,10.19
LSP001657,CAM0037,2025-08-26,2025-08-26T21:30:00,EXTRA,peak,40,568.05,568.81,31.21,17.75
LSP001658,CAM0049,2025-06-23,2025-06-23T23:30:00,CATCHUP,post-peak,60,656.22,641.31,18.38,11.79
LSP001659,CAM0025,2025-11-08,2025-11-08T23:32:00,CATCHUP,post-peak,30,724.41,711.44,21.69,15.43
LSP001660,CAM0020,2025-01-28,2025-01-28T20:32:00,EXTRA,peak,20,591.79,568.18,24.31,13.81
LSP001661,CAM0014,2025-11-11,2025-11-11T16:08:00,EXTRA,daytime,20,546.86,536.01,7.66,4.11
LSP001662,CAM0032,2025-05-23,2025-05-23T20:46:00,EXTRA,peak,40,695.19,671.06,34.66,23.26
LSP001663,CAM0024,2025-10-23,2025-10-23T20:12:00,MAIN,peak,40,144.9,139.26,22.47,3.13
LSP001664,CAM0014,2025-01-26,2025-01-26T14:45:00,EXTRA,daytime,20,689.28,685.91,8.16,5.6
LSP001665,CAM0009,2025-12-23,2025-12-23T21:15:00,FACTUAL,peak,40,195.47,199.52,28.54,5.69
LSP001666,CAM0027,2025-06-21,2025-06-21T21:26:00,FACTUAL,peak,30,197.78,202.92,26.48,5.37
LSP001667,CAM0051,2025-11-01,2025-11-01T14:53:00,MOVIES,daytime,30,394.7,397.37,9.67,3.84
LSP001668,CAM0015,2025-03-09,2025-03-09T21:43:00,MAIN,peak,40,171.42,170.26,33.48,5.7
LSP001669,CAM0044,2025-02-07,2025-02-07T18:24:00,CATCHUP,pre-peak,10,695.45,709.31,23.31,16.53
LSP001670,CAM0008,2025-01-15,2025-01-15T14:53:00,CATCHUP,daytime,60,256.93,254.71,6.91,1.76
LSP001671,CAM0006,2025-04-14,2025-04-14T23:26:00,MOVIES,post-peak,10,425.82,427.77,16.95,7.25
LSP001672,CAM0054,2025-08-02,2025-08-02T21:58:00,MOVIES,peak,30,765.54,737.4,25.04,18.46
LSP001673,CAM0026,2025-03-20,2025-03-20T10:32:00,MOVIES,daytime,30,321.25,315.77,10.58,3.34
LSP001674,CAM0017,2025-06-03,2025-06-03T20:28:00,MOVIES,peak,30,784.77,791.34,24.45,19.35
LSP001675,CAM0015,2025-10-18,2025-10-18T18:00:00,FACTUAL,pre-peak,40,503.39,490.9,26.47,12.99
LSP001676,CAM0025,2025-03-10,2025-03-10T18:53:00,MAIN,pre-peak,10,271.64,265.48,22.11,5.87
LSP001677,CAM0009,2025-06-25,2025-06-25T23:35:00,FACTUAL,post-peak,30,555.13,555.78,18.11,10.07
LSP001678,CAM0057,2025-01-21,2025-01-21T20:31:00,CATCHUP,peak,40,513.27,530.94,23.92,12.7
LSP001679,CAM0016,2025-06-09,2025-06-09T23:45:00,MAIN,post-peak,40,500.59,491.13,15.61,7.67
LSP001680,CAM0022,2025-05-03,2025-05-03T21:46:00,FACTUAL,peak,30,780.58,772.19,22.75,17.57
LSP001681,CAM0035,2025-05-01,2025-05-01T14:16:00,EXTRA,daytime,60,76.05,73.48,10.24,0.75
LSP001682,CAM0024,2025-12-09,2025-12-09T20:25:00,MAIN,peak,30,785.1,807.93,32.12,25.95
LSP001683,CAM0025,2025-12-20,2025-12-20T20:17:00,MOVIES,peak,30,647.05,658.03,31.37,20.64
LSP001684,CAM0018,2025-11-22,2025-11-22T16:12:00,FACTUAL,daytime,20,377.44,392.27,7.63,2.99
LSP001685,CAM0025,2025-11-01,2025-11-01T21:24:00,MAIN,peak,30,206.47,199.52,26.46,5.28
LSP001686,CAM0024,2025-01-12,2025-01-12T20:58:00,MAIN,peak,30,299.03,301.86,34.22,10.33
LSP001687,CAM0033,2025-02-14,2025-02-14T21:11:00,MOVIES,peak,30,156.95,155.33,26.96,4.19
LSP001688,CAM0020,2025-08-17,2025-08-17T12:54:00,EXTRA,daytime,10,389.9,378.57,8.21,3.11
LSP001689,CAM0046,2025-10-29,2025-10-29T23:17:00,EXTRA,post-peak,30,141.9,136.82,19.34,2.65
LSP001690,CAM0017,2025-11-30,2025-11-30T20:12:00,EXTRA,peak,60,722.95,741.26,25.91,19.21
LSP001691,CAM0021,2025-06-08,2025-06-08T12:51:00,MAIN,daytime,30,474.93,485.2,7.36,3.57
LSP001692,CAM0059,2025-12-15,2025-12-15T23:01:00,CATCHUP,post-peak,40,564.69,584.57,20.58,12.03
LSP001693,CAM0059,2025-03-27,2025-03-27T10:07:00,MAIN,daytime,30,597.42,617.31,9.34,5.77
LSP001694,CAM0021,2025-03-22,2025-03-22T12:52:00,FACTUAL,daytime,40,722.2,745.65,10.79,8.05
LSP001695,CAM0017,2025-05-17,2025-05-17T21:41:00,MOVIES,peak,10,134.32,139.32,33.31,4.64
LSP001696,CAM0053,2025-12-13,2025-12-13T07:33:00,MOVIES,breakfast,60,306.08,297.45,14.33,4.26
LSP001697,CAM0030,2025-08-20,2025-08-20T10:27:00,MOVIES,daytime,40,292.94,292.19,6.67,1.95
LSP001698,CAM0059,2025-02-01,2025-02-01T20:02:00,FACTUAL,peak,60,164.38,164.87,22.32,3.68
LSP001699,CAM0024,2025-06-16,2025-06-16T20:42:00,MAIN,peak,10,68.99,70.96,24.32,1.73
LSP001700,CAM0009,2025-02-03,2025-02-03T16:20:00,MOVIES,daytime,40,685.01,680.92,9.63,6.56
LSP001701,CAM0015,2025-10-21,2025-10-21T21:07:00,EXTRA,peak,60,348.5,353.91,28.43,10.06
LSP001702,CAM0011,2025-01-18,2025-01-18T12:12:00,MOVIES,daytime,30,309.4,309.85,8.34,2.58
LSP001703,CAM0059,2025-01-14,2025-01-14T20:11:00,CATCHUP,peak,40,523.38,512.75,23.66,12.13
LSP001704,CAM0024,2025-11-12,2025-11-12T16:57:00,EXTRA,daytime,20,161.27,163.76,10.89,1.78
LSP001705,CAM0015,2025-12-25,2025-12-25T20:57:00,CATCHUP,peak,30,505.94,398.31,28.16,11.22
LSP001706,CAM0045,2025-04-24,2025-04-24T21:14:00,EXTRA,peak,20,367.42,363.01,22.45,8.15
LSP001707,CAM0026,2025-02-16,2025-02-16T23:35:00,MOVIES,post-peak,10,433.59,433.51,21.68,9.4
LSP001708,CAM0049,2025-09-16,2025-09-16T21:53:00,EXTRA,peak,30,78.93,57.61,27.15,1.56
LSP001709,CAM0023,2025-11-27,2025-11-27T21:52:00,CATCHUP,peak,20,719.71,723.18,34.5,24.95
LSP001710,CAM0046,2025-02-15,2025-02-15T23:31:00,MOVIES,post-peak,40,621.53,609.51,17.22,10.5
LSP001711,CAM0013,2025-06-16,2025-06-16T18:16:00,EXTRA,pre-peak,20,207.37,202.67,24.91,5.05
LSP001712,CAM0010,2025-03-14,2025-03-14T23:58:00,CATCHUP,post-peak,10,526.06,517.31,21.98,11.37
LSP001713,CAM0023,2025-10-14,2025-10-14T23:54:00,CATCHUP,post-peak,20,588.02,596.74,20.88,12.46
LSP001714,CAM0012,2025-07-01,2025-07-01T18:24:00,EXTRA,pre-peak,60,716.32,707.01,21.72,15.36
LSP001715,CAM0004,2025-07-19,2025-07-19T14:57:00,MOVIES,daytime,60,649.05,656.72,9.19,6.04
LSP001716,CAM0018,2025-07-23,2025-07-23T21:31:00,FACTUAL,peak,10,670.75,577.22,24.98,14.42
LSP001717,CAM0036,2025-06-06,2025-06-06T21:41:00,CATCHUP,peak,30,161.37,155.84,32.07,5.0
LSP001718,CAM0012,2025-07-25,2025-07-25T20:32:00,FACTUAL,peak,40,349.47,355.62,30.54,10.86
LSP001719,CAM0025,2025-02-02,2025-02-02T16:17:00,MOVIES,daytime,10,321.15,310.17,7.05,2.19
LSP001720,CAM0041,2025-12-04,2025-12-04T08:05:00,MOVIES,breakfast,40,250.75,256.09,12.71,3.25
LSP001721,CAM0022,2025-08-08,2025-08-08T14:36:00,MAIN,daytime,30,590.67,577.04,7.93,4.58
LSP001722,CAM0036,2025-09-12,2025-09-12T16:11:00,MAIN,daytime,30,652.57,627.42,7.01,4.4
LSP001723,CAM0011,2025-12-08,2025-12-08T07:39:00,MOVIES,breakfast,10,151.97,147.71,8.51,1.26
LSP001724,CAM0013,2025-10-20,2025-10-20T14:45:00,MOVIES,daytime,30,352.65,356.8,8.44,3.01
LSP001725,CAM0037,2025-09-25,2025-09-25T20:04:00,EXTRA,peak,30,417.91,403.86,29.83,12.05
LSP001726,CAM0050,2025-04-05,2025-04-05T10:41:00,MOVIES,daytime,40,623.48,615.46,9.46,5.82
LSP001727,CAM0034,2025-10-01,2025-10-01T20:41:00,CATCHUP,peak,30,314.31,325.27,34.23,11.13
LSP001728,CAM0044,2025-10-20,2025-10-20T23:44:00,FACTUAL,post-peak,20,136.47,139.42,16.63,2.32
LSP001729,CAM0013,2025-01-16,2025-01-16T23:43:00,CATCHUP,post-peak,40,301.15,292.59,15.27,4.47
LSP001730,CAM0038,2025-02-05,2025-02-05T16:01:00,FACTUAL,daytime,30,655.67,644.28,9.84,6.34
LSP001731,CAM0052,2025-05-26,2025-05-26T20:45:00,MAIN,peak,10,155.21,154.77,25.98,4.02
LSP001732,CAM0035,2025-12-07,2025-12-07T21:31:00,MOVIES,peak,30,479.3,495.53,33.5,16.6
LSP001733,CAM0006,2025-08-03,2025-08-03T21:24:00,FACTUAL,peak,30,567.97,514.52,22.43,11.54
LSP001734,CAM0027,2025-05-06,2025-05-06T16:44:00,EXTRA,daytime,30,199.38,197.56,7.63,1.51
LSP001735,CAM0028,2025-11-12,2025-11-12T12:29:00,MOVIES,daytime,10,132.43,134.02,6.82,0.91
LSP001736,CAM0045,2025-07-14,2025-07-14T14:13:00,MAIN,daytime,40,328.22,315.3,8.21,2.59
LSP001737,CAM0008,2025-03-24,2025-03-24T20:29:00,MOVIES,peak,40,204.78,212.77,33.09,7.04
LSP001738,CAM0040,2025-05-29,2025-05-29T23:39:00,CATCHUP,post-peak,60,477.44,473.37,21.38,10.12
LSP001739,CAM0027,2025-12-03,2025-12-03T18:19:00,FACTUAL,pre-peak,60,246.29,254.63,25.45,6.48
LSP001740,CAM0020,2025-12-30,2025-12-30T14:04:00,FACTUAL,daytime,30,140.98,142.15,7.47,1.06
LSP001741,CAM0039,2025-05-05,2025-05-05T21:54:00,FACTUAL,peak,30,483.74,486.64,25.51,12.41
LSP001742,CAM0027,2025-05-16,2025-05-16T07:48:00,CATCHUP,breakfast,20,159.58,124.28,10.94,1.36
LSP001743,CAM0039,2025-09-02,2025-09-02T21:13:00,CATCHUP,peak,40,663.18,683.46,29.57,20.21
LSP001744,CAM0018,2025-02-21,2025-02-21T14:06:00,MAIN,daytime,60,478.26,485.58,6.69,3.25
LSP001745,CAM0031,2025-01-23,2025-01-23T20:19:00,CATCHUP,peak,30,194.54,198.97,26.82,5.34
LSP001746,CAM0031,2025-10-27,2025-10-27T10:49:00,EXTRA,daytime,10,233.33,178.91,8.6,1.54
LSP001747,CAM0020,2025-07-15,2025-07-15T23:09:00,CATCHUP,post-peak,20,474.93,461.31,19.9,9.18
LSP001748,CAM0023,2025-02-24,2025-02-24T10:07:00,EXTRA,daytime,40,697.83,691.88,8.14,5.63
LSP001749,CAM0046,2025-11-01,2025-11-01T18:21:00,CATCHUP,pre-peak,30,521.0,540.33,23.55,12.72
LSP001750,CAM0028,2025-02-10,2025-02-10T23:39:00,EXTRA,post-peak,10,245.82,241.85,16.07,3.89
LSP001751,CAM0021,2025-07-23,2025-07-23T18:05:00,MAIN,pre-peak,20,750.91,723.76,20.05,14.51
LSP001752,CAM0057,2025-04-04,2025-04-04T12:26:00,EXTRA,daytime,40,605.65,460.1,7.86,3.62
LSP001753,CAM0019,2025-04-04,2025-04-04T14:13:00,MAIN,daytime,10,275.94,280.67,8.49,2.38
LSP001754,CAM0048,2025-12-21,2025-12-21T20:42:00,MOVIES,peak,60,666.17,641.26,32.29,20.71
LSP001755,CAM0042,2025-06-10,2025-06-10T21:57:00,EXTRA,peak,30,695.27,699.86,22.65,15.85
LSP001756,CAM0057,2025-12-01,2025-12-01T10:42:00,MOVIES,daytime,30,716.95,703.39,11.96,8.41
LSP001757,CAM0020,2025-04-17,2025-04-17T21:03:00,EXTRA,peak,20,452.42,447.59,22.61,10.12
LSP001758,CAM0011,2025-10-14,2025-10-14T20:17:00,MOVIES,peak,30,303.76,299.79,33.34,9.99
LSP001759,CAM0049,2025-03-23,2025-03-23T12:08:00,CATCHUP,daytime,20,517.71,502.65,6.81,3.42
LSP001760,CAM0026,2025-10-21,2025-10-21T23:13:00,EXTRA,post-peak,10,222.29,217.91,17.75,3.87
LSP001761,CAM0005,2025-12-21,2025-12-21T10:57:00,MOVIES,daytime,60,392.22,376.87,11.14,4.2
LSP001762,CAM0010,2025-09-02,2025-09-02T20:22:00,FACTUAL,peak,20,723.98,711.12,26.81,19.07
LSP001763,CAM0004,2025-02-10,2025-02-10T23:11:00,EXTRA,post-peak,40,486.29,498.59,15.37,7.66
LSP001764,CAM0002,2025-04-21,2025-04-21T14:58:00,EXTRA,daytime,10,145.29,140.27,11.83,1.66
LSP001765,CAM0038,2025-01-09,2025-01-09T10:45:00,EXTRA,daytime,20,546.44,526.86,8.24,4.34
LSP001766,CAM0029,2025-07-31,2025-07-31T23:16:00,CATCHUP,post-peak,30,597.24,613.09,17.81,10.92
LSP001767,CAM0041,2025-12-20,2025-12-20T20:52:00,FACTUAL,peak,30,129.4,130.44,33.21,4.33
LSP001768,CAM0017,2025-01-26,2025-01-26T18:40:00,CATCHUP,pre-peak,20,452.62,440.09,24.78,10.91
LSP001769,CAM0041,2025-03-17,2025-03-17T16:55:00,MAIN,daytime,20,166.66,170.7,9.51,1.62
LSP001770,CAM0045,2025-06-25,2025-06-25T18:48:00,CATCHUP,pre-peak,30,584.46,594.97,19.47,11.58
LSP001771,CAM0016,2025-09-06,2025-09-06T14:12:00,MOVIES,daytime,30,627.07,611.33,6.78,4.14
LSP001772,CAM0006,2025-01-25,2025-01-25T10:29:00,CATCHUP,daytime,10,226.78,230.2,8.5,1.96
LSP001773,CAM0059,2025-11-11,2025-11-11T08:58:00,MAIN,breakfast,30,691.29,690.45,12.86,8.88
LSP001774,CAM0052,2025-11-19,2025-11-19T23:38:00,EXTRA,post-peak,30,127.68,128.88,19.56,2.52
LSP001775,CAM0012,2025-11-03,2025-11-03T16:56:00,MAIN,daytime,30,126.52,130.62,11.67,1.52
LSP001776,CAM0048,2025-05-11,2025-05-11T14:35:00,MOVIES,daytime,20,172.66,169.75,6.87,1.17
LSP001777,CAM0025,2025-04-01,2025-04-01T18:20:00,FACTUAL,pre-peak,30,709.3,735.3,27.09,19.92
LSP001778,CAM0048,2025-01-01,2025-01-01T21:52:00,EXTRA,peak,20,782.12,778.54,33.76,26.28
LSP001779,CAM0002,2025-06-06,2025-06-06T20:33:00,MOVIES,peak,30,499.42,479.91,28.04,13.46
LSP001780,CAM0052,2025-03-27,2025-03-27T07:23:00,CATCHUP,breakfast,40,333.14,329.13,12.28,4.04
LSP001781,CAM0056,2025-06-10,2025-06-10T12:43:00,MOVIES,daytime,30,243.03,236.84,8.56,2.03
LSP001782,CAM0043,2025-04-18,2025-04-18T12:56:00,CATCHUP,daytime,40,287.4,280.16,11.53,3.23
LSP001783,CAM0031,2025-06-13,2025-06-13T21:10:00,FACTUAL,peak,30,165.21,170.31,26.54,4.52
LSP001784,CAM0006,2025-03-14,2025-03-14T21:08:00,MAIN,peak,40,326.66,317.71,29.7,9.44
LSP001785,CAM0008,2025-02-06,2025-02-06T16:55:00,MOVIES,daytime,20,81.53,80.33,9.99,0.8
LSP001786,CAM0038,2025-07-25,2025-07-25T14:15:00,MOVIES,daytime,40,590.15,585.84,10.96,6.42
LSP001787,CAM0047,2025-06-01,2025-06-01T20:11:00,MAIN,peak,30,332.74,326.33,28.69,9.36
LSP001788,CAM0042,2025-12-09,2025-12-09T20:06:00,EXTRA,peak,20,592.89,594.71,33.07,19.67
LSP001789,CAM0003,2025-05-20,2025-05-20T20:54:00,EXTRA,peak,40,691.65,699.53,24.3,17.0
LSP001790,CAM0010,2025-02-18,2025-02-18T23:11:00,MAIN,post-peak,30,611.89,632.04,14.9,9.42
LSP001791,CAM0024,2025-10-03,2025-10-03T12:27:00,CATCHUP,daytime,30,451.84,444.54,6.05,2.69
LSP001792,CAM0049,2025-10-26,2025-10-26T10:20:00,FACTUAL,daytime,30,452.93,470.64,10.5,4.94
LSP001793,CAM0054,2025-12-11,2025-12-11T07:50:00,MOVIES,breakfast,20,477.51,494.03,11.1,5.48
LSP001794,CAM0034,2025-09-03,2025-09-03T14:20:00,CATCHUP,daytime,30,631.95,638.92,7.69,4.91
LSP001795,CAM0056,2025-07-24,2025-07-24T21:49:00,MAIN,peak,30,376.51,370.37,24.34,9.01
LSP001796,CAM0040,2025-03-14,2025-03-14T21:27:00,EXTRA,peak,20,106.33,104.68,22.83,2.39
LSP001797,CAM0019,2025-03-25,2025-03-25T20:34:00,EXTRA,peak,60,779.44,778.54,28.64,22.3
LSP001798,CAM0057,2025-10-18,2025-10-18T21:44:00,MAIN,peak,10,403.29,392.11,31.88,12.5
LSP001799,CAM0038,2025-11-09,2025-11-09T20:39:00,FACTUAL,peak,30,567.99,552.58,31.08,17.17
LSP001800,CAM0008,2025-10-09,2025-10-09T07:14:00,MOVIES,breakfast,30,357.37,364.38,12.94,4.72
LSP001801,CAM0004,2025-01-03,2025-01-03T16:12:00,EXTRA,daytime,30,302.5,294.96,6.58,1.94
LSP001802,CAM0021,2025-11-20,2025-11-20T08:51:00,EXTRA,breakfast,30,233.2,228.26,12.97,2.96
LSP001803,CAM0023,2025-10-11,2025-10-11T21:59:00,MOVIES,peak,60,657.74,672.39,31.97,21.5
LSP001804,CAM0004,2025-01-31,2025-01-31T18:34:00,MOVIES,pre-peak,20,666.98,690.11,26.58,18.34
LSP001805,CAM0012,2025-10-12,2025-10-12T23:13:00,CATCHUP,post-peak,30,719.72,741.76,15.63,11.59
LSP001806,CAM0053,2025-09-05,2025-09-05T18:47:00,MAIN,pre-peak,30,302.17,305.34,23.42,7.15
LSP001807,CAM0052,2025-07-26,2025-07-26T12:29:00,MAIN,daytime,20,375.54,383.86,6.0,2.3
LSP001808,CAM0005,2025-04-08,2025-04-08T12:32:00,EXTRA,daytime,20,725.05,704.89,10.04,7.08
LSP001809,CAM0055,2025-09-18,2025-09-18T21:14:00,FACTUAL,peak,20,395.81,407.09,28.87,11.75
LSP001810,CAM0021,2025-12-29,2025-12-29T23:47:00,MAIN,post-peak,30,764.5,757.51,19.21,14.55
LSP001811,CAM0028,2025-11-19,2025-11-19T21:52:00,CATCHUP,peak,20,54.71,54.88,23.31,1.28
LSP001812,CAM0042,2025-05-17,2025-05-17T14:04:00,CATCHUP,daytime,20,400.32,397.43,8.76,3.48
LSP001813,CAM0033,2025-12-22,2025-12-22T10:37:00,MOVIES,daytime,30,689.92,692.18,7.79,5.39
LSP001814,CAM0043,2025-09-12,2025-09-12T12:43:00,MAIN,daytime,40,666.43,660.61,8.21,5.42
LSP001815,CAM0053,2025-07-24,2025-07-24T20:48:00,EXTRA,peak,30,702.41,679.61,26.21,17.81
LSP001816,CAM0014,2025-06-07,2025-06-07T20:37:00,CATCHUP,peak,20,307.57,301.98,27.66,8.35
LSP001817,CAM0041,2025-01-05,2025-01-05T21:47:00,FACTUAL,peak,20,484.5,482.37,30.16,14.55
LSP001818,CAM0010,2025-11-13,2025-11-13T18:37:00,FACTUAL,pre-peak,10,623.35,618.18,18.22,11.26
LSP001819,CAM0001,2025-10-11,2025-10-11T21:29:00,FACTUAL,peak,40,559.79,553.16,30.03,16.61
LSP001820,CAM0037,2025-05-26,2025-05-26T18:04:00,CATCHUP,pre-peak,20,652.05,670.15,19.13,12.82
LSP001821,CAM0030,2025-05-05,2025-05-05T14:29:00,CATCHUP,daytime,40,307.52,309.53,10.85,3.36
LSP001822,CAM0007,2025-07-14,2025-07-14T16:37:00,CATCHUP,daytime,10,248.92,254.74,7.0,1.78
LSP001823,CAM0041,2025-09-21,2025-09-21T21:56:00,MAIN,peak,30,773.64,797.63,22.41,17.87
LSP001824,CAM0026,2025-03-13,2025-03-13T23:02:00,MOVIES,post-peak,30,267.41,258.02,20.72,5.35
LSP001825,CAM0012,2025-05-19,2025-05-19T20:16:00,FACTUAL,peak,30,128.28,128.86,29.02,3.74
LSP001826,CAM0036,2025-04-08,2025-04-08T21:51:00,MAIN,peak,30,411.85,413.2,25.08,10.36
LSP001827,CAM0039,2025-08-31,2025-08-31T14:54:00,MAIN,daytime,30,310.72,304.17,6.9,2.1
LSP001828,CAM0029,2025-07-09,2025-07-09T23:03:00,MAIN,post-peak,20,84.44,83.7,19.43,1.63
LSP001829,CAM0007,2025-10-31,2025-10-31T21:49:00,CATCHUP,peak,30,533.79,497.69,26.65,13.26
LSP001830,CAM0019,2025-02-19,2025-02-19T20:49:00,CATCHUP,peak,20,669.1,677.93,33.66,22.82
LSP001831,CAM0019,2025-08-10,2025-08-10T18:03:00,CATCHUP,pre-peak,60,409.89,394.13,19.18,7.56
LSP001832,CAM0031,2025-03-24,2025-03-24T18:41:00,MAIN,pre-peak,10,134.75,133.97,26.89,3.6
LSP001833,CAM0008,2025-01-25,2025-01-25T14:58:00,FACTUAL,daytime,30,762.27,768.46,11.63,8.94
LSP001834,CAM0026,2025-09-05,2025-09-05T14:21:00,MOVIES,daytime,30,726.79,751.01,6.99,5.25
LSP001835,CAM0003,2025-07-13,2025-07-13T10:49:00,EXTRA,daytime,10,292.71,294.99,11.23,3.31
LSP001836,CAM0009,2025-06-11,2025-06-11T23:49:00,EXTRA,post-peak,20,754.21,760.79,16.65,12.67
LSP001837,CAM0014,2025-11-22,2025-11-22T20:18:00,MOVIES,peak,60,72.05,71.94,27.05,1.95
LSP001838,CAM0035,2025-05-28,2025-05-28T21:20:00,FACTUAL,peak,30,217.13,211.41,33.03,6.98
LSP001839,CAM0053,2025-04-29,2025-04-29T20:20:00,MAIN,peak,30,672.83,661.39,31.47,20.81
LSP001840,CAM0014,2025-02-22,2025-02-22T12:53:00,CATCHUP,daytime,10,52.49,50.93,7.11,0.36
LSP001841,CAM0006,2025-02-04,2025-02-04T23:49:00,MOVIES,post-peak,20,742.35,750.27,17.71,13.29
LSP001842,CAM0011,2025-08-06,2025-08-06T21:34:00,CATCHUP,peak,40,234.79,231.43,30.78,7.12
LSP001843,CAM0036,2025-06-16,2025-06-16T12:37:00,FACTUAL,daytime,20,560.95,570.5,7.88,4.5
LSP001844,CAM0026,2025-03-01,2025-03-01T23:20:00,MOVIES,post-peak,30,511.21,493.0,21.33,10.52
LSP001845,CAM0034,2025-11-23,2025-11-23T08:19:00,CATCHUP,breakfast,10,243.74,239.24,9.61,2.3
LSP001846,CAM0024,2025-11-23,2025-11-23T12:49:00,EXTRA,daytime,30,378.77,386.14,10.39,4.01
LSP001847,CAM0008,2025-08-25,2025-08-25T10:37:00,FACTUAL,daytime,40,654.33,638.6,7.74,4.94
LSP001848,CAM0058,2025-11-05,2025-11-05T12:21:00,EXTRA,daytime,30,432.91,323.32,9.18,2.97
LSP001849,CAM0027,2025-02-12,2025-02-12T21:04:00,EXTRA,peak,20,669.12,674.52,24.37,16.44
LSP001850,CAM0003,2025-09-20,2025-09-20T20:34:00,EXTRA,peak,60,735.21,752.53,28.24,21.25
LSP001851,CAM0031,2025-04-11,2025-04-11T07:52:00,CATCHUP,breakfast,30,187.97,185.16,8.86,1.64
LSP001852,CAM0045,2025-06-06,2025-06-06T18:53:00,EXTRA,pre-peak,30,596.7,611.3,23.12,14.13
LSP001853,CAM0007,2025-09-20,2025-09-20T20:06:00,FACTUAL,peak,30,564.17,554.21,26.96,14.94
LSP001854,CAM0006,2025-09-03,2025-09-03T18:24:00,EXTRA,pre-peak,30,656.8,633.96,21.1,13.38
LSP001855,CAM0014,2025-07-22,2025-07-22T10:38:00,CATCHUP,daytime,30,716.49,712.48,11.83,8.43
LSP001856,CAM0022,2025-01-27,2025-01-27T20:36:00,CATCHUP,peak,60,71.74,51.05,29.74,1.52
LSP001857,CAM0022,2025-09-03,2025-09-03T14:01:00,CATCHUP,daytime,20,674.5,665.89,6.57,4.37
LSP001858,CAM0006,2025-10-04,2025-10-04T20:42:00,CATCHUP,peak,30,728.45,716.49,25.6,18.34
LSP001859,CAM0033,2025-09-22,2025-09-22T16:48:00,CATCHUP,daytime,40,393.37,383.01,11.47,4.39
LSP001860,CAM0024,2025-09-09,2025-09-09T16:45:00,CATCHUP,daytime,30,615.68,616.58,6.67,4.11
LSP001861,CAM0038,2025-01-27,2025-01-27T12:04:00,MOVIES,daytime,40,487.86,492.12,11.38,5.6
LSP001862,CAM0055,2025-11-20,2025-11-20T21:52:00,EXTRA,peak,30,446.61,450.48,33.18,14.95
LSP001863,CAM0058,2025-02-11,2025-02-11T18:59:00,FACTUAL,pre-peak,60,485.45,503.53,27.25,13.72
LSP001864,CAM0052,2025-02-20,2025-02-20T21:50:00,EXTRA,peak,30,422.25,423.03,27.09,11.46
LSP001865,CAM0034,2025-02-23,2025-02-23T08:46:00,EXTRA,breakfast,40,72.26,71.35,11.04,0.79
LSP001866,CAM0035,2025-02-28,2025-02-28T21:36:00,EXTRA,peak,30,789.55,792.0,25.58,20.26
LSP001867,CAM0059,2025-06-22,2025-06-22T20:56:00,MAIN,peak,40,646.2,665.14,32.97,21.93
LSP001868,CAM0037,2025-11-19,2025-11-19T21:53:00,MAIN,peak,30,401.01,311.08,29.28,9.11
LSP001869,CAM0028,2025-08-05,2025-08-05T20:14:00,FACTUAL,peak,10,521.0,531.19,29.0,15.4
LSP001870,CAM0002,2025-08-26,2025-08-26T23:00:00,FACTUAL,post-peak,20,144.9,147.75,14.97,2.21
LSP001871,CAM0037,2025-05-04,2025-05-04T21:05:00,MAIN,peak,20,768.89,790.59,34.8,27.51
LSP001872,CAM0020,2025-03-10,2025-03-10T20:20:00,FACTUAL,peak,10,232.51,233.89,30.97,7.24
LSP001873,CAM0021,2025-10-01,2025-10-01T21:54:00,CATCHUP,peak,40,142.26,137.26,23.76,3.26
LSP001874,CAM0014,2025-08-25,2025-08-25T12:04:00,FACTUAL,daytime,40,646.31,631.09,10.55,6.66
LSP001875,CAM0009,2025-08-14,2025-08-14T08:44:00,FACTUAL,breakfast,30,590.47,578.44,10.47,6.06
LSP001876,CAM0052,2025-11-13,2025-11-13T08:00:00,FACTUAL,breakfast,30,291.32,297.18,14.8,4.4
LSP001877,CAM0006,2025-07-07,2025-07-07T20:18:00,MOVIES,peak,40,234.73,241.5,32.67,7.89
LSP001878,CAM0016,2025-10-27,2025-10-27T20:11:00,FACTUAL,peak,30,642.39,636.21,25.2,16.03
LSP001879,CAM0044,2025-11-11,2025-11-11T08:08:00,CATCHUP,breakfast,20,403.65,388.41,9.11,3.54
LSP001880,CAM0039,2025-08-04,2025-08-04T23:41:00,MOVIES,post-peak,30,53.51,52.63,18.17,0.96
LSP001881,CAM0025,2025-05-11,2025-05-11T14:52:00,MOVIES,daytime,10,76.22,79.26,8.77,0.7
LSP001882,CAM0021,2025-11-21,2025-11-21T23:21:00,CATCHUP,post-peak,60,663.6,658.8,16.12,10.62
LSP001883,CAM0024,2025-03-05,2025-03-05T07:42:00,CATCHUP,breakfast,30,50.92,49.75,9.85,0.49
LSP001884,CAM0032,2025-08-03,2025-08-03T12:08:00,CATCHUP,daytime,60,126.84,128.63,8.72,1.12
LSP001885,CAM0034,2025-10-24,2025-10-24T14:20:00,EXTRA,daytime,10,481.51,463.98,8.97,4.16
LSP001886,CAM0017,2025-12-22,2025-12-22T21:58:00,CATCHUP,peak,40,773.89,778.2,24.25,18.87
LSP001887,CAM0035,2025-05-23,2025-05-23T23:32:00,MOVIES,post-peak,60,252.22,261.52,14.9,3.9
LSP001888,CAM0046,2025-05-02,2025-05-02T21:49:00,FACTUAL,peak,30,611.46,628.38,23.6,14.83
LSP001889,CAM0018,2025-04-11,2025-04-11T07:27:00,CATCHUP,breakfast,30,788.84,805.09,13.87,11.17
LSP001890,CAM0053,2025-05-19,2025-05-19T21:49:00,MAIN,peak,20,278.8,278.89,28.8,8.03
LSP001891,CAM0005,2025-09-17,2025-09-17T20:35:00,MOVIES,peak,30,538.92,539.44,31.52,17.0
LSP001892,CAM0014,2025-07-27,2025-07-27T14:30:00,MOVIES,daytime,10,672.05,683.74,9.63,6.58
LSP001893,CAM0040,2025-02-27,2025-02-27T23:22:00,EXTRA,post-peak,30,669.43,694.56,15.49,10.76
LSP001894,CAM0009,2025-07-22,2025-07-22T10:16:00,EXTRA,daytime,10,742.87,763.51,11.17,8.53
LSP001895,CAM0015,2025-02-13,2025-02-13T20:46:00,FACTUAL,peak,30,396.37,349.56,22.86,7.99
LSP001896,CAM0004,2025-12-29,2025-12-29T21:44:00,CATCHUP,peak,60,578.12,564.94,25.52,14.42
LSP001897,CAM0050,2025-05-03,2025-05-03T21:41:00,MAIN,peak,10,516.04,508.18,34.41,17.49
LSP001898,CAM0010,2025-03-15,2025-03-15T21:34:00,MOVIES,peak,10,490.54,489.55,31.68,15.51
LSP001899,CAM0017,2025-10-22,2025-10-22T18:11:00,EXTRA,pre-peak,30,108.6,106.85,19.44,2.08
LSP001900,CAM0019,2025-01-08,2025-01-08T14:56:00,EXTRA,daytime,20,364.41,373.98,6.31,2.36
LSP001901,CAM0013,2025-06-06,2025-06-06T18:27:00,MAIN,pre-peak,40,336.11,322.99,23.46,7.58
LSP001902,CAM0029,2025-12-22,2025-12-22T20:03:00,EXTRA,peak,60,76.36,78.07,25.07,1.96
LSP001903,CAM0058,2025-08-01,2025-08-01T21:04:00,CATCHUP,peak,30,197.45,198.77,22.13,4.4
LSP001904,CAM0030,2025-09-01,2025-09-01T20:01:00,MAIN,peak,10,421.2,436.54,29.32,12.8
LSP001905,CAM0001,2025-01-14,2025-01-14T21:13:00,CATCHUP,peak,30,117.11,112.75,27.87,3.14
LSP001906,CAM0011,2025-02-17,2025-02-17T10:34:00,MOVIES,daytime,30,80.94,83.43,9.93,0.83
LSP001907,CAM0032,2025-03-14,2025-03-14T12:01:00,FACTUAL,daytime,30,702.6,690.2,8.45,5.83
LSP001908,CAM0008,2025-09-11,2025-09-11T10:10:00,CATCHUP,daytime,60,794.61,815.86,8.73,7.12
LSP001909,CAM0020,2025-05-06,2025-05-06T18:09:00,EXTRA,pre-peak,60,276.15,285.66,19.32,5.52
LSP001910,CAM0024,2025-03-15,2025-03-15T10:25:00,MAIN,daytime,20,306.74,308.89,10.53,3.25
LSP001911,CAM0010,2025-12-07,2025-12-07T21:37:00,FACTUAL,peak,30,606.43,623.05,33.48,20.86
LSP001912,CAM0025,2025-11-12,2025-11-12T07:43:00,EXTRA,breakfast,30,531.16,513.92,14.46,7.43
LSP001913,CAM0031,2025-07-29,2025-07-29T08:29:00,CATCHUP,breakfast,60,275.08,285.43,12.74,3.64
LSP001914,CAM0018,2025-06-26,2025-06-26T21:22:00,CATCHUP,peak,30,313.07,303.84,23.38,7.1
LSP001915,CAM0043,2025-02-26,2025-02-26T16:59:00,CATCHUP,daytime,30,741.64,759.76,9.24,7.02
LSP001916,CAM0026,2025-12-26,2025-12-26T14:38:00,CATCHUP,daytime,30,241.47,247.09,11.45,2.83
LSP001917,CAM0033,2025-12-12,2025-12-12T18:13:00,MOVIES,pre-peak,30,799.35,799.36,20.69,16.54
LSP001918,CAM0030,2025-05-13,2025-05-13T07:47:00,EXTRA,breakfast,30,665.65,643.74,11.95,7.69
LSP001919,CAM0037,2025-01-17,2025-01-17T20:39:00,CATCHUP,peak,20,114.32,110.21,29.43,3.24
LSP001920,CAM0047,2025-09-28,2025-09-28T23:49:00,EXTRA,post-peak,30,505.95,490.89,15.58,7.65
LSP001921,CAM0021,2025-04-28,2025-04-28T14:17:00,CATCHUP,daytime,30,252.81,243.49,6.95,1.69
LSP001922,CAM0015,2025-10-21,2025-10-21T23:26:00,FACTUAL,post-peak,30,373.77,384.41,15.35,5.9
LSP001923,CAM0011,2025-04-13,2025-04-13T21:31:00,EXTRA,peak,60,60.91,58.48,24.71,1.45
LSP001924,CAM0014,2025-01-02,2025-01-02T08:01:00,CATCHUP,breakfast,30,332.68,339.17,14.96,5.07
LSP001925,CAM0030,2025-05-03,2025-05-03T20:39:00,MAIN,peak,10,437.12,446.85,34.99,15.64
LSP001926,CAM0008,2025-05-10,2025-05-10T10:51:00,MAIN,daytime,10,484.73,468.92,9.41,4.41
LSP001927,CAM0048,2025-11-18,2025-11-18T10:15:00,EXTRA,daytime,40,420.85,429.0,9.49,4.07
LSP001928,CAM0035,2025-10-23,2025-10-23T21:47:00,CATCHUP,peak,10,341.15,347.51,25.9,9.0
LSP001929,CAM0054,2025-02-12,2025-02-12T23:55:00,CATCHUP,post-peak,30,410.02,401.65,14.41,5.79
LSP001930,CAM0059,2025-11-02,2025-11-02T21:37:00,CATCHUP,peak,30,563.22,546.04,23.26,12.7
LSP001931,CAM0054,2025-05-06,2025-05-06T23:05:00,MAIN,post-peak,30,711.79,721.02,18.44,13.3
LSP001932,CAM0024,2025-12-22,2025-12-22T14:32:00,EXTRA,daytime,60,480.0,466.56,6.11,2.85
LSP001933,CAM0041,2025-05-14,2025-05-14T21:42:00,MAIN,peak,10,322.26,315.54,27.37,8.64
LSP001934,CAM0002,2025-08-17,2025-08-17T16:36:00,CATCHUP,daytime,30,237.79,241.67,11.18,2.7
LSP001935,CAM0028,2025-08-15,2025-08-15T10:03:00,MAIN,daytime,10,462.9,468.23,6.1,2.86
LSP001936,CAM0009,2025-12-28,2025-12-28T21:58:00,MAIN,peak,40,430.25,435.5,28.67,12.49
LSP001937,CAM0039,2025-05-28,2025-05-28T23:09:00,MOVIES,post-peak,20,75.26,77.59,17.98,1.4
LSP001938,CAM0045,2025-06-16,2025-06-16T23:29:00,EXTRA,post-peak,60,734.56,716.5,16.49,11.82
LSP001939,CAM0015,2025-06-26,2025-06-26T23:01:00,MAIN,post-peak,30,115.39,119.94,18.48,2.22
LSP001940,CAM0009,2025-10-10,2025-10-10T21:06:00,CATCHUP,peak,10,564.96,570.76,32.22,18.39
LSP001941,CAM0021,2025-06-27,2025-06-27T20:18:00,MOVIES,peak,10,712.53,718.32,24.85,17.85
LSP001942,CAM0017,2025-08-07,2025-08-07T18:03:00,MAIN,pre-peak,20,471.17,469.6,18.3,8.59
LSP001943,CAM0047,2025-03-31,2025-03-31T12:57:00,EXTRA,daytime,30,601.26,597.76,8.11,4.85
LSP001944,CAM0009,2025-01-16,2025-01-16T20:16:00,CATCHUP,peak,40,330.7,328.83,31.77,10.45
LSP001945,CAM0015,2025-05-13,2025-05-13T16:46:00,MAIN,daytime,30,541.32,562.04,8.51,4.78
LSP001946,CAM0015,2025-11-21,2025-11-21T16:52:00,MAIN,daytime,10,516.53,496.15,9.0,4.47
LSP001947,CAM0048,2025-11-17,2025-11-17T23:46:00,FACTUAL,post-peak,30,684.01,675.79,21.69,14.66
LSP001948,CAM0006,2025-09-09,2025-09-09T23:34:00,EXTRA,post-peak,20,755.15,770.22,15.01,11.56
LSP001949,CAM0030,2025-12-09,2025-12-09T23:25:00,MOVIES,post-peak,10,432.04,439.08,17.1,7.51
LSP001950,CAM0023,2025-12-24,2025-12-24T21:09:00,EXTRA,peak,30,787.67,795.32,27.75,22.07
LSP001951,CAM0027,2025-10-07,2025-10-07T18:54:00,FACTUAL,pre-peak,60,517.66,531.32,24.62,13.08
LSP001952,CAM0038,2025-01-31,2025-01-31T20:23:00,MAIN,peak,10,359.59,368.4,25.94,9.56
LSP001953,CAM0037,2025-09-05,2025-09-05T23:09:00,EXTRA,post-peak,20,284.91,278.29,14.43,4.02
LSP001954,CAM0047,2025-08-03,2025-08-03T21:48:00,MOVIES,peak,30,164.27,158.84,32.28,5.13
LSP001955,CAM0028,2025-05-10,2025-05-10T20:48:00,FACTUAL,peak,20,317.69,309.36,34.61,10.71
LSP001956,CAM0043,2025-12-20,2025-12-20T14:18:00,MAIN,daytime,60,142.79,144.07,10.64,1.53
LSP001957,CAM0035,2025-10-09,2025-10-09T08:09:00,MOVIES,breakfast,20,51.89,50.78,9.58,0.49
LSP001958,CAM0044,2025-10-28,2025-10-28T21:32:00,CATCHUP,peak,60,184.08,184.33,29.63,5.46
LSP001959,CAM0027,2025-10-02,2025-10-02T07:25:00,MOVIES,breakfast,30,699.63,631.92,13.72,8.67
LSP001960,CAM0003,2025-04-04,2025-04-04T10:52:00,FACTUAL,daytime,30,197.05,190.46,10.36,1.97
LSP001961,CAM0016,2025-01-16,2025-01-16T10:25:00,MAIN,daytime,30,508.48,505.38,10.94,5.53
LSP001962,CAM0016,2025-09-12,2025-09-12T10:45:00,CATCHUP,daytime,30,89.65,87.23,12.0,1.05
LSP001963,CAM0013,2025-02-23,2025-02-23T20:35:00,CATCHUP,peak,30,503.29,486.39,32.5,15.81
LSP001964,CAM0003,2025-01-07,2025-01-07T12:58:00,MOVIES,daytime,60,137.58,139.67,10.49,1.47
LSP001965,CAM0038,2025-08-27,2025-08-27T21:35:00,MOVIES,peak,10,635.51,642.14,27.04,17.36
LSP001966,CAM0010,2025-07-01,2025-07-01T21:39:00,MAIN,peak,40,430.5,435.6,32.99,14.37
LSP001967,CAM0041,2025-08-27,2025-08-27T21:21:00,FACTUAL,peak,10,521.51,540.63,26.43,14.29
LSP001968,CAM0022,2025-09-29,2025-09-29T12:07:00,MAIN,daytime,30,741.97,752.42,11.02,8.29
LSP001969,CAM0034,2025-01-02,2025-01-02T18:49:00,MOVIES,pre-peak,30,620.34,618.75,27.45,16.98
LSP001970,CAM0007,2025-08-07,2025-08-07T07:44:00,CATCHUP,breakfast,10,634.4,651.39,8.91,5.8
LSP001971,CAM0013,2025-12-13,2025-12-13T20:48:00,CATCHUP,peak,40,790.88,790.27,23.57,18.63
LSP001972,CAM0013,2025-09-06,2025-09-06T16:14:00,MAIN,daytime,30,708.73,686.39,11.42,7.84
LSP001973,CAM0012,2025-05-27,2025-05-27T20:43:00,CATCHUP,peak,30,638.28,662.29,22.41,14.84
LSP001974,CAM0011,2025-11-30,2025-11-30T14:55:00,FACTUAL,daytime,20,648.8,668.33,11.78,7.87
LSP001975,CAM0011,2025-03-04,2025-03-04T18:02:00,MOVIES,pre-peak,30,551.67,545.16,22.56,12.3
LSP001976,CAM0026,2025-12-08,2025-12-08T18:24:00,MOVIES,pre-peak,40,561.98,567.36,19.18,10.88
LSP001977,CAM0037,2025-07-06,2025-07-06T21:56:00,EXTRA,peak,10,291.39,299.29,33.63,10.07
LSP001978,CAM0053,2025-03-16,2025-03-16T18:00:00,MOVIES,pre-peak,10,213.19,221.36,27.55,6.1
LSP001979,CAM0042,2025-09-25,2025-09-25T21:57:00,EXTRA,peak,30,686.4,697.1,30.06,20.95
LSP001980,CAM0056,2025-04-24,2025-04-24T20:18:00,CATCHUP,peak,60,269.63,259.35,25.92,6.72
LSP001981,CAM0007,2025-08-06,2025-08-06T20:51:00,MAIN,peak,60,61.6,59.37,23.31,1.38
LSP001982,CAM0059,2025-02-06,2025-02-06T18:46:00,FACTUAL,pre-peak,60,655.66,649.79,20.91,13.59
LSP001983,CAM0046,2025-05-06,2025-05-06T14:55:00,CATCHUP,daytime,60,297.5,287.76,6.02,1.73
LSP001984,CAM0002,2025-03-02,2025-03-02T21:17:00,MOVIES,peak,30,244.68,244.5,32.66,7.99
LSP001985,CAM0038,2025-08-06,2025-08-06T21:07:00,FACTUAL,peak,30,235.09,239.69,33.89,8.12
LSP001986,CAM0008,2025-03-12,2025-03-12T20:04:00,MOVIES,peak,30,297.14,290.82,26.84,7.81
LSP001987,CAM0037,2025-09-12,2025-09-12T20:21:00,FACTUAL,peak,30,166.07,167.92,31.91,5.36
LSP001988,CAM0052,2025-11-03,2025-11-03T18:14:00,MOVIES,pre-peak,10,165.13,164.27,25.38,4.17
LSP001989,CAM0024,2025-05-24,2025-05-24T18:29:00,MOVIES,pre-peak,20,77.51,75.04,22.61,1.7
LSP001990,CAM0004,2025-09-14,2025-09-14T18:23:00,MOVIES,pre-peak,60,247.68,248.31,24.41,6.06
LSP001991,CAM0015,2025-09-04,2025-09-04T20:03:00,EXTRA,peak,10,415.01,405.99,22.21,9.02
LSP001992,CAM0012,2025-08-15,2025-08-15T16:04:00,FACTUAL,daytime,30,685.01,694.42,8.3,5.76
LSP001993,CAM0011,2025-10-16,2025-10-16T12:16:00,MOVIES,daytime,40,446.06,460.1,7.12,3.28
LSP001994,CAM0034,2025-06-03,2025-06-03T23:28:00,MOVIES,post-peak,30,238.0,203.88,17.02,3.47
LSP001995,CAM0014,2025-03-15,2025-03-15T20:04:00,EXTRA,peak,30,206.18,213.12,28.19,6.01
LSP001996,CAM0045,2025-03-12,2025-03-12T16:08:00,EXTRA,daytime,30,373.43,372.69,6.31,2.35
LSP001997,CAM0058,2025-12-10,2025-12-10T21:51:00,FACTUAL,peak,30,738.89,732.59,30.83,22.59
LSP001998,CAM0012,2025-01-30,2025-01-30T21:49:00,FACTUAL,peak,60,226.49,201.39,30.93,6.23
LSP001999,CAM0054,2025-11-06,2025-11-06T21:30:00,EXTRA,peak,30,363.59,375.36,29.75,11.17
LSP002000,CAM0029,2025-08-08,2025-08-08T23:49:00,MAIN,post-peak,30,193.89,191.12,17.6,3.36
LSP002001,CAM0048,2025-08-31,2025-08-31T20:56:00,MOVIES,peak,30,583.01,567.1,33.06,18.75
LSP002002,CAM0038,2025-12-27,2025-12-27T21:15:00,CATCHUP,peak,30,160.37,156.65,27.23,4.27
LSP002003,CAM0054,2025-03-08,2025-03-08T18:13:00,EXTRA,pre-peak,10,579.62,586.27,22.82,13.38
LSP002004,CAM0007,2025-02-08,2025-02-08T21:53:00,FACTUAL,peak,40,715.26,693.56,28.39,19.69
LSP002005,CAM0028,2025-03-26,2025-03-26T08:18:00,EXTRA,breakfast,30,712.28,700.25,13.86,9.71
LSP002006,CAM0026,2025-10-23,2025-10-23T20:02:00,FACTUAL,peak,20,755.0,782.5,22.1,17.29
LSP002007,CAM0038,2025-04-02,2025-04-02T12:57:00,EXTRA,daytime,40,359.91,361.89,9.3,3.37
LSP002008,CAM0007,2025-05-17,2025-05-17T12:25:00,FACTUAL,daytime,30,671.62,674.11,11.21,7.56
LSP002009,CAM0029,2025-08-26,2025-08-26T21:48:00,MAIN,peak,20,654.67,676.87,27.79,18.81
LSP002010,CAM0050,2025-01-21,2025-01-21T21:43:00,MAIN,peak,10,268.4,261.63,32.86,8.6
LSP002011,CAM0012,2025-05-10,2025-05-10T23:24:00,CATCHUP,post-peak,20,689.61,686.33,18.51,12.7
LSP002012,CAM0051,2025-08-16,2025-08-16T18:15:00,CATCHUP,pre-peak,10,454.95,437.94,21.98,9.63
LSP002013,CAM0021,2025-05-14,2025-05-14T08:56:00,FACTUAL,breakfast,30,596.4,598.79,8.76,5.25
LSP002014,CAM0039,2025-04-23,2025-04-23T21:14:00,EXTRA,peak,30,575.54,575.23,29.03,16.7
LSP002015,CAM0006,2025-03-23,2025-03-23T23:07:00,MOVIES,post-peak,20,311.05,290.52,18.51,5.38
LSP002016,CAM0028,2025-01-31,2025-01-31T10:27:00,MOVIES,daytime,30,346.35,337.25,11.18,3.77
LSP002017,CAM0036,2025-11-26,2025-11-26T16:13:00,CATCHUP,daytime,30,248.58,250.3,6.14,1.54
LSP002018,CAM0047,2025-01-01,2025-01-01T20:34:00,MOVIES,peak,30,662.05,661.79,26.72,17.68
LSP002019,CAM0027,2025-01-12,2025-01-12T12:34:00,MAIN,daytime,40,586.15,607.71,11.07,6.73
LSP002020,CAM0039,2025-01-24,2025-01-24T12:49:00,MAIN,daytime,30,632.47,651.8,7.43,4.84
LSP002021,CAM0003,2025-05-24,2025-05-24T14:36:00,MAIN,daytime,30,218.88,216.23,7.15,1.55
LSP002022,CAM0014,2025-03-30,2025-03-30T07:10:00,EXTRA,breakfast,30,100.43,99.42,12.56,1.25
LSP002023,CAM0022,2025-06-26,2025-06-26T21:03:00,MAIN,peak,30,713.55,704.28,26.27,18.5
LSP002024,CAM0046,2025-12-16,2025-12-16T23:14:00,MOVIES,post-peak,30,428.22,430.28,19.56,8.42
LSP002025,CAM0014,2025-11-16,2025-11-16T12:49:00,EXTRA,daytime,20,706.36,692.02,11.51,7.97
LSP002026,CAM0038,2025-08-07,2025-08-07T10:51:00,CATCHUP,daytime,10,310.11,311.06,9.87,3.07
LSP002027,CAM0008,2025-03-06,2025-03-06T21:50:00,FACTUAL,peak,60,252.67,254.28,27.78,7.06
LSP002028,CAM0022,2025-11-03,2025-11-03T18:58:00,CATCHUP,pre-peak,30,511.09,495.47,20.43,10.12
LSP002029,CAM0032,2025-07-25,2025-07-25T12:30:00,MOVIES,daytime,30,491.0,473.94,6.09,2.89
LSP002030,CAM0012,2025-11-01,2025-11-01T21:17:00,MAIN,peak,30,202.36,204.34,32.36,6.61
LSP002031,CAM0038,2025-03-09,2025-03-09T12:28:00,MAIN,daytime,40,221.81,217.06,8.4,1.82
LSP002032,CAM0028,2025-05-21,2025-05-21T20:09:00,CATCHUP,peak,40,738.36,714.9,33.77,24.14
LSP002033,CAM0045,2025-01-14,2025-01-14T23:27:00,MAIN,post-peak,30,656.49,630.47,18.74,11.82
LSP002034,CAM0043,2025-09-30,2025-09-30T23:20:00,EXTRA,post-peak,30,95.81,92.79,16.83,1.56
LSP002035,CAM0015,2025-06-19,2025-06-19T16:20:00,MAIN,daytime,30,207.41,200.78,9.84,1.98
LSP002036,CAM0020,2025-05-02,2025-05-02T20:03:00,CATCHUP,peak,60,381.21,380.02,23.82,9.05
LSP002037,CAM0030,2025-11-06,2025-11-06T23:23:00,FACTUAL,post-peak,60,148.47,148.49,15.89,2.36
LSP002038,CAM0053,2025-05-11,2025-05-11T20:43:00,FACTUAL,peak,40,748.83,754.26,31.57,23.81
LSP002039,CAM0001,2025-06-04,2025-06-04T21:30:00,MOVIES,peak,10,373.57,383.42,24.58,9.42
LSP002040,CAM0014,2025-05-01,2025-05-01T21:37:00,CATCHUP,peak,30,372.5,383.6,34.26,13.14
LSP002041,CAM0011,2025-06-24,2025-06-24T18:34:00,FACTUAL,pre-peak,30,256.2,252.79,23.03,5.82
LSP002042,CAM0051,2025-07-03,2025-07-03T21:33:00,EXTRA,peak,60,604.11,617.39,31.09,19.19
LSP002043,CAM0046,2025-09-02,2025-09-02T10:50:00,EXTRA,daytime,10,604.74,603.88,9.95,6.01
LSP002044,CAM0050,2025-03-28,2025-03-28T18:59:00,EXTRA,pre-peak,60,635.1,647.15,18.8,12.17
LSP002045,CAM0038,2025-07-20,2025-07-20T12:10:00,EXTRA,daytime,20,702.18,509.44,7.1,3.62
LSP002046,CAM0047,2025-12-06,2025-12-06T23:25:00,EXTRA,post-peak,60,712.19,693.51,17.29,11.99
LSP002047,CAM0038,2025-05-09,2025-05-09T21:41:00,MAIN,peak,10,688.31,669.73,33.99,22.76
LSP002048,CAM0006,2025-05-28,2025-05-28T20:11:00,CATCHUP,peak,10,641.05,649.01,27.13,17.61
LSP002049,CAM0054,2025-12-22,2025-12-22T18:08:00,MOVIES,pre-peak,30,50.19,51.76,26.28,1.36
LSP002050,CAM0004,2025-10-25,2025-10-25T18:12:00,EXTRA,pre-peak,10,407.91,392.88,25.17,9.89
LSP002051,CAM0040,2025-02-08,2025-02-08T08:48:00,MAIN,breakfast,30,214.7,209.56,12.33,2.58
LSP002052,CAM0009,2025-03-24,2025-03-24T16:29:00,MAIN,daytime,10,762.23,783.71,10.17,7.97
LSP002053,CAM0027,2025-01-11,2025-01-11T23:09:00,MOVIES,post-peak,30,544.31,534.77,14.89,7.96
LSP002054,CAM0044,2025-08-03,2025-08-03T21:03:00,MOVIES,peak,30,702.73,686.9,28.83,19.8
LSP002055,CAM0023,2025-01-06,2025-01-06T07:20:00,EXTRA,breakfast,30,180.1,174.19,13.78,2.4
LSP002056,CAM0043,2025-03-17,2025-03-17T21:43:00,MAIN,peak,20,787.28,805.32,23.49,18.92
LSP002057,CAM0042,2025-11-13,2025-11-13T14:45:00,MAIN,daytime,30,274.75,279.48,8.33,2.33
LSP002058,CAM0018,2025-05-28,2025-05-28T10:47:00,EXTRA,daytime,30,184.01,189.82,9.14,1.73
LSP002059,CAM0031,2025-08-04,2025-08-04T23:48:00,MAIN,post-peak,30,693.99,680.17,16.34,11.11
LSP002060,CAM0040,2025-01-24,2025-01-24T21:56:00,MOVIES,peak,60,102.1,100.79,28.65,2.89
LSP002061,CAM0029,2025-01-11,2025-01-11T23:53:00,MOVIES,post-peak,30,511.62,503.43,15.46,7.78
LSP002062,CAM0057,2025-03-28,2025-03-28T14:14:00,MOVIES,daytime,30,249.96,255.33,7.01,1.79
LSP002063,CAM0018,2025-06-26,2025-06-26T18:21:00,EXTRA,pre-peak,30,667.94,665.2,25.61,17.04
LSP002064,CAM0001,2025-03-26,2025-03-26T16:18:00,CATCHUP,daytime,30,609.02,621.74,8.51,5.29
LSP002065,CAM0037,2025-01-22,2025-01-22T14:29:00,EXTRA,daytime,20,436.79,428.62,9.92,4.25
LSP002066,CAM0001,2025-11-01,2025-11-01T16:32:00,FACTUAL,daytime,40,714.23,739.58,7.05,5.21
LSP002067,CAM0026,2025-05-23,2025-05-23T14:49:00,CATCHUP,daytime,30,62.0,62.4,7.32,0.46
LSP002068,CAM0035,2025-02-09,2025-02-09T14:27:00,MAIN,daytime,30,416.55,413.57,6.56,2.71
LSP002069,CAM0015,2025-08-22,2025-08-22T20:58:00,CATCHUP,peak,30,256.86,254.73,26.88,6.85
LSP002070,CAM0035,2025-08-20,2025-08-20T21:54:00,FACTUAL,peak,30,242.31,241.68,30.83,7.45
LSP002071,CAM0025,2025-04-30,2025-04-30T18:59:00,MAIN,pre-peak,30,544.34,526.36,21.73,11.44
LSP002072,CAM0034,2025-11-08,2025-11-08T20:03:00,EXTRA,peak,30,406.53,409.03,23.43,9.58
LSP002073,CAM0050,2025-09-22,2025-09-22T16:02:00,MOVIES,daytime,40,680.94,654.82,11.86,7.77
LSP002074,CAM0024,2025-07-30,2025-07-30T21:27:00,MAIN,peak,30,724.57,709.96,25.47,18.08
LSP002075,CAM0028,2025-10-31,2025-10-31T20:13:00,MAIN,peak,30,412.29,402.76,32.63,13.14
LSP002076,CAM0031,2025-12-25,2025-12-25T21:57:00,MAIN,peak,30,749.76,730.77,27.33,19.97
LSP002077,CAM0055,2025-09-01,2025-09-01T23:41:00,FACTUAL,post-peak,60,110.96,91.3,18.06,1.65
LSP002078,CAM0033,2025-08-09,2025-08-09T16:32:00,FACTUAL,daytime,40,498.35,493.85,10.51,5.19
LSP002079,CAM0037,2025-08-01,2025-08-01T12:43:00,EXTRA,daytime,40,436.28,448.42,10.54,4.73
LSP002080,CAM0026,2025-01-13,2025-01-13T21:20:00,FACTUAL,peak,60,66.43,65.38,23.79,1.56
LSP002081,CAM0054,2025-03-02,2025-03-02T21:03:00,FACTUAL,peak,40,692.34,703.43,23.01,16.19
LSP002082,CAM0056,2025-07-25,2025-07-25T21:28:00,MAIN,peak,30,343.07,331.03,22.91,7.58
LSP002083,CAM0049,2025-03-25,2025-03-25T20:43:00,MAIN,peak,30,193.74,195.0,31.97,6.23
LSP002084,CAM0033,2025-11-12,2025-11-12T08:36:00,CATCHUP,breakfast,20,417.9,415.18,10.26,4.26
LSP002085,CAM0057,2025-04-15,2025-04-15T21:14:00,MOVIES,peak,10,393.16,377.62,27.5,10.38
LSP002086,CAM0054,2025-06-07,2025-06-07T20:10:00,MOVIES,peak,30,268.95,234.61,29.69,6.97
LSP002087,CAM0044,2025-12-07,2025-12-07T14:56:00,MAIN,daytime,40,628.31,618.38,11.94,7.38
LSP002088,CAM0039,2025-12-21,2025-12-21T07:18:00,FACTUAL,breakfast,60,474.19,472.28,14.96,7.07
LSP002089,CAM0039,2025-04-02,2025-04-02T08:21:00,CATCHUP,breakfast,30,192.39,200.03,11.71,2.34
LSP002090,CAM0018,2025-04-29,2025-04-29T20:32:00,FACTUAL,peak,40,639.76,649.86,32.18,20.91
LSP002091,CAM0045,2025-12-14,2025-12-14T21:04:00,MOVIES,peak,40,454.08,454.15,34.06,15.47
LSP002092,CAM0025,2025-11-21,2025-11-21T18:41:00,FACTUAL,pre-peak,40,216.35,222.98,23.28,5.19
LSP002093,CAM0056,2025-01-27,2025-01-27T10:41:00,FACTUAL,daytime,60,485.69,471.78,11.1,5.24
LSP002094,CAM0033,2025-02-17,2025-02-17T16:12:00,MOVIES,daytime,60,84.79,87.75,11.86,1.04
LSP002095,CAM0027,2025-11-19,2025-11-19T16:28:00,MAIN,daytime,20,73.32,70.57,9.84,0.69
LSP002096,CAM0056,2025-02-03,2025-02-03T18:25:00,EXTRA,pre-peak,30,174.2,174.9,24.51,4.29
LSP002097,CAM0050,2025-06-01,2025-06-01T21:53:00,CATCHUP,peak,30,614.2,555.33,27.95,15.52
LSP002098,CAM0034,2025-09-17,2025-09-17T20:21:00,CATCHUP,peak,20,531.19,521.65,22.98,11.99
LSP002099,CAM0035,2025-01-02,2025-01-02T18:37:00,MAIN,pre-peak,40,499.88,514.22,19.71,10.14
LSP002100,CAM0031,2025-07-27,2025-07-27T18:00:00,CATCHUP,pre-peak,10,447.79,438.48,19.2,8.42
LSP002101,CAM0004,2025-11-22,2025-11-22T21:11:00,MOVIES,peak,20,554.39,544.66,24.84,13.53
LSP002102,CAM0052,2025-11-01,2025-11-01T18:41:00,EXTRA,pre-peak,40,239.81,243.27,26.75,6.51
LSP002103,CAM0058,2025-01-04,2025-01-04T08:00:00,FACTUAL,breakfast,60,546.44,537.62,12.6,6.77
LSP002104,CAM0024,2025-04-21,2025-04-21T18:01:00,CATCHUP,pre-peak,10,754.09,737.37,21.64,15.96
LSP002105,CAM0001,2025-04-04,2025-04-04T20:17:00,CATCHUP,peak,30,353.8,359.58,25.25,9.08
LSP002106,CAM0025,2025-11-29,2025-11-29T21:00:00,EXTRA,peak,60,270.23,262.3,31.94,8.38
LSP002107,CAM0045,2025-06-07,2025-06-07T08:22:00,EXTRA,breakfast,40,623.07,635.73,12.9,8.2
LSP002108,CAM0053,2025-08-14,2025-08-14T21:49:00,FACTUAL,peak,40,62.2,61.7,31.12,1.92
LSP002109,CAM0054,2025-09-19,2025-09-19T20:07:00,FACTUAL,peak,60,587.64,587.57,28.73,16.88
LSP002110,CAM0018,2025-12-31,2025-12-31T18:09:00,EXTRA,pre-peak,20,223.12,177.78,22.64,4.02
LSP002111,CAM0050,2025-11-16,2025-11-16T23:26:00,FACTUAL,post-peak,30,105.27,103.67,20.53,2.13
LSP002112,CAM0059,2025-12-08,2025-12-08T23:08:00,MAIN,post-peak,30,189.5,184.72,21.69,4.01
LSP002113,CAM0037,2025-11-14,2025-11-14T10:24:00,MOVIES,daytime,30,104.5,108.11,9.5,1.03
LSP002114,CAM0012,2025-04-07,2025-04-07T23:24:00,CATCHUP,post-peak,30,731.51,740.72,15.23,11.28
LSP002115,CAM0059,2025-11-05,2025-11-05T21:46:00,CATCHUP,peak,20,211.5,215.47,33.25,7.16
LSP002116,CAM0026,2025-10-12,2025-10-12T20:45:00,MOVIES,peak,30,508.19,519.61,22.16,11.51
LSP002117,CAM0008,2025-05-07,2025-05-07T14:11:00,MAIN,daytime,30,760.65,784.7,10.88,8.54
LSP002118,CAM0007,2025-06-17,2025-06-17T12:33:00,EXTRA,daytime,60,499.62,484.67,6.06,2.94
LSP002119,CAM0001,2025-02-04,2025-02-04T14:03:00,MOVIES,daytime,30,160.1,163.26,6.4,1.04
LSP002120,CAM0051,2025-06-06,2025-06-06T21:42:00,EXTRA,peak,60,75.32,77.95,22.92,1.79
LSP002121,CAM0020,2025-03-02,2025-03-02T07:33:00,CATCHUP,breakfast,30,291.05,299.05,11.29,3.38
LSP002122,CAM0003,2025-10-30,2025-10-30T20:27:00,FACTUAL,peak,60,553.52,564.25,30.67,17.31
LSP002123,CAM0045,2025-03-11,2025-03-11T16:00:00,FACTUAL,daytime,30,777.22,749.59,7.1,5.32
LSP002124,CAM0022,2025-04-29,2025-04-29T07:59:00,MOVIES,breakfast,30,371.08,359.27,14.6,5.25
LSP002125,CAM0036,2025-11-14,2025-11-14T18:58:00,CATCHUP,pre-peak,60,632.59,656.83,18.34,12.05
LSP002126,CAM0055,2025-07-09,2025-07-09T18:08:00,MAIN,pre-peak,10,405.39,409.54,18.03,7.38
LSP002127,CAM0040,2025-07-29,2025-07-29T18:59:00,CATCHUP,pre-peak,30,478.9,465.6,25.64,11.94
LSP002128,CAM0059,2025-11-25,2025-11-25T23:18:00,MAIN,post-peak,30,235.93,235.76,14.96,3.53
LSP002129,CAM0011,2025-06-12,2025-06-12T14:04:00,EXTRA,daytime,30,545.36,541.2,6.08,3.29
LSP002130,CAM0032,2025-09-08,2025-09-08T20:41:00,EXTRA,peak,10,422.25,407.46,27.45,11.18
LSP002131,CAM0049,2025-10-22,2025-10-22T21:11:00,MAIN,peak,20,571.26,582.42,29.59,17.23
LSP002132,CAM0047,2025-02-06,2025-02-06T20:33:00,MOVIES,peak,20,207.48,160.09,24.39,3.9
LSP002133,CAM0019,2025-06-08,2025-06-08T14:28:00,FACTUAL,daytime,30,506.7,506.43,6.15,3.11
LSP002134,CAM0048,2025-10-01,2025-10-01T18:08:00,EXTRA,pre-peak,30,789.83,814.15,24.92,20.29
LSP002135,CAM0031,2025-07-31,2025-07-31T16:49:00,CATCHUP,daytime,10,639.82,664.26,10.13,6.73
LSP002136,CAM0055,2025-07-02,2025-07-02T10:44:00,EXTRA,daytime,40,174.84,172.7,7.61,1.31
LSP002137,CAM0025,2025-04-09,2025-04-09T23:02:00,CATCHUP,post-peak,60,105.03,105.1,16.75,1.76
LSP002138,CAM0035,2025-02-10,2025-02-10T21:51:00,MAIN,peak,30,721.4,708.2,32.41,22.95
LSP002139,CAM0026,2025-12-09,2025-12-09T18:38:00,MAIN,pre-peak,30,85.17,84.98,18.51,1.57
LSP002140,CAM0001,2025-10-28,2025-10-28T14:53:00,MAIN,daytime,40,283.61,274.93,7.66,2.11
LSP002141,CAM0002,2025-05-08,2025-05-08T20:50:00,CATCHUP,peak,20,183.66,176.67,24.72,4.37
LSP002142,CAM0025,2025-07-21,2025-07-21T21:49:00,MAIN,peak,20,435.31,436.84,27.19,11.88
LSP002143,CAM0018,2025-11-18,2025-11-18T23:47:00,MAIN,post-peak,40,383.61,372.92,16.57,6.18
LSP002144,CAM0039,2025-12-24,2025-12-24T16:57:00,MOVIES,daytime,30,569.04,555.69,7.22,4.01
LSP002145,CAM0016,2025-06-25,2025-06-25T21:08:00,EXTRA,peak,10,749.41,747.52,25.43,19.01
LSP002146,CAM0002,2025-09-15,2025-09-15T23:57:00,MAIN,post-peak,60,626.47,603.54,19.76,11.93
LSP002147,CAM0039,2025-10-13,2025-10-13T20:02:00,CATCHUP,peak,20,80.77,78.3,31.09,2.43
LSP002148,CAM0006,2025-10-04,2025-10-04T21:52:00,FACTUAL,peak,60,216.77,219.9,33.84,7.44
LSP002149,CAM0052,2025-07-19,2025-07-19T18:06:00,FACTUAL,pre-peak,30,256.76,247.46,19.63,4.86
LSP002150,CAM0026,2025-05-04,2025-05-04T12:07:00,MAIN,daytime,30,542.15,508.87,10.79,5.49
LSP002151,CAM0044,2025-03-23,2025-03-23T10:20:00,EXTRA,daytime,30,728.74,727.34,11.71,8.52
LSP002152,CAM0024,2025-12-31,2025-12-31T14:30:00,MAIN,daytime,60,448.87,458.66,11.51,5.28
LSP002153,CAM0058,2025-04-11,2025-04-11T08:48:00,MAIN,breakfast,30,342.8,346.02,10.37,3.59
LSP002154,CAM0016,2025-10-23,2025-10-23T14:56:00,MOVIES,daytime,60,340.61,350.77,7.08,2.48
LSP002155,CAM0021,2025-12-26,2025-12-26T21:24:00,MAIN,peak,30,224.07,197.13,22.96,4.53
LSP002156,CAM0035,2025-06-04,2025-06-04T07:23:00,MOVIES,breakfast,60,466.64,456.04,10.72,4.89
LSP002157,CAM0026,2025-01-25,2025-01-25T16:52:00,MAIN,daytime,30,227.38,222.63,10.98,2.44
LSP002158,CAM0024,2025-01-23,2025-01-23T10:33:00,MAIN,daytime,40,524.97,504.31,9.27,4.67
LSP002159,CAM0008,2025-01-06,2025-01-06T21:37:00,MAIN,peak,30,138.7,142.09,25.08,3.56
LSP002160,CAM0002,2025-03-15,2025-03-15T18:01:00,CATCHUP,pre-peak,30,304.22,310.73,22.6,7.02
LSP002161,CAM0024,2025-10-19,2025-10-19T18:38:00,FACTUAL,pre-peak,20,693.1,711.09,27.69,19.69
LSP002162,CAM0003,2025-01-26,2025-01-26T20:34:00,MOVIES,peak,10,149.79,147.98,32.59,4.82
LSP002163,CAM0032,2025-06-01,2025-06-01T20:16:00,FACTUAL,peak,40,492.9,485.76,31.71,15.4
LSP002164,CAM0039,2025-05-25,2025-05-25T21:59:00,FACTUAL,peak,20,435.35,418.5,29.29,12.26
LSP002165,CAM0046,2025-10-08,2025-10-08T20:22:00,FACTUAL,peak,30,208.52,214.28,31.91,6.84
LSP002166,CAM0026,2025-07-27,2025-07-27T12:10:00,CATCHUP,daytime,60,564.37,564.07,8.97,5.06
LSP002167,CAM0021,2025-12-25,2025-12-25T18:00:00,EXTRA,pre-peak,60,356.29,365.99,21.1,7.72
LSP002168,CAM0028,2025-01-16,2025-01-16T18:18:00,MOVIES,pre-peak,60,530.26,547.3,22.06,12.07
LSP002169,CAM0009,2025-04-11,2025-04-11T16:04:00,FACTUAL,daytime,30,323.87,335.66,10.09,3.39
LSP002170,CAM0005,2025-08-14,2025-08-14T14:46:00,MAIN,daytime,30,422.79,420.19,8.08,3.4
LSP002171,CAM0029,2025-10-20,2025-10-20T08:08:00,EXTRA,breakfast,30,276.67,278.68,10.15,2.83
LSP002172,CAM0037,2025-05-16,2025-05-16T08:24:00,FACTUAL,breakfast,40,609.0,617.77,10.24,6.33
LSP002173,CAM0059,2025-08-28,2025-08-28T20:20:00,MOVIES,peak,10,479.5,489.41,34.12,16.7
LSP002174,CAM0041,2025-10-22,2025-10-22T20:27:00,FACTUAL,peak,60,588.88,585.57,27.05,15.84
LSP002175,CAM0008,2025-10-11,2025-10-11T14:56:00,FACTUAL,daytime,40,505.45,512.35,8.76,4.49
LSP002176,CAM0036,2025-01-04,2025-01-04T18:29:00,MAIN,pre-peak,60,189.3,193.03,22.78,4.4
LSP002177,CAM0031,2025-02-15,2025-02-15T20:15:00,MAIN,peak,60,531.79,517.49,29.85,15.45
LSP002178,CAM0028,2025-09-08,2025-09-08T14:12:00,EXTRA,daytime,40,579.85,566.52,10.1,5.72
LSP002179,CAM0014,2025-10-17,2025-10-17T23:25:00,FACTUAL,post-peak,30,79.94,82.64,16.58,1.37
LSP002180,CAM0049,2025-03-25,2025-03-25T21:59:00,MOVIES,peak,30,512.98,500.13,24.15,12.08
LSP002181,CAM0031,2025-05-02,2025-05-02T20:45:00,EXTRA,peak,20,590.7,597.87,22.61,13.52
LSP002182,CAM0016,2025-12-18,2025-12-18T12:36:00,MAIN,daytime,30,566.55,454.14,7.13,3.24
LSP002183,CAM0049,2025-03-31,2025-03-31T20:18:00,EXTRA,peak,20,771.15,744.66,29.68,22.1
LSP002184,CAM0010,2025-11-08,2025-11-08T07:43:00,MOVIES,breakfast,30,664.91,655.77,9.88,6.48
LSP002185,CAM0022,2025-03-06,2025-03-06T23:03:00,MOVIES,post-peak,30,377.31,381.0,15.61,5.95
LSP002186,CAM0015,2025-03-05,2025-03-05T07:45:00,MOVIES,breakfast,60,263.26,266.91,9.29,2.48
LSP002187,CAM0049,2025-08-10,2025-08-10T23:46:00,EXTRA,post-peak,20,419.57,410.12,21.51,8.82
LSP002188,CAM0027,2025-09-17,2025-09-17T21:02:00,MOVIES,peak,30,746.43,718.26,32.43,23.29
LSP002189,CAM0001,2025-04-17,2025-04-17T20:03:00,EXTRA,peak,30,648.18,638.49,30.11,19.22
LSP002190,CAM0051,2025-06-05,2025-06-05T10:18:00,MAIN,daytime,40,668.07,683.63,7.79,5.33
LSP002191,CAM0004,2025-03-09,2025-03-09T23:17:00,MAIN,post-peak,40,536.0,548.07,16.93,9.28
LSP002192,CAM0011,2025-08-08,2025-08-08T18:08:00,FACTUAL,pre-peak,30,744.5,740.31,19.6,14.51
LSP002193,CAM0054,2025-01-21,2025-01-21T14:25:00,EXTRA,daytime,60,431.27,435.9,10.76,4.69
LSP002194,CAM0026,2025-05-15,2025-05-15T23:46:00,MAIN,post-peak,30,480.26,483.91,19.17,9.28
LSP002195,CAM0014,2025-02-23,2025-02-23T20:13:00,CATCHUP,peak,40,627.56,640.04,32.9,21.06
LSP002196,CAM0046,2025-05-23,2025-05-23T21:38:00,MAIN,peak,30,499.06,496.16,29.66,14.72
LSP002197,CAM0040,2025-06-11,2025-06-11T21:00:00,FACTUAL,peak,30,576.65,560.18,27.42,15.36
LSP002198,CAM0056,2025-08-12,2025-08-12T16:08:00,EXTRA,daytime,40,216.82,223.64,6.61,1.48
LSP002199,CAM0007,2025-03-22,2025-03-22T21:37:00,CATCHUP,peak,60,538.19,555.85,26.28,14.61
LSP002200,CAM0019,2025-10-15,2025-10-15T23:14:00,FACTUAL,post-peak,10,53.06,53.85,17.5,0.94
LSP002201,CAM0045,2025-03-25,2025-03-25T10:12:00,CATCHUP,daytime,30,577.4,577.29,7.04,4.06
LSP002202,CAM0057,2025-11-23,2025-11-23T12:25:00,MOVIES,daytime,40,428.01,439.9,10.65,4.68
LSP002203,CAM0034,2025-03-14,2025-03-14T23:08:00,EXTRA,post-peak,30,444.39,443.79,16.64,7.38
LSP002204,CAM0035,2025-05-29,2025-05-29T08:33:00,MAIN,breakfast,30,573.15,559.39,13.06,7.31
LSP002205,CAM0037,2025-11-25,2025-11-25T18:19:00,MOVIES,pre-peak,40,784.66,814.32,27.69,22.55
LSP002206,CAM0026,2025-01-13,2025-01-13T21:20:00,CATCHUP,peak,30,565.02,568.07,32.36,18.38
LSP002207,CAM0013,2025-12-14,2025-12-14T20:00:00,CATCHUP,peak,60,738.75,732.54,23.55,17.25
LSP002208,CAM0054,2025-10-06,2025-10-06T08:56:00,EXTRA,breakfast,30,112.76,108.32,10.93,1.18
LSP002209,CAM0023,2025-06-13,2025-06-13T21:43:00,CATCHUP,peak,30,763.31,773.42,28.8,22.27
LSP002210,CAM0026,2025-06-15,2025-06-15T16:48:00,FACTUAL,daytime,30,314.05,305.81,8.82,2.7
LSP002211,CAM0018,2025-01-03,2025-01-03T07:24:00,CATCHUP,breakfast,30,303.18,301.12,11.72,3.53
LSP002212,CAM0009,2025-05-30,2025-05-30T21:22:00,MAIN,peak,30,336.96,326.35,24.28,7.92
LSP002213,CAM0017,2025-06-04,2025-06-04T14:49:00,CATCHUP,daytime,30,508.72,488.57,10.81,5.28
LSP002214,CAM0054,2025-04-14,2025-04-14T12:26:00,CATCHUP,daytime,30,62.74,64.43,10.92,0.7
LSP002215,CAM0056,2025-01-22,2025-01-22T21:28:00,MAIN,peak,20,356.16,302.5,32.53,9.84
LSP002216,CAM0018,2025-03-20,2025-03-20T23:32:00,MOVIES,post-peak,10,180.02,177.61,14.39,2.56
LSP002217,CAM0040,2025-10-01,2025-10-01T14:38:00,FACTUAL,daytime,40,101.87,102.51,9.5,0.97
LSP002218,CAM0028,2025-11-23,2025-11-23T08:38:00,MOVIES,breakfast,30,413.59,424.22,12.03,5.1
LSP002219,CAM0032,2025-03-11,2025-03-11T21:21:00,EXTRA,peak,30,251.54,249.31,25.51,6.36
LSP002220,CAM0001,2025-06-02,2025-06-02T16:02:00,MOVIES,daytime,20,315.45,321.8,8.95,2.88
LSP002221,CAM0033,2025-01-08,2025-01-08T20:31:00,EXTRA,peak,30,238.41,186.16,32.77,6.1
LSP002222,CAM0049,2025-10-08,2025-10-08T08:42:00,MOVIES,breakfast,10,176.44,173.2,12.55,2.17
LSP002223,CAM0052,2025-01-23,2025-01-23T21:05:00,FACTUAL,peak,30,500.35,493.63,25.64,12.66
LSP002224,CAM0054,2025-01-09,2025-01-09T18:54:00,FACTUAL,pre-peak,20,80.65,82.22,24.65,2.03
LSP002225,CAM0031,2025-05-27,2025-05-27T20:29:00,FACTUAL,peak,30,323.97,328.02,22.87,7.5
LSP002226,CAM0058,2025-08-06,2025-08-06T21:58:00,CATCHUP,peak,40,169.23,139.66,31.41,4.39
LSP002227,CAM0054,2025-11-07,2025-11-07T16:41:00,CATCHUP,daytime,60,347.32,359.48,6.64,2.39
LSP002228,CAM0027,2025-03-23,2025-03-23T14:49:00,EXTRA,daytime,20,778.31,793.06,8.16,6.47
LSP002229,CAM0036,2025-07-12,2025-07-12T21:48:00,FACTUAL,peak,20,394.43,387.88,28.71,11.14
LSP002230,CAM0007,2025-08-16,2025-08-16T12:00:00,MOVIES,daytime,30,186.34,188.68,9.85,1.86
LSP002231,CAM0044,2025-02-14,2025-02-14T18:51:00,CATCHUP,pre-peak,60,623.27,623.3,20.95,13.06
LSP002232,CAM0010,2025-07-15,2025-07-15T21:52:00,FACTUAL,peak,30,284.31,286.44,22.3,6.39
LSP002233,CAM0027,2025-03-20,2025-03-20T14:29:00,EXTRA,daytime,20,540.32,545.71,11.68,6.37
LSP002234,CAM0002,2025-03-19,2025-03-19T21:14:00,MOVIES,peak,40,670.64,681.82,32.36,22.06
LSP002235,CAM0028,2025-06-11,2025-06-11T21:55:00,CATCHUP,peak,40,528.32,544.74,25.65,13.97
LSP002236,CAM0030,2025-08-17,2025-08-17T20:45:00,FACTUAL,peak,10,520.34,520.19,26.08,13.57
LSP002237,CAM0038,2025-09-26,2025-09-26T08:52:00,CATCHUP,breakfast,30,518.24,419.04,9.47,3.97
LSP002238,CAM0033,2025-02-03,2025-02-03T16:04:00,FACTUAL,daytime,30,501.9,493.97,9.06,4.48
LSP002239,CAM0039,2025-12-31,2025-12-31T20:10:00,MOVIES,peak,60,462.45,464.32,27.76,12.89
LSP002240,CAM0014,2025-09-26,2025-09-26T07:09:00,MAIN,breakfast,40,409.24,400.66,10.79,4.32
LSP002241,CAM0007,2025-04-03,2025-04-03T10:40:00,CATCHUP,daytime,10,524.03,506.77,11.27,5.71
LSP002242,CAM0035,2025-02-21,2025-02-21T12:36:00,CATCHUP,daytime,30,532.68,544.79,6.59,3.59
LSP002243,CAM0050,2025-03-10,2025-03-10T21:01:00,MOVIES,peak,10,736.56,751.91,34.55,25.98
LSP002244,CAM0003,2025-03-02,2025-03-02T08:37:00,EXTRA,breakfast,20,410.79,412.59,10.71,4.42
LSP002245,CAM0039,2025-04-29,2025-04-29T14:57:00,CATCHUP,daytime,40,747.27,735.54,11.41,8.39
LSP002246,CAM0059,2025-01-24,2025-01-24T14:20:00,MAIN,daytime,30,418.12,421.94,11.17,4.71
LSP002247,CAM0051,2025-04-26,2025-04-26T23:12:00,FACTUAL,post-peak,30,567.89,463.88,15.89,7.37
LSP002248,CAM0007,2025-03-29,2025-03-29T21:42:00,EXTRA,peak,10,292.18,281.49,32.97,9.28
LSP002249,CAM0021,2025-08-14,2025-08-14T20:02:00,FACTUAL,peak,20,532.78,537.8,30.78,16.55
LSP002250,CAM0048,2025-04-24,2025-04-24T20:45:00,FACTUAL,peak,30,83.53,83.59,24.72,2.07
LSP002251,CAM0005,2025-06-09,2025-06-09T08:56:00,MOVIES,breakfast,10,538.55,549.43,14.55,7.99
LSP002252,CAM0042,2025-06-15,2025-06-15T21:12:00,MOVIES,peak,30,792.86,800.97,27.12,21.72
LSP002253,CAM0050,2025-10-01,2025-10-01T20:47:00,MAIN,peak,30,529.15,527.05,27.8,14.65
LSP002254,CAM0004,2025-03-14,2025-03-14T14:19:00,FACTUAL,daytime,30,369.76,367.16,8.84,3.25
LSP002255,CAM0052,2025-05-31,2025-05-31T07:48:00,EXTRA,breakfast,60,629.11,625.45,10.09,6.31
LSP002256,CAM0002,2025-02-03,2025-02-03T18:08:00,CATCHUP,pre-peak,30,409.82,410.02,20.08,8.23
LSP002257,CAM0008,2025-07-01,2025-07-01T20:31:00,FACTUAL,peak,30,579.81,598.83,30.7,18.38
LSP002258,CAM0043,2025-08-13,2025-08-13T14:32:00,MOVIES,daytime,30,630.52,607.2,9.39,5.7
LSP002259,CAM0006,2025-06-19,2025-06-19T20:58:00,FACTUAL,peak,40,172.76,168.98,25.9,4.38
LSP002260,CAM0025,2025-07-10,2025-07-10T08:22:00,FACTUAL,breakfast,30,235.58,233.49,14.63,3.42
LSP002261,CAM0059,2025-04-17,2025-04-17T16:50:00,MOVIES,daytime,60,403.21,392.78,6.73,2.64
LSP002262,CAM0048,2025-11-20,2025-11-20T20:34:00,FACTUAL,peak,40,111.75,109.67,34.11,3.74
LSP002263,CAM0040,2025-02-28,2025-02-28T18:28:00,MAIN,pre-peak,30,59.85,58.25,23.14,1.35
LSP002264,CAM0007,2025-07-27,2025-07-27T20:04:00,FACTUAL,peak,10,220.94,226.91,30.68,6.96
LSP002265,CAM0025,2025-12-24,2025-12-24T23:45:00,CATCHUP,post-peak,30,662.97,662.27,17.6,11.66
LSP002266,CAM0002,2025-03-07,2025-03-07T20:46:00,EXTRA,peak,30,353.8,367.86,34.62,12.74
LSP002267,CAM0050,2025-01-15,2025-01-15T21:27:00,FACTUAL,peak,40,72.18,72.67,31.19,2.27
LSP002268,CAM0012,2025-03-01,2025-03-01T20:12:00,MOVIES,peak,30,389.31,396.98,34.87,13.84
LSP002269,CAM0027,2025-08-11,2025-08-11T23:00:00,EXTRA,post-peak,30,609.95,599.11,20.49,12.28
LSP002270,CAM0059,2025-01-17,2025-01-17T10:54:00,EXTRA,daytime,20,560.04,549.68,9.53,5.24
LSP002271,CAM0003,2025-02-07,2025-02-07T23:13:00,MOVIES,post-peak,30,465.3,464.86,18.94,8.8
LSP002272,CAM0002,2025-02-18,2025-02-18T20:28:00,CATCHUP,peak,10,295.55,290.26,27.25,7.91
LSP002273,CAM0018,2025-05-31,2025-05-31T07:10:00,EXTRA,breakfast,20,632.65,630.52,13.96,8.8
LSP002274,CAM0059,2025-07-04,2025-07-04T18:19:00,EXTRA,pre-peak,60,656.75,636.26,21.84,13.9
LSP002275,CAM0032,2025-03-07,2025-03-07T18:04:00,CATCHUP,pre-peak,30,636.72,657.33,21.81,14.34
LSP002276,CAM0040,2025-11-21,2025-11-21T16:37:00,EXTRA,daytime,40,187.03,185.17,11.28,2.09
LSP002277,CAM0052,2025-02-17,2025-02-17T16:02:00,MAIN,daytime,20,745.47,770.47,9.29,7.16
LSP002278,CAM0001,2025-04-02,2025-04-02T21:21:00,FACTUAL,peak,10,596.46,612.29,32.16,19.69
LSP002279,CAM0018,2025-05-28,2025-05-28T23:16:00,CATCHUP,post-peak,30,410.83,424.33,15.83,6.72
LSP002280,CAM0001,2025-06-03,2025-06-03T18:15:00,EXTRA,pre-peak,10,239.52,237.18,25.39,6.02
LSP002281,CAM0006,2025-07-11,2025-07-11T21:18:00,CATCHUP,peak,60,198.48,192.36,31.06,5.97
LSP002282,CAM0038,2025-08-23,2025-08-23T20:29:00,CATCHUP,peak,60,287.61,296.23,22.11,6.55
LSP002283,CAM0001,2025-10-26,2025-10-26T16:15:00,MOVIES,daytime,30,537.97,538.57,6.31,3.4
LSP002284,CAM0034,2025-07-11,2025-07-11T20:03:00,MAIN,peak,40,572.53,560.77,26.06,14.61
LSP002285,CAM0038,2025-02-13,2025-02-13T16:04:00,FACTUAL,daytime,20,374.85,364.98,6.62,2.42
LSP002286,CAM0052,2025-01-08,2025-01-08T20:35:00,MAIN,peak,30,392.08,337.63,30.2,10.2
LSP002287,CAM0021,2025-08-05,2025-08-05T16:21:00,MOVIES,daytime,60,89.66,90.75,6.01,0.55
LSP002288,CAM0056,2025-08-08,2025-08-08T21:42:00,EXTRA,peak,20,743.37,735.78,25.42,18.7
LSP002289,CAM0046,2025-04-11,2025-04-11T07:02:00,MAIN,breakfast,20,196.43,196.46,14.12,2.77
LSP002290,CAM0042,2025-12-20,2025-12-20T23:58:00,MAIN,post-peak,40,294.83,287.0,19.93,5.72
LSP002291,CAM0007,2025-05-29,2025-05-29T21:01:00,MOVIES,peak,30,410.3,396.36,26.16,10.37
LSP002292,CAM0038,2025-10-17,2025-10-17T10:06:00,MOVIES,daytime,30,719.63,733.46,6.84,5.02
LSP002293,CAM0009,2025-03-11,2025-03-11T14:02:00,FACTUAL,daytime,20,701.8,684.07,7.06,4.83
LSP002294,CAM0024,2025-07-13,2025-07-13T10:01:00,MAIN,daytime,40,604.37,621.31,6.68,4.15
LSP002295,CAM0014,2025-05-12,2025-05-12T20:13:00,EXTRA,peak,30,125.77,122.49,24.36,2.98
LSP002296,CAM0025,2025-03-01,2025-03-01T21:10:00,EXTRA,peak,40,498.28,512.63,30.83,15.8
LSP002297,CAM0022,2025-03-06,2025-03-06T12:11:00,CATCHUP,daytime,30,273.8,276.2,8.57,2.37
LSP002298,CAM0001,2025-03-30,2025-03-30T14:32:00,MOVIES,daytime,30,195.0,188.05,10.86,2.04
LSP002299,CAM0023,2025-05-07,2025-05-07T18:29:00,MOVIES,pre-peak,40,728.68,715.66,23.73,16.98
LSP002300,CAM0041,2025-11-17,2025-11-17T16:39:00,MOVIES,daytime,60,224.04,228.96,8.01,1.83
LSP002301,CAM0012,2025-07-16,2025-07-16T23:25:00,FACTUAL,post-peak,60,299.39,293.82,20.11,5.91
LSP002302,CAM0025,2025-03-22,2025-03-22T18:15:00,CATCHUP,pre-peak,10,514.69,506.46,20.67,10.47
LSP002303,CAM0051,2025-07-09,2025-07-09T12:25:00,CATCHUP,daytime,40,328.15,326.62,11.95,3.9
LSP002304,CAM0018,2025-07-21,2025-07-21T18:20:00,EXTRA,pre-peak,30,206.28,209.41,27.26,5.71
LSP002305,CAM0009,2025-11-21,2025-11-21T21:36:00,CATCHUP,peak,30,610.95,596.41,33.84,20.18
LSP002306,CAM0049,2025-07-18,2025-07-18T20:37:00,EXTRA,peak,30,127.44,123.94,27.95,3.46
LSP002307,CAM0042,2025-12-24,2025-12-24T23:12:00,CATCHUP,post-peak,20,292.99,296.73,17.29,5.13
LSP002308,CAM0022,2025-09-14,2025-09-14T21:15:00,CATCHUP,peak,10,359.72,366.36,23.91,8.76
LSP002309,CAM0037,2025-08-29,2025-08-29T20:15:00,CATCHUP,peak,30,614.04,628.15,23.0,14.45
LSP002310,CAM0007,2025-07-01,2025-07-01T21:43:00,CATCHUP,peak,10,126.13,126.28,24.56,3.1
LSP002311,CAM0030,2025-02-15,2025-02-15T07:01:00,MOVIES,breakfast,60,206.16,198.89,12.84,2.55
LSP002312,CAM0050,2025-01-03,2025-01-03T23:17:00,CATCHUP,post-peak,30,367.71,369.3,19.69,7.27
LSP002313,CAM0036,2025-03-13,2025-03-13T18:17:00,CATCHUP,pre-peak,20,138.37,143.67,21.98,3.16
LSP002314,CAM0013,2025-10-31,2025-10-31T21:50:00,MOVIES,peak,30,187.96,193.05,31.73,6.13
LSP002315,CAM0054,2025-11-21,2025-11-21T12:53:00,FACTUAL,daytime,30,612.99,628.48,9.59,6.03
LSP002316,CAM0030,2025-03-13,2025-03-13T21:37:00,CATCHUP,peak,40,724.46,575.87,29.44,16.95
LSP002317,CAM0033,2025-12-07,2025-12-07T08:42:00,MAIN,breakfast,20,531.52,526.56,10.04,5.29
LSP002318,CAM0030,2025-02-15,2025-02-15T20:28:00,MAIN,peak,30,561.45,548.8,24.87,13.65
LSP002319,CAM0008,2025-01-17,2025-01-17T10:24:00,MAIN,daytime,20,312.43,300.62,8.41,2.53
LSP002320,CAM0046,2025-05-07,2025-05-07T20:17:00,CATCHUP,peak,10,621.06,607.47,25.54,15.51
LSP002321,CAM0018,2025-04-21,2025-04-21T20:42:00,MOVIES,peak,60,411.52,426.57,25.56,10.9
LSP002322,CAM0051,2025-02-21,2025-02-21T14:52:00,CATCHUP,daytime,30,647.86,659.7,11.73,7.74
LSP002323,CAM0056,2025-08-11,2025-08-11T20:13:00,MAIN,peak,10,795.48,769.46,27.21,20.94
LSP002324,CAM0019,2025-10-24,2025-10-24T20:37:00,MAIN,peak,60,68.69,69.55,34.0,2.36
LSP002325,CAM0058,2025-01-20,2025-01-20T10:35:00,MOVIES,daytime,60,362.75,374.82,12.0,4.5
LSP002326,CAM0048,2025-02-07,2025-02-07T21:38:00,MAIN,peak,20,268.98,276.42,24.61,6.8
LSP002327,CAM0033,2025-06-18,2025-06-18T16:16:00,EXTRA,daytime,10,207.15,205.91,10.17,2.09
LSP002328,CAM0037,2025-12-10,2025-12-10T10:53:00,CATCHUP,daytime,10,204.06,196.86,7.94,1.56
LSP002329,CAM0031,2025-02-20,2025-02-20T21:56:00,MAIN,peak,60,421.63,409.33,31.17,12.76
LSP002330,CAM0038,2025-12-16,2025-12-16T16:54:00,MAIN,daytime,20,277.59,285.75,6.97,1.99
LSP002331,CAM0034,2025-10-12,2025-10-12T21:05:00,FACTUAL,peak,10,139.42,138.97,30.22,4.2
LSP002332,CAM0021,2025-03-11,2025-03-11T23:59:00,MAIN,post-peak,60,747.08,743.26,20.79,15.45
LSP002333,CAM0024,2025-09-09,2025-09-09T18:55:00,MOVIES,pre-peak,20,503.9,515.53,18.8,9.69
LSP002334,CAM0059,2025-11-23,2025-11-23T20:39:00,MAIN,peak,40,789.41,794.31,25.72,20.43
LSP002335,CAM0016,2025-11-25,2025-11-25T10:22:00,FACTUAL,daytime,10,107.1,110.7,7.31,0.81
LSP002336,CAM0004,2025-07-30,2025-07-30T20:27:00,EXTRA,peak,30,99.82,102.33,26.38,2.7
LSP002337,CAM0021,2025-03-31,2025-03-31T21:31:00,FACTUAL,peak,10,51.51,50.62,31.37,1.59
LSP002338,CAM0005,2025-12-29,2025-12-29T18:34:00,CATCHUP,pre-peak,40,510.19,527.12,21.59,11.38
LSP002339,CAM0025,2025-11-06,2025-11-06T14:36:00,CATCHUP,daytime,20,785.87,570.1,11.94,6.81
LSP002340,CAM0045,2025-06-24,2025-06-24T18:22:00,MOVIES,pre-peak,20,324.22,318.94,19.46,6.21
LSP002341,CAM0012,2025-08-18,2025-08-18T20:05:00,MOVIES,peak,20,342.29,346.49,27.27,9.45
LSP002342,CAM0002,2025-05-13,2025-05-13T18:00:00,MOVIES,pre-peak,10,547.5,563.23,24.54,13.82
LSP002343,CAM0018,2025-02-26,2025-02-26T21:00:00,MOVIES,peak,30,536.21,551.7,25.39,14.01
LSP002344,CAM0051,2025-12-25,2025-12-25T20:49:00,MAIN,peak,10,52.57,53.89,27.32,1.47
LSP002345,CAM0039,2025-01-31,2025-01-31T20:51:00,MAIN,peak,30,151.68,151.34,24.19,3.66
LSP002346,CAM0033,2025-02-26,2025-02-26T10:55:00,EXTRA,daytime,20,222.03,216.36,9.34,2.02
LSP002347,CAM0019,2025-01-07,2025-01-07T20:30:00,FACTUAL,peak,60,166.66,173.33,29.68,5.14
LSP002348,CAM0020,2025-01-17,2025-01-17T07:05:00,MAIN,breakfast,40,613.48,618.65,8.81,5.45
LSP002349,CAM0024,2025-02-22,2025-02-22T21:59:00,EXTRA,peak,30,550.26,569.88,26.09,14.87
LSP002350,CAM0021,2025-08-15,2025-08-15T23:10:00,CATCHUP,post-peak,30,148.44,151.9,17.49,2.66
LSP002351,CAM0008,2025-11-24,2025-11-24T21:42:00,FACTUAL,peak,30,467.39,412.33,28.81,11.88
LSP002352,CAM0002,2025-03-07,2025-03-07T23:01:00,MAIN,post-peak,10,721.22,708.97,20.93,14.84
LSP002353,CAM0022,2025-05-05,2025-05-05T16:39:00,FACTUAL,daytime,60,619.29,619.81,11.44,7.09
LSP002354,CAM0042,2025-05-15,2025-05-15T14:35:00,MOVIES,daytime,60,390.6,394.62,9.3,3.67
LSP002355,CAM0012,2025-02-13,2025-02-13T20:43:00,CATCHUP,peak,30,217.45,221.9,28.47,6.32
LSP002356,CAM0059,2025-10-14,2025-10-14T20:01:00,EXTRA,peak,30,468.73,475.02,23.27,11.05
LSP002357,CAM0053,2025-12-05,2025-12-05T20:57:00,MOVIES,peak,30,748.37,767.65,27.23,20.9
LSP002358,CAM0037,2025-01-08,2025-01-08T16:21:00,CATCHUP,daytime,30,768.37,785.84,9.55,7.5
LSP002359,CAM0020,2025-12-24,2025-12-24T21:34:00,FACTUAL,peak,20,481.93,494.81,29.84,14.77
LSP002360,CAM0028,2025-10-18,2025-10-18T20:44:00,FACTUAL,peak,30,720.4,737.75,27.58,20.35
LSP002361,CAM0025,2025-02-04,2025-02-04T21:24:00,FACTUAL,peak,30,394.77,402.86,26.83,10.81
LSP002362,CAM0058,2025-01-23,2025-01-23T08:20:00,EXTRA,breakfast,30,360.78,358.42,11.92,4.27
LSP002363,CAM0020,2025-10-28,2025-10-28T23:03:00,EXTRA,post-peak,30,214.96,164.94,17.83,2.94
LSP002364,CAM0026,2025-11-12,2025-11-12T20:40:00,CATCHUP,peak,60,348.33,347.21,32.89,11.42
LSP002365,CAM0056,2025-04-03,2025-04-03T16:56:00,MAIN,daytime,30,261.49,266.59,11.41,3.04
LSP002366,CAM0012,2025-04-19,2025-04-19T16:00:00,MAIN,daytime,30,110.01,108.32,10.32,1.12
LSP002367,CAM0022,2025-05-07,2025-05-07T23:25:00,CATCHUP,post-peak,10,295.72,294.74,20.77,6.12
LSP002368,CAM0038,2025-01-15,2025-01-15T18:53:00,MOVIES,pre-peak,30,656.74,503.46,21.69,10.92
LSP002369,CAM0004,2025-05-03,2025-05-03T23:13:00,EXTRA,post-peak,40,158.3,160.52,16.33,2.62
LSP002370,CAM0012,2025-04-24,2025-04-24T21:20:00,CATCHUP,peak,60,154.47,148.86,22.26,3.31
LSP002371,CAM0054,2025-03-13,2025-03-13T20:25:00,EXTRA,peak,40,512.93,498.89,28.31,14.12
LSP002372,CAM0011,2025-11-04,2025-11-04T10:08:00,MAIN,daytime,30,115.26,119.2,7.06,0.84
LSP002373,CAM0008,2025-07-03,2025-07-03T21:37:00,EXTRA,peak,30,336.84,346.5,32.84,11.38
LSP002374,CAM0026,2025-04-24,2025-04-24T23:52:00,FACTUAL,post-peak,60,74.76,76.79,18.69,1.44
LSP002375,CAM0033,2025-01-24,2025-01-24T16:49:00,FACTUAL,daytime,10,188.71,136.41,9.51,1.3
LSP002376,CAM0007,2025-10-23,2025-10-23T14:15:00,EXTRA,daytime,30,514.25,513.72,9.62,4.94
LSP002377,CAM0001,2025-01-30,2025-01-30T20:11:00,CATCHUP,peak,40,306.19,297.52,32.94,9.8
LSP002378,CAM0025,2025-12-13,2025-12-13T14:31:00,MAIN,daytime,30,604.97,609.8,6.01,3.66
LSP002379,CAM0029,2025-10-24,2025-10-24T23:51:00,EXTRA,post-peak,20,50.35,49.72,20.43,1.02
LSP002380,CAM0014,2025-03-11,2025-03-11T21:05:00,MOVIES,peak,40,520.64,532.38,31.99,17.03
LSP002381,CAM0019,2025-06-19,2025-06-19T18:28:00,FACTUAL,pre-peak,60,233.8,205.19,24.15,4.96
LSP002382,CAM0049,2025-06-30,2025-06-30T12:39:00,MAIN,daytime,10,552.56,549.37,8.52,4.68
LSP002383,CAM0028,2025-06-24,2025-06-24T08:11:00,MOVIES,breakfast,40,722.25,700.58,13.49,9.45
LSP002384,CAM0011,2025-10-11,2025-10-11T10:44:00,FACTUAL,daytime,30,460.58,444.89,10.33,4.6
LSP002385,CAM0004,2025-03-21,2025-03-21T10:04:00,MAIN,daytime,30,408.85,422.83,6.14,2.6
LSP002386,CAM0041,2025-09-02,2025-09-02T20:13:00,FACTUAL,peak,20,151.61,151.44,29.01,4.39
LSP002387,CAM0038,2025-03-21,2025-03-21T08:08:00,MOVIES,breakfast,60,526.82,533.02,10.57,5.63
LSP002388,CAM0015,2025-09-12,2025-09-12T10:18:00,EXTRA,daytime,30,283.68,200.54,10.48,2.1
LSP002389,CAM0030,2025-06-22,2025-06-22T21:15:00,CATCHUP,peak,60,453.41,440.66,25.16,11.09
LSP002390,CAM0045,2025-02-07,2025-02-07T12:16:00,MOVIES,daytime,30,499.58,513.63,8.28,4.25
LSP002391,CAM0014,2025-03-06,2025-03-06T23:48:00,CATCHUP,post-peak,40,243.39,244.44,20.41,4.99
LSP002392,CAM0032,2025-07-31,2025-07-31T16:04:00,FACTUAL,daytime,20,739.51,715.51,10.67,7.63
LSP002393,CAM0043,2025-01-16,2025-01-16T21:51:00,FACTUAL,peak,20,575.25,560.71,27.79,15.58
LSP002394,CAM0051,2025-04-23,2025-04-23T21:23:00,MAIN,peak,60,158.37,155.58,34.26,5.33
LSP002395,CAM0015,2025-05-08,2025-05-08T20:53:00,FACTUAL,peak,40,344.19,341.05,28.1,9.58
LSP002396,CAM0027,2025-05-14,2025-05-14T20:32:00,FACTUAL,peak,30,369.4,378.68,29.51,11.17
LSP002397,CAM0046,2025-07-08,2025-07-08T21:01:00,FACTUAL,peak,30,519.11,538.15,29.52,15.89
LSP002398,CAM0037,2025-08-03,2025-08-03T16:34:00,FACTUAL,daytime,60,132.39,127.67,8.53,1.09
LSP002399,CAM0009,2025-08-18,2025-08-18T21:45:00,MOVIES,peak,20,497.96,490.77,22.28,10.93
LSP002400,CAM0029,2025-10-27,2025-10-27T21:16:00,FACTUAL,peak,60,153.86,149.06,27.68,4.13
LSP002401,CAM0051,2025-12-03,2025-12-03T18:00:00,EXTRA,pre-peak,20,640.57,640.23,23.5,15.05
LSP002402,CAM0055,2025-12-20,2025-12-20T23:44:00,MAIN,post-peak,30,733.03,746.11,17.71,13.21
LSP002403,CAM0057,2025-03-12,2025-03-12T18:55:00,CATCHUP,pre-peak,30,573.59,551.76,20.3,11.2
LSP002404,CAM0040,2025-09-29,2025-09-29T10:18:00,MOVIES,daytime,30,560.48,582.23,6.86,3.99
LSP002405,CAM0016,2025-04-09,2025-04-09T18:46:00,EXTRA,pre-peak,40,92.08,93.58,21.17,1.98
LSP002406,CAM0046,2025-07-22,2025-07-22T20:49:00,MOVIES,peak,10,346.57,338.8,23.83,8.07
LSP002407,CAM0056,2025-09-24,2025-09-24T18:00:00,MAIN,pre-peak,10,791.33,811.93,18.27,14.83
LSP002408,CAM0054,2025-01-26,2025-01-26T23:46:00,CATCHUP,post-peak,30,427.53,423.69,16.03,6.79
LSP002409,CAM0056,2025-10-06,2025-10-06T12:48:00,EXTRA,daytime,30,686.84,680.3,11.68,7.95
LSP002410,CAM0033,2025-03-27,2025-03-27T23:44:00,CATCHUP,post-peak,30,354.1,358.01,19.58,7.01
LSP002411,CAM0025,2025-01-05,2025-01-05T21:40:00,FACTUAL,peak,30,738.02,760.26,29.79,22.65
LSP002412,CAM0002,2025-10-15,2025-10-15T23:58:00,MOVIES,post-peak,30,476.19,461.47,15.5,7.15
LSP002413,CAM0017,2025-11-15,2025-11-15T18:55:00,MAIN,pre-peak,30,747.9,767.34,27.69,21.25
LSP002414,CAM0056,2025-01-01,2025-01-01T08:57:00,FACTUAL,breakfast,30,343.63,351.52,11.71,4.12
LSP002415,CAM0045,2025-12-29,2025-12-29T20:34:00,MAIN,peak,20,763.74,768.45,31.85,24.48
LSP002416,CAM0048,2025-01-19,2025-01-19T14:40:00,MAIN,daytime,10,261.38,252.26,8.43,2.13
LSP002417,CAM0058,2025-09-18,2025-09-18T16:43:00,EXTRA,daytime,60,297.63,301.31,7.65,2.31
LSP002418,CAM0042,2025-04-22,2025-04-22T20:29:00,FACTUAL,peak,30,429.26,433.53,22.16,9.61
LSP002419,CAM0026,2025-09-22,2025-09-22T23:24:00,FACTUAL,post-peak,30,132.49,131.97,16.1,2.12
LSP002420,CAM0006,2025-11-08,2025-11-08T07:56:00,MOVIES,breakfast,60,733.92,757.26,11.69,8.85
LSP002421,CAM0036,2025-11-27,2025-11-27T21:30:00,MAIN,peak,30,120.06,124.17,27.52,3.42
LSP002422,CAM0052,2025-09-22,2025-09-22T23:07:00,MAIN,post-peak,30,478.46,474.07,16.85,7.99
LSP002423,CAM0048,2025-12-31,2025-12-31T20:42:00,EXTRA,peak,20,360.37,347.16,26.17,9.09
LSP002424,CAM0002,2025-06-20,2025-06-20T23:34:00,EXTRA,post-peak,30,192.19,192.79,18.7,3.61
LSP002425,CAM0028,2025-06-17,2025-06-17T18:09:00,CATCHUP,pre-peak,30,235.19,244.36,23.79,5.81
LSP002426,CAM0038,2025-09-18,2025-09-18T12:10:00,MOVIES,daytime,30,544.59,562.25,10.2,5.73
LSP002427,CAM0022,2025-10-14,2025-10-14T08:43:00,FACTUAL,breakfast,30,660.79,656.97,11.39,7.48
LSP002428,CAM0056,2025-04-17,2025-04-17T07:55:00,EXTRA,breakfast,10,163.72,159.85,14.31,2.29
LSP002429,CAM0030,2025-04-02,2025-04-02T20:24:00,MOVIES,peak,30,470.13,460.92,22.91,10.56
LSP002430,CAM0024,2025-12-30,2025-12-30T08:20:00,EXTRA,breakfast,60,438.39,435.81,14.78,6.44
LSP002431,CAM0001,2025-10-06,2025-10-06T18:12:00,MAIN,pre-peak,30,737.07,714.96,25.22,18.03
LSP002432,CAM0001,2025-11-24,2025-11-24T18:53:00,EXTRA,pre-peak,30,698.77,723.93,25.93,18.77
LSP002433,CAM0031,2025-08-22,2025-08-22T23:48:00,MAIN,post-peak,10,709.11,688.7,15.03,10.35
LSP002434,CAM0047,2025-09-04,2025-09-04T20:58:00,MOVIES,peak,20,50.82,48.82,33.8,1.65
LSP002435,CAM0010,2025-02-07,2025-02-07T08:09:00,FACTUAL,breakfast,20,195.1,194.93,14.22,2.77
LSP002436,CAM0004,2025-06-28,2025-06-28T21:30:00,MOVIES,peak,30,120.45,124.57,31.25,3.89
LSP002437,CAM0028,2025-03-03,2025-03-03T20:37:00,MOVIES,peak,10,332.15,330.41,32.03,10.58
LSP002438,CAM0026,2025-08-22,2025-08-22T18:02:00,CATCHUP,pre-peak,30,592.57,609.38,19.95,12.16
LSP002439,CAM0050,2025-05-17,2025-05-17T07:39:00,FACTUAL,breakfast,20,171.11,168.12,8.97,1.51
LSP002440,CAM0044,2025-07-14,2025-07-14T21:23:00,EXTRA,peak,60,394.17,400.31,23.65,9.47
LSP002441,CAM0006,2025-10-24,2025-10-24T08:16:00,EXTRA,breakfast,30,577.57,571.19,9.99,5.71
LSP002442,CAM0043,2025-05-05,2025-05-05T18:48:00,MAIN,pre-peak,30,419.63,406.68,27.08,11.01
LSP002443,CAM0022,2025-01-20,2025-01-20T21:06:00,MAIN,peak,10,347.72,338.02,22.12,7.48
LSP002444,CAM0033,2025-01-17,2025-01-17T10:22:00,CATCHUP,daytime,30,588.33,604.55,11.46,6.93
LSP002445,CAM0039,2025-08-22,2025-08-22T21:58:00,EXTRA,peak,20,288.98,293.92,26.66,7.84
LSP002446,CAM0058,2025-02-15,2025-02-15T20:06:00,FACTUAL,peak,30,352.19,361.16,27.0,9.75
LSP002447,CAM0058,2025-12-30,2025-12-30T20:26:00,MOVIES,peak,60,262.72,269.28,22.3,6.0
LSP002448,CAM0014,2025-02-16,2025-02-16T23:31:00,EXTRA,post-peak,60,543.05,527.68,18.15,9.58
LSP002449,CAM0020,2025-07-21,2025-07-21T20:16:00,CATCHUP,peak,20,791.38,767.86,22.03,16.92
LSP002450,CAM0052,2025-01-18,2025-01-18T21:47:00,EXTRA,peak,10,459.58,444.37,30.67,13.63
LSP002451,CAM0025,2025-01-09,2025-01-09T16:37:00,MAIN,daytime,30,624.27,640.45,8.97,5.74
LSP002452,CAM0008,2025-07-25,2025-07-25T23:12:00,MAIN,post-peak,40,572.06,559.91,21.19,11.86
LSP002453,CAM0055,2025-12-02,2025-12-02T23:24:00,CATCHUP,post-peak,40,621.97,637.49,14.72,9.38
LSP002454,CAM0004,2025-01-30,2025-01-30T21:37:00,MAIN,peak,30,665.57,642.46,27.76,17.83
LSP002455,CAM0008,2025-01-02,2025-01-02T21:19:00,CATCHUP,peak,10,180.12,186.58,26.37,4.92
LSP002456,CAM0018,2025-02-03,2025-02-03T16:56:00,CATCHUP,daytime,60,184.78,186.58,7.38,1.38
LSP002457,CAM0017,2025-12-28,2025-12-28T12:28:00,MOVIES,daytime,30,116.39,115.4,9.2,1.06
LSP002458,CAM0042,2025-01-13,2025-01-13T20:51:00,MAIN,peak,20,788.78,784.31,22.87,17.94
LSP002459,CAM0055,2025-10-20,2025-10-20T16:29:00,FACTUAL,daytime,60,393.5,308.27,10.31,3.18
LSP002460,CAM0005,2025-02-15,2025-02-15T07:22:00,CATCHUP,breakfast,20,555.76,533.9,12.29,6.56
LSP002461,CAM0032,2025-04-14,2025-04-14T20:39:00,CATCHUP,peak,30,784.05,789.35,23.62,18.64
LSP002462,CAM0020,2025-03-13,2025-03-13T20:38:00,EXTRA,peak,30,799.02,789.81,22.37,17.67
LSP002463,CAM0047,2025-02-23,2025-02-23T18:31:00,MOVIES,pre-peak,30,567.56,567.34,21.98,12.47
LSP002464,CAM0058,2025-03-06,2025-03-06T20:34:00,EXTRA,peak,30,745.13,746.68,30.64,22.88
LSP002465,CAM0023,2025-01-13,2025-01-13T10:41:00,MOVIES,daytime,60,636.74,658.35,7.03,4.63
LSP002466,CAM0011,2025-04-05,2025-04-05T18:27:00,MOVIES,pre-peak,30,673.1,676.86,24.88,16.84
LSP002467,CAM0029,2025-11-26,2025-11-26T18:25:00,FACTUAL,pre-peak,20,190.45,192.01,26.92,5.17
LSP002468,CAM0035,2025-11-08,2025-11-08T07:18:00,CATCHUP,breakfast,30,231.38,232.04,8.95,2.08
LSP002469,CAM0022,2025-11-15,2025-11-15T20:29:00,EXTRA,peak,30,292.04,291.95,25.85,7.55
LSP002470,CAM0036,2025-04-07,2025-04-07T23:23:00,CATCHUP,post-peak,10,287.82,297.46,21.53,6.4
LSP002471,CAM0019,2025-03-05,2025-03-05T21:06:00,MOVIES,peak,30,412.13,414.49,34.39,14.25
LSP002472,CAM0009,2025-10-30,2025-10-30T23:55:00,FACTUAL,post-peak,60,347.36,348.32,17.53,6.11
LSP002473,CAM0042,2025-02-28,2025-02-28T21:19:00,CATCHUP,peak,30,79.53,78.65,22.57,1.78
LSP002474,CAM0046,2025-11-05,2025-11-05T12:17:00,CATCHUP,daytime,40,528.95,526.72,11.01,5.8
LSP002475,CAM0032,2025-06-28,2025-06-28T20:03:00,EXTRA,peak,40,62.5,60.98,23.61,1.44
LSP002476,CAM0047,2025-03-18,2025-03-18T16:00:00,MAIN,daytime,40,430.38,414.41,7.65,3.17
LSP002477,CAM0037,2025-01-12,2025-01-12T18:41:00,CATCHUP,pre-peak,30,161.93,158.39,19.89,3.15
LSP002478,CAM0039,2025-04-18,2025-04-18T21:40:00,CATCHUP,peak,10,338.33,325.17,34.38,11.18
LSP002479,CAM0041,2025-04-11,2025-04-11T07:08:00,FACTUAL,breakfast,60,179.57,182.6,8.97,1.64
LSP002480,CAM0045,2025-10-21,2025-10-21T18:15:00,MOVIES,pre-peak,60,601.08,578.23,26.09,15.09
LSP002481,CAM0032,2025-12-20,2025-12-20T10:41:00,FACTUAL,daytime,30,343.27,345.95,11.41,3.95
LSP002482,CAM0044,2025-09-11,2025-09-11T14:46:00,MOVIES,daytime,30,727.41,719.37,7.82,5.63
LSP002483,CAM0024,2025-04-23,2025-04-23T14:46:00,MAIN,daytime,30,335.61,336.92,9.22,3.11
LSP002484,CAM0053,2025-08-03,2025-08-03T16:55:00,CATCHUP,daytime,20,549.69,549.98,10.72,5.9
LSP002485,CAM0036,2025-04-28,2025-04-28T20:59:00,FACTUAL,peak,40,460.27,447.75,27.41,12.27
LSP002486,CAM0032,2025-04-21,2025-04-21T18:25:00,FACTUAL,pre-peak,30,284.89,293.11,26.11,7.65
LSP002487,CAM0031,2025-07-06,2025-07-06T20:00:00,CATCHUP,peak,30,268.05,276.28,27.31,7.55
LSP002488,CAM0052,2025-11-09,2025-11-09T20:42:00,FACTUAL,peak,30,232.89,231.6,29.76,6.89
LSP002489,CAM0022,2025-10-02,2025-10-02T07:01:00,FACTUAL,breakfast,30,649.78,661.25,12.17,8.05
LSP002490,CAM0035,2025-05-18,2025-05-18T18:10:00,MAIN,pre-peak,10,393.41,406.56,25.58,10.4
LSP002491,CAM0049,2025-04-11,2025-04-11T20:44:00,MOVIES,peak,30,220.46,227.64,32.98,7.51
LSP002492,CAM0038,2025-06-11,2025-06-11T14:50:00,FACTUAL,daytime,40,521.66,510.88,11.55,5.9
LSP002493,CAM0005,2025-08-04,2025-08-04T10:35:00,FACTUAL,daytime,10,315.76,320.54,9.82,3.15
LSP002494,CAM0020,2025-06-25,2025-06-25T07:11:00,CATCHUP,breakfast,10,283.74,292.47,8.97,2.62
LSP002495,CAM0030,2025-11-02,2025-11-02T14:43:00,EXTRA,daytime,60,217.85,224.1,10.55,2.36
LSP002496,CAM0013,2025-02-10,2025-02-10T21:46:00,MAIN,peak,10,156.68,157.63,25.57,4.03
LSP002497,CAM0056,2025-03-27,2025-03-27T18:11:00,MOVIES,pre-peak,60,248.14,254.9,21.8,5.56
LSP002498,CAM0012,2025-12-08,2025-12-08T16:44:00,MAIN,daytime,30,322.61,314.67,10.29,3.24
LSP002499,CAM0023,2025-06-28,2025-06-28T16:05:00,FACTUAL,daytime,40,617.45,632.18,10.94,6.92
LSP002500,CAM0041,2025-02-11,2025-02-11T20:20:00,MAIN,peak,10,407.48,401.1,32.77,13.14
LSP002501,CAM0021,2025-12-17,2025-12-17T12:29:00,MAIN,daytime,60,363.41,364.68,6.65,2.43
LSP002502,CAM0030,2025-04-13,2025-04-13T14:16:00,MOVIES,daytime,10,798.27,771.89,7.9,6.1
LSP002503,CAM0031,2025-07-11,2025-07-11T23:46:00,EXTRA,post-peak,60,369.05,359.42,17.39,6.25
LSP002504,CAM0033,2025-05-12,2025-05-12T20:32:00,MOVIES,peak,30,169.84,175.72,27.51,4.83
LSP002505,CAM0015,2025-02-12,2025-02-12T20:27:00,EXTRA,peak,10,642.57,648.66,26.37,17.11
LSP002506,CAM0005,2025-08-12,2025-08-12T21:03:00,FACTUAL,peak,30,74.36,75.05,29.67,2.23
LSP002507,CAM0010,2025-03-06,2025-03-06T23:45:00,MOVIES,post-peak,30,220.67,228.57,21.62,4.94
LSP002508,CAM0014,2025-05-24,2025-05-24T21:52:00,CATCHUP,peak,30,447.94,367.53,33.05,12.15
LSP002509,CAM0006,2025-12-03,2025-12-03T16:09:00,MAIN,daytime,20,326.97,324.37,8.2,2.66
LSP002510,CAM0055,2025-12-14,2025-12-14T10:11:00,EXTRA,daytime,10,234.74,232.14,8.23,1.91
LSP002511,CAM0025,2025-08-27,2025-08-27T12:39:00,MAIN,daytime,10,588.75,566.34,7.71,4.37
LSP002512,CAM0017,2025-04-10,2025-04-10T23:33:00,EXTRA,post-peak,40,274.37,276.9,15.8,4.38
LSP002513,CAM0051,2025-02-13,2025-02-13T21:43:00,EXTRA,peak,40,785.99,762.01,30.35,23.13
LSP002514,CAM0021,2025-01-09,2025-01-09T18:43:00,CATCHUP,pre-peak,10,761.54,767.93,21.9,16.82
LSP002515,CAM0051,2025-06-23,2025-06-23T21:58:00,MOVIES,peak,20,692.92,711.87,23.84,16.97
LSP002516,CAM0040,2025-02-12,2025-02-12T21:46:00,CATCHUP,peak,30,221.44,215.36,29.72,6.4
LSP002517,CAM0016,2025-07-23,2025-07-23T20:04:00,FACTUAL,peak,30,213.37,218.12,23.48,5.12
LSP002518,CAM0002,2025-07-03,2025-07-03T10:32:00,MOVIES,daytime,30,50.73,50.11,9.57,0.48
LSP002519,CAM0040,2025-02-11,2025-02-11T18:12:00,MAIN,pre-peak,30,255.62,261.94,19.78,5.18
LSP002520,CAM0009,2025-11-27,2025-11-27T18:51:00,CATCHUP,pre-peak,20,470.35,452.82,20.13,9.12
LSP002521,CAM0020,2025-11-23,2025-11-23T16:03:00,EXTRA,daytime,30,287.16,293.16,6.28,1.84
LSP002522,CAM0042,2025-01-25,2025-01-25T14:38:00,EXTRA,daytime,30,356.07,361.18,7.79,2.81
LSP002523,CAM0005,2025-10-02,2025-10-02T21:09:00,EXTRA,peak,60,367.97,354.57,33.55,11.9
LSP002524,CAM0054,2025-10-09,2025-10-09T20:28:00,EXTRA,peak,10,86.35,83.59,25.18,2.1
LSP002525,CAM0025,2025-01-31,2025-01-31T10:19:00,EXTRA,daytime,20,52.19,52.85,7.01,0.37
LSP002526,CAM0051,2025-05-01,2025-05-01T12:49:00,CATCHUP,daytime,40,197.74,203.77,10.03,2.04
LSP002527,CAM0034,2025-03-04,2025-03-04T21:40:00,MOVIES,peak,20,361.5,299.68,30.8,9.23
LSP002528,CAM0044,2025-02-14,2025-02-14T20:44:00,MOVIES,peak,20,603.71,602.06,28.63,17.24
LSP002529,CAM0046,2025-06-06,2025-06-06T20:27:00,MOVIES,peak,20,84.63,61.87,25.34,1.57
LSP002530,CAM0046,2025-02-21,2025-02-21T21:30:00,MAIN,peak,30,135.6,136.26,33.33,4.54
LSP002531,CAM0002,2025-12-01,2025-12-01T20:53:00,CATCHUP,peak,30,128.15,123.09,26.83,3.3
LSP002532,CAM0049,2025-02-26,2025-02-26T21:37:00,MAIN,peak,30,248.62,245.87,34.15,8.4
LSP002533,CAM0027,2025-11-07,2025-11-07T20:39:00,MOVIES,peak,30,303.82,306.25,27.9,8.54
LSP002534,CAM0032,2025-02-10,2025-02-10T14:28:00,MAIN,daytime,40,616.44,612.26,6.85,4.19
LSP002535,CAM0028,2025-05-04,2025-05-04T20:25:00,MAIN,peak,20,606.64,600.9,32.09,19.28
LSP002536,CAM0035,2025-04-23,2025-04-23T23:23:00,FACTUAL,post-peak,30,205.6,206.33,20.82,4.3
LSP002537,CAM0031,2025-05-27,2025-05-27T21:02:00,EXTRA,peak,40,154.84,160.14,31.9,5.11
LSP002538,CAM0019,2025-12-08,2025-12-08T18:04:00,FACTUAL,pre-peak,30,640.59,623.98,22.24,13.88
LSP002539,CAM0047,2025-04-22,2025-04-22T07:43:00,MAIN,breakfast,10,654.15,633.05,10.09,6.39
LSP002540,CAM0041,2025-12-10,2025-12-10T10:11:00,FACTUAL,daytime,30,220.07,228.7,10.42,2.38
LSP002541,CAM0014,2025-08-01,2025-08-01T14:01:00,FACTUAL,daytime,30,284.9,286.39,9.56,2.74
LSP002542,CAM0058,2025-09-05,2025-09-05T23:13:00,MOVIES,post-peak,30,469.05,450.4,16.23,7.31
LSP002543,CAM0015,2025-09-07,2025-09-07T21:58:00,EXTRA,peak,30,596.7,576.59,26.48,15.27
LSP002544,CAM0012,2025-03-16,2025-03-16T21:45:00,CATCHUP,peak,10,545.99,564.99,26.98,15.24
LSP002545,CAM0039,2025-04-25,2025-04-25T14:02:00,FACTUAL,daytime,10,332.84,323.39,6.57,2.12
LSP002546,CAM0035,2025-08-20,2025-08-20T12:32:00,EXTRA,daytime,30,409.86,394.14,9.22,3.63
LSP002547,CAM0029,2025-12-23,2025-12-23T20:25:00,MAIN,peak,60,670.54,667.76,29.97,20.01
LSP002548,CAM0051,2025-09-24,2025-09-24T20:53:00,CATCHUP,peak,30,720.79,717.84,29.8,21.39
LSP002549,CAM0021,2025-03-24,2025-03-24T23:08:00,MAIN,post-peak,30,143.18,147.23,20.32,2.99
LSP002550,CAM0027,2025-07-02,2025-07-02T20:06:00,CATCHUP,peak,30,450.9,466.79,34.58,16.14
LSP002551,CAM0028,2025-02-09,2025-02-09T20:40:00,FACTUAL,peak,30,696.18,691.05,32.78,22.65
LSP002552,CAM0011,2025-11-02,2025-11-02T18:23:00,FACTUAL,pre-peak,30,663.48,676.92,19.03,12.88
LSP002553,CAM0039,2025-06-06,2025-06-06T20:13:00,MOVIES,peak,30,430.34,442.02,24.75,10.94
LSP002554,CAM0055,2025-12-20,2025-12-20T21:41:00,CATCHUP,peak,30,90.16,93.39,31.07,2.9
LSP002555,CAM0008,2025-04-17,2025-04-17T20:00:00,MOVIES,peak,10,369.51,360.3,30.88,11.13
LSP002556,CAM0011,2025-02-28,2025-02-28T18:51:00,EXTRA,pre-peak,30,740.69,725.41,22.7,16.47
LSP002557,CAM0056,2025-09-27,2025-09-27T16:37:00,MAIN,daytime,60,685.91,691.51,6.34,4.38
LSP002558,CAM0031,2025-12-11,2025-12-11T12:22:00,FACTUAL,daytime,30,436.92,427.3,10.17,4.35
LSP002559,CAM0058,2025-05-01,2025-05-01T20:58:00,CATCHUP,peak,30,618.88,617.98,25.62,15.83
LSP002560,CAM0047,2025-04-22,2025-04-22T20:09:00,EXTRA,peak,30,632.9,612.94,32.51,19.93
LSP002561,CAM0005,2025-11-04,2025-11-04T21:11:00,FACTUAL,peak,30,710.44,724.03,34.76,25.17
LSP002562,CAM0054,2025-05-11,2025-05-11T21:55:00,MOVIES,peak,20,728.45,740.29,24.37,18.04
LSP002563,CAM0013,2025-07-27,2025-07-27T21:07:00,CATCHUP,peak,30,224.95,222.39,23.27,5.18
LSP002564,CAM0014,2025-10-12,2025-10-12T14:14:00,MAIN,daytime,30,342.21,345.03,6.05,2.09
LSP002565,CAM0050,2025-08-29,2025-08-29T20:33:00,FACTUAL,peak,60,768.45,646.2,31.04,20.06
LSP002566,CAM0020,2025-07-05,2025-07-05T21:37:00,CATCHUP,peak,30,151.71,154.49,29.31,4.53
LSP002567,CAM0048,2025-11-09,2025-11-09T20:11:00,MAIN,peak,30,412.59,402.3,30.46,12.25
LSP002568,CAM0049,2025-02-17,2025-02-17T18:32:00,MAIN,pre-peak,10,708.01,714.9,19.92,14.24
LSP002569,CAM0028,2025-08-20,2025-08-20T07:44:00,EXTRA,breakfast,10,409.12,402.37,8.08,3.25
LSP002570,CAM0059,2025-04-03,2025-04-03T16:41:00,EXTRA,daytime,40,178.05,174.78,10.13,1.77
LSP002571,CAM0034,2025-04-28,2025-04-28T21:03:00,MOVIES,peak,40,734.27,718.69,26.06,18.73
LSP002572,CAM0058,2025-01-08,2025-01-08T10:34:00,MAIN,daytime,40,643.18,626.11,10.56,6.61
LSP002573,CAM0036,2025-05-19,2025-05-19T12:42:00,MAIN,daytime,20,569.85,585.2,8.21,4.8
LSP002574,CAM0045,2025-11-04,2025-11-04T16:26:00,FACTUAL,daytime,40,720.83,730.54,9.09,6.64
LSP002575,CAM0043,2025-02-03,2025-02-03T23:26:00,FACTUAL,post-peak,10,509.52,493.34,17.96,8.86
LSP002576,CAM0013,2025-11-14,2025-11-14T20:45:00,MAIN,peak,20,400.59,411.19,23.75,9.77
LSP002577,CAM0054,2025-06-16,2025-06-16T23:43:00,CATCHUP,post-peak,10,431.43,427.48,14.61,6.25
LSP002578,CAM0058,2025-02-06,2025-02-06T07:12:00,FACTUAL,breakfast,30,289.64,295.42,12.16,3.59
LSP002579,CAM0012,2025-01-19,2025-01-19T20:11:00,EXTRA,peak,30,336.67,338.91,34.18,11.58
LSP002580,CAM0028,2025-11-04,2025-11-04T12:10:00,CATCHUP,daytime,30,225.3,217.97,7.5,1.63
LSP002581,CAM0054,2025-02-03,2025-02-03T20:34:00,EXTRA,peak,30,557.61,570.68,32.18,18.36
LSP002582,CAM0020,2025-03-06,2025-03-06T14:40:00,EXTRA,daytime,30,51.65,50.32,10.47,0.53
LSP002583,CAM0018,2025-07-29,2025-07-29T12:51:00,FACTUAL,daytime,40,438.04,453.89,7.54,3.42
LSP002584,CAM0031,2025-07-09,2025-07-09T10:47:00,CATCHUP,daytime,30,377.13,384.12,9.05,3.48
LSP002585,CAM0050,2025-07-05,2025-07-05T21:11:00,FACTUAL,peak,20,595.59,616.73,34.28,21.14
LSP002586,CAM0036,2025-06-18,2025-06-18T16:28:00,FACTUAL,daytime,20,305.02,306.91,8.08,2.48
LSP002587,CAM0049,2025-10-14,2025-10-14T20:59:00,CATCHUP,peak,60,516.1,506.69,34.81,17.64
LSP002588,CAM0031,2025-11-20,2025-11-20T21:15:00,CATCHUP,peak,30,655.0,679.11,25.68,17.44
LSP002589,CAM0014,2025-06-15,2025-06-15T20:53:00,MOVIES,peak,30,296.1,287.21,29.14,8.37
LSP002590,CAM0013,2025-01-03,2025-01-03T07:37:00,CATCHUP,breakfast,30,255.48,264.67,9.49,2.51
LSP002591,CAM0018,2025-05-26,2025-05-26T21:39:00,MOVIES,peak,40,332.97,331.1,29.66,9.82
LSP002592,CAM0040,2025-10-24,2025-10-24T14:01:00,MOVIES,daytime,40,129.87,133.56,6.13,0.82
LSP002593,CAM0056,2025-08-10,2025-08-10T20:05:00,FACTUAL,peak,30,380.24,365.83,31.86,11.66
LSP002594,CAM0052,2025-09-26,2025-09-26T14:45:00,MOVIES,daytime,10,302.54,299.12,8.59,2.57
LSP002595,CAM0021,2025-01-01,2025-01-01T20:04:00,CATCHUP,peak,40,428.89,435.28,27.0,11.75
LSP002596,CAM0043,2025-05-30,2025-05-30T14:56:00,EXTRA,daytime,20,263.06,272.86,9.66,2.64
LSP002597,CAM0041,2025-08-11,2025-08-11T20:20:00,MAIN,peak,30,293.15,296.57,32.16,9.54
LSP002598,CAM0027,2025-12-29,2025-12-29T20:14:00,MOVIES,peak,30,283.15,287.95,33.72,9.71
LSP002599,CAM0058,2025-04-02,2025-04-02T21:27:00,MAIN,peak,30,673.58,655.68,26.3,17.24
LSP002600,CAM0029,2025-03-05,2025-03-05T16:02:00,EXTRA,daytime,30,91.77,94.41,9.23,0.87
LSP002601,CAM0056,2025-12-28,2025-12-28T23:27:00,EXTRA,post-peak,60,332.29,332.67,20.32,6.76
LSP002602,CAM0041,2025-07-30,2025-07-30T21:15:00,CATCHUP,peak,40,265.64,270.92,33.17,8.99
LSP002603,CAM0056,2025-01-27,2025-01-27T20:12:00,FACTUAL,peak,30,313.1,282.28,22.28,6.29
LSP002604,CAM0006,2025-03-14,2025-03-14T18:36:00,MOVIES,pre-peak,30,300.1,302.75,20.08,6.08
LSP002605,CAM0049,2025-05-31,2025-05-31T20:32:00,FACTUAL,peak,20,729.91,729.31,26.55,19.36
LSP002606,CAM0025,2025-09-01,2025-09-01T08:13:00,MOVIES,breakfast,30,361.22,352.39,10.96,3.86
LSP002607,CAM0017,2025-06-05,2025-06-05T20:13:00,CATCHUP,peak,30,352.22,348.77,31.6,11.02
LSP002608,CAM0016,2025-04-30,2025-04-30T10:04:00,EXTRA,daytime,20,216.76,215.4,8.86,1.91
LSP002609,CAM0054,2025-01-25,2025-01-25T18:14:00,MAIN,pre-peak,30,276.09,275.23,26.86,7.39
LSP002610,CAM0012,2025-12-12,2025-12-12T18:08:00,MOVIES,pre-peak,20,757.4,746.08,18.41,13.74
LSP002611,CAM0040,2025-10-11,2025-10-11T23:38:00,MOVIES,post-peak,60,421.92,437.66,20.87,9.13
LSP002612,CAM0040,2025-05-20,2025-05-20T21:41:00,EXTRA,peak,30,679.48,659.82,26.6,17.55
LSP002613,CAM0013,2025-08-17,2025-08-17T21:50:00,FACTUAL,peak,60,701.91,717.86,28.19,20.24
LSP002614,CAM0030,2025-08-03,2025-08-03T20:18:00,MAIN,peak,30,704.09,639.3,27.48,17.57
LSP002615,CAM0023,2025-02-11,2025-02-11T16:28:00,FACTUAL,daytime,20,273.54,279.11,10.6,2.96
LSP002616,CAM0042,2025-04-17,2025-04-17T08:37:00,MAIN,breakfast,60,74.24,74.66,9.94,0.74
LSP002617,CAM0003,2025-07-29,2025-07-29T18:22:00,CATCHUP,pre-peak,20,231.63,227.25,20.44,4.64
LSP002618,CAM0052,2025-06-20,2025-06-20T20:27:00,FACTUAL,peak,20,306.47,299.12,30.8,9.21
LSP002619,CAM0027,2025-08-09,2025-08-09T23:40:00,MAIN,post-peak,60,768.48,739.52,22.0,16.27
LSP002620,CAM0048,2025-02-10,2025-02-10T08:47:00,EXTRA,breakfast,60,280.75,284.47,13.77,3.92
LSP002621,CAM0005,2025-02-10,2025-02-10T20:48:00,CATCHUP,peak,30,475.77,488.47,34.92,17.06
LSP002622,CAM0006,2025-10-08,2025-10-08T10:56:00,FACTUAL,daytime,30,211.28,216.14,7.66,1.66
LSP002623,CAM0028,2025-02-09,2025-02-09T16:19:00,MOVIES,daytime,30,368.79,373.0,9.89,3.69
LSP002624,CAM0033,2025-09-07,2025-09-07T20:17:00,MOVIES,peak,40,487.66,493.55,32.17,15.88
LSP002625,CAM0025,2025-10-08,2025-10-08T21:45:00,CATCHUP,peak,10,605.28,598.93,26.46,15.85
LSP002626,CAM0039,2025-10-28,2025-10-28T18:33:00,CATCHUP,pre-peak,10,257.17,251.67,20.32,5.11
LSP002627,CAM0047,2025-04-03,2025-04-03T20:11:00,MOVIES,peak,30,731.2,720.41,32.9,23.7
LSP002628,CAM0044,2025-05-04,2025-05-04T20:27:00,EXTRA,peak,20,100.31,96.84,33.38,3.23
LSP002629,CAM0035,2025-07-18,2025-07-18T18:19:00,MOVIES,pre-peak,30,388.3,389.91,26.38,10.29
LSP002630,CAM0017,2025-08-21,2025-08-21T21:32:00,FACTUAL,peak,20,245.86,241.97,23.67,5.73
LSP002631,CAM0013,2025-06-17,2025-06-17T20:18:00,MAIN,peak,10,747.52,757.82,33.91,25.7
LSP002632,CAM0015,2025-09-16,2025-09-16T20:14:00,FACTUAL,peak,10,452.95,460.19,33.17,15.26
LSP002633,CAM0027,2025-06-08,2025-06-08T23:55:00,MOVIES,post-peak,30,276.83,287.22,21.35,6.13
LSP002634,CAM0005,2025-09-16,2025-09-16T20:00:00,EXTRA,peak,30,435.59,449.55,34.62,15.56
LSP002635,CAM0050,2025-06-12,2025-06-12T20:05:00,FACTUAL,peak,20,763.15,779.99,26.74,20.86
LSP002636,CAM0011,2025-12-22,2025-12-22T10:35:00,CATCHUP,daytime,30,307.8,310.75,10.85,3.37
LSP002637,CAM0034,2025-06-05,2025-06-05T21:43:00,MAIN,peak,20,778.34,770.56,26.69,20.57
LSP002638,CAM0034,2025-02-26,2025-02-26T18:22:00,CATCHUP,pre-peak,20,211.35,217.33,23.88,5.19
LSP002639,CAM0020,2025-09-30,2025-09-30T21:36:00,MAIN,peak,30,718.65,732.01,34.91,25.55
LSP002640,CAM0035,2025-02-03,2025-02-03T21:55:00,MOVIES,peak,20,244.34,253.76,24.25,6.15
LSP002641,CAM0059,2025-03-22,2025-03-22T10:38:00,FACTUAL,daytime,30,397.48,412.68,11.08,4.57
LSP002642,CAM0054,2025-10-28,2025-10-28T21:06:00,EXTRA,peak,10,436.26,450.38,25.84,11.64
LSP002643,CAM0006,2025-06-01,2025-06-01T21:05:00,EXTRA,peak,20,112.89,111.59,24.55,2.74
LSP002644,CAM0004,2025-02-02,2025-02-02T16:02:00,EXTRA,daytime,10,656.35,653.71,9.2,6.01
LSP002645,CAM0043,2025-12-31,2025-12-31T10:03:00,CATCHUP,daytime,40,355.45,349.85,10.61,3.71
LSP002646,CAM0021,2025-08-22,2025-08-22T18:53:00,MOVIES,pre-peak,20,611.98,635.87,21.04,13.38
LSP002647,CAM0051,2025-10-13,2025-10-13T21:11:00,CATCHUP,peak,30,123.71,124.84,33.76,4.21
LSP002648,CAM0018,2025-06-24,2025-06-24T10:26:00,FACTUAL,daytime,40,111.53,113.62,6.62,0.75
LSP002649,CAM0027,2025-02-23,2025-02-23T23:47:00,MOVIES,post-peak,40,335.4,322.45,21.16,6.82
LSP002650,CAM0057,2025-12-26,2025-12-26T21:40:00,EXTRA,peak,20,548.12,558.65,27.26,15.23
LSP002651,CAM0010,2025-08-02,2025-08-02T21:59:00,EXTRA,peak,20,565.26,565.22,34.06,19.25
LSP002652,CAM0026,2025-03-29,2025-03-29T20:24:00,CATCHUP,peak,30,634.32,610.49,24.52,14.97
LSP002653,CAM0018,2025-09-12,2025-09-12T20:59:00,MAIN,peak,40,52.91,51.77,30.61,1.58
LSP002654,CAM0041,2025-11-21,2025-11-21T23:40:00,FACTUAL,post-peak,30,147.13,148.63,14.39,2.14
LSP002655,CAM0013,2025-03-22,2025-03-22T10:02:00,MOVIES,daytime,60,250.5,250.37,6.77,1.7
LSP002656,CAM0052,2025-04-08,2025-04-08T20:07:00,EXTRA,peak,30,312.24,304.4,31.32,9.53
LSP002657,CAM0003,2025-06-19,2025-06-19T20:32:00,MAIN,peak,40,747.31,774.08,27.19,21.05
LSP002658,CAM0052,2025-07-14,2025-07-14T08:35:00,MAIN,breakfast,20,643.47,631.23,10.93,6.9
LSP002659,CAM0023,2025-06-03,2025-06-03T21:16:00,MOVIES,peak,60,349.35,362.37,22.54,8.17
LSP002660,CAM0038,2025-01-12,2025-01-12T14:05:00,CATCHUP,daytime,40,488.32,484.11,10.13,4.9
LSP002661,CAM0014,2025-01-19,2025-01-19T10:24:00,FACTUAL,daytime,40,680.75,660.85,9.09,6.01
LSP002662,CAM0032,2025-09-29,2025-09-29T20:32:00,MOVIES,peak,40,710.06,721.27,33.85,24.41
LSP002663,CAM0040,2025-11-16,2025-11-16T21:04:00,EXTRA,peak,30,544.25,550.66,33.51,18.45
LSP002664,CAM0009,2025-10-30,2025-10-30T07:05:00,MAIN,breakfast,60,595.19,589.58,14.45,8.52
LSP002665,CAM0031,2025-10-29,2025-10-29T14:48:00,MOVIES,daytime,10,615.25,601.19,6.1,3.67
LSP002666,CAM0022,2025-03-04,2025-03-04T21:46:00,FACTUAL,peak,60,796.08,827.31,26.19,21.67
LSP002667,CAM0016,2025-10-14,2025-10-14T12:45:00,CATCHUP,daytime,30,281.03,286.73,7.56,2.17
LSP002668,CAM0052,2025-10-16,2025-10-16T21:23:00,EXTRA,peak,30,380.37,383.06,33.48,12.82
LSP002669,CAM0048,2025-07-29,2025-07-29T20:40:00,MAIN,peak,60,473.3,459.14,31.49,14.46
LSP002670,CAM0032,2025-01-05,2025-01-05T21:16:00,CATCHUP,peak,60,437.8,438.81,32.01,14.05
LSP002671,CAM0054,2025-06-19,2025-06-19T18:42:00,EXTRA,pre-peak,30,718.19,727.59,24.62,17.91
LSP002672,CAM0043,2025-04-06,2025-04-06T21:10:00,CATCHUP,peak,20,587.68,599.91,23.44,14.06
LSP002673,CAM0014,2025-03-20,2025-03-20T14:13:00,MAIN,daytime,30,723.71,719.49,10.36,7.45
LSP002674,CAM0044,2025-08-05,2025-08-05T20:26:00,MOVIES,peak,30,63.85,62.72,32.42,2.03
LSP002675,CAM0015,2025-09-03,2025-09-03T23:46:00,FACTUAL,post-peak,30,294.09,290.2,14.63,4.25
LSP002676,CAM0023,2025-11-22,2025-11-22T12:30:00,FACTUAL,daytime,30,562.76,567.25,6.95,3.94
LSP002677,CAM0033,2025-12-25,2025-12-25T20:17:00,CATCHUP,peak,40,393.02,407.7,22.84,9.31
LSP002678,CAM0041,2025-05-30,2025-05-30T23:24:00,EXTRA,post-peak,30,382.82,393.2,19.22,7.56
LSP002679,CAM0051,2025-11-12,2025-11-12T20:27:00,FACTUAL,peak,30,218.01,215.49,26.14,5.63
LSP002680,CAM0050,2025-07-03,2025-07-03T21:27:00,FACTUAL,peak,10,508.53,512.55,25.09,12.86
LSP002681,CAM0047,2025-01-05,2025-01-05T23:03:00,CATCHUP,post-peak,20,313.22,305.29,20.68,6.31
LSP002682,CAM0026,2025-04-09,2025-04-09T21:05:00,FACTUAL,peak,30,406.55,395.9,25.65,10.15
LSP002683,CAM0009,2025-09-26,2025-09-26T14:34:00,EXTRA,daytime,30,629.22,628.19,8.46,5.31
LSP002684,CAM0004,2025-10-18,2025-10-18T20:49:00,FACTUAL,peak,30,541.18,389.58,30.24,11.78
LSP002685,CAM0033,2025-01-18,2025-01-18T14:50:00,EXTRA,daytime,20,732.49,707.41,11.13,7.87
LSP002686,CAM0056,2025-04-23,2025-04-23T18:15:00,FACTUAL,pre-peak,60,710.86,738.54,22.86,16.88
LSP002687,CAM0023,2025-06-17,2025-06-17T14:26:00,MAIN,daytime,30,233.79,231.79,9.69,2.25
LSP002688,CAM0028,2025-09-06,2025-09-06T21:59:00,MOVIES,peak,40,575.39,554.59,26.33,14.6
LSP002689,CAM0014,2025-07-22,2025-07-22T23:54:00,FACTUAL,post-peak,30,480.04,487.37,19.68,9.59
LSP002690,CAM0053,2025-06-28,2025-06-28T18:47:00,EXTRA,pre-peak,60,425.98,414.76,18.85,7.82
LSP002691,CAM0057,2025-07-02,2025-07-02T23:46:00,EXTRA,post-peak,30,234.43,192.07,16.72,3.21
LSP002692,CAM0021,2025-10-09,2025-10-09T10:58:00,EXTRA,daytime,30,186.79,193.4,8.22,1.59
LSP002693,CAM0031,2025-11-25,2025-11-25T20:18:00,MOVIES,peak,10,384.36,394.57,32.81,12.95
LSP002694,CAM0054,2025-06-25,2025-06-25T08:50:00,CATCHUP,breakfast,40,477.14,477.33,11.19,5.34
LSP002695,CAM0024,2025-07-09,2025-07-09T08:36:00,FACTUAL,breakfast,30,121.98,124.72,10.37,1.29
LSP002696,CAM0044,2025-02-21,2025-02-21T18:17:00,CATCHUP,pre-peak,30,183.38,187.19,23.17,4.34
LSP002697,CAM0042,2025-06-22,2025-06-22T20:30:00,FACTUAL,peak,30,383.71,392.31,29.57,11.6
LSP002698,CAM0003,2025-09-04,2025-09-04T07:20:00,FACTUAL,breakfast,40,509.57,518.06,12.47,6.46
LSP002699,CAM0020,2025-04-24,2025-04-24T23:27:00,CATCHUP,post-peak,30,542.93,558.56,20.41,11.4
LSP002700,CAM0012,2025-03-14,2025-03-14T21:53:00,CATCHUP,peak,30,625.76,603.42,27.26,16.45
LSP002701,CAM0045,2025-05-04,2025-05-04T16:07:00,FACTUAL,daytime,20,319.96,310.36,6.31,1.96
LSP002702,CAM0004,2025-02-26,2025-02-26T10:21:00,FACTUAL,daytime,30,391.14,384.5,11.77,4.53
LSP002703,CAM0016,2025-12-06,2025-12-06T08:57:00,FACTUAL,breakfast,40,452.42,447.08,10.56,4.72
LSP002704,CAM0033,2025-06-22,2025-06-22T18:06:00,EXTRA,pre-peak,30,252.77,255.48,21.09,5.39
LSP002705,CAM0026,2025-10-01,2025-10-01T16:41:00,FACTUAL,daytime,30,210.5,204.63,11.16,2.28
LSP002706,CAM0035,2025-07-07,2025-07-07T23:22:00,CATCHUP,post-peak,10,675.49,679.93,21.74,14.78
LSP002707,CAM0023,2025-09-06,2025-09-06T21:19:00,MOVIES,peak,30,745.97,740.53,22.58,16.72
LSP002708,CAM0051,2025-09-29,2025-09-29T21:16:00,MAIN,peak,60,195.06,190.59,31.57,6.02
LSP002709,CAM0051,2025-11-23,2025-11-23T16:00:00,FACTUAL,daytime,10,398.76,408.55,11.98,4.89
LSP002710,CAM0029,2025-11-21,2025-11-21T21:16:00,MOVIES,peak,40,492.4,504.48,31.02,15.65
LSP002711,CAM0019,2025-03-05,2025-03-05T20:45:00,FACTUAL,peak,30,305.03,265.71,28.49,7.57
LSP002712,CAM0019,2025-07-10,2025-07-10T21:25:00,MAIN,peak,10,396.11,406.4,23.31,9.47
LSP002713,CAM0005,2025-08-24,2025-08-24T16:43:00,MAIN,daytime,40,684.79,681.41,6.21,4.23
LSP002714,CAM0025,2025-08-24,2025-08-24T20:41:00,FACTUAL,peak,30,75.08,76.29,24.32,1.86
LSP002715,CAM0034,2025-06-10,2025-06-10T16:06:00,MOVIES,daytime,40,167.07,165.27,10.86,1.79
LSP002716,CAM0016,2025-12-07,2025-12-07T20:50:00,CATCHUP,peak,30,383.88,379.36,24.57,9.32
LSP002717,CAM0028,2025-09-07,2025-09-07T23:23:00,FACTUAL,post-peak,40,445.39,445.0,17.64,7.85
LSP002718,CAM0009,2025-10-01,2025-10-01T20:17:00,MAIN,peak,20,222.86,215.84,24.52,5.29
LSP002719,CAM0001,2025-02-08,2025-02-08T14:03:00,CATCHUP,daytime,30,733.08,732.64,7.86,5.76
LSP002720,CAM0040,2025-04-27,2025-04-27T18:54:00,EXTRA,pre-peak,30,409.84,412.06,22.42,9.24
LSP002721,CAM0053,2025-02-02,2025-02-02T23:17:00,CATCHUP,post-peak,10,197.01,204.47,19.34,3.95
LSP002722,CAM0043,2025-01-27,2025-01-27T23:43:00,EXTRA,post-peak,60,323.15,332.03,18.49,6.14
LSP002723,CAM0010,2025-07-19,2025-07-19T21:32:00,EXTRA,peak,60,307.03,311.19,25.08,7.8
LSP002724,CAM0047,2025-08-30,2025-08-30T21:16:00,MAIN,peak,20,714.77,716.09,27.58,19.75
LSP002725,CAM0038,2025-02-23,2025-02-23T10:08:00,EXTRA,daytime,20,647.57,635.34,9.95,6.32
LSP002726,CAM0021,2025-03-23,2025-03-23T21:05:00,MAIN,peak,30,416.92,419.17,34.72,14.55
LSP002727,CAM0054,2025-06-20,2025-06-20T21:55:00,FACTUAL,peak,30,782.56,779.52,25.43,19.82
LSP002728,CAM0041,2025-05-20,2025-05-20T18:23:00,EXTRA,pre-peak,20,331.09,325.27,27.25,8.86
LSP002729,CAM0008,2025-09-24,2025-09-24T10:49:00,CATCHUP,daytime,40,687.5,678.84,7.28,4.94
LSP002730,CAM0059,2025-08-19,2025-08-19T12:01:00,FACTUAL,daytime,20,93.45,94.56,9.24,0.87
LSP002731,CAM0045,2025-10-31,2025-10-31T12:53:00,MOVIES,daytime,30,275.68,281.82,7.68,2.16
LSP002732,CAM0032,2025-02-11,2025-02-11T14:42:00,EXTRA,daytime,20,70.93,71.85,7.46,0.54
LSP002733,CAM0016,2025-06-15,2025-06-15T14:03:00,MAIN,daytime,10,188.44,184.02,8.34,1.53
LSP002734,CAM0013,2025-01-01,2025-01-01T20:56:00,MOVIES,peak,30,401.53,408.99,22.14,9.06
LSP002735,CAM0027,2025-12-05,2025-12-05T20:27:00,MAIN,peak,30,227.93,221.45,29.85,6.61
LSP002736,CAM0001,2025-09-05,2025-09-05T18:30:00,MAIN,pre-peak,40,362.03,362.0,18.42,6.67
LSP002737,CAM0035,2025-09-26,2025-09-26T21:25:00,CATCHUP,peak,10,542.58,537.8,29.47,15.85
LSP002738,CAM0003,2025-04-26,2025-04-26T21:42:00,EXTRA,peak,30,683.71,699.89,25.34,17.74
LSP002739,CAM0028,2025-08-28,2025-08-28T16:37:00,CATCHUP,daytime,10,350.96,362.37,10.52,3.81
LSP002740,CAM0039,2025-12-16,2025-12-16T07:50:00,FACTUAL,breakfast,60,648.2,541.57,12.97,7.02
LSP002741,CAM0032,2025-11-27,2025-11-27T07:19:00,EXTRA,breakfast,30,660.76,671.61,12.17,8.17
LSP002742,CAM0044,2025-01-28,2025-01-28T10:04:00,FACTUAL,daytime,30,480.4,499.37,6.85,3.42
LSP002743,CAM0026,2025-08-26,2025-08-26T23:29:00,FACTUAL,post-peak,20,138.4,135.59,18.79,2.55
LSP002744,CAM0041,2025-07-23,2025-07-23T21:49:00,FACTUAL,peak,20,351.15,260.49,27.5,7.16
LSP002745,CAM0048,2025-01-13,2025-01-13T20:32:00,MOVIES,peak,30,644.5,626.02,32.96,20.63
LSP002746,CAM0039,2025-04-29,2025-04-29T12:23:00,CATCHUP,daytime,20,617.0,601.8,11.04,6.64
LSP002747,CAM0041,2025-02-12,2025-02-12T07:23:00,MOVIES,breakfast,20,714.04,690.3,10.18,7.03
LSP002748,CAM0059,2025-05-10,2025-05-10T18:13:00,FACTUAL,pre-peak,10,69.5,67.17,18.47,1.24
LSP002749,CAM0052,2025-02-15,2025-02-15T10:34:00,EXTRA,daytime,20,115.09,115.21,9.81,1.13
LSP002750,CAM0046,2025-09-04,2025-09-04T20:00:00,EXTRA,peak,30,656.02,653.6,28.41,18.57
LSP002751,CAM0032,2025-02-11,2025-02-11T21:44:00,MAIN,peak,20,74.49,74.2,22.74,1.69
LSP002752,CAM0037,2025-06-05,2025-06-05T08:16:00,MOVIES,breakfast,10,297.47,291.6,13.66,3.98
LSP002753,CAM0049,2025-11-21,2025-11-21T20:37:00,FACTUAL,peak,20,229.3,224.88,31.83,7.16
LSP002754,CAM0030,2025-07-26,2025-07-26T18:55:00,MOVIES,pre-peak,60,95.48,93.38,21.25,1.98
LSP002755,CAM0042,2025-10-28,2025-10-28T21:29:00,EXTRA,peak,60,110.02,112.31,22.58,2.54
LSP002756,CAM0015,2025-04-01,2025-04-01T14:50:00,MOVIES,daytime,40,671.54,662.59,10.53,6.98
LSP002757,CAM0032,2025-05-16,2025-05-16T23:21:00,MAIN,post-peak,60,50.24,51.84,20.87,1.08
LSP002758,CAM0038,2025-06-05,2025-06-05T21:28:00,EXTRA,peak,60,137.8,136.09,22.25,3.03
LSP002759,CAM0022,2025-05-29,2025-05-29T12:03:00,MOVIES,daytime,30,634.59,656.89,10.91,7.17
LSP002760,CAM0046,2025-06-03,2025-06-03T21:26:00,MAIN,peak,10,130.63,135.78,28.14,3.82
LSP002761,CAM0020,2025-08-19,2025-08-19T18:43:00,FACTUAL,pre-peak,30,306.07,307.67,22.56,6.94
LSP002762,CAM0011,2025-07-18,2025-07-18T21:13:00,FACTUAL,peak,30,303.39,307.77,31.86,9.81
LSP002763,CAM0038,2025-01-06,2025-01-06T20:16:00,MOVIES,peak,30,693.7,666.59,27.64,18.42
LSP002764,CAM0047,2025-10-30,2025-10-30T21:11:00,MOVIES,peak,10,213.86,212.32,29.12,6.18
LSP002765,CAM0003,2025-11-16,2025-11-16T21:28:00,MOVIES,peak,30,379.27,365.34,30.51,11.15
LSP002766,CAM0037,2025-10-17,2025-10-17T23:26:00,EXTRA,post-peak,30,217.12,211.63,19.96,4.22
LSP002767,CAM0049,2025-08-16,2025-08-16T08:50:00,MAIN,breakfast,10,759.76,789.44,8.86,6.99
LSP002768,CAM0036,2025-11-02,2025-11-02T18:11:00,MAIN,pre-peak,30,454.73,469.87,20.87,9.81
LSP002769,CAM0011,2025-04-29,2025-04-29T12:49:00,EXTRA,daytime,10,640.85,645.43,7.38,4.76
LSP002770,CAM0018,2025-07-14,2025-07-14T07:25:00,MAIN,breakfast,60,686.12,689.74,14.82,10.22
LSP002771,CAM0046,2025-04-27,2025-04-27T20:00:00,MOVIES,peak,30,307.84,303.92,28.99,8.81
LSP002772,CAM0026,2025-06-15,2025-06-15T21:38:00,FACTUAL,peak,10,152.41,152.2,32.85,5.0
LSP002773,CAM0003,2025-07-15,2025-07-15T21:16:00,FACTUAL,peak,30,714.34,702.18,28.23,19.82
LSP002774,CAM0022,2025-05-06,2025-05-06T10:37:00,CATCHUP,daytime,60,57.35,56.66,7.87,0.45
LSP002775,CAM0010,2025-09-29,2025-09-29T21:20:00,EXTRA,peak,30,357.65,371.12,26.75,9.93
LSP002776,CAM0052,2025-01-16,2025-01-16T20:55:00,MOVIES,peak,30,447.53,449.12,22.36,10.04
LSP002777,CAM0012,2025-01-22,2025-01-22T14:37:00,EXTRA,daytime,20,141.76,146.49,6.21,0.91
LSP002778,CAM0058,2025-02-17,2025-02-17T20:45:00,FACTUAL,peak,30,350.96,342.79,29.69,10.18
LSP002779,CAM0037,2025-12-05,2025-12-05T10:51:00,MOVIES,daytime,30,443.36,458.25,9.12,4.18
LSP002780,CAM0013,2025-12-25,2025-12-25T08:51:00,EXTRA,breakfast,60,282.29,280.23,12.03,3.37
LSP002781,CAM0008,2025-08-31,2025-08-31T23:36:00,MOVIES,post-peak,30,275.31,269.46,20.08,5.41
LSP002782,CAM0035,2025-10-13,2025-10-13T20:30:00,MAIN,peak,10,293.14,285.61,28.34,8.09
LSP002783,CAM0022,2025-12-17,2025-12-17T08:01:00,EXTRA,breakfast,40,169.41,172.83,8.58,1.48
LSP002784,CAM0057,2025-09-08,2025-09-08T16:23:00,FACTUAL,daytime,10,348.76,352.09,9.95,3.5
LSP002785,CAM0045,2025-02-04,2025-02-04T08:56:00,FACTUAL,breakfast,30,361.29,356.07,13.18,4.69
LSP002786,CAM0050,2025-02-20,2025-02-20T16:25:00,CATCHUP,daytime,30,239.65,231.04,11.21,2.59
LSP002787,CAM0026,2025-01-29,2025-01-29T20:58:00,FACTUAL,peak,30,601.21,615.88,24.62,15.16
LSP002788,CAM0037,2025-07-10,2025-07-10T20:31:00,EXTRA,peak,20,566.6,568.18,30.38,17.26
LSP002789,CAM0028,2025-01-26,2025-01-26T21:55:00,FACTUAL,peak,30,384.08,375.76,27.22,10.23
LSP002790,CAM0005,2025-05-18,2025-05-18T21:34:00,FACTUAL,peak,30,577.77,575.94,23.24,13.38
LSP002791,CAM0003,2025-02-24,2025-02-24T20:31:00,CATCHUP,peak,60,781.57,752.04,23.68,17.81
LSP002792,CAM0005,2025-10-20,2025-10-20T10:07:00,CATCHUP,daytime,20,462.28,448.46,7.36,3.3
LSP002793,CAM0010,2025-10-17,2025-10-17T18:00:00,FACTUAL,pre-peak,30,535.58,534.58,21.4,11.44
LSP002794,CAM0011,2025-10-31,2025-10-31T23:21:00,CATCHUP,post-peak,40,731.42,749.59,14.62,10.96
LSP002795,CAM0054,2025-04-19,2025-04-19T21:41:00,MOVIES,peak,10,261.82,251.75,32.24,8.12
LSP002796,CAM0022,2025-08-24,2025-08-24T16:54:00,MAIN,daytime,60,772.38,759.96,10.86,8.25
LSP002797,CAM0053,2025-05-02,2025-05-02T20:10:00,MOVIES,peak,20,309.37,319.91,25.09,8.03
LSP002798,CAM0005,2025-04-02,2025-04-02T16:36:00,MOVIES,daytime,40,387.15,391.66,10.25,4.01
LSP002799,CAM0030,2025-09-03,2025-09-03T12:48:00,FACTUAL,daytime,30,193.45,195.46,8.06,1.58
LSP002800,CAM0020,2025-11-15,2025-11-15T23:33:00,MOVIES,post-peak,20,502.7,497.15,14.88,7.4
LSP002801,CAM0058,2025-07-27,2025-07-27T21:54:00,FACTUAL,peak,20,720.75,729.26,32.85,23.96
LSP002802,CAM0040,2025-10-20,2025-10-20T08:51:00,EXTRA,breakfast,30,746.07,754.47,8.88,6.7
LSP002803,CAM0031,2025-10-25,2025-10-25T21:03:00,MAIN,peak,40,87.38,88.09,27.45,2.42
LSP002804,CAM0023,2025-09-05,2025-09-05T14:26:00,EXTRA,daytime,30,709.24,720.28,11.81,8.51
LSP002805,CAM0054,2025-03-12,2025-03-12T10:16:00,CATCHUP,daytime,20,742.13,758.87,7.39,5.61
LSP002806,CAM0039,2025-02-13,2025-02-13T21:17:00,MAIN,peak,10,559.08,547.53,34.27,18.76
LSP002807,CAM0008,2025-08-24,2025-08-24T12:11:00,MOVIES,daytime,30,733.58,760.58,7.97,6.06
LSP002808,CAM0037,2025-01-07,2025-01-07T21:40:00,MAIN,peak,30,249.42,255.35,24.83,6.34
LSP002809,CAM0022,2025-11-09,2025-11-09T20:47:00,FACTUAL,peak,30,650.85,654.77,30.29,19.83
LSP002810,CAM0054,2025-11-28,2025-11-28T21:39:00,MOVIES,peak,40,361.58,369.9,32.36,11.97
LSP002811,CAM0006,2025-06-30,2025-06-30T14:38:00,MAIN,daytime,60,176.61,182.44,10.45,1.91
LSP002812,CAM0030,2025-05-01,2025-05-01T18:00:00,MAIN,pre-peak,40,202.09,194.26,18.38,3.57
LSP002813,CAM0041,2025-01-29,2025-01-29T18:53:00,MOVIES,pre-peak,30,100.67,99.15,19.46,1.93
LSP002814,CAM0033,2025-09-08,2025-09-08T14:47:00,FACTUAL,daytime,30,244.86,249.06,7.7,1.92
LSP002815,CAM0042,2025-05-08,2025-05-08T10:39:00,MOVIES,daytime,30,157.71,152.17,8.6,1.31
LSP002816,CAM0024,2025-05-18,2025-05-18T23:14:00,CATCHUP,post-peak,20,279.33,281.0,18.7,5.25
LSP002817,CAM0018,2025-06-13,2025-06-13T21:47:00,CATCHUP,peak,60,187.42,185.12,28.67,5.31
LSP002818,CAM0036,2025-12-22,2025-12-22T14:29:00,EXTRA,daytime,20,670.43,648.9,7.33,4.76
LSP002819,CAM0002,2025-09-04,2025-09-04T14:21:00,EXTRA,daytime,40,723.61,697.59,11.91,8.31
LSP002820,CAM0028,2025-06-08,2025-06-08T10:11:00,EXTRA,daytime,30,618.61,594.94,9.42,5.6
LSP002821,CAM0024,2025-04-08,2025-04-08T21:29:00,EXTRA,peak,10,231.3,228.05,22.94,5.23
LSP002822,CAM0004,2025-03-06,2025-03-06T14:08:00,FACTUAL,daytime,10,664.14,642.34,11.68,7.5
LSP002823,CAM0021,2025-10-01,2025-10-01T21:03:00,CATCHUP,peak,30,525.54,516.01,23.98,12.37
LSP002824,CAM0042,2025-12-18,2025-12-18T20:21:00,MOVIES,peak,30,103.4,100.56,32.57,3.28
LSP002825,CAM0055,2025-02-14,2025-02-14T10:14:00,CATCHUP,daytime,60,659.5,673.78,6.45,4.35
LSP002826,CAM0006,2025-05-08,2025-05-08T21:46:00,FACTUAL,peak,10,311.97,317.69,26.03,8.27
LSP002827,CAM0017,2025-02-05,2025-02-05T20:55:00,MOVIES,peak,10,299.89,306.04,26.65,8.16
LSP002828,CAM0008,2025-07-20,2025-07-20T18:14:00,EXTRA,pre-peak,30,523.85,514.53,20.46,10.53
LSP002829,CAM0054,2025-08-09,2025-08-09T10:26:00,EXTRA,daytime,60,689.06,709.6,9.94,7.05
LSP002830,CAM0058,2025-08-10,2025-08-10T14:08:00,MAIN,daytime,60,634.33,656.64,7.88,5.17
LSP002831,CAM0019,2025-03-20,2025-03-20T08:38:00,CATCHUP,breakfast,40,339.06,343.61,10.94,3.76
LSP002832,CAM0029,2025-08-24,2025-08-24T21:19:00,EXTRA,peak,40,211.83,203.76,34.13,6.95
LSP002833,CAM0003,2025-10-31,2025-10-31T07:02:00,MAIN,breakfast,30,623.97,603.81,8.35,5.04
LSP002834,CAM0014,2025-11-04,2025-11-04T10:53:00,CATCHUP,daytime,30,425.63,428.83,6.23,2.67
LSP002835,CAM0052,2025-07-20,2025-07-20T20:24:00,EXTRA,peak,30,442.25,442.54,31.2,13.81
LSP002836,CAM0047,2025-06-30,2025-06-30T10:52:00,FACTUAL,daytime,30,748.22,586.7,6.21,3.64
LSP002837,CAM0038,2025-07-15,2025-07-15T16:25:00,CATCHUP,daytime,30,619.0,602.96,6.21,3.74
LSP002838,CAM0031,2025-03-21,2025-03-21T21:10:00,MAIN,peak,40,528.74,536.07,34.27,18.37
LSP002839,CAM0019,2025-08-18,2025-08-18T12:12:00,MOVIES,daytime,20,313.78,312.93,7.34,2.3
LSP002840,CAM0047,2025-12-31,2025-12-31T21:34:00,EXTRA,peak,10,626.48,649.15,28.77,18.68
LSP002841,CAM0039,2025-10-27,2025-10-27T20:36:00,FACTUAL,peak,10,531.16,521.98,29.13,15.21
LSP002842,CAM0027,2025-08-25,2025-08-25T23:16:00,MOVIES,post-peak,30,247.58,199.14,18.21,3.63
LSP002843,CAM0047,2025-08-02,2025-08-02T18:04:00,CATCHUP,pre-peak,30,622.15,601.44,21.04,12.65
LSP002844,CAM0028,2025-01-24,2025-01-24T16:38:00,FACTUAL,daytime,60,351.63,344.57,10.5,3.62
LSP002845,CAM0033,2025-01-25,2025-01-25T23:41:00,MOVIES,post-peak,20,491.43,500.07,15.08,7.54
LSP002846,CAM0034,2025-06-27,2025-06-27T18:48:00,EXTRA,pre-peak,20,627.9,627.0,20.42,12.8
LSP002847,CAM0044,2025-04-13,2025-04-13T10:31:00,CATCHUP,daytime,30,131.2,134.76,6.65,0.9
LSP002848,CAM0019,2025-10-08,2025-10-08T20:09:00,MAIN,peak,60,127.62,123.1,34.4,4.23
LSP002849,CAM0053,2025-05-29,2025-05-29T16:01:00,MAIN,daytime,30,271.84,272.0,10.47,2.85
LSP002850,CAM0003,2025-12-07,2025-12-07T20:58:00,CATCHUP,peak,60,206.59,204.96,27.96,5.73
LSP002851,CAM0034,2025-09-19,2025-09-19T20:19:00,MOVIES,peak,10,343.8,306.53,32.04,9.82
LSP002852,CAM0016,2025-09-27,2025-09-27T12:42:00,MAIN,daytime,10,72.43,70.83,6.94,0.49
LSP002853,CAM0020,2025-11-13,2025-11-13T23:01:00,MOVIES,post-peak,40,780.24,776.35,18.55,14.4
LSP002854,CAM0042,2025-07-31,2025-07-31T16:17:00,MOVIES,daytime,60,340.61,340.52,7.17,2.44
LSP002855,CAM0007,2025-09-25,2025-09-25T20:24:00,EXTRA,peak,20,302.62,298.44,27.25,8.13
LSP002856,CAM0001,2025-03-26,2025-03-26T10:02:00,EXTRA,daytime,20,722.48,715.1,10.46,7.48
LSP002857,CAM0029,2025-02-22,2025-02-22T12:05:00,FACTUAL,daytime,30,472.9,360.81,11.54,4.16
LSP002858,CAM0055,2025-11-19,2025-11-19T12:55:00,CATCHUP,daytime,10,302.61,300.95,10.26,3.09
LSP002859,CAM0052,2025-02-28,2025-02-28T21:13:00,CATCHUP,peak,20,415.85,424.88,28.32,12.03
LSP002860,CAM0040,2025-01-18,2025-01-18T20:24:00,EXTRA,peak,30,112.17,111.19,26.2,2.91
LSP002861,CAM0036,2025-05-25,2025-05-25T16:09:00,MAIN,daytime,20,170.05,172.69,6.9,1.19
LSP002862,CAM0035,2025-10-06,2025-10-06T21:12:00,MAIN,peak,20,701.23,677.49,26.77,18.14
LSP002863,CAM0015,2025-02-07,2025-02-07T21:55:00,MAIN,peak,30,73.67,74.73,30.21,2.26
LSP002864,CAM0052,2025-03-04,2025-03-04T23:50:00,MAIN,post-peak,30,621.68,617.14,17.07,10.53
LSP002865,CAM0002,2025-05-16,2025-05-16T18:50:00,MAIN,pre-peak,60,426.02,413.21,19.02,7.86
LSP002866,CAM0038,2025-11-12,2025-11-12T10:20:00,MOVIES,daytime,40,557.41,548.66,8.92,4.89
LSP002867,CAM0036,2025-10-10,2025-10-10T20:13:00,FACTUAL,peak,10,776.62,750.43,23.21,17.42
LSP002868,CAM0049,2025-02-05,2025-02-05T20:07:00,CATCHUP,peak,40,127.68,119.51,33.98,4.06
LSP002869,CAM0045,2025-12-27,2025-12-27T14:20:00,MAIN,daytime,30,705.41,694.67,8.7,6.04
LSP002870,CAM0033,2025-07-04,2025-07-04T18:36:00,FACTUAL,pre-peak,60,85.82,85.04,19.0,1.62
LSP002871,CAM0043,2025-09-15,2025-09-15T18:13:00,MAIN,pre-peak,10,198.45,203.33,25.63,5.21
LSP002872,CAM0025,2025-05-20,2025-05-20T16:08:00,EXTRA,daytime,30,296.09,298.45,10.74,3.21
LSP002873,CAM0030,2025-05-18,2025-05-18T07:13:00,MOVIES,breakfast,30,243.7,245.91,14.79,3.64
LSP002874,CAM0029,2025-01-02,2025-01-02T20:14:00,EXTRA,peak,30,129.91,132.49,34.99,4.64
LSP002875,CAM0019,2025-02-15,2025-02-15T12:40:00,MOVIES,daytime,30,103.11,99.13,7.01,0.69
LSP002876,CAM0049,2025-08-19,2025-08-19T16:04:00,CATCHUP,daytime,10,310.76,308.19,6.53,2.01
LSP002877,CAM0054,2025-01-19,2025-01-19T08:34:00,CATCHUP,breakfast,30,533.01,545.24,9.16,4.99
LSP002878,CAM0015,2025-07-22,2025-07-22T07:59:00,FACTUAL,breakfast,10,96.07,99.53,10.8,1.07
LSP002879,CAM0039,2025-06-03,2025-06-03T21:24:00,CATCHUP,peak,60,439.12,430.42,22.9,9.86
LSP002880,CAM0001,2025-11-29,2025-11-29T14:51:00,MAIN,daytime,10,791.17,788.38,8.81,6.95
LSP002881,CAM0049,2025-02-06,2025-02-06T18:48:00,EXTRA,pre-peak,40,410.35,404.11,19.97,8.07
LSP002882,CAM0013,2025-01-19,2025-01-19T18:06:00,MAIN,pre-peak,10,381.76,389.67,26.32,10.26
LSP002883,CAM0003,2025-05-23,2025-05-23T20:10:00,MAIN,peak,30,264.96,274.96,26.64,7.32
LSP002884,CAM0055,2025-10-31,2025-10-31T18:17:00,EXTRA,pre-peak,20,224.97,221.43,23.65,5.24
LSP002885,CAM0027,2025-12-26,2025-12-26T23:23:00,EXTRA,post-peak,20,475.66,486.17,14.21,6.91
LSP002886,CAM0014,2025-04-30,2025-04-30T16:58:00,MAIN,daytime,60,91.55,93.72,9.5,0.89
LSP002887,CAM0025,2025-11-17,2025-11-17T18:22:00,EXTRA,pre-peak,40,339.44,345.95,22.78,7.88
LSP002888,CAM0054,2025-08-22,2025-08-22T14:29:00,EXTRA,daytime,30,701.79,712.71,6.93,4.94
LSP002889,CAM0033,2025-09-11,2025-09-11T21:09:00,EXTRA,peak,60,609.69,602.32,28.84,17.37
LSP002890,CAM0055,2025-06-18,2025-06-18T23:15:00,CATCHUP,post-peak,20,699.32,693.06,17.63,12.22
LSP002891,CAM0006,2025-05-14,2025-05-14T21:59:00,EXTRA,peak,30,482.38,497.61,28.26,14.06
LSP002892,CAM0039,2025-07-19,2025-07-19T18:02:00,MOVIES,pre-peak,10,323.97,313.64,26.73,8.38
LSP002893,CAM0053,2025-06-13,2025-06-13T18:08:00,MAIN,pre-peak,40,141.08,135.71,24.97,3.39
LSP002894,CAM0038,2025-10-13,2025-10-13T20:59:00,FACTUAL,peak,60,247.23,241.47,29.7,7.17
LSP002895,CAM0045,2025-11-02,2025-11-02T18:06:00,FACTUAL,pre-peak,40,782.89,774.16,18.05,13.97
LSP002896,CAM0056,2025-04-29,2025-04-29T20:15:00,FACTUAL,peak,40,149.24,155.0,31.42,4.87
LSP002897,CAM0026,2025-07-23,2025-07-23T23:37:00,EXTRA,post-peak,30,291.62,299.84,14.44,4.33
LSP002898,CAM0002,2025-11-15,2025-11-15T23:24:00,MAIN,post-peak,10,85.93,89.08,20.55,1.83
LSP002899,CAM0043,2025-01-29,2025-01-29T08:20:00,MOVIES,breakfast,10,361.46,360.29,11.93,4.3
LSP002900,CAM0051,2025-05-10,2025-05-10T23:47:00,CATCHUP,post-peak,40,435.7,421.33,15.85,6.68
LSP002901,CAM0004,2025-12-11,2025-12-11T21:32:00,EXTRA,peak,40,622.84,613.02,34.63,21.23
LSP002902,CAM0054,2025-10-21,2025-10-21T20:48:00,CATCHUP,peak,60,353.66,358.58,24.83,8.9
LSP002903,CAM0004,2025-05-16,2025-05-16T20:33:00,MAIN,peak,30,557.2,555.69,30.17,16.77
LSP002904,CAM0041,2025-07-31,2025-07-31T21:23:00,FACTUAL,peak,40,364.24,353.35,22.93,8.1
LSP002905,CAM0034,2025-10-08,2025-10-08T10:08:00,MAIN,daytime,30,209.99,213.81,8.39,1.79
LSP002906,CAM0019,2025-03-04,2025-03-04T20:04:00,EXTRA,peak,60,71.79,70.42,23.51,1.66
LSP002907,CAM0041,2025-08-12,2025-08-12T20:27:00,CATCHUP,peak,20,287.65,289.75,27.38,7.93
LSP002908,CAM0030,2025-08-11,2025-08-11T14:53:00,EXTRA,daytime,20,219.0,211.43,9.43,1.99
LSP002909,CAM0015,2025-12-04,2025-12-04T12:21:00,EXTRA,daytime,60,724.77,747.2,10.83,8.09
LSP002910,CAM0052,2025-08-21,2025-08-21T23:11:00,MOVIES,post-peak,30,230.3,232.23,19.0,4.41
LSP002911,CAM0021,2025-03-26,2025-03-26T23:20:00,EXTRA,post-peak,30,360.86,355.12,18.16,6.45
LSP002912,CAM0049,2025-05-08,2025-05-08T21:47:00,MOVIES,peak,60,577.61,577.95,33.34,19.27
LSP002913,CAM0057,2025-03-01,2025-03-01T08:50:00,EXTRA,breakfast,20,84.75,85.46,11.64,0.99
LSP002914,CAM0021,2025-10-15,2025-10-15T20:05:00,FACTUAL,peak,30,576.86,584.24,31.03,18.13
LSP002915,CAM0050,2025-11-24,2025-11-24T23:44:00,EXTRA,post-peak,60,411.11,414.72,15.37,6.37
LSP002916,CAM0023,2025-10-23,2025-10-23T10:09:00,MAIN,daytime,40,597.3,618.98,8.81,5.45
LSP002917,CAM0008,2025-07-31,2025-07-31T12:46:00,MOVIES,daytime,30,593.63,578.92,9.05,5.24
LSP002918,CAM0005,2025-10-02,2025-10-02T21:11:00,CATCHUP,peak,30,308.53,310.2,28.37,8.8
LSP002919,CAM0050,2025-04-27,2025-04-27T21:58:00,CATCHUP,peak,20,501.23,500.78,29.53,14.79
LSP002920,CAM0049,2025-06-27,2025-06-27T08:41:00,EXTRA,breakfast,30,589.86,570.29,8.45,4.82
LSP002921,CAM0044,2025-04-21,2025-04-21T23:59:00,MOVIES,post-peak,10,213.81,207.8,16.84,3.5
LSP002922,CAM0042,2025-08-26,2025-08-26T21:06:00,MAIN,peak,20,323.58,329.54,24.08,7.94
LSP002923,CAM0014,2025-01-16,2025-01-16T21:34:00,MAIN,peak,30,348.44,355.22,28.61,10.16
LSP002924,CAM0010,2025-10-23,2025-10-23T23:40:00,FACTUAL,post-peak,40,468.96,458.57,21.27,9.75
LSP002925,CAM0056,2025-03-29,2025-03-29T21:02:00,MOVIES,peak,40,587.09,567.52,30.28,17.18
LSP002926,CAM0015,2025-08-07,2025-08-07T23:48:00,FACTUAL,post-peak,30,311.7,311.0,14.05,4.37
LSP002927,CAM0040,2025-08-18,2025-08-18T21:35:00,FACTUAL,peak,20,458.58,464.94,27.68,12.87
LSP002928,CAM0046,2025-03-24,2025-03-24T20:44:00,MOVIES,peak,60,716.02,706.07,24.04,16.97
LSP002929,CAM0047,2025-06-17,2025-06-17T16:05:00,MAIN,daytime,10,767.75,739.03,6.69,4.94
LSP002930,CAM0020,2025-12-19,2025-12-19T20:16:00,EXTRA,peak,20,371.96,377.62,22.17,8.37
LSP002931,CAM0027,2025-01-06,2025-01-06T23:08:00,EXTRA,post-peak,20,291.68,295.28,15.85,4.68
LSP002932,CAM0046,2025-04-08,2025-04-08T20:43:00,EXTRA,peak,60,529.81,527.98,32.49,17.15
LSP002933,CAM0037,2025-02-28,2025-02-28T23:49:00,CATCHUP,post-peak,20,687.07,707.1,14.89,10.53
LSP002934,CAM0027,2025-12-30,2025-12-30T18:07:00,MOVIES,pre-peak,60,724.89,718.25,23.58,16.94
LSP002935,CAM0047,2025-12-13,2025-12-13T16:15:00,EXTRA,daytime,60,51.08,52.75,6.39,0.34
LSP002936,CAM0002,2025-07-19,2025-07-19T10:25:00,FACTUAL,daytime,30,398.23,331.0,7.74,2.56
LSP002937,CAM0048,2025-06-19,2025-06-19T20:06:00,FACTUAL,peak,40,541.92,533.22,29.54,15.75
LSP002938,CAM0027,2025-12-21,2025-12-21T12:00:00,CATCHUP,daytime,20,271.79,261.05,10.91,2.85
LSP002939,CAM0042,2025-11-09,2025-11-09T23:26:00,CATCHUP,post-peak,30,783.67,798.14,20.18,16.11
LSP002940,CAM0008,2025-06-18,2025-06-18T21:45:00,FACTUAL,peak,30,169.85,165.27,30.59,5.06
LSP002941,CAM0036,2025-01-25,2025-01-25T16:53:00,CATCHUP,daytime,20,788.08,796.65,7.41,5.9
LSP002942,CAM0059,2025-05-19,2025-05-19T21:44:00,FACTUAL,peak,30,796.29,786.09,33.31,26.18
LSP002943,CAM0013,2025-11-02,2025-11-02T18:49:00,MAIN,pre-peak,10,136.86,133.13,21.25,2.83
LSP002944,CAM0033,2025-12-18,2025-12-18T18:11:00,MOVIES,pre-peak,30,578.09,563.16,18.4,10.36
LSP002945,CAM0006,2025-08-16,2025-08-16T14:37:00,MAIN,daytime,20,64.9,64.17,11.41,0.73
LSP002946,CAM0058,2025-09-17,2025-09-17T07:48:00,CATCHUP,breakfast,30,138.3,133.51,14.22,1.9
LSP002947,CAM0054,2025-06-08,2025-06-08T21:08:00,EXTRA,peak,30,793.74,822.78,26.27,21.61
LSP002948,CAM0045,2025-06-01,2025-06-01T20:23:00,CATCHUP,peak,20,83.9,82.91,27.29,2.26
LSP002949,CAM0021,2025-08-16,2025-08-16T20:38:00,MAIN,peak,10,560.46,582.4,32.37,18.85
LSP002950,CAM0015,2025-01-10,2025-01-10T21:48:00,FACTUAL,peak,30,358.76,369.5,26.23,9.69
LSP002951,CAM0056,2025-12-16,2025-12-16T10:24:00,MAIN,daytime,30,477.49,472.01,9.18,4.33
LSP002952,CAM0030,2025-01-20,2025-01-20T21:06:00,FACTUAL,peak,40,746.27,723.36,24.67,17.85
LSP002953,CAM0025,2025-12-30,2025-12-30T20:49:00,MOVIES,peak,10,55.82,54.8,27.62,1.51
LSP002954,CAM0048,2025-02-06,2025-02-06T10:32:00,CATCHUP,daytime,30,490.03,470.7,11.93,5.62
LSP002955,CAM0032,2025-05-24,2025-05-24T18:06:00,MAIN,pre-peak,40,234.81,236.77,24.39,5.77
LSP002956,CAM0037,2025-11-01,2025-11-01T10:06:00,FACTUAL,daytime,40,345.46,306.75,11.09,3.4
LSP002957,CAM0014,2025-09-24,2025-09-24T20:47:00,CATCHUP,peak,30,557.47,541.66,26.75,14.49
LSP002958,CAM0042,2025-10-15,2025-10-15T21:32:00,MOVIES,peak,30,538.97,550.48,32.09,17.66
LSP002959,CAM0037,2025-08-28,2025-08-28T18:15:00,MAIN,pre-peak,40,732.03,740.52,22.7,16.81
LSP002960,CAM0032,2025-10-28,2025-10-28T14:37:00,CATCHUP,daytime,60,637.22,653.73,10.69,6.99
LSP002961,CAM0021,2025-08-25,2025-08-25T21:41:00,FACTUAL,peak,60,649.98,668.18,22.56,15.07
LSP002962,CAM0026,2025-10-25,2025-10-25T23:10:00,MOVIES,post-peak,20,339.2,334.95,19.23,6.44
LSP002963,CAM0020,2025-08-20,2025-08-20T21:36:00,MAIN,peak,40,343.25,349.67,25.24,8.83
LSP002964,CAM0038,2025-11-30,2025-11-30T23:13:00,CATCHUP,post-peak,30,297.04,302.05,18.54,5.6
LSP002965,CAM0004,2025-08-25,2025-08-25T21:45:00,CATCHUP,peak,30,322.91,321.63,31.83,10.24
LSP002966,CAM0044,2025-09-12,2025-09-12T16:42:00,CATCHUP,daytime,10,333.81,347.06,7.31,2.54
LSP002967,CAM0020,2025-12-13,2025-12-13T07:53:00,EXTRA,breakfast,10,797.06,771.42,12.81,9.88
LSP002968,CAM0030,2025-08-27,2025-08-27T23:06:00,EXTRA,post-peak,30,543.19,521.58,18.06,9.42
LSP002969,CAM0014,2025-07-18,2025-07-18T20:09:00,EXTRA,peak,20,586.62,576.41,25.07,14.45
LSP002970,CAM0013,2025-07-29,2025-07-29T20:38:00,FACTUAL,peak,20,765.45,781.73,31.46,24.59
LSP002971,CAM0015,2025-02-14,2025-02-14T21:08:00,MOVIES,peak,30,196.68,193.75,30.72,5.95
LSP002972,CAM0022,2025-03-02,2025-03-02T14:28:00,EXTRA,daytime,30,495.68,481.39,6.77,3.26
LSP002973,CAM0018,2025-09-04,2025-09-04T20:18:00,MOVIES,peak,60,509.28,512.75,31.23,16.01
LSP002974,CAM0021,2025-07-08,2025-07-08T16:28:00,MAIN,daytime,20,77.56,77.38,6.44,0.5
LSP002975,CAM0027,2025-06-08,2025-06-08T14:59:00,FACTUAL,daytime,30,255.57,253.35,10.6,2.69
LSP002976,CAM0007,2025-10-10,2025-10-10T20:59:00,CATCHUP,peak,10,767.41,778.28,31.83,24.77
LSP002977,CAM0001,2025-08-03,2025-08-03T16:28:00,MOVIES,daytime,10,729.6,709.14,11.87,8.42
LSP002978,CAM0042,2025-05-02,2025-05-02T20:40:00,MAIN,peak,30,339.65,341.21,26.59,9.07
LSP002979,CAM0043,2025-01-03,2025-01-03T23:23:00,FACTUAL,post-peak,30,658.46,649.66,15.01,9.75
LSP002980,CAM0027,2025-04-19,2025-04-19T21:27:00,MAIN,peak,30,423.81,427.39,30.74,13.14
LSP002981,CAM0051,2025-04-21,2025-04-21T14:08:00,MOVIES,daytime,30,693.37,705.75,6.37,4.5
LSP002982,CAM0044,2025-07-30,2025-07-30T07:33:00,EXTRA,breakfast,40,606.37,609.55,13.05,7.95
LSP002983,CAM0053,2025-03-14,2025-03-14T23:27:00,CATCHUP,post-peak,10,187.81,182.55,18.51,3.38
LSP002984,CAM0024,2025-06-22,2025-06-22T20:25:00,MAIN,peak,30,629.94,538.22,33.91,18.25
LSP002985,CAM0002,2025-02-04,2025-02-04T23:43:00,MAIN,post-peak,20,79.0,81.2,16.02,1.3
LSP002986,CAM0040,2025-01-17,2025-01-17T18:38:00,MOVIES,pre-peak,20,734.27,747.67,23.51,17.58
LSP002987,CAM0013,2025-12-18,2025-12-18T14:43:00,EXTRA,daytime,30,601.02,580.47,9.58,5.56
LSP002988,CAM0037,2025-07-13,2025-07-13T21:39:00,EXTRA,peak,10,51.83,49.86,23.11,1.15
LSP002989,CAM0012,2025-08-02,2025-08-02T08:03:00,CATCHUP,breakfast,20,713.35,722.05,11.11,8.02
LSP002990,CAM0018,2025-04-04,2025-04-04T18:03:00,FACTUAL,pre-peak,30,515.33,525.03,23.35,12.26
LSP002991,CAM0029,2025-03-27,2025-03-27T23:59:00,EXTRA,post-peak,10,350.17,355.58,18.15,6.45
LSP002992,CAM0045,2025-01-14,2025-01-14T23:10:00,MOVIES,post-peak,30,465.05,456.07,19.63,8.95
LSP002993,CAM0024,2025-09-15,2025-09-15T20:08:00,FACTUAL,peak,30,356.26,353.89,31.0,10.97
LSP002994,CAM0002,2025-11-28,2025-11-28T18:53:00,FACTUAL,pre-peak,30,166.72,172.28,27.99,4.82
LSP002995,CAM0012,2025-07-05,2025-07-05T18:28:00,CATCHUP,pre-peak,30,571.16,573.33,23.36,13.39
LSP002996,CAM0001,2025-08-15,2025-08-15T07:44:00,CATCHUP,breakfast,30,362.43,361.22,14.07,5.08
LSP002997,CAM0028,2025-02-14,2025-02-14T10:39:00,CATCHUP,daytime,30,505.0,490.99,7.84,3.85
LSP002998,CAM0026,2025-09-25,2025-09-25T08:38:00,EXTRA,breakfast,30,647.49,642.36,13.04,8.38
LSP002999,CAM0046,2025-11-26,2025-11-26T21:16:00,MAIN,peak,30,70.13,72.18,22.97,1.66
LSP003000,CAM0034,2025-08-06,2025-08-06T07:24:00,MOVIES,breakfast,30,436.48,421.61,13.88,5.85
LSP003001,CAM0042,2025-07-25,2025-07-25T18:30:00,CATCHUP,pre-peak,60,325.76,324.88,23.24,7.55
LSP003002,CAM0058,2025-03-05,2025-03-05T21:48:00,FACTUAL,peak,20,467.48,485.54,30.74,14.93
LSP003003,CAM0018,2025-02-12,2025-02-12T21:50:00,MAIN,peak,10,482.6,487.11,30.85,15.03
LSP003004,CAM0036,2025-01-11,2025-01-11T20:00:00,MAIN,peak,30,50.88,51.79,27.21,1.41
LSP003005,CAM0056,2025-02-22,2025-02-22T18:02:00,MOVIES,pre-peak,30,536.65,517.54,26.27,13.6
LSP003006,CAM0004,2025-05-26,2025-05-26T14:27:00,CATCHUP,daytime,30,329.74,326.56,10.2,3.33
LSP003007,CAM0042,2025-05-31,2025-05-31T18:42:00,MAIN,pre-peak,30,780.83,807.46,23.71,19.14
LSP003008,CAM0001,2025-01-27,2025-01-27T20:03:00,MAIN,peak,30,466.45,474.9,22.15,10.52
LSP003009,CAM0004,2025-03-18,2025-03-18T16:18:00,CATCHUP,daytime,30,172.6,174.35,10.22,1.78
LSP003010,CAM0040,2025-03-31,2025-03-31T07:00:00,EXTRA,breakfast,30,725.92,749.41,13.53,10.14
LSP003011,CAM0031,2025-05-18,2025-05-18T20:43:00,FACTUAL,peak,40,222.55,219.37,33.27,7.3
LSP003012,CAM0029,2025-06-08,2025-06-08T14:48:00,EXTRA,daytime,30,163.51,165.87,10.58,1.75
LSP003013,CAM0017,2025-12-09,2025-12-09T20:03:00,FACTUAL,peak,10,353.35,361.22,24.75,8.94
LSP003014,CAM0019,2025-01-21,2025-01-21T23:50:00,FACTUAL,post-peak,10,725.34,710.16,21.5,15.27
LSP003015,CAM0040,2025-04-28,2025-04-28T21:50:00,MOVIES,peak,60,613.7,627.03,30.93,19.39
LSP003016,CAM0029,2025-07-14,2025-07-14T20:47:00,MOVIES,peak,60,737.93,727.32,28.45,20.69
LSP003017,CAM0006,2025-08-23,2025-08-23T16:42:00,MAIN,daytime,60,322.38,328.15,9.1,2.99
LSP003018,CAM0006,2025-05-21,2025-05-21T14:39:00,MAIN,daytime,30,93.73,95.96,9.02,0.87
LSP003019,CAM0011,2025-05-26,2025-05-26T21:43:00,FACTUAL,peak,30,241.62,242.88,29.51,7.17
LSP003020,CAM0028,2025-04-18,2025-04-18T12:23:00,EXTRA,daytime,30,159.02,160.18,6.58,1.05
LSP003021,CAM0008,2025-02-16,2025-02-16T21:03:00,CATCHUP,peak,30,650.51,674.56,25.25,17.03
LSP003022,CAM0044,2025-08-06,2025-08-06T23:39:00,CATCHUP,post-peak,40,796.6,778.91,15.33,11.94
LSP003023,CAM0016,2025-07-02,2025-07-02T21:26:00,MAIN,peak,30,549.51,556.5,31.4,17.47
LSP003024,CAM0013,2025-11-30,2025-11-30T14:59:00,CATCHUP,daytime,10,708.19,522.28,9.94,5.19
LSP003025,CAM0027,2025-05-16,2025-05-16T12:39:00,MOVIES,daytime,40,749.32,677.67,7.78,5.27
LSP003026,CAM0053,2025-03-25,2025-03-25T21:33:00,MOVIES,peak,60,461.05,465.1,34.59,16.09
LSP003027,CAM0055,2025-05-25,2025-05-25T18:43:00,FACTUAL,pre-peak,30,596.63,587.32,18.05,10.6
LSP003028,CAM0012,2025-10-26,2025-10-26T14:29:00,MAIN,daytime,30,590.79,599.4,11.92,7.14
LSP003029,CAM0057,2025-04-03,2025-04-03T08:27:00,MAIN,breakfast,30,187.37,180.59,9.9,1.79
LSP003030,CAM0052,2025-03-15,2025-03-15T20:57:00,EXTRA,peak,30,384.51,382.29,33.95,12.98
LSP003031,CAM0034,2025-11-29,2025-11-29T20:37:00,CATCHUP,peak,30,395.77,389.22,26.28,10.23
LSP003032,CAM0017,2025-08-20,2025-08-20T21:04:00,EXTRA,peak,30,53.2,55.01,23.77,1.31
LSP003033,CAM0038,2025-12-21,2025-12-21T23:26:00,MAIN,post-peak,40,296.22,288.68,17.63,5.09
LSP003034,CAM0043,2025-02-02,2025-02-02T23:37:00,EXTRA,post-peak,30,332.66,335.4,14.89,4.99
LSP003035,CAM0054,2025-05-23,2025-05-23T21:33:00,FACTUAL,peak,60,270.95,269.26,32.25,8.68
LSP003036,CAM0023,2025-07-28,2025-07-28T10:56:00,MAIN,daytime,30,357.19,346.79,6.79,2.35
LSP003037,CAM0059,2025-05-03,2025-05-03T21:03:00,MOVIES,peak,10,542.92,532.16,22.39,11.92
LSP003038,CAM0021,2025-04-29,2025-04-29T10:02:00,EXTRA,daytime,40,147.9,145.53,7.49,1.09
LSP003039,CAM0014,2025-08-14,2025-08-14T23:11:00,MOVIES,post-peak,10,452.67,440.43,16.39,7.22
LSP003040,CAM0056,2025-06-30,2025-06-30T18:55:00,MAIN,pre-peak,60,654.86,632.67,23.44,14.83
LSP003041,CAM0001,2025-09-09,2025-09-09T20:11:00,CATCHUP,peak,30,454.69,469.46,27.41,12.87
LSP003042,CAM0021,2025-12-23,2025-12-23T21:22:00,CATCHUP,peak,60,432.99,428.72,26.6,11.4
LSP003043,CAM0021,2025-12-29,2025-12-29T21:05:00,CATCHUP,peak,10,173.94,176.45,24.29,4.29
LSP003044,CAM0009,2025-02-08,2025-02-08T23:58:00,CATCHUP,post-peak,40,455.22,438.52,21.4,9.38
LSP003045,CAM0054,2025-11-11,2025-11-11T14:37:00,CATCHUP,daytime,30,620.88,620.95,6.94,4.31
LSP003046,CAM0045,2025-09-30,2025-09-30T23:28:00,MAIN,post-peak,30,165.59,167.84,20.72,3.48
LSP003047,CAM0011,2025-11-12,2025-11-12T20:55:00,MOVIES,peak,10,644.5,627.36,31.7,19.89
LSP003048,CAM0059,2025-01-09,2025-01-09T12:27:00,MOVIES,daytime,30,377.36,386.04,11.58,4.47
LSP003049,CAM0048,2025-09-04,2025-09-04T20:08:00,MOVIES,peak,30,576.82,562.34,23.87,13.42
LSP003050,CAM0030,2025-07-13,2025-07-13T23:46:00,EXTRA,post-peak,20,54.72,54.65,18.49,1.01
LSP003051,CAM0054,2025-05-18,2025-05-18T18:05:00,MAIN,pre-peak,30,186.5,191.33,20.66,3.95
LSP003052,CAM0041,2025-06-27,2025-06-27T21:48:00,FACTUAL,peak,30,232.04,225.98,34.4,7.77
LSP003053,CAM0009,2025-08-20,2025-08-20T20:45:00,MAIN,peak,10,241.02,241.61,31.17,7.53
LSP003054,CAM0031,2025-04-22,2025-04-22T08:08:00,MOVIES,breakfast,20,609.1,590.9,11.86,7.01
LSP003055,CAM0053,2025-08-18,2025-08-18T23:01:00,FACTUAL,post-peak,40,172.41,176.04,21.77,3.83
LSP003056,CAM0022,2025-06-25,2025-06-25T16:58:00,MOVIES,daytime,30,502.72,510.12,11.89,6.07
LSP003057,CAM0051,2025-08-19,2025-08-19T23:29:00,MAIN,post-peak,30,128.2,133.03,18.3,2.43
LSP003058,CAM0005,2025-07-04,2025-07-04T21:26:00,FACTUAL,peak,30,702.08,703.63,32.94,23.18
LSP003059,CAM0056,2025-06-25,2025-06-25T18:00:00,FACTUAL,pre-peak,30,436.17,427.95,24.71,10.57
LSP003060,CAM0032,2025-04-27,2025-04-27T12:45:00,EXTRA,daytime,30,686.11,667.61,9.27,6.19
LSP003061,CAM0022,2025-06-30,2025-06-30T20:58:00,MOVIES,peak,10,57.93,59.74,25.11,1.5
LSP003062,CAM0040,2025-05-15,2025-05-15T23:37:00,CATCHUP,post-peak,40,681.4,677.13,14.25,9.65
LSP003063,CAM0027,2025-01-13,2025-01-13T20:38:00,FACTUAL,peak,20,94.37,96.02,24.93,2.39
LSP003064,CAM0016,2025-10-22,2025-10-22T20:44:00,MAIN,peak,20,591.01,571.68,31.87,18.22
LSP003065,CAM0010,2025-10-06,2025-10-06T14:22:00,MOVIES,daytime,30,518.42,534.5,10.65,5.69
LSP003066,CAM0005,2025-01-20,2025-01-20T20:01:00,MAIN,peak,30,663.96,652.29,32.51,21.21
LSP003067,CAM0021,2025-07-26,2025-07-26T18:08:00,MOVIES,pre-peak,30,174.28,168.3,21.19,3.57
LSP003068,CAM0025,2025-07-07,2025-07-07T20:42:00,CATCHUP,peak,30,397.01,402.34,25.85,10.4
LSP003069,CAM0032,2025-06-24,2025-06-24T20:39:00,CATCHUP,peak,30,782.2,611.86,33.66,20.6
LSP003070,CAM0016,2025-12-19,2025-12-19T20:08:00,CATCHUP,peak,40,523.66,515.3,26.74,13.78
LSP003071,CAM0057,2025-05-27,2025-05-27T23:35:00,EXTRA,post-peak,30,308.73,304.11,19.91,6.05
LSP003072,CAM0043,2025-07-07,2025-07-07T10:59:00,MAIN,daytime,30,720.67,729.04,9.0,6.56
LSP003073,CAM0050,2025-02-08,2025-02-08T18:20:00,MAIN,pre-peak,60,100.33,97.8,20.99,2.05
LSP003074,CAM0059,2025-07-11,2025-07-11T20:45:00,FACTUAL,peak,30,161.7,155.75,32.49,5.06
LSP003075,CAM0009,2025-08-31,2025-08-31T20:48:00,CATCHUP,peak,30,397.42,347.88,29.11,10.13
LSP003076,CAM0020,2025-01-30,2025-01-30T12:46:00,FACTUAL,daytime,40,693.68,717.94,10.71,7.69
LSP003077,CAM0048,2025-05-26,2025-05-26T21:18:00,MAIN,peak,40,576.67,599.68,27.67,16.59
LSP003078,CAM0019,2025-11-26,2025-11-26T21:50:00,MAIN,peak,30,237.89,242.01,32.7,7.91
LSP003079,CAM0058,2025-01-20,2025-01-20T18:53:00,EXTRA,pre-peak,30,408.65,410.88,25.07,10.3
LSP003080,CAM0019,2025-09-02,2025-09-02T20:16:00,MAIN,peak,20,650.36,671.39,26.22,17.6
LSP003081,CAM0027,2025-01-05,2025-01-05T10:57:00,CATCHUP,daytime,10,766.11,747.97,7.82,5.85
LSP003082,CAM0047,2025-04-30,2025-04-30T14:32:00,FACTUAL,daytime,30,101.49,103.66,9.74,1.01
LSP003083,CAM0045,2025-04-01,2025-04-01T23:27:00,CATCHUP,post-peak,30,115.39,113.45,15.03,1.71
LSP003084,CAM0050,2025-03-01,2025-03-01T10:49:00,EXTRA,daytime,30,114.73,112.01,6.5,0.73
LSP003085,CAM0015,2025-01-21,2025-01-21T10:37:00,FACTUAL,daytime,30,75.78,78.51,6.3,0.49
LSP003086,CAM0035,2025-11-27,2025-11-27T20:04:00,CATCHUP,peak,30,558.07,551.84,24.45,13.49
LSP003087,CAM0053,2025-10-21,2025-10-21T10:36:00,CATCHUP,daytime,10,434.85,425.0,7.93,3.37
LSP003088,CAM0036,2025-12-23,2025-12-23T12:28:00,EXTRA,daytime,20,620.28,626.53,8.93,5.59
LSP003089,CAM0020,2025-12-31,2025-12-31T21:04:00,MOVIES,peak,10,58.51,59.4,33.72,2.0
LSP003090,CAM0006,2025-11-13,2025-11-13T10:32:00,MOVIES,daytime,30,76.82,73.93,7.44,0.55
LSP003091,CAM0014,2025-03-23,2025-03-23T07:56:00,EXTRA,breakfast,30,764.51,756.43,8.19,6.2
LSP003092,CAM0032,2025-02-09,2025-02-09T14:33:00,MOVIES,daytime,60,343.13,349.05,8.72,3.04
LSP003093,CAM0049,2025-12-27,2025-12-27T12:45:00,MOVIES,daytime,20,219.57,224.07,7.25,1.62
LSP003094,CAM0026,2025-01-14,2025-01-14T21:42:00,MOVIES,peak,40,427.87,433.08,33.09,14.33
LSP003095,CAM0048,2025-01-29,2025-01-29T16:56:00,MOVIES,daytime,60,778.28,794.45,9.44,7.5
LSP003096,CAM0025,2025-04-16,2025-04-16T08:25:00,MOVIES,breakfast,10,60.25,59.19,14.4,0.85
LSP003097,CAM0056,2025-07-23,2025-07-23T18:38:00,EXTRA,pre-peak,60,586.79,574.95,24.9,14.32
LSP003098,CAM0004,2025-01-15,2025-01-15T20:47:00,FACTUAL,peak,30,664.09,668.34,33.27,22.24
LSP003099,CAM0005,2025-05-21,2025-05-21T20:35:00,MOVIES,peak,20,237.24,231.84,22.4,5.19
LSP003100,CAM0049,2025-07-27,2025-07-27T16:34:00,MOVIES,daytime,30,263.99,268.08,9.31,2.5
LSP003101,CAM0040,2025-11-30,2025-11-30T12:29:00,FACTUAL,daytime,30,599.16,598.82,6.85,4.1
LSP003102,CAM0055,2025-06-16,2025-06-16T23:53:00,EXTRA,post-peak,40,330.38,336.79,16.85,5.67
LSP003103,CAM0056,2025-02-27,2025-02-27T12:49:00,MAIN,daytime,30,766.11,794.54,11.52,9.15
LSP003104,CAM0034,2025-03-26,2025-03-26T21:15:00,MOVIES,peak,30,457.0,458.75,28.36,13.01
LSP003105,CAM0026,2025-10-16,2025-10-16T21:12:00,EXTRA,peak,20,448.92,389.11,27.35,10.64
LSP003106,CAM0029,2025-07-06,2025-07-06T20:26:00,MOVIES,peak,60,255.1,254.68,31.25,7.96
LSP003107,CAM0007,2025-07-21,2025-07-21T14:49:00,MAIN,daytime,20,78.94,78.67,8.07,0.63
LSP003108,CAM0011,2025-10-22,2025-10-22T18:25:00,MAIN,pre-peak,10,245.11,235.4,19.03,4.48
LSP003109,CAM0048,2025-05-18,2025-05-18T14:05:00,FACTUAL,daytime,30,183.7,180.93,7.29,1.32
LSP003110,CAM0025,2025-02-05,2025-02-05T08:34:00,MOVIES,breakfast,10,126.48,121.73,9.39,1.14
LSP003111,CAM0025,2025-02-08,2025-02-08T10:38:00,EXTRA,daytime,30,611.39,476.81,8.04,3.83
LSP003112,CAM0041,2025-05-19,2025-05-19T18:22:00,FACTUAL,pre-peak,20,606.14,593.86,23.07,13.7
LSP003113,CAM0017,2025-04-29,2025-04-29T20:05:00,FACTUAL,peak,60,70.48,72.17,25.54,1.84
LSP003114,CAM0044,2025-06-11,2025-06-11T14:21:00,CATCHUP,daytime,30,555.93,534.97,7.39,3.95
LSP003115,CAM0001,2025-02-14,2025-02-14T10:26:00,EXTRA,daytime,20,422.41,412.97,9.14,3.77
LSP003116,CAM0052,2025-10-28,2025-10-28T18:17:00,EXTRA,pre-peak,40,124.24,128.87,22.45,2.89
LSP003117,CAM0056,2025-04-17,2025-04-17T18:33:00,EXTRA,pre-peak,30,325.74,314.15,23.81,7.48
LSP003118,CAM0054,2025-12-14,2025-12-14T20:01:00,CATCHUP,peak,20,243.98,246.02,23.11,5.69
LSP003119,CAM0044,2025-07-04,2025-07-04T07:07:00,MAIN,breakfast,20,358.9,352.0,14.24,5.01
LSP003120,CAM0050,2025-01-10,2025-01-10T14:52:00,CATCHUP,daytime,40,238.91,246.01,11.77,2.9
LSP003121,CAM0053,2025-08-26,2025-08-26T07:44:00,MOVIES,breakfast,20,657.85,648.94,12.63,8.2
LSP003122,CAM0022,2025-12-30,2025-12-30T10:51:00,EXTRA,daytime,30,765.99,772.92,8.32,6.43
LSP003123,CAM0037,2025-06-18,2025-06-18T16:53:00,MAIN,daytime,40,613.68,623.27,11.82,7.37
LSP003124,CAM0055,2025-08-11,2025-08-11T10:21:00,EXTRA,daytime,30,55.81,44.62,11.58,0.52
LSP003125,CAM0057,2025-02-04,2025-02-04T20:28:00,EXTRA,peak,30,279.52,285.85,31.06,8.88
LSP003126,CAM0021,2025-10-27,2025-10-27T12:20:00,MAIN,daytime,60,356.97,349.2,6.97,2.43
LSP003127,CAM0018,2025-09-21,2025-09-21T20:45:00,MAIN,peak,40,766.66,739.25,27.78,20.54
LSP003128,CAM0030,2025-10-12,2025-10-12T23:06:00,EXTRA,post-peak,40,584.08,591.37,17.59,10.4
LSP003129,CAM0005,2025-05-03,2025-05-03T07:17:00,CATCHUP,breakfast,30,469.58,485.4,10.02,4.86
LSP003130,CAM0041,2025-12-28,2025-12-28T23:54:00,EXTRA,post-peak,30,585.22,598.66,21.1,12.63
LSP003131,CAM0058,2025-10-05,2025-10-05T12:13:00,MOVIES,daytime,20,555.88,565.35,11.16,6.31
LSP003132,CAM0043,2025-09-09,2025-09-09T20:35:00,MAIN,peak,40,206.09,204.68,26.23,5.37
LSP003133,CAM0018,2025-11-23,2025-11-23T18:45:00,MOVIES,pre-peak,10,670.95,674.19,26.84,18.1
LSP003134,CAM0047,2025-02-03,2025-02-03T21:55:00,MOVIES,peak,10,556.35,560.56,22.95,12.86
LSP003135,CAM0047,2025-01-02,2025-01-02T20:36:00,MAIN,peak,10,791.63,779.01,27.22,21.2
LSP003136,CAM0017,2025-07-15,2025-07-15T21:05:00,MAIN,peak,30,692.19,706.49,27.95,19.75
LSP003137,CAM0052,2025-06-05,2025-06-05T12:49:00,FACTUAL,daytime,60,738.73,752.42,10.62,7.99
LSP003138,CAM0034,2025-10-07,2025-10-07T21:48:00,FACTUAL,peak,40,188.54,191.88,28.28,5.43
LSP003139,CAM0019,2025-10-14,2025-10-14T20:46:00,MOVIES,peak,30,53.55,53.81,23.57,1.27
LSP003140,CAM0010,2025-06-24,2025-06-24T14:21:00,MAIN,daytime,20,114.91,117.4,10.97,1.29
LSP003141,CAM0036,2025-03-25,2025-03-25T21:25:00,MOVIES,peak,30,778.69,773.03,27.28,21.09
LSP003142,CAM0047,2025-01-10,2025-01-10T10:27:00,FACTUAL,daytime,40,682.69,667.13,9.43,6.29
LSP003143,CAM0024,2025-08-24,2025-08-24T08:19:00,MOVIES,breakfast,60,668.96,694.39,13.38,9.29
LSP003144,CAM0001,2025-01-08,2025-01-08T12:47:00,MOVIES,daytime,10,673.97,692.45,6.13,4.24
LSP003145,CAM0003,2025-05-06,2025-05-06T20:49:00,MAIN,peak,30,523.64,520.16,31.28,16.27
LSP003146,CAM0049,2025-08-11,2025-08-11T21:37:00,EXTRA,peak,20,77.44,79.26,31.18,2.47
LSP003147,CAM0037,2025-09-21,2025-09-21T14:32:00,FACTUAL,daytime,30,165.91,165.05,10.34,1.71
LSP003148,CAM0035,2025-08-14,2025-08-14T21:59:00,EXTRA,peak,30,357.38,356.66,25.72,9.17
LSP003149,CAM0056,2025-05-18,2025-05-18T21:25:00,FACTUAL,peak,30,149.92,148.25,25.59,3.79
LSP003150,CAM0050,2025-11-03,2025-11-03T20:32:00,MAIN,peak,30,798.45,796.96,26.55,21.16
LSP003151,CAM0055,2025-01-21,2025-01-21T12:21:00,EXTRA,daytime,60,161.87,168.02,8.38,1.41
LSP003152,CAM0015,2025-01-30,2025-01-30T12:54:00,MOVIES,daytime,40,764.03,743.97,11.56,8.6
LSP003153,CAM0029,2025-04-25,2025-04-25T14:39:00,MAIN,daytime,30,615.11,628.67,6.24,3.92
LSP003154,CAM0025,2025-04-27,2025-04-27T16:27:00,CATCHUP,daytime,30,159.98,159.53,10.47,1.67
LSP003155,CAM0024,2025-03-04,2025-03-04T10:45:00,CATCHUP,daytime,20,411.64,414.72,6.15,2.55
LSP003156,CAM0047,2025-07-03,2025-07-03T21:56:00,EXTRA,peak,30,592.5,597.26,24.72,14.76
LSP003157,CAM0009,2025-09-10,2025-09-10T18:13:00,FACTUAL,pre-peak,20,162.09,164.65,19.59,3.23
LSP003158,CAM0050,2025-09-24,2025-09-24T14:08:00,EXTRA,daytime,30,555.63,566.78,7.25,4.11
LSP003159,CAM0003,2025-04-30,2025-04-30T21:45:00,MOVIES,peak,60,625.12,644.39,22.09,14.23
LSP003160,CAM0045,2025-10-27,2025-10-27T16:41:00,EXTRA,daytime,30,751.7,660.24,6.07,4.01
LSP003161,CAM0013,2025-04-08,2025-04-08T14:48:00,EXTRA,daytime,40,142.84,147.27,9.09,1.34
LSP003162,CAM0035,2025-05-24,2025-05-24T18:40:00,MAIN,pre-peak,20,320.04,321.25,27.22,8.74
LSP003163,CAM0018,2025-08-26,2025-08-26T12:06:00,CATCHUP,daytime,30,650.71,644.03,11.61,7.48
LSP003164,CAM0044,2025-02-28,2025-02-28T20:26:00,CATCHUP,peak,40,339.23,317.02,30.16,9.56
LSP003165,CAM0019,2025-07-09,2025-07-09T21:22:00,FACTUAL,peak,30,595.93,576.66,28.36,16.35
LSP003166,CAM0045,2025-10-04,2025-10-04T21:29:00,CATCHUP,peak,40,168.01,165.63,31.27,5.18
LSP003167,CAM0041,2025-08-19,2025-08-19T12:38:00,MOVIES,daytime,30,446.99,438.52,11.77,5.16
LSP003168,CAM0034,2025-10-12,2025-10-12T12:51:00,CATCHUP,daytime,10,215.71,222.79,8.81,1.96
LSP003169,CAM0059,2025-12-13,2025-12-13T20:55:00,EXTRA,peak,40,208.42,200.46,24.14,4.84
LSP003170,CAM0039,2025-09-19,2025-09-19T18:37:00,MOVIES,pre-peak,30,648.4,657.79,25.27,16.62
LSP003171,CAM0009,2025-06-19,2025-06-19T07:27:00,MOVIES,breakfast,40,537.01,544.36,8.26,4.5
LSP003172,CAM0042,2025-08-23,2025-08-23T14:19:00,MOVIES,daytime,30,403.27,413.88,9.46,3.92
LSP003173,CAM0035,2025-08-08,2025-08-08T14:35:00,CATCHUP,daytime,30,593.12,604.07,7.39,4.46
LSP003174,CAM0022,2025-04-05,2025-04-05T16:54:00,MOVIES,daytime,30,176.67,174.58,10.56,1.84
LSP003175,CAM0016,2025-12-13,2025-12-13T18:13:00,CATCHUP,pre-peak,40,789.34,795.89,24.15,19.22
LSP003176,CAM0059,2025-11-02,2025-11-02T14:12:00,CATCHUP,daytime,30,310.9,305.58,8.17,2.5
LSP003177,CAM0050,2025-12-06,2025-12-06T20:12:00,MAIN,peak,30,93.66,90.15,23.95,2.16
LSP003178,CAM0055,2025-02-16,2025-02-16T07:09:00,MOVIES,breakfast,20,335.13,340.03,14.81,5.04
LSP003179,CAM0023,2025-07-19,2025-07-19T20:29:00,EXTRA,peak,40,578.36,599.05,24.66,14.77
LSP003180,CAM0059,2025-09-16,2025-09-16T18:36:00,EXTRA,pre-peak,30,784.77,777.95,25.97,20.2
LSP003181,CAM0038,2025-03-05,2025-03-05T07:00:00,FACTUAL,breakfast,30,439.55,456.08,8.16,3.72
LSP003182,CAM0029,2025-04-17,2025-04-17T23:47:00,EXTRA,post-peak,30,282.16,280.97,20.15,5.66
LSP003183,CAM0057,2025-10-20,2025-10-20T20:12:00,MOVIES,peak,30,318.05,329.23,23.19,7.63
LSP003184,CAM0028,2025-01-30,2025-01-30T21:39:00,MAIN,peak,30,198.37,197.02,33.9,6.68
LSP003185,CAM0050,2025-12-29,2025-12-29T20:23:00,CATCHUP,peak,10,60.86,60.82,25.21,1.53
LSP003186,CAM0018,2025-08-03,2025-08-03T18:36:00,FACTUAL,pre-peak,30,735.62,746.72,27.69,20.68
LSP003187,CAM0035,2025-08-14,2025-08-14T21:56:00,MAIN,peak,40,628.24,638.87,23.7,15.14
LSP003188,CAM0037,2025-01-16,2025-01-16T20:24:00,MOVIES,peak,30,738.79,720.55,29.05,20.93
LSP003189,CAM0058,2025-06-05,2025-06-05T21:28:00,MAIN,peak,30,446.5,446.59,34.7,15.5
LSP003190,CAM0018,2025-05-06,2025-05-06T21:22:00,MAIN,peak,30,664.56,670.88,28.54,19.15
LSP003191,CAM0026,2025-03-22,2025-03-22T21:03:00,EXTRA,peak,20,83.81,84.78,32.77,2.78
LSP003192,CAM0025,2025-05-24,2025-05-24T18:38:00,EXTRA,pre-peak,30,747.75,770.17,21.58,16.62
LSP003193,CAM0034,2025-07-27,2025-07-27T20:11:00,MAIN,peak,20,665.19,659.28,32.69,21.55
LSP003194,CAM0033,2025-08-20,2025-08-20T08:33:00,CATCHUP,breakfast,10,207.18,205.85,10.04,2.07
LSP003195,CAM0028,2025-01-01,2025-01-01T23:37:00,MAIN,post-peak,20,407.7,400.4,17.44,6.98
LSP003196,CAM0059,2025-10-26,2025-10-26T10:47:00,MAIN,daytime,30,110.8,113.57,6.27,0.71
LSP003197,CAM0049,2025-05-02,2025-05-02T21:52:00,MOVIES,peak,40,284.76,291.34,31.23,9.1
LSP003198,CAM0046,2025-12-26,2025-12-26T08:36:00,MAIN,breakfast,10,640.87,631.33,12.22,7.71
LSP003199,CAM0014,2025-04-21,2025-04-21T18:54:00,CATCHUP,pre-peak,30,585.99,562.61,26.15,14.71
LSP003200,CAM0033,2025-06-10,2025-06-10T16:00:00,MAIN,daytime,20,489.59,488.88,10.74,5.25
LSP003201,CAM0001,2025-02-24,2025-02-24T23:56:00,MAIN,post-peak,10,188.27,186.07,17.73,3.3
LSP003202,CAM0035,2025-02-17,2025-02-17T23:35:00,MAIN,post-peak,30,610.76,590.76,16.36,9.66
LSP003203,CAM0037,2025-10-24,2025-10-24T10:58:00,MOVIES,daytime,40,638.31,657.57,8.02,5.27
LSP003204,CAM0037,2025-02-18,2025-02-18T20:47:00,CATCHUP,peak,20,674.99,676.73,23.06,15.61
LSP003205,CAM0028,2025-12-05,2025-12-05T20:30:00,MAIN,peak,30,58.6,60.7,29.77,1.81
LSP003206,CAM0014,2025-12-29,2025-12-29T12:53:00,CATCHUP,daytime,40,765.67,795.64,6.1,4.85
LSP003207,CAM0059,2025-12-26,2025-12-26T10:27:00,MAIN,daytime,20,772.13,791.45,6.45,5.1
LSP003208,CAM0013,2025-05-24,2025-05-24T20:10:00,EXTRA,peak,10,471.9,482.16,25.45,12.27
LSP003209,CAM0043,2025-01-27,2025-01-27T23:52:00,EXTRA,post-peak,30,704.59,728.77,17.97,13.1
LSP003210,CAM0034,2025-10-12,2025-10-12T16:09:00,MOVIES,daytime,30,455.68,441.32,10.14,4.47
LSP003211,CAM0058,2025-04-03,2025-04-03T23:50:00,EXTRA,post-peak,40,74.62,71.99,17.11,1.23
LSP003212,CAM0054,2025-07-09,2025-07-09T23:27:00,FACTUAL,post-peak,30,555.33,538.35,17.45,9.39
LSP003213,CAM0054,2025-11-26,2025-11-26T08:05:00,MAIN,breakfast,40,597.4,607.46,13.46,8.18
LSP003214,CAM0056,2025-12-14,2025-12-14T20:38:00,EXTRA,peak,20,94.47,95.1,31.69,3.01
LSP003215,CAM0050,2025-09-11,2025-09-11T20:58:00,EXTRA,peak,10,371.89,360.44,25.7,9.26
LSP003216,CAM0043,2025-06-24,2025-06-24T20:35:00,CATCHUP,peak,40,503.98,488.07,22.26,10.86
LSP003217,CAM0038,2025-12-27,2025-12-27T18:06:00,CATCHUP,pre-peak,60,353.42,366.62,21.59,7.92
LSP003218,CAM0023,2025-03-25,2025-03-25T10:09:00,MAIN,daytime,60,212.86,213.18,8.43,1.8
LSP003219,CAM0018,2025-02-22,2025-02-22T23:56:00,CATCHUP,post-peak,60,60.0,61.42,17.26,1.06
LSP003220,CAM0003,2025-10-05,2025-10-05T21:44:00,CATCHUP,peak,30,730.28,748.07,29.17,21.82
LSP003221,CAM0016,2025-05-20,2025-05-20T18:20:00,FACTUAL,pre-peak,30,474.53,486.69,18.12,8.82
LSP003222,CAM0044,2025-06-20,2025-06-20T21:58:00,CATCHUP,peak,10,360.48,373.3,25.41,9.49
LSP003223,CAM0026,2025-08-10,2025-08-10T20:14:00,CATCHUP,peak,40,459.79,462.42,22.53,10.42
LSP003224,CAM0017,2025-03-14,2025-03-14T20:17:00,MAIN,peak,30,157.31,151.22,30.06,4.55
LSP003225,CAM0030,2025-11-30,2025-11-30T18:27:00,EXTRA,pre-peak,30,685.98,692.96,20.88,14.47
LSP003226,CAM0026,2025-07-19,2025-07-19T20:56:00,CATCHUP,peak,60,309.05,245.32,33.14,8.13
LSP003227,CAM0019,2025-09-11,2025-09-11T10:40:00,MOVIES,daytime,10,402.06,408.89,11.34,4.64
LSP003228,CAM0021,2025-10-26,2025-10-26T23:08:00,MOVIES,post-peak,20,506.56,502.02,14.97,7.52
LSP003229,CAM0025,2025-07-18,2025-07-18T10:46:00,CATCHUP,daytime,30,376.54,370.77,9.13,3.39
LSP003230,CAM0018,2025-07-24,2025-07-24T21:38:00,MOVIES,peak,30,537.85,532.24,24.05,12.8
LSP003231,CAM0032,2025-09-09,2025-09-09T21:18:00,MAIN,peak,20,97.18,100.56,34.37,3.46
LSP003232,CAM0014,2025-02-14,2025-02-14T21:09:00,FACTUAL,peak,20,255.14,251.88,26.44,6.66
LSP003233,CAM0048,2025-07-19,2025-07-19T21:00:00,CATCHUP,peak,30,608.84,614.65,29.8,18.32
LSP003234,CAM0057,2025-02-02,2025-02-02T18:06:00,FACTUAL,pre-peak,60,92.42,88.78,21.6,1.92
LSP003235,CAM0047,2025-04-27,2025-04-27T16:49:00,MAIN,daytime,20,589.24,583.18,8.48,4.95
LSP003236,CAM0022,2025-11-10,2025-11-10T23:39:00,EXTRA,post-peak,30,547.91,531.55,19.74,10.49
LSP003237,CAM0008,2025-01-04,2025-01-04T20:56:00,EXTRA,peak,30,253.15,258.09,31.43,8.11
LSP003238,CAM0051,2025-05-22,2025-05-22T23:41:00,MAIN,post-peak,30,696.59,698.72,20.32,14.2
LSP003239,CAM0033,2025-04-24,2025-04-24T14:58:00,EXTRA,daytime,40,682.12,700.37,9.55,6.69
LSP003240,CAM0035,2025-03-19,2025-03-19T21:19:00,MAIN,peak,60,161.44,160.5,28.9,4.64
LSP003241,CAM0015,2025-02-17,2025-02-17T12:39:00,CATCHUP,daytime,60,561.09,542.27,6.65,3.61
LSP003242,CAM0001,2025-01-22,2025-01-22T21:36:00,MOVIES,peak,20,696.14,691.04,34.91,24.12
LSP003243,CAM0034,2025-11-12,2025-11-12T21:27:00,EXTRA,peak,40,299.37,298.21,25.67,7.66
LSP003244,CAM0056,2025-06-27,2025-06-27T21:26:00,EXTRA,peak,60,576.7,597.48,23.87,14.26
LSP003245,CAM0048,2025-09-10,2025-09-10T21:09:00,FACTUAL,peak,30,271.57,274.6,24.63,6.76
LSP003246,CAM0008,2025-02-04,2025-02-04T23:33:00,CATCHUP,post-peak,60,189.92,135.04,16.0,2.16
LSP003247,CAM0022,2025-07-07,2025-07-07T14:47:00,CATCHUP,daytime,20,433.09,416.01,7.57,3.15
LSP003248,CAM0026,2025-08-31,2025-08-31T18:58:00,MOVIES,pre-peak,40,83.2,83.51,22.95,1.92
LSP003249,CAM0021,2025-12-28,2025-12-28T21:32:00,MOVIES,peak,10,592.22,598.18,26.07,15.59
LSP003250,CAM0005,2025-12-17,2025-12-17T21:13:00,MOVIES,peak,30,319.93,316.64,31.75,10.05
LSP003251,CAM0009,2025-07-22,2025-07-22T10:42:00,MAIN,daytime,30,681.05,705.05,7.54,5.32
LSP003252,CAM0017,2025-04-23,2025-04-23T07:52:00,MAIN,breakfast,10,653.95,676.03,10.49,7.09
LSP003253,CAM0038,2025-11-02,2025-11-02T18:19:00,FACTUAL,pre-peak,40,396.02,386.67,18.69,7.23
LSP003254,CAM0051,2025-11-10,2025-11-10T21:06:00,MAIN,peak,40,688.47,706.02,33.53,23.67
LSP003255,CAM0051,2025-10-25,2025-10-25T23:10:00,CATCHUP,post-peak,30,681.5,659.27,20.0,13.19
LSP003256,CAM0048,2025-04-16,2025-04-16T21:19:00,EXTRA,peak,30,276.15,273.15,31.25,8.54
LSP003257,CAM0045,2025-07-02,2025-07-02T21:45:00,MOVIES,peak,40,101.61,101.66,32.89,3.34
LSP003258,CAM0031,2025-09-20,2025-09-20T18:45:00,EXTRA,pre-peak,10,324.77,324.75,20.55,6.67
LSP003259,CAM0030,2025-08-12,2025-08-12T23:14:00,CATCHUP,post-peak,20,418.28,430.58,21.62,9.31
LSP003260,CAM0014,2025-04-20,2025-04-20T10:10:00,EXTRA,daytime,20,703.21,706.4,11.58,8.18
LSP003261,CAM0029,2025-01-08,2025-01-08T14:13:00,MAIN,daytime,30,598.88,616.98,9.15,5.65
LSP003262,CAM0052,2025-07-22,2025-07-22T20:19:00,MOVIES,peak,30,592.29,568.9,22.23,12.65
LSP003263,CAM0026,2025-07-17,2025-07-17T18:48:00,FACTUAL,pre-peak,30,59.39,59.15,27.62,1.63
LSP003264,CAM0009,2025-03-24,2025-03-24T21:35:00,EXTRA,peak,10,699.09,709.57,29.0,20.58
LSP003265,CAM0008,2025-10-25,2025-10-25T21:13:00,CATCHUP,peak,30,698.91,697.83,32.27,22.52
LSP003266,CAM0049,2025-08-14,2025-08-14T10:16:00,EXTRA,daytime,30,204.49,211.14,10.33,2.18
LSP003267,CAM0024,2025-11-26,2025-11-26T20:53:00,MOVIES,peak,30,174.57,180.16,27.21,4.9
LSP003268,CAM0026,2025-01-17,2025-01-17T21:34:00,FACTUAL,peak,20,120.88,122.36,25.44,3.11
LSP003269,CAM0022,2025-09-24,2025-09-24T21:17:00,CATCHUP,peak,30,118.68,120.18,34.76,4.18
LSP003270,CAM0052,2025-08-10,2025-08-10T16:09:00,FACTUAL,daytime,20,138.76,141.53,8.81,1.25
LSP003271,CAM0044,2025-02-15,2025-02-15T20:45:00,MAIN,peak,30,469.33,459.02,26.89,12.34
LSP003272,CAM0041,2025-09-28,2025-09-28T10:44:00,MOVIES,daytime,40,303.54,300.18,11.91,3.58
LSP003273,CAM0036,2025-11-17,2025-11-17T21:36:00,FACTUAL,peak,20,104.94,105.56,24.57,2.59
LSP003274,CAM0007,2025-04-17,2025-04-17T21:26:00,EXTRA,peak,40,345.41,336.49,27.2,9.15
LSP003275,CAM0028,2025-09-24,2025-09-24T20:31:00,FACTUAL,peak,30,207.2,205.96,24.71,5.09
LSP003276,CAM0050,2025-06-08,2025-06-08T10:16:00,CATCHUP,daytime,10,488.62,500.9,9.33,4.67
LSP003277,CAM0036,2025-12-01,2025-12-01T20:19:00,EXTRA,peak,30,639.97,624.2,29.9,18.66
LSP003278,CAM0001,2025-12-14,2025-12-14T21:54:00,MOVIES,peak,10,322.49,233.02,23.07,5.38
LSP003279,CAM0040,2025-02-24,2025-02-24T16:33:00,MAIN,daytime,30,262.29,260.46,7.51,1.96
LSP003280,CAM0040,2025-03-22,2025-03-22T21:16:00,CATCHUP,peak,30,59.57,52.08,34.36,1.79
LSP003281,CAM0007,2025-07-16,2025-07-16T21:58:00,FACTUAL,peak,60,395.2,389.25,30.17,11.74
LSP003282,CAM0052,2025-12-04,2025-12-04T20:05:00,FACTUAL,peak,30,218.13,209.87,27.9,5.86
LSP003283,CAM0037,2025-07-15,2025-07-15T18:14:00,MOVIES,pre-peak,30,186.13,160.47,19.18,3.08
LSP003284,CAM0052,2025-04-03,2025-04-03T21:29:00,EXTRA,peak,30,279.16,269.27,28.62,7.71
LSP003285,CAM0025,2025-10-18,2025-10-18T20:10:00,FACTUAL,peak,30,515.34,522.12,31.79,16.6
LSP003286,CAM0024,2025-07-05,2025-07-05T23:28:00,CATCHUP,post-peak,20,167.72,167.28,14.95,2.5
LSP003287,CAM0044,2025-06-21,2025-06-21T16:39:00,MAIN,daytime,60,773.8,755.58,10.85,8.2
LSP003288,CAM0047,2025-07-31,2025-07-31T07:37:00,MOVIES,breakfast,30,305.25,309.84,14.07,4.36
LSP003289,CAM0044,2025-10-09,2025-10-09T18:04:00,MAIN,pre-peak,60,442.81,441.9,27.42,12.12
LSP003290,CAM0033,2025-07-13,2025-07-13T23:30:00,CATCHUP,post-peak,30,671.96,694.31,21.94,15.23
LSP003291,CAM0027,2025-05-21,2025-05-21T14:31:00,MAIN,daytime,20,337.01,334.2,8.96,2.99
LSP003292,CAM0028,2025-06-29,2025-06-29T20:51:00,FACTUAL,peak,40,301.08,306.89,27.01,8.29
LSP003293,CAM0017,2025-10-26,2025-10-26T20:28:00,MAIN,peak,30,315.19,321.2,25.58,8.22
LSP003294,CAM0029,2025-05-10,2025-05-10T21:41:00,MAIN,peak,40,528.89,540.51,25.14,13.59
LSP003295,CAM0032,2025-03-28,2025-03-28T20:00:00,CATCHUP,peak,40,254.67,255.16,27.18,6.94
LSP003296,CAM0057,2025-04-27,2025-04-27T20:16:00,FACTUAL,peak,10,227.77,225.03,29.2,6.57
LSP003297,CAM0003,2025-09-04,2025-09-04T20:23:00,EXTRA,peak,30,211.93,209.76,27.24,5.71
LSP003298,CAM0013,2025-04-06,2025-04-06T21:07:00,EXTRA,peak,30,500.63,510.26,22.56,11.51
LSP003299,CAM0059,2025-05-22,2025-05-22T21:01:00,MOVIES,peak,20,393.95,403.5,25.57,10.32
LSP003300,CAM0023,2025-01-01,2025-01-01T21:24:00,EXTRA,peak,20,658.1,675.92,26.08,17.63
LSP003301,CAM0003,2025-03-14,2025-03-14T18:33:00,EXTRA,pre-peak,60,449.72,447.27,20.02,8.95
LSP003302,CAM0019,2025-07-22,2025-07-22T18:41:00,MOVIES,pre-peak,30,568.74,589.39,21.94,12.93
LSP003303,CAM0028,2025-01-20,2025-01-20T14:54:00,EXTRA,daytime,30,197.42,199.3,7.59,1.51
LSP003304,CAM0022,2025-11-01,2025-11-01T10:03:00,CATCHUP,daytime,30,663.62,683.64,6.13,4.19
LSP003305,CAM0041,2025-09-08,2025-09-08T18:30:00,CATCHUP,pre-peak,10,561.55,544.25,20.99,11.42
LSP003306,CAM0034,2025-05-15,2025-05-15T20:29:00,MOVIES,peak,30,525.39,512.63,25.07,12.85
LSP003307,CAM0054,2025-01-12,2025-01-12T18:16:00,FACTUAL,pre-peak,20,717.08,725.99,20.7,15.03
LSP003308,CAM0031,2025-09-28,2025-09-28T20:54:00,FACTUAL,peak,10,759.38,769.63,31.99,24.62
LSP003309,CAM0044,2025-04-04,2025-04-04T18:11:00,MOVIES,pre-peak,10,594.65,593.24,22.33,13.25
LSP003310,CAM0031,2025-01-31,2025-01-31T20:40:00,CATCHUP,peak,40,756.75,762.79,25.11,19.15
LSP003311,CAM0047,2025-07-24,2025-07-24T23:55:00,EXTRA,post-peak,30,132.34,131.93,16.91,2.23
LSP003312,CAM0042,2025-10-29,2025-10-29T20:19:00,MAIN,peak,40,602.31,622.23,28.48,17.72
LSP003313,CAM0033,2025-08-17,2025-08-17T07:58:00,CATCHUP,breakfast,60,784.41,757.18,8.31,6.29
LSP003314,CAM0052,2025-07-27,2025-07-27T21:23:00,MAIN,peak,10,664.0,663.79,34.55,22.93
LSP003315,CAM0034,2025-04-15,2025-04-15T21:43:00,FACTUAL,peak,30,448.18,465.0,32.47,15.1
LSP003316,CAM0015,2025-05-11,2025-05-11T20:49:00,FACTUAL,peak,30,209.8,206.92,25.7,5.32
LSP003317,CAM0044,2025-01-04,2025-01-04T21:56:00,FACTUAL,peak,30,146.97,141.77,22.13,3.14
LSP003318,CAM0008,2025-08-20,2025-08-20T20:52:00,CATCHUP,peak,20,643.9,659.54,25.33,16.71
LSP003319,CAM0048,2025-02-12,2025-02-12T18:47:00,CATCHUP,pre-peak,30,609.58,598.22,20.61,12.33
LSP003320,CAM0018,2025-01-22,2025-01-22T20:42:00,CATCHUP,peak,30,797.39,767.02,34.95,26.81
LSP003321,CAM0041,2025-01-18,2025-01-18T18:56:00,FACTUAL,pre-peak,30,53.81,53.13,22.23,1.18
LSP003322,CAM0040,2025-01-28,2025-01-28T10:23:00,EXTRA,daytime,20,675.05,696.59,9.64,6.72
LSP003323,CAM0039,2025-12-04,2025-12-04T20:24:00,EXTRA,peak,20,66.0,68.07,33.83,2.3
LSP003324,CAM0023,2025-07-24,2025-07-24T16:00:00,EXTRA,daytime,10,380.13,368.49,8.12,2.99
LSP003325,CAM0052,2025-01-31,2025-01-31T21:43:00,MOVIES,peak,20,743.29,546.34,34.67,18.94
LSP003326,CAM0039,2025-07-02,2025-07-02T12:35:00,FACTUAL,daytime,10,66.49,64.25,11.68,0.75
LSP003327,CAM0009,2025-12-25,2025-12-25T07:44:00,MOVIES,breakfast,30,144.74,142.44,14.12,2.01
LSP003328,CAM0051,2025-12-21,2025-12-21T07:15:00,MAIN,breakfast,30,272.99,271.86,14.41,3.92
LSP003329,CAM0023,2025-08-16,2025-08-16T21:31:00,CATCHUP,peak,30,713.73,715.18,31.73,22.69
LSP003330,CAM0018,2025-06-18,2025-06-18T20:20:00,EXTRA,peak,30,672.4,650.06,24.04,15.63
LSP003331,CAM0010,2025-12-14,2025-12-14T12:32:00,EXTRA,daytime,30,748.85,754.05,11.21,8.45
LSP003332,CAM0007,2025-09-16,2025-09-16T16:55:00,FACTUAL,daytime,30,534.89,546.62,10.7,5.85
LSP003333,CAM0043,2025-02-10,2025-02-10T16:21:00,CATCHUP,daytime,10,232.76,225.76,8.54,1.93
LSP003334,CAM0047,2025-11-14,2025-11-14T16:19:00,FACTUAL,daytime,40,426.36,432.34,8.03,3.47
LSP003335,CAM0053,2025-12-29,2025-12-29T21:32:00,CATCHUP,peak,30,488.9,497.23,26.23,13.04
LSP003336,CAM0002,2025-09-19,2025-09-19T20:41:00,FACTUAL,peak,30,355.42,347.95,26.32,9.16
LSP003337,CAM0029,2025-07-31,2025-07-31T20:23:00,FACTUAL,peak,60,314.22,321.1,24.73,7.94
LSP003338,CAM0056,2025-06-20,2025-06-20T20:04:00,MAIN,peak,30,617.47,600.31,27.7,16.63
LSP003339,CAM0022,2025-06-03,2025-06-03T18:53:00,MOVIES,pre-peak,40,422.49,418.17,26.74,11.18
LSP003340,CAM0024,2025-05-26,2025-05-26T21:07:00,EXTRA,peak,20,435.74,428.37,29.63,12.69
LSP003341,CAM0052,2025-05-08,2025-05-08T20:30:00,CATCHUP,peak,10,62.77,61.69,26.3,1.62
LSP003342,CAM0024,2025-11-04,2025-11-04T23:35:00,FACTUAL,post-peak,30,565.99,583.94,21.38,12.48
LSP003343,CAM0055,2025-02-24,2025-02-24T18:08:00,EXTRA,pre-peak,40,472.73,478.74,22.89,10.96
LSP003344,CAM0010,2025-06-18,2025-06-18T18:14:00,FACTUAL,pre-peak,10,747.6,743.47,20.64,15.35
LSP003345,CAM0047,2025-01-11,2025-01-11T18:07:00,EXTRA,pre-peak,60,789.3,800.64,21.97,17.59
LSP003346,CAM0013,2025-02-02,2025-02-02T23:52:00,FACTUAL,post-peak,10,570.07,551.97,21.25,11.73
LSP003347,CAM0041,2025-01-26,2025-01-26T08:18:00,FACTUAL,breakfast,30,466.76,461.28,12.36,5.7
LSP003348,CAM0022,2025-07-06,2025-07-06T23:51:00,EXTRA,post-peak,10,367.97,381.8,15.72,6.0
LSP003349,CAM0024,2025-12-03,2025-12-03T20:55:00,MOVIES,peak,30,431.73,441.48,26.63,11.76
LSP003350,CAM0001,2025-06-04,2025-06-04T23:47:00,CATCHUP,post-peak,10,72.48,73.74,16.35,1.21
LSP003351,CAM0006,2025-08-31,2025-08-31T10:58:00,FACTUAL,daytime,40,403.66,392.64,9.75,3.83
LSP003352,CAM0038,2025-08-22,2025-08-22T20:14:00,MOVIES,peak,30,337.79,312.51,30.86,9.64
LSP003353,CAM0016,2025-02-05,2025-02-05T20:26:00,MAIN,peak,30,481.82,482.5,28.58,13.79
LSP003354,CAM0023,2025-11-27,2025-11-27T20:05:00,MAIN,peak,30,328.85,320.88,23.02,7.39
LSP003355,CAM0007,2025-07-09,2025-07-09T21:11:00,MAIN,peak,20,354.42,300.07,24.47,7.34
LSP003356,CAM0044,2025-05-02,2025-05-02T21:36:00,MOVIES,peak,20,424.83,390.13,30.65,11.96
LSP003357,CAM0057,2025-05-01,2025-05-01T20:40:00,MOVIES,peak,30,177.17,183.58,29.27,5.37
LSP003358,CAM0040,2025-04-19,2025-04-19T20:18:00,MOVIES,peak,30,124.5,127.22,27.62,3.51
LSP003359,CAM0016,2025-05-20,2025-05-20T21:51:00,EXTRA,peak,40,55.93,55.99,23.21,1.3
LSP003360,CAM0019,2025-04-06,2025-04-06T21:25:00,MOVIES,peak,30,410.55,420.93,25.99,10.94
LSP003361,CAM0055,2025-01-16,2025-01-16T14:41:00,CATCHUP,daytime,20,624.87,637.95,9.6,6.12
LSP003362,CAM0028,2025-07-28,2025-07-28T14:38:00,FACTUAL,daytime,30,119.69,119.44,10.95,1.31
LSP003363,CAM0020,2025-05-20,2025-05-20T20:10:00,FACTUAL,peak,30,444.86,437.95,34.35,15.04
LSP003364,CAM0025,2025-11-09,2025-11-09T12:50:00,CATCHUP,daytime,30,577.35,591.69,7.98,4.72
LSP003365,CAM0028,2025-07-26,2025-07-26T16:09:00,EXTRA,daytime,30,259.36,261.99,10.75,2.82
LSP003366,CAM0038,2025-01-06,2025-01-06T21:36:00,MOVIES,peak,30,624.25,618.78,30.68,18.98
LSP003367,CAM0052,2025-09-23,2025-09-23T08:57:00,MAIN,breakfast,40,789.76,766.96,13.47,10.33
LSP003368,CAM0010,2025-05-05,2025-05-05T20:41:00,EXTRA,peak,30,337.78,329.29,22.68,7.47
LSP003369,CAM0030,2025-04-17,2025-04-17T14:45:00,CATCHUP,daytime,60,252.38,255.92,6.39,1.64
LSP003370,CAM0033,2025-07-31,2025-07-31T20:19:00,CATCHUP,peak,30,421.83,436.28,32.23,14.06
LSP003371,CAM0021,2025-10-27,2025-10-27T18:51:00,FACTUAL,pre-peak,40,631.67,639.34,24.66,15.77
LSP003372,CAM0051,2025-07-10,2025-07-10T21:29:00,CATCHUP,peak,30,471.22,430.13,26.39,11.35
LSP003373,CAM0055,2025-03-09,2025-03-09T23:40:00,MOVIES,post-peak,40,368.26,381.24,16.11,6.14
LSP003374,CAM0027,2025-04-25,2025-04-25T12:02:00,FACTUAL,daytime,30,130.53,129.02,11.3,1.46
LSP003375,CAM0052,2025-05-10,2025-05-10T12:03:00,FACTUAL,daytime,20,115.84,115.2,7.5,0.86
LSP003376,CAM0046,2025-02-21,2025-02-21T21:08:00,MAIN,peak,20,294.35,284.76,34.62,9.86
LSP003377,CAM0023,2025-12-10,2025-12-10T23:01:00,FACTUAL,post-peak,30,330.55,323.25,21.03,6.8
LSP003378,CAM0036,2025-06-13,2025-06-13T08:05:00,FACTUAL,breakfast,20,734.33,746.64,11.5,8.59
LSP003379,CAM0031,2025-08-05,2025-08-05T18:13:00,EXTRA,pre-peak,60,417.48,424.72,25.79,10.95
LSP003380,CAM0009,2025-04-17,2025-04-17T12:06:00,MAIN,daytime,30,80.42,82.35,9.69,0.8
LSP003381,CAM0005,2025-09-09,2025-09-09T08:23:00,EXTRA,breakfast,20,502.35,496.3,14.3,7.1
LSP003382,CAM0042,2025-06-01,2025-06-01T20:49:00,MOVIES,peak,30,513.6,463.95,28.15,13.06
LSP003383,CAM0046,2025-04-03,2025-04-03T16:39:00,MOVIES,daytime,10,768.11,750.63,11.42,8.57
LSP003384,CAM0033,2025-04-10,2025-04-10T08:55:00,MAIN,breakfast,40,412.99,420.99,10.56,4.45
LSP003385,CAM0015,2025-01-21,2025-01-21T18:00:00,CATCHUP,pre-peak,60,164.86,160.11,22.01,3.52
LSP003386,CAM0038,2025-08-22,2025-08-22T14:51:00,EXTRA,daytime,60,394.93,393.26,11.8,4.64
LSP003387,CAM0010,2025-01-23,2025-01-23T14:05:00,CATCHUP,daytime,20,382.6,369.96,8.48,3.14
LSP003388,CAM0027,2025-06-29,2025-06-29T18:02:00,EXTRA,pre-peak,20,200.93,199.54,21.56,4.3
LSP003389,CAM0033,2025-01-12,2025-01-12T18:09:00,FACTUAL,pre-peak,30,294.4,292.54,27.4,8.02
LSP003390,CAM0058,2025-01-28,2025-01-28T20:25:00,MOVIES,peak,40,93.08,91.7,22.1,2.03
LSP003391,CAM0057,2025-07-02,2025-07-02T23:54:00,MOVIES,post-peak,30,415.57,399.04,17.7,7.06
LSP003392,CAM0005,2025-02-06,2025-02-06T23:05:00,CATCHUP,post-peak,10,687.04,697.38,15.62,10.89
LSP003393,CAM0012,2025-05-04,2025-05-04T18:50:00,EXTRA,pre-peak,30,652.6,674.48,18.17,12.26
LSP003394,CAM0056,2025-07-09,2025-07-09T14:18:00,CATCHUP,daytime,40,289.75,298.34,7.99,2.38
LSP003395,CAM0053,2025-01-29,2025-01-29T23:37:00,FACTUAL,post-peak,20,158.96,159.32,14.26,2.27
LSP003396,CAM0018,2025-04-01,2025-04-01T18:16:00,MOVIES,pre-peak,40,446.24,461.55,21.31,9.84
LSP003397,CAM0008,2025-10-21,2025-10-21T07:46:00,MAIN,breakfast,30,101.62,104.92,10.26,1.08
LSP003398,CAM0020,2025-10-06,2025-10-06T20:49:00,FACTUAL,peak,10,87.43,85.92,32.07,2.76
LSP003399,CAM0047,2025-05-07,2025-05-07T14:26:00,EXTRA,daytime,60,228.59,232.41,8.21,1.91
LSP003400,CAM0020,2025-04-10,2025-04-10T18:55:00,MAIN,pre-peak,10,483.23,474.8,22.06,10.47
LSP003401,CAM0017,2025-04-30,2025-04-30T18:28:00,MAIN,pre-peak,40,535.07,533.46,26.28,14.02
LSP003402,CAM0048,2025-05-19,2025-05-19T18:07:00,EXTRA,pre-peak,30,577.82,562.55,26.99,15.18
LSP003403,CAM0054,2025-04-25,2025-04-25T21:58:00,CATCHUP,peak,40,403.03,414.01,29.01,12.01
LSP003404,CAM0025,2025-09-28,2025-09-28T10:24:00,CATCHUP,daytime,30,331.23,320.48,11.71,3.75
LSP003405,CAM0016,2025-12-19,2025-12-19T21:15:00,MAIN,peak,60,576.08,584.64,31.37,18.34
LSP003406,CAM0058,2025-10-29,2025-10-29T10:24:00,CATCHUP,daytime,60,461.15,466.7,8.93,4.17
LSP003407,CAM0014,2025-07-12,2025-07-12T14:31:00,MAIN,daytime,30,501.62,510.56,6.26,3.2
LSP003408,CAM0023,2025-12-27,2025-12-27T21:40:00,FACTUAL,peak,60,316.21,322.28,29.42,9.48
LSP003409,CAM0054,2025-07-08,2025-07-08T18:42:00,MOVIES,pre-peak,60,755.37,747.43,23.77,17.77
LSP003410,CAM0026,2025-04-03,2025-04-03T21:30:00,CATCHUP,peak,40,290.25,300.51,24.37,7.32
LSP003411,CAM0008,2025-10-25,2025-10-25T20:10:00,MOVIES,peak,10,620.07,636.45,30.55,19.44
LSP003412,CAM0051,2025-02-03,2025-02-03T10:27:00,CATCHUP,daytime,60,698.83,672.35,9.64,6.48
LSP003413,CAM0051,2025-04-23,2025-04-23T18:00:00,CATCHUP,pre-peak,40,101.0,101.58,26.15,2.66
LSP003414,CAM0005,2025-12-01,2025-12-01T18:03:00,EXTRA,pre-peak,20,424.7,413.42,18.24,7.54
LSP003415,CAM0055,2025-12-09,2025-12-09T20:33:00,MOVIES,peak,30,667.46,682.67,23.1,15.77
LSP003416,CAM0043,2025-10-29,2025-10-29T18:44:00,MOVIES,pre-peak,30,147.08,142.43,21.36,3.04
LSP003417,CAM0042,2025-12-02,2025-12-02T21:38:00,MOVIES,peak,30,375.51,374.0,30.26,11.32
LSP003418,CAM0039,2025-07-05,2025-07-05T18:51:00,CATCHUP,pre-peak,40,134.05,130.48,18.37,2.4
LSP003419,CAM0056,2025-03-03,2025-03-03T23:23:00,MOVIES,post-peak,20,691.61,695.42,19.91,13.85
LSP003420,CAM0030,2025-05-25,2025-05-25T21:50:00,CATCHUP,peak,20,313.78,246.52,27.52,6.78
LSP003421,CAM0048,2025-05-17,2025-05-17T21:46:00,CATCHUP,peak,30,529.22,530.97,29.16,15.48
LSP003422,CAM0047,2025-02-27,2025-02-27T20:31:00,FACTUAL,peak,30,386.96,386.93,29.89,11.57
LSP003423,CAM0024,2025-11-11,2025-11-11T23:42:00,FACTUAL,post-peak,40,462.55,452.75,17.09,7.74
LSP003424,CAM0038,2025-10-30,2025-10-30T18:07:00,EXTRA,pre-peak,30,158.45,113.97,20.0,2.28
LSP003425,CAM0045,2025-07-14,2025-07-14T23:27:00,CATCHUP,post-peak,10,161.53,156.52,14.71,2.3
LSP003426,CAM0027,2025-10-27,2025-10-27T20:13:00,FACTUAL,peak,20,558.68,539.74,31.94,17.24
LSP003427,CAM0031,2025-10-13,2025-10-13T12:20:00,MOVIES,daytime,30,149.45,152.12,8.86,1.35
LSP003428,CAM0015,2025-05-01,2025-05-01T16:21:00,EXTRA,daytime,30,567.16,571.62,7.66,4.38
LSP003429,CAM0036,2025-09-09,2025-09-09T14:32:00,MAIN,daytime,10,189.72,191.1,9.99,1.91
LSP003430,CAM0013,2025-05-29,2025-05-29T21:07:00,MOVIES,peak,20,477.94,463.7,29.53,13.69
LSP003431,CAM0006,2025-08-14,2025-08-14T20:32:00,MOVIES,peak,30,729.25,553.23,30.46,16.85
LSP003432,CAM0044,2025-08-13,2025-08-13T18:48:00,MAIN,pre-peak,30,294.24,298.01,25.25,7.52
LSP003433,CAM0050,2025-10-16,2025-10-16T08:19:00,EXTRA,breakfast,10,735.97,718.99,12.49,8.98
LSP003434,CAM0014,2025-06-29,2025-06-29T14:59:00,MAIN,daytime,10,567.45,546.19,9.53,5.21
LSP003435,CAM0058,2025-08-24,2025-08-24T12:39:00,FACTUAL,daytime,30,75.98,75.25,10.21,0.77
LSP003436,CAM0024,2025-08-19,2025-08-19T20:26:00,EXTRA,peak,30,242.44,234.69,28.97,6.8
LSP003437,CAM0057,2025-08-24,2025-08-24T23:51:00,CATCHUP,post-peak,30,286.57,239.98,16.18,3.88
LSP003438,CAM0050,2025-10-24,2025-10-24T20:17:00,FACTUAL,peak,60,129.62,125.13,25.9,3.24
LSP003439,CAM0055,2025-09-07,2025-09-07T21:37:00,MOVIES,peak,30,516.68,530.8,23.95,12.71
LSP003440,CAM0059,2025-01-01,2025-01-01T10:33:00,MAIN,daytime,30,459.27,456.17,11.36,5.18
LSP003441,CAM0040,2025-11-25,2025-11-25T10:09:00,CATCHUP,daytime,20,327.28,322.59,9.17,2.96
LSP003442,CAM0051,2025-09-15,2025-09-15T21:04:00,MAIN,peak,10,293.71,302.05,25.89,7.82
LSP003443,CAM0024,2025-07-22,2025-07-22T08:05:00,MOVIES,breakfast,30,681.17,662.72,9.31,6.17
LSP003444,CAM0054,2025-06-21,2025-06-21T23:18:00,MOVIES,post-peak,20,52.43,50.85,15.84,0.81
LSP003445,CAM0046,2025-05-09,2025-05-09T21:39:00,EXTRA,peak,20,547.71,525.98,32.87,17.29
LSP003446,CAM0006,2025-08-16,2025-08-16T14:18:00,EXTRA,daytime,30,338.69,350.02,10.81,3.78
LSP003447,CAM0022,2025-05-13,2025-05-13T20:03:00,MAIN,peak,30,88.04,91.04,28.83,2.62
LSP003448,CAM0005,2025-01-27,2025-01-27T18:49:00,FACTUAL,pre-peak,10,343.39,331.7,24.32,8.07
LSP003449,CAM0048,2025-02-13,2025-02-13T21:00:00,EXTRA,peak,20,268.3,264.82,22.88,6.06
LSP003450,CAM0033,2025-01-22,2025-01-22T23:21:00,MOVIES,post-peak,30,548.34,558.51,21.26,11.87
LSP003451,CAM0018,2025-03-04,2025-03-04T12:43:00,EXTRA,daytime,30,344.05,330.63,9.11,3.01
LSP003452,CAM0039,2025-02-04,2025-02-04T16:27:00,FACTUAL,daytime,30,137.43,133.02,8.24,1.1
LSP003453,CAM0031,2025-10-08,2025-10-08T12:03:00,FACTUAL,daytime,20,603.29,587.76,6.51,3.83
LSP003454,CAM0038,2025-03-01,2025-03-01T20:06:00,FACTUAL,peak,20,477.82,469.04,23.47,11.01
LSP003455,CAM0008,2025-05-26,2025-05-26T07:05:00,EXTRA,breakfast,60,434.92,441.99,14.31,6.32
LSP003456,CAM0038,2025-04-08,2025-04-08T20:18:00,EXTRA,peak,30,291.09,212.2,24.11,5.12
LSP003457,CAM0046,2025-01-16,2025-01-16T10:19:00,MAIN,daytime,20,88.73,89.77,10.21,0.92
LSP003458,CAM0028,2025-11-13,2025-11-13T23:32:00,CATCHUP,post-peak,30,352.43,353.66,19.53,6.91
LSP003459,CAM0010,2025-08-26,2025-08-26T12:51:00,CATCHUP,daytime,10,235.47,242.76,7.96,1.93
LSP003460,CAM0039,2025-02-22,2025-02-22T23:19:00,FACTUAL,post-peak,40,529.45,546.77,16.51,9.03
LSP003461,CAM0051,2025-03-18,2025-03-18T21:35:00,MAIN,peak,10,123.78,121.94,23.79,2.9
LSP003462,CAM0007,2025-07-03,2025-07-03T18:56:00,CATCHUP,pre-peak,60,178.12,175.13,23.43,4.1
LSP003463,CAM0046,2025-01-07,2025-01-07T21:09:00,FACTUAL,peak,30,180.62,185.44,30.19,5.6
LSP003464,CAM0050,2025-03-22,2025-03-22T07:08:00,FACTUAL,breakfast,20,752.97,775.93,9.11,7.07
LSP003465,CAM0035,2025-08-06,2025-08-06T18:02:00,MOVIES,pre-peak,30,338.65,328.75,27.19,8.94
LSP003466,CAM0013,2025-11-30,2025-11-30T23:59:00,CATCHUP,post-peak,60,451.45,466.25,17.41,8.12
LSP003467,CAM0026,2025-08-29,2025-08-29T16:34:00,MOVIES,daytime,30,697.44,694.58,8.03,5.58
LSP003468,CAM0051,2025-05-30,2025-05-30T21:03:00,MAIN,peak,20,674.42,695.06,26.81,18.63
LSP003469,CAM0005,2025-01-10,2025-01-10T21:52:00,CATCHUP,peak,40,697.21,677.39,32.38,21.93
LSP003470,CAM0052,2025-03-12,2025-03-12T16:11:00,MOVIES,daytime,30,267.0,272.23,10.0,2.72
LSP003471,CAM0035,2025-10-31,2025-10-31T20:37:00,EXTRA,peak,30,798.57,812.88,31.79,25.84
LSP003472,CAM0046,2025-04-30,2025-04-30T20:20:00,EXTRA,peak,20,466.66,468.58,32.34,15.15
LSP003473,CAM0033,2025-10-23,2025-10-23T12:24:00,EXTRA,daytime,40,519.92,518.23,9.91,5.14
LSP003474,CAM0034,2025-01-11,2025-01-11T20:47:00,MAIN,peak,30,185.48,183.29,33.88,6.21
LSP003475,CAM0050,2025-11-30,2025-11-30T14:33:00,CATCHUP,daytime,30,325.41,333.76,10.35,3.45
LSP003476,CAM0044,2025-10-24,2025-10-24T20:43:00,MAIN,peak,40,193.38,196.58,31.36,6.16
LSP003477,CAM0023,2025-01-04,2025-01-04T21:54:00,MAIN,peak,30,409.61,341.64,33.94,11.6
LSP003478,CAM0058,2025-06-02,2025-06-02T20:42:00,CATCHUP,peak,30,508.97,496.67,26.5,13.16
LSP003479,CAM0025,2025-09-16,2025-09-16T18:26:00,EXTRA,pre-peak,60,103.02,98.99,21.25,2.1
LSP003480,CAM0038,2025-07-03,2025-07-03T08:49:00,FACTUAL,breakfast,30,259.61,264.77,9.14,2.42
LSP003481,CAM0024,2025-10-26,2025-10-26T16:06:00,EXTRA,daytime,60,684.58,659.09,7.96,5.25
LSP003482,CAM0005,2025-06-29,2025-06-29T16:37:00,MOVIES,daytime,20,544.59,562.92,10.22,5.75
LSP003483,CAM0059,2025-02-20,2025-02-20T07:26:00,MOVIES,breakfast,30,306.97,318.69,13.65,4.35
LSP003484,CAM0028,2025-04-28,2025-04-28T18:22:00,CATCHUP,pre-peak,10,757.09,728.65,18.65,13.59
LSP003485,CAM0016,2025-09-12,2025-09-12T21:57:00,EXTRA,peak,20,227.94,234.62,28.33,6.65
LSP003486,CAM0033,2025-08-27,2025-08-27T21:02:00,EXTRA,peak,60,558.82,573.37,23.46,13.45
LSP003487,CAM0034,2025-02-11,2025-02-11T18:56:00,CATCHUP,pre-peak,60,516.57,526.91,21.53,11.34
LSP003488,CAM0056,2025-06-07,2025-06-07T20:47:00,FACTUAL,peak,20,765.66,790.35,27.74,21.92
LSP003489,CAM0021,2025-10-25,2025-10-25T18:48:00,MOVIES,pre-peak,60,213.09,214.9,27.54,5.92
LSP003490,CAM0016,2025-02-23,2025-02-23T23:34:00,CATCHUP,post-peak,30,171.48,175.82,19.86,3.49
LSP003491,CAM0022,2025-10-25,2025-10-25T21:43:00,MAIN,peak,10,226.16,218.84,32.42,7.09
LSP003492,CAM0016,2025-12-27,2025-12-27T18:35:00,FACTUAL,pre-peak,40,119.51,84.93,18.68,1.59
LSP003493,CAM0010,2025-06-05,2025-06-05T08:16:00,MAIN,breakfast,30,115.43,95.15,14.81,1.41
LSP003494,CAM0005,2025-08-06,2025-08-06T20:30:00,CATCHUP,peak,30,531.15,517.71,22.84,11.82
LSP003495,CAM0037,2025-11-07,2025-11-07T20:55:00,MAIN,peak,20,548.55,538.9,30.37,16.37
LSP003496,CAM0043,2025-09-11,2025-09-11T14:46:00,EXTRA,daytime,30,279.08,277.1,6.4,1.77
LSP003497,CAM0003,2025-01-11,2025-01-11T16:25:00,MAIN,daytime,10,58.99,57.57,7.41,0.43
LSP003498,CAM0024,2025-06-20,2025-06-20T23:29:00,CATCHUP,post-peak,30,149.87,152.99,21.99,3.36
LSP003499,CAM0044,2025-12-15,2025-12-15T10:14:00,CATCHUP,daytime,30,367.45,373.11,6.78,2.53
LSP003500,CAM0006,2025-09-08,2025-09-08T18:49:00,MAIN,pre-peak,40,442.05,455.89,23.59,10.75
LSP003501,CAM0038,2025-10-11,2025-10-11T20:35:00,MOVIES,peak,30,367.64,379.93,33.24,12.63
LSP003502,CAM0014,2025-09-14,2025-09-14T20:42:00,MAIN,peak,20,642.38,621.0,34.62,21.5
LSP003503,CAM0015,2025-11-11,2025-11-11T18:40:00,EXTRA,pre-peak,10,258.3,248.77,21.61,5.38
LSP003504,CAM0038,2025-05-10,2025-05-10T16:47:00,CATCHUP,daytime,30,747.04,722.21,10.42,7.53
LSP003505,CAM0030,2025-04-25,2025-04-25T14:34:00,CATCHUP,daytime,40,72.97,73.43,8.42,0.62
LSP003506,CAM0020,2025-12-13,2025-12-13T07:40:00,MAIN,breakfast,30,707.28,707.85,12.34,8.73
LSP003507,CAM0059,2025-10-19,2025-10-19T10:34:00,FACTUAL,daytime,20,546.26,525.85,11.4,5.99
LSP003508,CAM0053,2025-06-06,2025-06-06T20:49:00,EXTRA,peak,30,187.03,187.98,25.27,4.75
LSP003509,CAM0027,2025-04-27,2025-04-27T20:54:00,MOVIES,peak,30,56.32,57.4,34.53,1.98
LSP003510,CAM0005,2025-07-01,2025-07-01T12:35:00,FACTUAL,daytime,20,91.38,90.35,9.89,0.89
LSP003511,CAM0047,2025-06-22,2025-06-22T21:43:00,FACTUAL,peak,30,261.81,252.09,31.86,8.03
LSP003512,CAM0059,2025-09-22,2025-09-22T21:43:00,MOVIES,peak,30,400.99,413.0,28.99,11.97
LSP003513,CAM0052,2025-10-28,2025-10-28T23:10:00,EXTRA,post-peak,60,129.39,131.88,17.64,2.33
LSP003514,CAM0009,2025-12-14,2025-12-14T20:59:00,FACTUAL,peak,10,626.77,626.49,34.61,21.68
LSP003515,CAM0008,2025-03-30,2025-03-30T16:06:00,MOVIES,daytime,30,551.5,530.13,11.66,6.18
LSP003516,CAM0007,2025-01-12,2025-01-12T23:19:00,CATCHUP,post-peak,30,356.64,354.31,21.61,7.66
LSP003517,CAM0010,2025-08-10,2025-08-10T10:18:00,FACTUAL,daytime,60,760.41,772.32,9.38,7.24
LSP003518,CAM0027,2025-08-29,2025-08-29T08:51:00,MAIN,breakfast,10,426.56,409.97,9.7,3.98
LSP003519,CAM0021,2025-08-26,2025-08-26T21:44:00,FACTUAL,peak,40,270.32,260.14,25.18,6.55
LSP003520,CAM0020,2025-07-12,2025-07-12T20:49:00,CATCHUP,peak,30,793.91,803.9,25.33,20.36
LSP003521,CAM0052,2025-12-14,2025-12-14T08:13:00,MAIN,breakfast,30,648.57,673.61,13.62,9.17
LSP003522,CAM0029,2025-11-16,2025-11-16T20:47:00,CATCHUP,peak,30,480.06,493.17,24.09,11.88
LSP003523,CAM0030,2025-01-12,2025-01-12T14:33:00,MAIN,daytime,10,746.82,720.48,9.07,6.53
LSP003524,CAM0050,2025-05-28,2025-05-28T14:15:00,MAIN,daytime,60,248.22,245.82,8.23,2.02
LSP003525,CAM0033,2025-03-05,2025-03-05T12:23:00,CATCHUP,daytime,10,723.15,695.47,7.63,5.31
LSP003526,CAM0058,2025-08-24,2025-08-24T14:46:00,EXTRA,daytime,30,716.22,714.44,6.17,4.41
LSP003527,CAM0053,2025-12-19,2025-12-19T16:24:00,EXTRA,daytime,30,118.56,115.29,6.74,0.78
LSP003528,CAM0053,2025-06-22,2025-06-22T14:40:00,MAIN,daytime,10,493.9,475.21,6.83,3.25
LSP003529,CAM0025,2025-01-06,2025-01-06T20:15:00,MOVIES,peak,40,487.29,469.09,33.32,15.63
LSP003530,CAM0012,2025-02-08,2025-02-08T23:19:00,FACTUAL,post-peak,20,535.05,553.35,19.23,10.64
LSP003531,CAM0016,2025-07-07,2025-07-07T21:35:00,FACTUAL,peak,40,152.07,147.45,32.82,4.84
LSP003532,CAM0007,2025-12-17,2025-12-17T16:48:00,CATCHUP,daytime,30,586.57,597.58,8.48,5.07
LSP003533,CAM0045,2025-02-13,2025-02-13T20:54:00,FACTUAL,peak,30,207.24,215.48,26.12,5.63
LSP003534,CAM0010,2025-07-25,2025-07-25T20:46:00,CATCHUP,peak,30,95.02,97.69,29.55,2.89
LSP003535,CAM0055,2025-12-03,2025-12-03T16:02:00,EXTRA,daytime,60,193.63,194.48,9.56,1.86
LSP003536,CAM0053,2025-06-28,2025-06-28T20:44:00,EXTRA,peak,40,602.61,620.73,24.23,15.04
LSP003537,CAM0034,2025-01-16,2025-01-16T16:59:00,MOVIES,daytime,30,84.18,85.3,6.53,0.56
LSP003538,CAM0044,2025-11-19,2025-11-19T21:51:00,EXTRA,peak,30,244.44,240.43,23.71,5.7
LSP003539,CAM0012,2025-05-24,2025-05-24T21:30:00,MOVIES,peak,30,411.82,425.32,29.35,12.48
LSP003540,CAM0017,2025-10-28,2025-10-28T14:19:00,MOVIES,daytime,30,655.05,459.9,9.41,4.33
LSP003541,CAM0056,2025-09-19,2025-09-19T23:24:00,FACTUAL,post-peak,30,375.79,380.95,16.91,6.44
LSP003542,CAM0024,2025-04-17,2025-04-17T20:37:00,EXTRA,peak,60,714.48,706.0,30.47,21.51
LSP003543,CAM0019,2025-12-01,2025-12-01T21:01:00,CATCHUP,peak,10,154.79,139.8,22.32,3.12
LSP003544,CAM0011,2025-07-04,2025-07-04T14:22:00,EXTRA,daytime,30,376.3,374.32,9.44,3.53
LSP003545,CAM0040,2025-04-24,2025-04-24T10:40:00,FACTUAL,daytime,30,73.31,72.71,6.82,0.5
LSP003546,CAM0043,2025-02-23,2025-02-23T21:18:00,EXTRA,peak,10,564.23,551.48,26.83,14.8
LSP003547,CAM0042,2025-04-29,2025-04-29T21:44:00,CATCHUP,peak,30,234.89,235.05,28.91,6.8
LSP003548,CAM0018,2025-03-21,2025-03-21T18:36:00,FACTUAL,pre-peak,20,564.26,545.79,26.51,14.47
LSP003549,CAM0038,2025-05-16,2025-05-16T20:46:00,FACTUAL,peak,30,744.84,756.68,33.65,25.46
LSP003550,CAM0046,2025-11-16,2025-11-16T16:29:00,CATCHUP,daytime,10,179.98,183.23,8.96,1.64
LSP003551,CAM0056,2025-05-28,2025-05-28T21:55:00,EXTRA,peak,30,597.01,579.47,23.89,13.84
LSP003552,CAM0044,2025-05-24,2025-05-24T23:10:00,EXTRA,post-peak,30,773.74,783.99,15.03,11.78
LSP003553,CAM0025,2025-02-22,2025-02-22T18:58:00,FACTUAL,pre-peak,40,72.8,75.59,20.78,1.57
LSP003554,CAM0025,2025-06-22,2025-06-22T20:06:00,MAIN,peak,20,464.32,448.7,23.6,10.59
LSP003555,CAM0002,2025-06-29,2025-06-29T07:08:00,EXTRA,breakfast,30,588.84,587.75,12.55,7.38
LSP003556,CAM0044,2025-11-22,2025-11-22T16:22:00,EXTRA,daytime,60,759.73,772.99,6.81,5.26
LSP003557,CAM0050,2025-08-04,2025-08-04T20:50:00,FACTUAL,peak,20,204.71,207.97,24.82,5.16
LSP003558,CAM0049,2025-04-28,2025-04-28T21:56:00,MOVIES,peak,20,598.56,595.71,34.52,20.56
LSP003559,CAM0039,2025-08-03,2025-08-03T21:37:00,EXTRA,peak,10,668.65,644.1,23.79,15.32
LSP003560,CAM0001,2025-09-08,2025-09-08T18:10:00,MAIN,pre-peak,30,195.28,191.4,27.97,5.35
LSP003561,CAM0034,2025-07-17,2025-07-17T23:36:00,MOVIES,post-peak,60,744.83,767.15,14.55,11.16
LSP003562,CAM0058,2025-07-02,2025-07-02T20:07:00,MAIN,peak,30,186.14,187.03,22.85,4.27
LSP003563,CAM0030,2025-04-24,2025-04-24T07:51:00,CATCHUP,breakfast,30,88.8,91.22,11.27,1.03
LSP003564,CAM0055,2025-04-27,2025-04-27T10:08:00,CATCHUP,daytime,30,791.68,777.44,6.51,5.06
LSP003565,CAM0020,2025-09-22,2025-09-22T16:57:00,EXTRA,daytime,40,567.75,590.35,9.64,5.69
LSP003566,CAM0054,2025-12-23,2025-12-23T07:09:00,MOVIES,breakfast,30,587.14,419.28,9.06,3.8
LSP003567,CAM0002,2025-10-15,2025-10-15T20:30:00,MAIN,peak,60,167.47,167.77,32.99,5.53
LSP003568,CAM0018,2025-06-27,2025-06-27T12:38:00,FACTUAL,daytime,30,360.15,272.38,6.45,1.76
LSP003569,CAM0021,2025-11-14,2025-11-14T23:57:00,CATCHUP,post-peak,30,591.19,572.98,16.89,9.68
LSP003570,CAM0051,2025-11-14,2025-11-14T07:10:00,EXTRA,breakfast,10,664.29,666.33,13.56,9.04
LSP003571,CAM0056,2025-01-02,2025-01-02T21:18:00,MAIN,peak,30,302.17,309.31,25.64,7.93
LSP003572,CAM0015,2025-01-13,2025-01-13T08:32:00,CATCHUP,breakfast,30,420.22,426.97,11.39,4.86
LSP003573,CAM0022,2025-12-16,2025-12-16T20:00:00,CATCHUP,peak,30,481.28,474.94,25.86,12.28
LSP003574,CAM0054,2025-08-13,2025-08-13T12:15:00,MOVIES,daytime,30,516.52,501.15,7.07,3.54
LSP003575,CAM0028,2025-06-23,2025-06-23T10:58:00,MAIN,daytime,30,625.38,615.8,11.81,7.27
LSP003576,CAM0015,2025-11-30,2025-11-30T20:48:00,FACTUAL,peak,10,561.48,579.75,23.9,13.86
LSP003577,CAM0032,2025-07-17,2025-07-17T14:12:00,FACTUAL,daytime,30,702.36,725.07,6.64,4.81
LSP003578,CAM0051,2025-07-13,2025-07-13T18:02:00,MOVIES,pre-peak,30,720.81,742.55,22.19,16.48
LSP003579,CAM0033,2025-12-23,2025-12-23T23:23:00,CATCHUP,post-peak,30,384.89,398.98,14.69,5.86
LSP003580,CAM0026,2025-11-27,2025-11-27T21:27:00,MOVIES,peak,40,163.43,169.31,28.55,4.83
LSP003581,CAM0040,2025-05-01,2025-05-01T20:28:00,CATCHUP,peak,30,719.58,718.01,22.94,16.47
LSP003582,CAM0011,2025-05-23,2025-05-23T20:56:00,MAIN,peak,30,605.4,613.63,28.78,17.66
LSP003583,CAM0010,2025-05-13,2025-05-13T23:59:00,MOVIES,post-peak,30,60.94,59.93,17.86,1.07
LSP003584,CAM0038,2025-04-13,2025-04-13T18:04:00,CATCHUP,pre-peak,60,385.29,387.75,27.86,10.8
LSP003585,CAM0058,2025-12-23,2025-12-23T23:08:00,MAIN,post-peak,60,778.07,806.7,19.35,15.61
LSP003586,CAM0047,2025-03-23,2025-03-23T18:13:00,FACTUAL,pre-peak,60,422.24,418.5,22.84,9.56
LSP003587,CAM0012,2025-02-07,2025-02-07T12:15:00,MAIN,daytime,10,464.42,470.35,11.18,5.26
LSP003588,CAM0023,2025-10-28,2025-10-28T10:14:00,EXTRA,daytime,40,278.7,276.21,6.12,1.69
LSP003589,CAM0038,2025-10-04,2025-10-04T21:54:00,MAIN,peak,60,300.23,301.14,27.29,8.22
LSP003590,CAM0039,2025-01-24,2025-01-24T21:13:00,MAIN,peak,20,726.41,745.07,34.68,25.84
LSP003591,CAM0053,2025-11-23,2025-11-23T18:41:00,EXTRA,pre-peak,20,491.23,500.36,23.36,11.69
LSP003592,CAM0040,2025-12-14,2025-12-14T20:54:00,MOVIES,peak,60,590.1,612.06,31.57,19.32
LSP003593,CAM0052,2025-01-23,2025-01-23T18:01:00,MOVIES,pre-peak,30,753.98,740.59,20.4,15.11
LSP003594,CAM0056,2025-08-16,2025-08-16T07:03:00,FACTUAL,breakfast,40,493.44,499.77,14.94,7.47
LSP003595,CAM0058,2025-05-26,2025-05-26T12:35:00,MOVIES,daytime,10,545.24,560.4,8.29,4.65
LSP003596,CAM0033,2025-12-26,2025-12-26T18:11:00,MAIN,pre-peak,30,719.03,736.29,26.32,19.38
LSP003597,CAM0048,2025-06-16,2025-06-16T14:23:00,CATCHUP,daytime,30,371.81,365.58,9.24,3.38
LSP003598,CAM0032,2025-06-07,2025-06-07T08:10:00,MOVIES,breakfast,30,321.16,309.95,8.76,2.72
LSP003599,CAM0047,2025-11-06,2025-11-06T20:30:00,EXTRA,peak,30,205.43,206.61,23.07,4.77
LSP003600,CAM0011,2025-03-11,2025-03-11T12:14:00,CATCHUP,daytime,60,488.92,504.45,10.9,5.5
LSP003601,CAM0011,2025-03-04,2025-03-04T16:50:00,MAIN,daytime,10,395.77,386.64,11.82,4.57
LSP003602,CAM0043,2025-12-23,2025-12-23T07:45:00,FACTUAL,breakfast,30,243.93,242.37,14.47,3.51
LSP003603,CAM0031,2025-02-06,2025-02-06T18:52:00,FACTUAL,pre-peak,10,600.57,609.97,21.91,13.36
LSP003604,CAM0019,2025-06-11,2025-06-11T18:37:00,EXTRA,pre-peak,30,113.39,115.07,25.39,2.92
LSP003605,CAM0024,2025-08-14,2025-08-14T20:31:00,MOVIES,peak,60,660.94,677.67,31.35,21.24
LSP003606,CAM0025,2025-07-25,2025-07-25T21:30:00,MOVIES,peak,10,471.6,471.61,31.59,14.9
LSP003607,CAM0022,2025-11-25,2025-11-25T10:27:00,FACTUAL,daytime,30,710.35,685.95,8.18,5.61
LSP003608,CAM0019,2025-10-21,2025-10-21T20:33:00,MOVIES,peak,30,150.77,150.62,23.87,3.6
LSP003609,CAM0024,2025-06-03,2025-06-03T21:09:00,EXTRA,peak,10,373.34,374.95,31.0,11.62
LSP003610,CAM0027,2025-11-07,2025-11-07T12:52:00,CATCHUP,daytime,30,637.73,639.07,10.71,6.84
LSP003611,CAM0018,2025-01-18,2025-01-18T08:51:00,MOVIES,breakfast,20,278.97,277.45,12.09,3.35
LSP003612,CAM0016,2025-03-25,2025-03-25T21:05:00,FACTUAL,peak,20,91.71,93.15,35.0,3.26
LSP003613,CAM0053,2025-05-03,2025-05-03T14:01:00,MAIN,daytime,10,741.34,741.83,10.01,7.43
LSP003614,CAM0026,2025-07-01,2025-07-01T14:34:00,FACTUAL,daytime,30,442.3,429.33,7.74,3.32
LSP003615,CAM0010,2025-10-19,2025-10-19T18:21:00,MAIN,pre-peak,30,194.64,201.44,21.46,4.32
LSP003616,CAM0046,2025-09-25,2025-09-25T12:04:00,MOVIES,daytime,30,709.77,709.86,10.28,7.3
LSP003617,CAM0006,2025-12-03,2025-12-03T14:22:00,MOVIES,daytime,30,735.4,757.57,9.94,7.53
LSP003618,CAM0014,2025-10-05,2025-10-05T21:36:00,FACTUAL,peak,40,713.92,723.3,22.89,16.56
LSP003619,CAM0042,2025-10-01,2025-10-01T23:20:00,MOVIES,post-peak,10,569.38,580.77,21.95,12.75
LSP003620,CAM0050,2025-08-10,2025-08-10T10:55:00,MOVIES,daytime,30,279.89,284.45,7.01,1.99
LSP003621,CAM0013,2025-07-21,2025-07-21T21:43:00,CATCHUP,peak,30,153.04,151.35,23.52,3.56
LSP003622,CAM0038,2025-08-23,2025-08-23T12:30:00,CATCHUP,daytime,40,678.84,654.33,10.88,7.12
LSP003623,CAM0001,2025-03-09,2025-03-09T20:59:00,MOVIES,peak,60,107.81,109.36,34.96,3.82
LSP003624,CAM0021,2025-12-13,2025-12-13T21:53:00,MAIN,peak,20,455.02,442.6,33.9,15.0
LSP003625,CAM0008,2025-07-07,2025-07-07T20:36:00,MAIN,peak,40,255.51,261.57,24.23,6.34
LSP003626,CAM0020,2025-05-19,2025-05-19T18:11:00,EXTRA,pre-peak,10,120.39,119.5,24.32,2.91
LSP003627,CAM0016,2025-11-05,2025-11-05T12:43:00,FACTUAL,daytime,10,441.44,449.63,8.3,3.73
LSP003628,CAM0021,2025-05-04,2025-05-04T20:05:00,FACTUAL,peak,10,226.26,222.89,34.28,7.64
LSP003629,CAM0039,2025-09-27,2025-09-27T21:04:00,FACTUAL,peak,20,95.97,96.19,24.47,2.35
LSP003630,CAM0023,2025-01-26,2025-01-26T20:23:00,MAIN,peak,60,766.07,780.63,25.21,19.68
LSP003631,CAM0012,2025-09-21,2025-09-21T08:37:00,CATCHUP,breakfast,30,643.41,491.31,8.03,3.95
LSP003632,CAM0051,2025-04-14,2025-04-14T10:58:00,CATCHUP,daytime,10,401.04,402.88,7.41,2.99
LSP003633,CAM0022,2025-12-26,2025-12-26T21:59:00,EXTRA,peak,60,702.39,710.43,28.36,20.15
LSP003634,CAM0023,2025-06-25,2025-06-25T14:25:00,MAIN,daytime,30,145.46,150.66,8.03,1.21
LSP003635,CAM0020,2025-10-13,2025-10-13T23:18:00,MOVIES,post-peak,10,184.79,183.73,16.72,3.07
LSP003636,CAM0044,2025-05-07,2025-05-07T20:51:00,CATCHUP,peak,40,702.47,684.44,31.2,21.35
LSP003637,CAM0054,2025-03-13,2025-03-13T23:22:00,MAIN,post-peak,40,123.67,126.94,15.78,2.0
LSP003638,CAM0016,2025-10-19,2025-10-19T08:10:00,MOVIES,breakfast,30,691.01,697.26,14.2,9.9
LSP003639,CAM0033,2025-04-03,2025-04-03T23:51:00,MOVIES,post-peak,30,191.71,196.81,14.56,2.87
LSP003640,CAM0009,2025-11-05,2025-11-05T21:55:00,MAIN,peak,20,387.44,390.56,23.92,9.34
LSP003641,CAM0029,2025-06-27,2025-06-27T20:36:00,FACTUAL,peak,30,396.47,410.71,32.43,13.32
LSP003642,CAM0006,2025-02-15,2025-02-15T18:43:00,EXTRA,pre-peak,20,75.2,74.55,24.53,1.83
LSP003643,CAM0044,2025-06-16,2025-06-16T20:02:00,MAIN,peak,40,257.08,254.9,33.4,8.51
LSP003644,CAM0026,2025-05-17,2025-05-17T14:13:00,EXTRA,daytime,40,633.6,629.46,6.56,4.13
LSP003645,CAM0010,2025-03-22,2025-03-22T21:59:00,MAIN,peak,40,92.28,89.81,33.56,3.01
LSP003646,CAM0029,2025-07-23,2025-07-23T21:15:00,FACTUAL,peak,20,396.36,337.12,33.73,11.37
LSP003647,CAM0059,2025-08-17,2025-08-17T23:20:00,MOVIES,post-peak,10,92.28,89.98,20.0,1.8
LSP003648,CAM0014,2025-01-21,2025-01-21T07:37:00,MAIN,breakfast,10,549.2,570.09,10.39,5.92
LSP003649,CAM0047,2025-08-06,2025-08-06T20:30:00,MOVIES,peak,30,262.76,260.94,28.23,7.37
LSP003650,CAM0036,2025-12-03,2025-12-03T16:29:00,MAIN,daytime,20,266.97,269.91,7.32,1.98
LSP003651,CAM0046,2025-05-27,2025-05-27T21:22:00,MOVIES,peak,60,697.9,715.9,22.85,16.36
LSP003652,CAM0019,2025-07-30,2025-07-30T21:21:00,MAIN,peak,30,284.46,295.22,31.83,9.4
LSP003653,CAM0053,2025-09-21,2025-09-21T18:50:00,MOVIES,pre-peak,30,476.66,484.43,23.66,11.46
LSP003654,CAM0059,2025-10-24,2025-10-24T18:50:00,MOVIES,pre-peak,10,81.33,84.07,27.18,2.29
LSP003655,CAM0015,2025-12-28,2025-12-28T12:47:00,FACTUAL,daytime,20,186.75,190.29,9.1,1.73
LSP003656,CAM0041,2025-03-13,2025-03-13T10:36:00,EXTRA,daytime,20,778.07,752.71,7.59,5.71
LSP003657,CAM0023,2025-09-03,2025-09-03T23:40:00,FACTUAL,post-peak,60,590.26,572.81,17.88,10.24
LSP003658,CAM0027,2025-01-24,2025-01-24T14:18:00,EXTRA,daytime,30,280.16,282.82,8.83,2.5
LSP003659,CAM0035,2025-02-09,2025-02-09T12:31:00,EXTRA,daytime,20,492.75,473.68,10.67,5.05
LSP003660,CAM0024,2025-11-23,2025-11-23T21:19:00,EXTRA,peak,30,164.62,162.9,23.13,3.77
LSP003661,CAM0044,2025-12-08,2025-12-08T23:19:00,CATCHUP,post-peak,30,723.33,695.88,20.44,14.22
LSP003662,CAM0044,2025-11-27,2025-11-27T20:51:00,FACTUAL,peak,20,502.59,501.3,34.14,17.11
LSP003663,CAM0043,2025-12-03,2025-12-03T16:31:00,MOVIES,daytime,30,565.28,524.7,8.63,4.53
LSP003664,CAM0010,2025-06-09,2025-06-09T16:27:00,MOVIES,daytime,30,505.67,494.42,11.58,5.73
LSP003665,CAM0053,2025-01-03,2025-01-03T20:36:00,FACTUAL,peak,20,438.53,451.82,31.66,14.3
LSP003666,CAM0058,2025-01-09,2025-01-09T20:21:00,CATCHUP,peak,20,300.65,292.6,28.2,8.25
LSP003667,CAM0012,2025-07-13,2025-07-13T18:48:00,EXTRA,pre-peak,20,655.4,646.35,25.34,16.38
LSP003668,CAM0011,2025-09-07,2025-09-07T14:19:00,MOVIES,daytime,30,665.03,647.24,11.77,7.62
LSP003669,CAM0047,2025-12-16,2025-12-16T14:11:00,EXTRA,daytime,60,553.98,560.1,11.25,6.3
LSP003670,CAM0028,2025-08-02,2025-08-02T18:02:00,FACTUAL,pre-peak,10,753.01,766.8,21.86,16.76
LSP003671,CAM0035,2025-01-25,2025-01-25T23:55:00,CATCHUP,post-peak,30,176.6,174.99,19.91,3.48
LSP003672,CAM0034,2025-12-23,2025-12-23T20:30:00,CATCHUP,peak,20,253.88,261.89,25.31,6.63
LSP003673,CAM0002,2025-05-06,2025-05-06T20:50:00,CATCHUP,peak,30,112.54,113.63,26.21,2.98
LSP003674,CAM0052,2025-02-14,2025-02-14T14:19:00,FACTUAL,daytime,10,687.57,672.6,9.93,6.68
LSP003675,CAM0056,2025-02-21,2025-02-21T20:34:00,MAIN,peak,10,346.28,339.85,27.47,9.34
LSP003676,CAM0005,2025-03-11,2025-03-11T20:50:00,EXTRA,peak,30,774.17,791.82,30.21,23.92
LSP003677,CAM0040,2025-10-10,2025-10-10T21:05:00,EXTRA,peak,20,747.78,592.64,23.25,13.78
LSP003678,CAM0049,2025-07-07,2025-07-07T12:00:00,EXTRA,daytime,20,484.96,473.95,11.57,5.48
LSP003679,CAM0016,2025-07-22,2025-07-22T20:43:00,EXTRA,peak,40,99.93,100.68,24.31,2.45
LSP003680,CAM0011,2025-09-06,2025-09-06T08:15:00,MAIN,breakfast,30,496.1,483.69,13.84,6.69
LSP003681,CAM0012,2025-11-15,2025-11-15T16:01:00,EXTRA,daytime,10,547.31,553.25,8.39,4.64
LSP003682,CAM0037,2025-12-24,2025-12-24T21:00:00,MAIN,peak,40,128.9,134.03,31.73,4.25
LSP003683,CAM0030,2025-07-12,2025-07-12T21:53:00,EXTRA,peak,60,618.32,635.63,28.88,18.36
LSP003684,CAM0017,2025-04-22,2025-04-22T21:32:00,MOVIES,peak,10,329.54,323.86,28.41,9.2
LSP003685,CAM0028,2025-11-13,2025-11-13T10:29:00,MAIN,daytime,40,567.46,550.82,6.84,3.77
LSP003686,CAM0012,2025-01-17,2025-01-17T21:03:00,MAIN,peak,30,228.06,232.06,22.13,5.14
LSP003687,CAM0056,2025-10-07,2025-10-07T23:12:00,FACTUAL,post-peak,40,585.05,570.01,15.64,8.91
LSP003688,CAM0008,2025-07-14,2025-07-14T20:00:00,MAIN,peak,30,695.84,679.96,25.45,17.3
LSP003689,CAM0005,2025-10-07,2025-10-07T14:43:00,FACTUAL,daytime,20,583.55,577.06,9.93,5.73
LSP003690,CAM0003,2025-03-25,2025-03-25T10:07:00,MAIN,daytime,30,400.49,393.77,9.17,3.61
LSP003691,CAM0058,2025-04-21,2025-04-21T12:24:00,MOVIES,daytime,40,69.93,67.6,8.68,0.59
LSP003692,CAM0008,2025-02-27,2025-02-27T21:59:00,MOVIES,peak,60,672.0,684.73,34.39,23.55
LSP003693,CAM0001,2025-04-02,2025-04-02T16:21:00,EXTRA,daytime,30,347.73,338.53,8.65,2.93
LSP003694,CAM0050,2025-01-09,2025-01-09T12:02:00,CATCHUP,daytime,30,274.15,280.88,11.66,3.28
LSP003695,CAM0014,2025-11-25,2025-11-25T21:18:00,MAIN,peak,30,643.96,645.09,32.13,20.73
LSP003696,CAM0004,2025-12-07,2025-12-07T16:28:00,FACTUAL,daytime,60,289.8,289.84,6.98,2.02
LSP003697,CAM0019,2025-07-31,2025-07-31T23:28:00,MAIN,post-peak,20,636.25,633.0,18.88,11.95
LSP003698,CAM0004,2025-01-04,2025-01-04T20:46:00,EXTRA,peak,10,537.81,544.69,32.8,17.87
LSP003699,CAM0022,2025-09-19,2025-09-19T14:20:00,MAIN,daytime,10,423.16,411.89,9.85,4.06
LSP003700,CAM0029,2025-05-05,2025-05-05T23:08:00,CATCHUP,post-peak,20,473.53,480.71,21.26,10.22
LSP003701,CAM0009,2025-01-06,2025-01-06T16:05:00,EXTRA,daytime,10,669.81,665.91,7.17,4.77
LSP003702,CAM0025,2025-10-01,2025-10-01T07:56:00,CATCHUP,breakfast,30,79.66,61.55,10.81,0.67
LSP003703,CAM0005,2025-02-03,2025-02-03T20:40:00,FACTUAL,peak,60,763.22,776.59,27.99,21.74
LSP003704,CAM0043,2025-07-21,2025-07-21T14:22:00,MOVIES,daytime,30,376.72,373.87,7.17,2.68
LSP003705,CAM0043,2025-02-15,2025-02-15T12:50:00,FACTUAL,daytime,60,92.01,92.78,7.85,0.73
LSP003706,CAM0020,2025-10-06,2025-10-06T21:15:00,CATCHUP,peak,40,440.91,455.51,23.3,10.61
LSP003707,CAM0049,2025-05-21,2025-05-21T21:21:00,MOVIES,peak,30,646.8,643.64,33.73,21.71
LSP003708,CAM0038,2025-06-23,2025-06-23T10:36:00,MOVIES,daytime,40,71.74,72.13,10.74,0.77
LSP003709,CAM0029,2025-08-05,2025-08-05T16:04:00,MOVIES,daytime,60,760.72,732.73,11.31,8.29
LSP003710,CAM0043,2025-04-16,2025-04-16T20:16:00,FACTUAL,peak,20,279.0,271.46,27.99,7.6
LSP003711,CAM0009,2025-06-15,2025-06-15T21:46:00,EXTRA,peak,10,512.95,516.56,30.97,16.0
LSP003712,CAM0035,2025-05-18,2025-05-18T20:35:00,MOVIES,peak,60,226.79,226.77,34.72,7.87
LSP003713,CAM0011,2025-11-14,2025-11-14T20:12:00,EXTRA,peak,40,593.57,612.17,30.15,18.46
LSP003714,CAM0011,2025-12-25,2025-12-25T23:01:00,CATCHUP,post-peak,20,481.49,478.55,19.71,9.43
LSP003715,CAM0052,2025-09-28,2025-09-28T16:24:00,FACTUAL,daytime,30,264.5,263.55,9.51,2.51
LSP003716,CAM0015,2025-06-13,2025-06-13T21:25:00,FACTUAL,peak,20,582.58,585.05,29.19,17.08
LSP003717,CAM0043,2025-08-21,2025-08-21T18:50:00,EXTRA,pre-peak,30,236.7,243.64,26.3,6.41
LSP003718,CAM0055,2025-06-09,2025-06-09T23:24:00,EXTRA,post-peak,10,689.07,672.23,16.16,10.86
LSP003719,CAM0004,2025-03-01,2025-03-01T14:56:00,EXTRA,daytime,10,330.8,324.33,10.13,3.29
LSP003720,CAM0022,2025-04-01,2025-04-01T23:26:00,EXTRA,post-peak,30,178.5,179.31,15.46,2.77
LSP003721,CAM0014,2025-04-10,2025-04-10T18:02:00,FACTUAL,pre-peak,30,249.76,254.09,25.4,6.45
LSP003722,CAM0057,2025-12-01,2025-12-01T23:13:00,FACTUAL,post-peak,60,267.87,258.82,17.74,4.59
LSP003723,CAM0017,2025-10-22,2025-10-22T14:36:00,FACTUAL,daytime,30,531.16,544.46,9.79,5.33
LSP003724,CAM0035,2025-06-03,2025-06-03T12:40:00,FACTUAL,daytime,30,228.23,225.8,6.97,1.57
LSP003725,CAM0008,2025-03-04,2025-03-04T23:26:00,FACTUAL,post-peak,60,418.34,431.8,19.29,8.33
LSP003726,CAM0019,2025-04-02,2025-04-02T20:56:00,CATCHUP,peak,30,180.15,175.89,24.79,4.36
LSP003727,CAM0059,2025-11-15,2025-11-15T20:56:00,MOVIES,peak,30,623.51,604.47,25.12,15.18
LSP003728,CAM0001,2025-02-01,2025-02-01T18:51:00,MAIN,pre-peak,30,326.44,315.35,23.29,7.34
LSP003729,CAM0055,2025-05-23,2025-05-23T20:36:00,EXTRA,peak,40,723.26,672.55,32.57,21.9
LSP003730,CAM0036,2025-03-29,2025-03-29T14:47:00,EXTRA,daytime,10,69.28,67.29,8.43,0.57
LSP003731,CAM0020,2025-05-03,2025-05-03T21:34:00,MOVIES,peak,20,281.4,292.38,30.26,8.85
LSP003732,CAM0059,2025-05-18,2025-05-18T20:00:00,MOVIES,peak,30,602.29,583.7,22.34,13.04
LSP003733,CAM0052,2025-11-01,2025-11-01T20:15:00,MOVIES,peak,30,505.35,491.08,33.16,16.28
LSP003734,CAM0005,2025-09-23,2025-09-23T23:38:00,MAIN,post-peak,30,303.62,312.11,16.13,5.03
LSP003735,CAM0006,2025-06-29,2025-06-29T20:06:00,MAIN,peak,20,288.82,300.16,23.06,6.92
LSP003736,CAM0003,2025-01-01,2025-01-01T23:48:00,MAIN,post-peak,20,732.77,736.17,20.49,15.08
LSP003737,CAM0035,2025-08-01,2025-08-01T21:55:00,CATCHUP,peak,20,529.15,515.29,29.2,15.05
LSP003738,CAM0057,2025-02-10,2025-02-10T14:44:00,CATCHUP,daytime,30,271.52,279.13,9.71,2.71
LSP003739,CAM0049,2025-07-14,2025-07-14T20:52:00,MOVIES,peak,30,706.32,730.7,30.42,22.23
LSP003740,CAM0019,2025-02-13,2025-02-13T14:17:00,EXTRA,daytime,30,344.19,336.56,8.93,3.01
LSP003741,CAM0016,2025-12-28,2025-12-28T21:58:00,MOVIES,peak,10,588.8,582.59,28.74,16.74
LSP003742,CAM0054,2025-06-14,2025-06-14T21:45:00,CATCHUP,peak,30,392.72,391.79,27.68,10.84
LSP003743,CAM0058,2025-09-08,2025-09-08T21:38:00,CATCHUP,peak,20,494.78,383.68,28.21,10.82
LSP003744,CAM0031,2025-12-04,2025-12-04T21:41:00,CATCHUP,peak,60,673.86,670.33,28.1,18.84
LSP003745,CAM0047,2025-11-17,2025-11-17T10:23:00,CATCHUP,daytime,20,503.93,505.36,7.9,3.99
LSP003746,CAM0050,2025-05-24,2025-05-24T21:14:00,CATCHUP,peak,10,781.43,800.71,31.65,25.34
LSP003747,CAM0056,2025-03-10,2025-03-10T20:49:00,CATCHUP,peak,40,357.36,354.02,31.32,11.09
LSP003748,CAM0055,2025-11-13,2025-11-13T18:22:00,FACTUAL,pre-peak,40,401.0,385.51,22.86,8.81
LSP003749,CAM0055,2025-02-11,2025-02-11T21:05:00,MAIN,peak,10,425.31,413.92,23.78,9.84
LSP003750,CAM0020,2025-12-02,2025-12-02T14:06:00,CATCHUP,daytime,10,707.34,694.74,9.49,6.59
LSP003751,CAM0004,2025-09-14,2025-09-14T16:50:00,CATCHUP,daytime,40,225.6,220.91,6.94,1.53
LSP003752,CAM0018,2025-11-25,2025-11-25T14:49:00,MOVIES,daytime,60,597.42,575.34,8.68,4.99
LSP003753,CAM0058,2025-08-02,2025-08-02T23:59:00,FACTUAL,post-peak,60,630.55,616.6,21.0,12.95
LSP003754,CAM0017,2025-10-14,2025-10-14T21:51:00,FACTUAL,peak,40,740.36,715.25,24.22,17.32
LSP003755,CAM0022,2025-10-10,2025-10-10T21:26:00,MOVIES,peak,60,494.43,477.91,28.39,13.57
LSP003756,CAM0021,2025-03-28,2025-03-28T21:54:00,MOVIES,peak,30,613.64,619.59,29.31,18.16
LSP003757,CAM0049,2025-08-08,2025-08-08T16:10:00,EXTRA,daytime,60,518.13,525.53,9.51,5.0
LSP003758,CAM0037,2025-11-12,2025-11-12T08:03:00,EXTRA,breakfast,40,437.76,435.58,8.41,3.66
LSP003759,CAM0017,2025-02-15,2025-02-15T16:45:00,MAIN,daytime,20,262.15,267.18,8.82,2.36
LSP003760,CAM0021,2025-04-24,2025-04-24T21:34:00,FACTUAL,peak,10,580.37,600.87,33.32,20.02
LSP003761,CAM0025,2025-12-28,2025-12-28T14:10:00,CATCHUP,daytime,30,362.92,369.39,10.49,3.87
LSP003762,CAM0002,2025-05-19,2025-05-19T08:22:00,EXTRA,breakfast,10,348.4,341.81,10.85,3.71
LSP003763,CAM0005,2025-09-27,2025-09-27T20:33:00,MOVIES,peak,20,386.62,391.28,33.73,13.2
LSP003764,CAM0039,2025-04-07,2025-04-07T20:44:00,CATCHUP,peak,10,265.14,267.54,28.25,7.56
LSP003765,CAM0052,2025-07-16,2025-07-16T08:15:00,EXTRA,breakfast,60,603.49,582.3,13.71,7.98
LSP003766,CAM0019,2025-05-25,2025-05-25T10:41:00,FACTUAL,daytime,20,364.73,362.68,9.99,3.62
LSP003767,CAM0044,2025-01-09,2025-01-09T20:58:00,EXTRA,peak,10,216.89,217.59,31.51,6.86
LSP003768,CAM0044,2025-02-04,2025-02-04T07:15:00,MOVIES,breakfast,30,593.65,589.53,14.58,8.6
LSP003769,CAM0051,2025-08-26,2025-08-26T18:54:00,MOVIES,pre-peak,30,623.93,614.5,21.49,13.21
LSP003770,CAM0022,2025-11-13,2025-11-13T21:13:00,FACTUAL,peak,30,133.12,136.96,25.25,3.46
LSP003771,CAM0023,2025-02-26,2025-02-26T10:03:00,EXTRA,daytime,30,518.2,512.87,7.41,3.8
LSP003772,CAM0004,2025-10-03,2025-10-03T20:48:00,EXTRA,peak,20,568.36,588.65,23.07,13.58
LSP003773,CAM0024,2025-12-14,2025-12-14T21:04:00,FACTUAL,peak,40,440.02,450.07,28.04,12.62
LSP003774,CAM0010,2025-07-12,2025-07-12T14:27:00,EXTRA,daytime,60,646.73,521.01,10.3,5.37
LSP003775,CAM0021,2025-11-20,2025-11-20T23:47:00,FACTUAL,post-peak,30,661.22,643.09,21.46,13.8
LSP003776,CAM0058,2025-08-04,2025-08-04T23:35:00,EXTRA,post-peak,40,791.56,788.59,21.03,16.58
LSP003777,CAM0058,2025-10-24,2025-10-24T18:03:00,EXTRA,pre-peak,30,261.41,257.8,22.78,5.87
LSP003778,CAM0011,2025-06-26,2025-06-26T12:02:00,EXTRA,daytime,20,605.4,598.68,9.72,5.82
LSP003779,CAM0030,2025-08-25,2025-08-25T21:10:00,FACTUAL,peak,30,185.55,192.77,29.27,5.64
LSP003780,CAM0058,2025-02-13,2025-02-13T20:56:00,CATCHUP,peak,30,672.61,650.15,30.82,20.04
LSP003781,CAM0022,2025-11-16,2025-11-16T20:47:00,CATCHUP,peak,30,285.18,288.76,25.81,7.45
LSP003782,CAM0020,2025-08-10,2025-08-10T14:20:00,EXTRA,daytime,20,668.5,509.32,11.81,6.02
LSP003783,CAM0011,2025-06-05,2025-06-05T21:56:00,CATCHUP,peak,30,421.64,413.4,33.58,13.88
LSP003784,CAM0051,2025-02-05,2025-02-05T20:30:00,MOVIES,peak,30,565.62,548.65,30.9,16.95
LSP003785,CAM0025,2025-08-20,2025-08-20T23:47:00,CATCHUP,post-peak,40,615.07,597.52,19.13,11.43
LSP003786,CAM0022,2025-01-23,2025-01-23T21:58:00,CATCHUP,peak,40,70.89,69.81,23.0,1.61
LSP003787,CAM0031,2025-12-31,2025-12-31T07:40:00,MOVIES,breakfast,20,252.39,243.16,9.74,2.37
LSP003788,CAM0027,2025-02-20,2025-02-20T12:19:00,MAIN,daytime,40,415.5,425.53,10.47,4.46
LSP003789,CAM0025,2025-05-18,2025-05-18T16:20:00,EXTRA,daytime,30,308.98,314.36,10.27,3.23
LSP003790,CAM0043,2025-04-14,2025-04-14T21:48:00,CATCHUP,peak,60,349.71,349.77,33.97,11.88
LSP003791,CAM0023,2025-12-15,2025-12-15T08:58:00,MOVIES,breakfast,30,751.65,743.15,11.28,8.38
LSP003792,CAM0045,2025-06-16,2025-06-16T18:26:00,MOVIES,pre-peak,10,694.7,721.7,26.91,19.42
LSP003793,CAM0003,2025-10-17,2025-10-17T14:59:00,EXTRA,daytime,30,238.16,235.14,11.3,2.66
LSP003794,CAM0021,2025-03-03,2025-03-03T21:07:00,MAIN,peak,20,205.29,213.24,24.44,5.21
LSP003795,CAM0017,2025-07-10,2025-07-10T23:32:00,EXTRA,post-peak,30,346.19,348.78,14.65,5.11
LSP003796,CAM0010,2025-11-25,2025-11-25T21:57:00,CATCHUP,peak,30,684.25,687.43,31.88,21.92
LSP003797,CAM0057,2025-07-18,2025-07-18T20:35:00,FACTUAL,peak,30,411.3,411.55,29.88,12.3
LSP003798,CAM0027,2025-04-12,2025-04-12T10:27:00,EXTRA,daytime,10,310.63,299.47,10.25,3.07
LSP003799,CAM0025,2025-10-20,2025-10-20T21:11:00,EXTRA,peak,60,310.66,300.19,25.26,7.58
LSP003800,CAM0016,2025-01-03,2025-01-03T23:08:00,MOVIES,post-peak,30,354.02,361.56,14.88,5.38
LSP003801,CAM0025,2025-04-15,2025-04-15T23:48:00,CATCHUP,post-peak,10,478.0,475.14,17.73,8.42
LSP003802,CAM0044,2025-11-30,2025-11-30T07:33:00,FACTUAL,breakfast,40,309.42,297.15,13.52,4.02
LSP003803,CAM0012,2025-04-09,2025-04-09T07:12:00,FACTUAL,breakfast,30,402.84,398.1,11.18,4.45
LSP003804,CAM0026,2025-11-14,2025-11-14T21:10:00,CATCHUP,peak,30,282.04,288.79,33.44,9.66
LSP003805,CAM0054,2025-12-30,2025-12-30T07:54:00,EXTRA,breakfast,30,202.43,196.4,13.37,2.63
LSP003806,CAM0012,2025-12-30,2025-12-30T18:55:00,MOVIES,pre-peak,20,611.11,620.08,20.29,12.58
LSP003807,CAM0022,2025-07-31,2025-07-31T08:35:00,CATCHUP,breakfast,40,614.6,466.04,14.83,6.91
LSP003808,CAM0001,2025-12-18,2025-12-18T21:54:00,CATCHUP,peak,30,429.18,445.2,30.6,13.62
LSP003809,CAM0036,2025-06-21,2025-06-21T12:41:00,MAIN,daytime,40,127.23,123.81,10.57,1.31
LSP003810,CAM0030,2025-09-06,2025-09-06T21:01:00,EXTRA,peak,40,343.48,336.02,30.46,10.24
LSP003811,CAM0040,2025-06-05,2025-06-05T20:32:00,MAIN,peak,40,234.7,241.25,29.56,7.13
LSP003812,CAM0018,2025-06-22,2025-06-22T07:12:00,MOVIES,breakfast,30,86.94,88.08,9.95,0.88
LSP003813,CAM0002,2025-04-26,2025-04-26T20:13:00,FACTUAL,peak,40,566.37,548.59,24.61,13.5
LSP003814,CAM0046,2025-05-09,2025-05-09T21:08:00,MOVIES,peak,40,297.52,287.96,30.21,8.7
LSP003815,CAM0004,2025-05-08,2025-05-08T08:25:00,CATCHUP,breakfast,30,466.59,450.43,12.91,5.82
LSP003816,CAM0050,2025-07-23,2025-07-23T16:18:00,CATCHUP,daytime,30,646.61,646.64,6.96,4.5
LSP003817,CAM0047,2025-11-03,2025-11-03T23:15:00,CATCHUP,post-peak,30,724.6,748.19,14.59,10.92
LSP003818,CAM0008,2025-05-22,2025-05-22T20:28:00,MOVIES,peak,30,251.19,249.18,23.1,5.76
LSP003819,CAM0055,2025-06-30,2025-06-30T18:53:00,FACTUAL,pre-peak,20,431.11,446.93,25.03,11.19
LSP003820,CAM0052,2025-07-18,2025-07-18T10:36:00,FACTUAL,daytime,40,251.67,255.02,6.14,1.57
LSP003821,CAM0055,2025-03-09,2025-03-09T20:35:00,FACTUAL,peak,30,634.02,651.9,32.59,21.25
LSP003822,CAM0048,2025-06-13,2025-06-13T18:53:00,MOVIES,pre-peak,60,346.32,339.05,23.42,7.94
LSP003823,CAM0055,2025-08-12,2025-08-12T16:21:00,MAIN,daytime,60,602.6,580.13,11.37,6.6
LSP003824,CAM0055,2025-02-16,2025-02-16T21:38:00,FACTUAL,peak,40,350.21,341.45,34.3,11.71
LSP003825,CAM0037,2025-12-23,2025-12-23T20:47:00,FACTUAL,peak,60,493.36,505.48,34.01,17.19
LSP003826,CAM0038,2025-05-26,2025-05-26T10:40:00,MOVIES,daytime,10,361.3,369.25,10.03,3.7
LSP003827,CAM0027,2025-01-18,2025-01-18T21:31:00,CATCHUP,peak,10,796.43,764.62,23.82,18.21
LSP003828,CAM0058,2025-04-25,2025-04-25T23:45:00,EXTRA,post-peak,30,754.86,728.69,14.09,10.27
LSP003829,CAM0059,2025-10-23,2025-10-23T20:25:00,MOVIES,peak,30,783.88,811.74,24.59,19.96
LSP003830,CAM0029,2025-04-25,2025-04-25T16:16:00,CATCHUP,daytime,20,790.2,785.18,6.01,4.72
LSP003831,CAM0041,2025-02-21,2025-02-21T20:44:00,MAIN,peak,30,354.22,353.95,25.73,9.11
LSP003832,CAM0056,2025-04-10,2025-04-10T20:31:00,MOVIES,peak,10,288.24,287.1,29.81,8.56
LSP003833,CAM0005,2025-07-20,2025-07-20T14:38:00,MAIN,daytime,30,759.7,745.75,8.55,6.38
LSP003834,CAM0036,2025-12-01,2025-12-01T20:47:00,EXTRA,peak,40,545.81,546.57,28.53,15.59
LSP003835,CAM0035,2025-03-05,2025-03-05T08:10:00,FACTUAL,breakfast,20,785.77,791.41,9.23,7.3
LSP003836,CAM0054,2025-08-03,2025-08-03T10:17:00,MOVIES,daytime,60,431.29,305.28,7.97,2.43
LSP003837,CAM0004,2025-06-06,2025-06-06T07:05:00,FACTUAL,breakfast,30,141.61,144.87,13.38,1.94
LSP003838,CAM0001,2025-01-21,2025-01-21T07:58:00,CATCHUP,breakfast,40,91.7,88.29,9.47,0.84
LSP003839,CAM0033,2025-06-13,2025-06-13T14:28:00,EXTRA,daytime,40,281.77,276.0,8.41,2.32
LSP003840,CAM0037,2025-04-29,2025-04-29T21:40:00,MAIN,peak,30,503.29,487.48,28.9,14.09
LSP003841,CAM0037,2025-07-13,2025-07-13T20:33:00,EXTRA,peak,20,131.91,130.33,23.64,3.08
LSP003842,CAM0043,2025-10-05,2025-10-05T20:41:00,EXTRA,peak,30,522.69,542.2,29.58,16.04
LSP003843,CAM0003,2025-04-11,2025-04-11T21:38:00,FACTUAL,peak,60,610.99,594.67,29.51,17.55
LSP003844,CAM0005,2025-04-03,2025-04-03T16:28:00,CATCHUP,daytime,30,603.75,614.8,7.37,4.53
LSP003845,CAM0050,2025-03-13,2025-03-13T14:34:00,MOVIES,daytime,40,364.05,374.32,6.22,2.33
LSP003846,CAM0041,2025-07-18,2025-07-18T21:53:00,CATCHUP,peak,30,753.44,773.78,33.63,26.02
LSP003847,CAM0050,2025-06-08,2025-06-08T07:13:00,CATCHUP,breakfast,30,663.58,648.6,11.23,7.28
LSP003848,CAM0019,2025-12-09,2025-12-09T21:12:00,MAIN,peak,30,124.94,122.33,30.98,3.79
LSP003849,CAM0037,2025-12-07,2025-12-07T12:39:00,MOVIES,daytime,40,56.39,55.86,9.06,0.51
LSP003850,CAM0057,2025-01-03,2025-01-03T18:22:00,FACTUAL,pre-peak,30,109.88,107.44,26.25,2.82
LSP003851,CAM0007,2025-02-09,2025-02-09T21:32:00,MOVIES,peak,10,305.84,303.54,27.88,8.46
LSP003852,CAM0005,2025-10-31,2025-10-31T10:45:00,CATCHUP,daytime,30,505.08,520.22,6.35,3.3
LSP003853,CAM0010,2025-09-29,2025-09-29T23:28:00,FACTUAL,post-peak,60,378.39,310.6,20.02,6.22
LSP003854,CAM0012,2025-05-02,2025-05-02T20:00:00,EXTRA,peak,30,59.72,59.86,23.44,1.4
LSP003855,CAM0056,2025-11-26,2025-11-26T12:48:00,CATCHUP,daytime,30,546.79,539.07,10.5,5.66
LSP003856,CAM0030,2025-02-02,2025-02-02T12:25:00,FACTUAL,daytime,30,681.15,668.0,8.18,5.46
LSP003857,CAM0045,2025-06-08,2025-06-08T16:28:00,FACTUAL,daytime,60,183.27,180.34,10.84,1.95
LSP003858,CAM0044,2025-09-23,2025-09-23T20:54:00,FACTUAL,peak,20,590.23,611.39,29.45,18.01
LSP003859,CAM0004,2025-12-29,2025-12-29T10:33:00,FACTUAL,daytime,10,621.42,602.14,10.41,6.27
LSP003860,CAM0031,2025-05-08,2025-05-08T21:34:00,FACTUAL,peak,10,289.83,295.3,28.43,8.4
LSP003861,CAM0003,2025-11-29,2025-11-29T18:42:00,MOVIES,pre-peak,60,699.24,671.79,24.09,16.18
LSP003862,CAM0013,2025-09-16,2025-09-16T21:04:00,CATCHUP,peak,20,244.38,235.79,31.87,7.51
LSP003863,CAM0021,2025-09-18,2025-09-18T23:03:00,EXTRA,post-peak,40,274.4,270.98,15.62,4.23
LSP003864,CAM0016,2025-04-16,2025-04-16T21:36:00,EXTRA,peak,20,275.49,272.39,25.63,6.98
LSP003865,CAM0021,2025-08-20,2025-08-20T08:04:00,FACTUAL,breakfast,60,710.47,708.79,11.71,8.3
LSP003866,CAM0041,2025-03-10,2025-03-10T18:34:00,CATCHUP,pre-peak,10,667.92,650.08,20.69,13.45
LSP003867,CAM0044,2025-03-16,2025-03-16T18:24:00,MAIN,pre-peak,40,444.0,453.69,25.15,11.41
LSP003868,CAM0045,2025-09-19,2025-09-19T23:24:00,CATCHUP,post-peak,30,768.94,763.89,20.44,15.61
LSP003869,CAM0058,2025-04-21,2025-04-21T20:01:00,EXTRA,peak,40,467.38,459.12,29.28,13.44
LSP003870,CAM0029,2025-12-22,2025-12-22T12:33:00,MAIN,daytime,30,793.16,769.23,9.66,7.43
LSP003871,CAM0012,2025-10-20,2025-10-20T23:05:00,EXTRA,post-peak,40,217.19,220.62,20.94,4.62
LSP003872,CAM0049,2025-07-20,2025-07-20T12:15:00,CATCHUP,daytime,30,700.66,700.76,7.65,5.36
LSP003873,CAM0024,2025-05-23,2025-05-23T08:34:00,CATCHUP,breakfast,20,288.72,297.68,14.41,4.29
LSP003874,CAM0006,2025-05-14,2025-05-14T21:03:00,EXTRA,peak,30,351.75,322.59,24.06,7.76
LSP003875,CAM0010,2025-08-09,2025-08-09T20:20:00,FACTUAL,peak,60,509.28,507.11,32.57,16.52
LSP003876,CAM0035,2025-07-14,2025-07-14T16:06:00,MOVIES,daytime,60,644.9,641.63,6.84,4.39
LSP003877,CAM0013,2025-03-17,2025-03-17T21:50:00,FACTUAL,peak,10,443.38,444.8,33.79,15.03
LSP003878,CAM0021,2025-07-17,2025-07-17T16:40:00,EXTRA,daytime,30,378.69,384.15,10.94,4.2
LSP003879,CAM0035,2025-03-31,2025-03-31T12:36:00,EXTRA,daytime,60,321.13,321.66,10.75,3.46
LSP003880,CAM0041,2025-05-29,2025-05-29T18:59:00,EXTRA,pre-peak,30,207.0,202.76,26.52,5.38
LSP003881,CAM0019,2025-07-18,2025-07-18T08:30:00,EXTRA,breakfast,40,345.6,345.99,8.1,2.8
LSP003882,CAM0014,2025-12-25,2025-12-25T23:19:00,CATCHUP,post-peak,10,436.68,446.56,19.34,8.64
LSP003883,CAM0019,2025-10-20,2025-10-20T08:05:00,MOVIES,breakfast,60,799.05,808.77,9.56,7.73
LSP003884,CAM0044,2025-01-18,2025-01-18T14:06:00,MAIN,daytime,40,763.06,757.69,10.61,8.04
LSP003885,CAM0028,2025-04-02,2025-04-02T23:09:00,CATCHUP,post-peak,30,322.12,311.1,20.0,6.22
LSP003886,CAM0035,2025-11-22,2025-11-22T16:39:00,MOVIES,daytime,20,172.13,166.29,11.03,1.83
LSP003887,CAM0041,2025-01-01,2025-01-01T20:33:00,MOVIES,peak,10,77.29,78.99,31.72,2.51
LSP003888,CAM0048,2025-12-04,2025-12-04T21:11:00,MOVIES,peak,10,272.15,275.14,27.75,7.64
LSP003889,CAM0040,2025-12-04,2025-12-04T16:32:00,CATCHUP,daytime,10,731.76,754.66,6.8,5.13
LSP003890,CAM0020,2025-05-23,2025-05-23T08:01:00,MOVIES,breakfast,30,519.86,511.04,14.91,7.62
LSP003891,CAM0056,2025-04-24,2025-04-24T21:09:00,MAIN,peak,30,311.86,322.12,25.56,8.23
LSP003892,CAM0058,2025-04-19,2025-04-19T21:36:00,EXTRA,peak,30,249.56,256.26,27.99,7.17
LSP003893,CAM0052,2025-02-04,2025-02-04T20:00:00,MOVIES,peak,60,178.65,171.85,25.17,4.33
LSP003894,CAM0043,2025-01-14,2025-01-14T23:40:00,MAIN,post-peak,60,369.24,361.93,16.72,6.05
LSP003895,CAM0015,2025-12-03,2025-12-03T12:07:00,MOVIES,daytime,60,110.43,112.73,8.14,0.92
LSP003896,CAM0048,2025-02-03,2025-02-03T12:58:00,CATCHUP,daytime,40,174.38,175.48,6.94,1.22
LSP003897,CAM0053,2025-04-03,2025-04-03T20:42:00,CATCHUP,peak,10,317.4,305.91,29.62,9.06
LSP003898,CAM0044,2025-07-01,2025-07-01T10:54:00,MOVIES,daytime,60,344.36,321.4,6.95,2.23
LSP003899,CAM0039,2025-08-09,2025-08-09T12:02:00,FACTUAL,daytime,60,92.78,96.39,6.82,0.66
LSP003900,CAM0048,2025-11-04,2025-11-04T08:56:00,CATCHUP,breakfast,30,228.96,237.46,13.25,3.15
LSP003901,CAM0024,2025-01-24,2025-01-24T21:10:00,MOVIES,peak,30,500.27,511.81,25.12,12.86
LSP003902,CAM0015,2025-09-16,2025-09-16T23:18:00,MAIN,post-peak,60,734.44,762.02,20.72,15.79
LSP003903,CAM0031,2025-11-25,2025-11-25T18:16:00,EXTRA,pre-peak,30,488.02,501.41,23.62,11.84
LSP003904,CAM0023,2025-09-26,2025-09-26T07:14:00,MAIN,breakfast,30,358.17,346.59,11.9,4.12
LSP003905,CAM0042,2025-05-06,2025-05-06T21:37:00,MAIN,peak,30,289.49,270.36,31.8,8.6
LSP003906,CAM0018,2025-12-10,2025-12-10T20:31:00,MAIN,peak,30,488.41,473.48,23.63,11.19
LSP003907,CAM0014,2025-08-27,2025-08-27T20:06:00,MAIN,peak,30,88.99,87.26,29.44,2.57
LSP003908,CAM0015,2025-10-18,2025-10-18T10:04:00,MOVIES,daytime,10,413.32,420.4,6.18,2.6
LSP003909,CAM0046,2025-05-12,2025-05-12T16:33:00,CATCHUP,daytime,40,257.78,255.64,10.05,2.57
LSP003910,CAM0032,2025-04-17,2025-04-17T20:49:00,FACTUAL,peak,30,333.77,320.55,23.76,7.62
LSP003911,CAM0026,2025-07-13,2025-07-13T21:49:00,FACTUAL,peak,60,711.23,688.67,22.09,15.21
LSP003912,CAM0007,2025-10-06,2025-10-06T07:27:00,CATCHUP,breakfast,30,208.03,205.63,14.0,2.88
LSP003913,CAM0051,2025-10-01,2025-10-01T20:37:00,FACTUAL,peak,10,279.6,285.72,23.52,6.72
LSP003914,CAM0002,2025-03-12,2025-03-12T18:49:00,FACTUAL,pre-peak,30,780.71,792.57,22.31,17.68
LSP003915,CAM0036,2025-05-29,2025-05-29T23:59:00,MAIN,post-peak,20,549.83,536.47,17.76,9.53
LSP003916,CAM0005,2025-08-24,2025-08-24T16:16:00,CATCHUP,daytime,10,236.37,234.2,7.61,1.78
LSP003917,CAM0040,2025-09-21,2025-09-21T14:39:00,EXTRA,daytime,10,206.89,214.8,7.44,1.6
LSP003918,CAM0024,2025-03-11,2025-03-11T21:56:00,MOVIES,peak,10,441.44,435.99,24.35,10.62
LSP003919,CAM0052,2025-10-14,2025-10-14T21:56:00,EXTRA,peak,30,578.61,416.7,30.05,12.52
LSP003920,CAM0039,2025-09-08,2025-09-08T21:19:00,MOVIES,peak,30,254.25,257.75,30.5,7.86
LSP003921,CAM0055,2025-08-26,2025-08-26T07:48:00,CATCHUP,breakfast,30,79.89,79.63,8.47,0.67
LSP003922,CAM0020,2025-07-06,2025-07-06T21:24:00,FACTUAL,peak,30,409.46,413.05,23.22,9.59
LSP003923,CAM0003,2025-12-06,2025-12-06T12:43:00,FACTUAL,daytime,10,307.34,317.1,9.25,2.93
LSP003924,CAM0055,2025-10-25,2025-10-25T10:03:00,CATCHUP,daytime,60,609.36,590.32,10.05,5.93
LSP003925,CAM0057,2025-06-10,2025-06-10T18:40:00,FACTUAL,pre-peak,20,73.77,76.2,26.05,1.99
LSP003926,CAM0058,2025-12-17,2025-12-17T20:50:00,CATCHUP,peak,30,546.32,554.07,27.52,15.25
LSP003927,CAM0037,2025-10-29,2025-10-29T10:20:00,CATCHUP,daytime,30,185.78,182.93,6.42,1.17
LSP003928,CAM0003,2025-05-16,2025-05-16T20:21:00,MOVIES,peak,30,737.9,763.46,23.43,17.89
LSP003929,CAM0010,2025-07-17,2025-07-17T16:30:00,EXTRA,daytime,30,673.94,654.72,10.62,6.95
LSP003930,CAM0054,2025-03-02,2025-03-02T12:31:00,CATCHUP,daytime,30,531.0,525.35,9.89,5.2
LSP003931,CAM0017,2025-10-23,2025-10-23T23:37:00,MAIN,post-peak,30,709.39,586.78,14.8,8.68
LSP003932,CAM0045,2025-06-28,2025-06-28T20:35:00,FACTUAL,peak,30,194.98,188.14,32.33,6.08
LSP003933,CAM0014,2025-08-22,2025-08-22T23:13:00,MAIN,post-peak,30,290.65,301.6,14.17,4.27
LSP003934,CAM0053,2025-03-05,2025-03-05T18:39:00,FACTUAL,pre-peak,30,460.58,445.67,25.5,11.36
LSP003935,CAM0001,2025-01-03,2025-01-03T08:46:00,FACTUAL,breakfast,10,638.26,615.03,9.67,5.95
LSP003936,CAM0056,2025-03-04,2025-03-04T08:27:00,FACTUAL,breakfast,60,80.26,80.95,9.11,0.74
LSP003937,CAM0027,2025-09-26,2025-09-26T21:11:00,CATCHUP,peak,30,546.29,559.05,24.0,13.42
LSP003938,CAM0014,2025-05-17,2025-05-17T14:37:00,MOVIES,daytime,30,667.12,688.26,8.25,5.68
LSP003939,CAM0052,2025-11-25,2025-11-25T23:30:00,EXTRA,post-peak,60,358.29,369.1,21.93,8.09
LSP003940,CAM0029,2025-07-07,2025-07-07T20:53:00,MOVIES,peak,60,470.22,476.5,31.45,14.99
LSP003941,CAM0043,2025-09-05,2025-09-05T23:58:00,MAIN,post-peak,60,575.64,579.65,19.57,11.34
LSP003942,CAM0023,2025-11-28,2025-11-28T21:03:00,MOVIES,peak,40,654.94,657.99,24.54,16.15
LSP003943,CAM0026,2025-01-02,2025-01-02T21:06:00,MOVIES,peak,30,746.29,731.79,34.52,25.26
LSP003944,CAM0011,2025-06-29,2025-06-29T18:50:00,MAIN,pre-peak,10,270.14,261.49,24.82,6.49
LSP003945,CAM0055,2025-09-11,2025-09-11T18:09:00,MOVIES,pre-peak,60,799.75,831.14,26.81,22.28
LSP003946,CAM0037,2025-12-28,2025-12-28T21:29:00,MAIN,peak,30,372.48,367.29,27.34,10.04
LSP003947,CAM0051,2025-06-01,2025-06-01T12:44:00,MOVIES,daytime,20,477.1,458.91,7.76,3.56
LSP003948,CAM0033,2025-10-08,2025-10-08T20:31:00,MOVIES,peak,30,348.23,338.98,33.49,11.35
LSP003949,CAM0003,2025-03-15,2025-03-15T21:19:00,EXTRA,peak,10,347.2,339.76,22.87,7.77
LSP003950,CAM0033,2025-06-08,2025-06-08T23:17:00,MOVIES,post-peak,20,301.6,296.36,20.46,6.06
LSP003951,CAM0058,2025-09-20,2025-09-20T12:41:00,MAIN,daytime,40,203.12,201.35,11.45,2.31
LSP003952,CAM0021,2025-12-30,2025-12-30T21:22:00,MAIN,peak,40,659.86,636.88,25.35,16.14
LSP003953,CAM0045,2025-11-16,2025-11-16T21:30:00,EXTRA,peak,10,698.85,713.99,22.72,16.22
LSP003954,CAM0053,2025-12-31,2025-12-31T18:28:00,MOVIES,pre-peak,30,777.61,746.77,20.34,15.19
LSP003955,CAM0041,2025-04-02,2025-04-02T14:40:00,MAIN,daytime,40,696.83,684.43,8.01,5.48
LSP003956,CAM0045,2025-03-27,2025-03-27T23:32:00,MOVIES,post-peak,10,399.77,395.47,21.12,8.35
LSP003957,CAM0016,2025-09-23,2025-09-23T07:21:00,MOVIES,breakfast,20,190.09,194.28,11.11,2.16
LSP003958,CAM0036,2025-12-01,2025-12-01T20:18:00,FACTUAL,peak,30,674.12,653.1,23.55,15.38
LSP003959,CAM0029,2025-01-06,2025-01-06T23:22:00,FACTUAL,post-peak,30,56.3,54.75,21.57,1.18
LSP003960,CAM0003,2025-10-15,2025-10-15T18:31:00,FACTUAL,pre-peak,30,119.46,117.97,24.74,2.92
LSP003961,CAM0038,2025-12-24,2025-12-24T20:27:00,EXTRA,peak,30,470.99,485.09,25.2,12.22
LSP003962,CAM0028,2025-01-13,2025-01-13T07:41:00,EXTRA,breakfast,30,549.13,531.0,13.6,7.22
LSP003963,CAM0038,2025-08-17,2025-08-17T21:23:00,MAIN,peak,60,488.77,489.59,29.64,14.51
LSP003964,CAM0014,2025-02-04,2025-02-04T21:11:00,MOVIES,peak,60,198.41,194.46,33.29,6.47
LSP003965,CAM0034,2025-11-27,2025-11-27T07:04:00,CATCHUP,breakfast,30,367.33,358.44,9.88,3.54
LSP003966,CAM0049,2025-02-15,2025-02-15T18:43:00,MOVIES,pre-peak,10,289.88,296.94,22.32,6.63
LSP003967,CAM0022,2025-05-08,2025-05-08T10:09:00,EXTRA,daytime,60,556.36,573.22,8.7,4.99
LSP003968,CAM0048,2025-12-13,2025-12-13T20:00:00,MAIN,peak,30,446.02,448.98,27.76,12.46
LSP003969,CAM0040,2025-10-13,2025-10-13T20:02:00,CATCHUP,peak,30,709.79,695.38,31.98,22.24
LSP003970,CAM0020,2025-10-11,2025-10-11T20:58:00,MAIN,peak,60,151.82,147.08,31.8,4.68
LSP003971,CAM0039,2025-05-08,2025-05-08T07:00:00,CATCHUP,breakfast,60,63.59,65.15,12.26,0.8
LSP003972,CAM0001,2025-06-18,2025-06-18T21:58:00,CATCHUP,peak,10,459.88,448.57,25.67,11.51
LSP003973,CAM0054,2025-01-13,2025-01-13T16:02:00,CATCHUP,daytime,60,605.81,624.87,8.03,5.02
LSP003974,CAM0046,2025-04-24,2025-04-24T16:41:00,CATCHUP,daytime,40,667.7,683.83,9.54,6.52
LSP003975,CAM0041,2025-04-05,2025-04-05T23:49:00,EXTRA,post-peak,10,122.91,123.58,17.34,2.14
LSP003976,CAM0057,2025-03-12,2025-03-12T23:04:00,EXTRA,post-peak,30,729.29,748.51,20.21,15.13
LSP003977,CAM0010,2025-09-16,2025-09-16T10:45:00,FACTUAL,daytime,30,442.76,452.58,6.31,2.86
LSP003978,CAM0053,2025-05-17,2025-05-17T20:52:00,CATCHUP,peak,60,679.4,689.74,26.17,18.05
LSP003979,CAM0005,2025-03-30,2025-03-30T18:55:00,CATCHUP,pre-peak,20,50.37,51.27,20.6,1.06
LSP003980,CAM0028,2025-07-09,2025-07-09T18:43:00,FACTUAL,pre-peak,30,586.58,598.73,21.91,13.12
LSP003981,CAM0032,2025-09-20,2025-09-20T20:13:00,MAIN,peak,30,784.98,806.92,25.94,20.93
LSP003982,CAM0033,2025-10-19,2025-10-19T20:25:00,FACTUAL,peak,40,125.32,120.7,27.01,3.26
LSP003983,CAM0057,2025-12-28,2025-12-28T23:56:00,FACTUAL,post-peak,20,645.73,626.47,15.81,9.9
LSP003984,CAM0031,2025-03-17,2025-03-17T23:57:00,CATCHUP,post-peak,30,339.16,330.65,14.79,4.89
LSP003985,CAM0014,2025-12-09,2025-12-09T21:23:00,FACTUAL,peak,30,238.47,231.19,31.7,7.33
LSP003986,CAM0045,2025-06-15,2025-06-15T21:12:00,CATCHUP,peak,20,284.22,284.63,26.8,7.63
LSP003987,CAM0041,2025-05-23,2025-05-23T21:43:00,MOVIES,peak,30,447.8,463.13,23.62,10.94
LSP003988,CAM0012,2025-01-08,2025-01-08T18:24:00,FACTUAL,pre-peak,30,509.92,516.62,23.98,12.39
LSP003989,CAM0052,2025-03-14,2025-03-14T23:27:00,EXTRA,post-peak,20,229.99,222.32,15.39,3.42
LSP003990,CAM0022,2025-04-29,2025-04-29T23:07:00,CATCHUP,post-peak,20,509.77,520.07,16.76,8.72
LSP003991,CAM0022,2025-11-22,2025-11-22T23:53:00,CATCHUP,post-peak,60,611.3,594.72,21.7,12.91
LSP003992,CAM0053,2025-03-10,2025-03-10T23:01:00,MAIN,post-peak,60,390.76,405.55,17.36,7.04
LSP003993,CAM0037,2025-06-01,2025-06-01T18:58:00,MAIN,pre-peak,20,611.68,615.17,20.67,12.72
LSP003994,CAM0015,2025-07-06,2025-07-06T20:17:00,MAIN,peak,60,531.9,537.06,22.4,12.03
LSP003995,CAM0014,2025-04-06,2025-04-06T23:47:00,MAIN,post-peak,60,446.44,455.31,21.73,9.89
LSP003996,CAM0055,2025-10-21,2025-10-21T20:56:00,MOVIES,peak,30,529.8,519.5,28.27,14.69
LSP003997,CAM0041,2025-03-11,2025-03-11T21:45:00,MAIN,peak,10,546.4,524.61,25.0,13.12
LSP003998,CAM0017,2025-05-07,2025-05-07T21:54:00,CATCHUP,peak,20,345.71,349.65,27.81,9.72
LSP003999,CAM0046,2025-09-01,2025-09-01T21:48:00,FACTUAL,peak,40,216.27,220.54,25.67,5.66
LSP004000,CAM0009,2025-06-16,2025-06-16T12:14:00,CATCHUP,daytime,20,150.45,155.08,8.96,1.39
