broadcast_date,broadcast_hour,channel_id,programme_id,demographic_id,viewers_thousands,tvr_pct,_loaded_at
2025-01-01,15,MOVIES,P022,D006,144.9,0.23,2025-12-31T23:59:00
2025-01-01,14,MOVIES,P021,D014,69.3,0.11,2025-12-31T23:59:00
2025-01-01,6,MOVIES,P007,D010,233.1,0.37,2025-12-31T23:59:00
2025-01-01,20,MOVIES,P016,D011,957.6,1.52,2025-12-31T23:59:00
2025-01-01,16,MOVIES,P015,D003,69.3,0.11,2025-12-31T23:59:00
2025-01-01,23,MOVIES,P011,D012,81.9,0.13,2025-12-31T23:59:00
2025-01-01,13,MOVIES,P004,D005,239.4,0.38,2025-12-31T23:59:00
2025-01-01,17,MOVIES,P019,D012,75.6,0.12,2025-12-31T23:59:00
2025-01-01,18,MOVIES,P021,D002,144.9,0.23,2025-12-31T23:59:00
2025-01-01,10,MOVIES,P025,D002,75.6,0.12,2025-12-31T23:59:00
2025-01-01,7,MOVIES,P022,D002,151.2,0.24,2025-12-31T23:59:00
2025-01-01,12,MOVIES,P026,D002,88.2,0.14,2025-12-31T23:59:00
2025-01-01,11,MOVIES,P024,D011,94.5,0.15,2025-12-31T23:59:00
2025-01-01,21,MOVIES,P010,D007,1228.5,1.95,2025-12-31T23:59:00
2025-01-01,23,BBC2,P051,D008,1146.6,1.82,2025-12-31T23:59:00
2025-01-01,11,BBC2,P009,D006,1089.9,1.73,2025-12-31T23:59:00
2025-01-01,21,BBC2,P036,D004,2412.9,3.83,2025-12-31T23:59:00
2025-01-01,8,BBC2,P017,D004,667.8,1.06,2025-12-31T23:59:00
2025-01-01,6,BBC2,P047,D001,850.5,1.35,2025-12-31T23:59:00
2025-01-01,13,BBC2,P051,D001,630.0,1.0,2025-12-31T23:59:00
2025-01-01,20,BBC2,P009,D012,3578.4,5.68,2025-12-31T23:59:00
2025-01-01,10,BBC2,P030,D011,869.4,1.38,2025-12-31T23:59:00
2025-01-01,7,BBC2,P037,D008,768.6,1.22,2025-12-31T23:59:00
2025-01-01,17,FACTUAL,P005,D002,182.7,0.29,2025-12-31T23:59:00
2025-01-01,19,FACTUAL,P001,D015,812.7,1.29,2025-12-31T23:59:00
2025-01-01,9,FACTUAL,P010,D003,264.6,0.42,2025-12-31T23:59:00
2025-01-01,23,FACTUAL,P006,D007,100.8,0.16,2025-12-31T23:59:00
2025-01-01,14,FACTUAL,P007,D010,308.7,0.49,2025-12-31T23:59:00
2025-01-01,6,FACTUAL,P024,D002,302.4,0.48,2025-12-31T23:59:00
2025-01-01,12,FACTUAL,P029,D007,176.4,0.28,2025-12-31T23:59:00
2025-01-01,7,FACTUAL,P026,D012,258.3,0.41,2025-12-31T23:59:00
2025-01-01,13,FACTUAL,P012,D011,214.2,0.34,2025-12-31T23:59:00
2025-01-01,21,FACTUAL,P005,D001,919.8,1.46,2025-12-31T23:59:00
2025-01-01,22,FACTUAL,P004,D007,283.5,0.45,2025-12-31T23:59:00
2025-01-01,18,FACTUAL,P005,D010,69.3,0.11,2025-12-31T23:59:00
2025-01-01,7,SKYONE,P006,D003,201.6,0.32,2025-12-31T23:59:00
2025-01-01,20,SKYONE,P043,D013,907.2,1.44,2025-12-31T23:59:00
2025-01-01,18,SKYONE,P012,D009,126.0,0.2,2025-12-31T23:59:00
2025-01-01,10,SKYONE,P064,D011,226.8,0.36,2025-12-31T23:59:00
2025-01-01,12,SKYONE,P034,D011,144.9,0.23,2025-12-31T23:59:00
2025-01-01,14,SKYONE,P030,D016,214.2,0.34,2025-12-31T23:59:00
2025-01-01,15,SKYONE,P020,D002,283.5,0.45,2025-12-31T23:59:00
2025-01-01,8,SKYONE,P050,D010,195.3,0.31,2025-12-31T23:59:00
2025-01-01,19,SKYONE,P044,D002,888.3,1.41,2025-12-31T23:59:00
2025-01-01,16,SKYONE,P032,D013,69.3,0.11,2025-12-31T23:59:00
2025-01-01,20,EXTRA,P027,D009,1619.1,2.57,2025-12-31T23:59:00
2025-01-01,9,EXTRA,P005,D010,289.8,0.46,2025-12-31T23:59:00
2025-01-01,12,EXTRA,P010,D002,434.7,0.69,2025-12-31T23:59:00
2025-01-01,6,EXTRA,P005,D007,478.8,0.76,2025-12-31T23:59:00
2025-01-01,21,EXTRA,P001,D008,2148.3,3.41,2025-12-31T23:59:00
2025-01-01,7,EXTRA,P008,D005,296.1,0.47,2025-12-31T23:59:00
2025-01-01,19,EXTRA,P016,D011,1341.9,2.13,2025-12-31T23:59:00
2025-01-01,16,EXTRA,P029,D013,315.0,0.5,2025-12-31T23:59:00
2025-01-01,18,EXTRA,P021,D005,226.8,0.36,2025-12-31T23:59:00
2025-01-01,11,EXTRA,P012,D016,529.2,0.84,2025-12-31T23:59:00
2025-01-01,8,EXTRA,P025,D012,459.9,0.73,2025-12-31T23:59:00
2025-01-01,15,EXTRA,P024,D008,516.6,0.82,2025-12-31T23:59:00
2025-01-01,14,EXTRA,P004,D016,630.0,1.0,2025-12-31T23:59:00
2025-01-01,23,CHAN5,P019,D003,560.7,0.89,2025-12-31T23:59:00
2025-01-01,18,CHAN5,P051,D013,1115.1,1.77,2025-12-31T23:59:00
2025-01-01,17,CHAN5,P064,D012,900.9,1.43,2025-12-31T23:59:00
2025-01-01,10,CHAN5,P020,D004,346.5,0.55,2025-12-31T23:59:00
2025-01-01,20,CHAN5,P011,D012,1581.3,2.51,2025-12-31T23:59:00
2025-01-01,11,CHAN5,P057,D007,1152.9,1.83,2025-12-31T23:59:00
2025-01-01,9,CHAN5,P046,D002,1228.5,1.95,2025-12-31T23:59:00
2025-01-01,6,CHAN5,P005,D010,371.7,0.59,2025-12-31T23:59:00
2025-01-01,10,CATCHUP,P019,D006,119.7,0.19,2025-12-31T23:59:00
2025-01-01,17,CATCHUP,P030,D003,163.8,0.26,2025-12-31T23:59:00
2025-01-01,22,CATCHUP,P026,D016,63.0,0.1,2025-12-31T23:59:00
2025-01-01,13,CATCHUP,P021,D014,50.4,0.08,2025-12-31T23:59:00
2025-01-01,19,CATCHUP,P001,D010,422.1,0.67,2025-12-31T23:59:00
2025-01-01,8,CATCHUP,P001,D002,138.6,0.22,2025-12-31T23:59:00
2025-01-01,11,CATCHUP,P012,D006,44.1,0.07,2025-12-31T23:59:00
2025-01-01,16,CATCHUP,P013,D002,151.2,0.24,2025-12-31T23:59:00
2025-01-01,7,CATCHUP,P001,D012,88.2,0.14,2025-12-31T23:59:00
2025-01-01,21,CATCHUP,P004,D014,579.6,0.92,2025-12-31T23:59:00
2025-01-01,6,ITV2,P001,D002,472.5,0.75,2025-12-31T23:59:00
2025-01-01,23,ITV2,P061,D005,422.1,0.67,2025-12-31T23:59:00
2025-01-01,13,ITV2,P048,D014,661.5,1.05,2025-12-31T23:59:00
2025-01-01,20,ITV2,P024,D015,3068.1,4.87,2025-12-31T23:59:00
2025-01-01,11,ITV2,P007,D006,233.1,0.37,2025-12-31T23:59:00
2025-01-01,8,ITV2,P031,D015,743.4,1.18,2025-12-31T23:59:00
2025-01-01,16,ITV2,P009,D007,516.6,0.82,2025-12-31T23:59:00
2025-01-01,18,ITV2,P033,D011,541.8,0.86,2025-12-31T23:59:00
2025-01-01,14,ITV2,P015,D012,459.9,0.73,2025-12-31T23:59:00
2025-01-01,17,ITV2,P058,D009,718.2,1.14,2025-12-31T23:59:00
2025-01-01,19,ITV2,P022,D007,2186.1,3.47,2025-12-31T23:59:00
2025-01-01,10,ITV2,P017,D013,648.9,1.03,2025-12-31T23:59:00
2025-01-01,9,ITV2,P009,D004,535.5,0.85,2025-12-31T23:59:00
2025-01-01,7,ITV2,P060,D002,434.7,0.69,2025-12-31T23:59:00
2025-01-08,13,EXTRA,P008,D013,189.0,0.3,2025-12-31T23:59:00
2025-01-08,11,EXTRA,P030,D009,390.6,0.62,2025-12-31T23:59:00
2025-01-08,18,EXTRA,P024,D011,598.5,0.95,2025-12-31T23:59:00
2025-01-08,20,EXTRA,P009,D007,1108.8,1.76,2025-12-31T23:59:00
2025-01-08,10,EXTRA,P021,D012,283.5,0.45,2025-12-31T23:59:00
2025-01-08,15,EXTRA,P030,D007,245.7,0.39,2025-12-31T23:59:00
2025-01-08,14,EXTRA,P001,D002,623.7,0.99,2025-12-31T23:59:00
2025-01-08,22,EXTRA,P023,D013,226.8,0.36,2025-12-31T23:59:00
2025-01-08,21,EXTRA,P002,D014,1134.0,1.8,2025-12-31T23:59:00
2025-01-08,16,ITV2,P031,D008,623.7,0.99,2025-12-31T23:59:00
2025-01-08,21,ITV2,P021,D011,2129.4,3.38,2025-12-31T23:59:00
2025-01-08,13,ITV2,P012,D009,705.6,1.12,2025-12-31T23:59:00
2025-01-08,18,ITV2,P039,D001,554.4,0.88,2025-12-31T23:59:00
2025-01-08,9,ITV2,P034,D008,630.0,1.0,2025-12-31T23:59:00
2025-01-08,22,ITV2,P024,D014,630.0,1.0,2025-12-31T23:59:00
2025-01-08,6,ITV2,P056,D001,504.0,0.8,2025-12-31T23:59:00
2025-01-08,19,ITV2,P054,D013,3011.4,4.78,2025-12-31T23:59:00
2025-01-08,20,ITV2,P044,D008,2034.9,3.23,2025-12-31T23:59:00
2025-01-08,11,ITV2,P042,D005,510.3,0.81,2025-12-31T23:59:00
2025-01-08,14,ITV2,P034,D004,554.4,0.88,2025-12-31T23:59:00
2025-01-08,17,ITV2,P031,D003,333.9,0.53,2025-12-31T23:59:00
2025-01-08,7,ITV2,P030,D003,220.5,0.35,2025-12-31T23:59:00
2025-01-08,10,ITV2,P046,D008,283.5,0.45,2025-12-31T23:59:00
2025-01-08,14,CHAN5,P028,D010,781.2,1.24,2025-12-31T23:59:00
2025-01-08,18,CHAN5,P047,D016,674.1,1.07,2025-12-31T23:59:00
2025-01-08,23,CHAN5,P050,D016,378.0,0.6,2025-12-31T23:59:00
2025-01-08,22,CHAN5,P035,D016,636.3,1.01,2025-12-31T23:59:00
2025-01-08,11,CHAN5,P038,D011,592.2,0.94,2025-12-31T23:59:00
2025-01-08,19,CHAN5,P029,D010,3118.5,4.95,2025-12-31T23:59:00
2025-01-08,9,CHAN5,P024,D008,1039.5,1.65,2025-12-31T23:59:00
2025-01-08,15,CHAN5,P044,D008,579.6,0.92,2025-12-31T23:59:00
2025-01-08,14,FACTUAL,P013,D014,94.5,0.15,2025-12-31T23:59:00
2025-01-08,8,FACTUAL,P003,D007,81.9,0.13,2025-12-31T23:59:00
2025-01-08,13,FACTUAL,P016,D005,201.6,0.32,2025-12-31T23:59:00
2025-01-08,16,FACTUAL,P019,D013,113.4,0.18,2025-12-31T23:59:00
2025-01-08,15,FACTUAL,P003,D003,245.7,0.39,2025-12-31T23:59:00
2025-01-08,12,FACTUAL,P028,D007,220.5,0.35,2025-12-31T23:59:00
2025-01-08,22,FACTUAL,P020,D015,283.5,0.45,2025-12-31T23:59:00
2025-01-08,19,FACTUAL,P004,D003,737.1,1.17,2025-12-31T23:59:00
2025-01-08,6,SKYONE,P031,D006,289.8,0.46,2025-12-31T23:59:00
2025-01-08,12,SKYONE,P063,D001,220.5,0.35,2025-12-31T23:59:00
2025-01-08,7,SKYONE,P041,D004,138.6,0.22,2025-12-31T23:59:00
2025-01-08,9,SKYONE,P003,D008,239.4,0.38,2025-12-31T23:59:00
2025-01-08,23,SKYONE,P056,D016,315.0,0.5,2025-12-31T23:59:00
2025-01-08,22,SKYONE,P021,D001,182.7,0.29,2025-12-31T23:59:00
2025-01-08,19,SKYONE,P044,D001,415.8,0.66,2025-12-31T23:59:00
2025-01-08,18,SKYONE,P045,D006,264.6,0.42,2025-12-31T23:59:00
2025-01-08,16,SKYONE,P032,D004,201.6,0.32,2025-12-31T23:59:00
2025-01-08,17,SKYONE,P052,D012,245.7,0.39,2025-12-31T23:59:00
2025-01-08,19,MOVIES,P017,D009,1008.0,1.6,2025-12-31T23:59:00
2025-01-08,17,MOVIES,P030,D014,126.0,0.2,2025-12-31T23:59:00
2025-01-08,12,MOVIES,P003,D007,81.9,0.13,2025-12-31T23:59:00
2025-01-08,13,MOVIES,P027,D015,220.5,0.35,2025-12-31T23:59:00
2025-01-08,11,MOVIES,P029,D012,94.5,0.15,2025-12-31T23:59:00
2025-01-08,14,MOVIES,P006,D013,176.4,0.28,2025-12-31T23:59:00
2025-01-08,20,MOVIES,P012,D003,630.0,1.0,2025-12-31T23:59:00
2025-01-08,6,MOVIES,P012,D013,195.3,0.31,2025-12-31T23:59:00
2025-01-08,7,BBC2,P048,D009,1026.9,1.63,2025-12-31T23:59:00
2025-01-08,20,BBC2,P037,D014,3156.3,5.01,2025-12-31T23:59:00
2025-01-08,16,BBC2,P046,D009,497.7,0.79,2025-12-31T23:59:00
2025-01-08,18,BBC2,P041,D012,913.5,1.45,2025-12-31T23:59:00
2025-01-08,9,BBC2,P009,D015,762.3,1.21,2025-12-31T23:59:00
2025-01-08,23,BBC2,P060,D009,630.0,1.0,2025-12-31T23:59:00
2025-01-08,14,BBC2,P011,D012,957.6,1.52,2025-12-31T23:59:00
2025-01-08,11,BBC2,P008,D003,863.1,1.37,2025-12-31T23:59:00
2025-01-08,10,BBC1,P001,D003,1549.8,2.46,2025-12-31T23:59:00
2025-01-08,8,BBC1,P042,D007,1726.2,2.74,2025-12-31T23:59:00
2025-01-08,18,BBC1,P038,D004,1285.2,2.04,2025-12-31T23:59:00
2025-01-08,22,BBC1,P029,D015,3723.3,5.91,2025-12-31T23:59:00
2025-01-08,15,BBC1,P016,D006,3660.3,5.81,2025-12-31T23:59:00
2025-01-08,14,BBC1,P031,D013,3093.3,4.91,2025-12-31T23:59:00
2025-01-08,6,BBC1,P047,D008,2860.2,4.54,2025-12-31T23:59:00
2025-01-08,12,BBC1,P027,D010,3515.4,5.58,2025-12-31T23:59:00
2025-01-15,21,SKYONE,P061,D007,333.9,0.53,2025-12-31T23:59:00
2025-01-15,15,SKYONE,P033,D005,245.7,0.39,2025-12-31T23:59:00
2025-01-15,11,SKYONE,P026,D015,296.1,0.47,2025-12-31T23:59:00
2025-01-15,8,SKYONE,P032,D006,126.0,0.2,2025-12-31T23:59:00
2025-01-15,9,SKYONE,P025,D003,201.6,0.32,2025-12-31T23:59:00
2025-01-15,7,SKYONE,P047,D014,189.0,0.3,2025-12-31T23:59:00
2025-01-15,19,SKYONE,P019,D012,894.6,1.42,2025-12-31T23:59:00
2025-01-15,22,SKYONE,P008,D004,195.3,0.31,2025-12-31T23:59:00
2025-01-15,18,SKYONE,P040,D012,151.2,0.24,2025-12-31T23:59:00
2025-01-15,23,SKYONE,P036,D003,226.8,0.36,2025-12-31T23:59:00
2025-01-15,16,SKYONE,P032,D014,100.8,0.16,2025-12-31T23:59:00
2025-01-15,16,SKYATL,P021,D002,138.6,0.22,2025-12-31T23:59:00
2025-01-15,15,SKYATL,P043,D009,189.0,0.3,2025-12-31T23:59:00
2025-01-15,20,SKYATL,P020,D001,403.2,0.64,2025-12-31T23:59:00
2025-01-15,10,SKYATL,P005,D004,132.3,0.21,2025-12-31T23:59:00
2025-01-15,17,SKYATL,P001,D004,176.4,0.28,2025-12-31T23:59:00
2025-01-15,19,SKYATL,P053,D008,705.6,1.12,2025-12-31T23:59:00
2025-01-15,22,SKYATL,P053,D011,63.0,0.1,2025-12-31T23:59:00
2025-01-15,23,SKYATL,P010,D006,233.1,0.37,2025-12-31T23:59:00
2025-01-15,12,SKYATL,P064,D012,119.7,0.19,2025-12-31T23:59:00
2025-01-15,11,SKYATL,P063,D006,107.1,0.17,2025-12-31T23:59:00
2025-01-15,13,SKYATL,P035,D005,214.2,0.34,2025-12-31T23:59:00
2025-01-15,21,SKYATL,P009,D004,617.4,0.98,2025-12-31T23:59:00
2025-01-15,6,SKYATL,P010,D002,81.9,0.13,2025-12-31T23:59:00
2025-01-15,9,BBC1,P013,D015,3761.1,5.97,2025-12-31T23:59:00
2025-01-15,11,BBC1,P015,D006,2324.7,3.69,2025-12-31T23:59:00
2025-01-15,13,BBC1,P034,D011,3402.0,5.4,2025-12-31T23:59:00
2025-01-15,20,BBC1,P007,D009,10458.0,16.6,2025-12-31T23:59:00
2025-01-15,12,BBC1,P065,D007,2822.4,4.48,2025-12-31T23:59:00
2025-01-15,16,BBC1,P047,D009,2816.1,4.47,2025-12-31T23:59:00
2025-01-15,7,BBC1,P011,D013,2192.4,3.48,2025-12-31T23:59:00
2025-01-15,19,BBC1,P017,D007,11497.5,18.25,2025-12-31T23:59:00
2025-01-15,23,BBC1,P024,D009,3194.1,5.07,2025-12-31T23:59:00
2025-01-15,10,BBC1,P049,D010,2482.2,3.94,2025-12-31T23:59:00
2025-01-15,6,BBC1,P034,D011,2627.1,4.17,2025-12-31T23:59:00
2025-01-15,15,BBC1,P012,D015,2104.2,3.34,2025-12-31T23:59:00
2025-01-15,18,BBC1,P055,D007,2973.6,4.72,2025-12-31T23:59:00
2025-01-15,21,CHAN5,P055,D011,3168.9,5.03,2025-12-31T23:59:00
2025-01-15,18,CHAN5,P013,D003,711.9,1.13,2025-12-31T23:59:00
2025-01-15,13,CHAN5,P048,D015,648.9,1.03,2025-12-31T23:59:00
2025-01-15,8,CHAN5,P017,D003,1096.2,1.74,2025-12-31T23:59:00
2025-01-15,14,CHAN5,P011,D013,1228.5,1.95,2025-12-31T23:59:00
2025-01-15,22,CHAN5,P017,D012,982.8,1.56,2025-12-31T23:59:00
2025-01-15,23,CHAN5,P044,D007,963.9,1.53,2025-12-31T23:59:00
2025-01-15,11,CHAN5,P057,D010,888.3,1.41,2025-12-31T23:59:00
2025-01-15,20,CHAN5,P057,D001,2299.5,3.65,2025-12-31T23:59:00
2025-01-15,9,CHAN5,P060,D012,1014.3,1.61,2025-12-31T23:59:00
2025-01-15,6,CHAN5,P028,D005,535.5,0.85,2025-12-31T23:59:00
2025-01-15,17,CHAN5,P010,D004,1209.6,1.92,2025-12-31T23:59:00
2025-01-15,20,BBC2,P018,D004,2419.2,3.84,2025-12-31T23:59:00
2025-01-15,8,BBC2,P042,D005,1152.9,1.83,2025-12-31T23:59:00
2025-01-15,15,BBC2,P064,D003,1152.9,1.83,2025-12-31T23:59:00
2025-01-15,10,BBC2,P050,D014,1033.2,1.64,2025-12-31T23:59:00
2025-01-15,17,BBC2,P009,D004,541.8,0.86,2025-12-31T23:59:00
2025-01-15,6,BBC2,P050,D001,1234.8,1.96,2025-12-31T23:59:00
2025-01-15,9,BBC2,P064,D002,837.9,1.33,2025-12-31T23:59:00
2025-01-15,19,BBC2,P059,D004,3446.1,5.47,2025-12-31T23:59:00
2025-01-15,18,BBC2,P024,D011,1096.2,1.74,2025-12-31T23:59:00
2025-01-15,14,BBC2,P033,D016,762.3,1.21,2025-12-31T23:59:00
2025-01-15,7,ITV2,P007,D012,422.1,0.67,2025-12-31T23:59:00
2025-01-15,22,ITV2,P005,D003,497.7,0.79,2025-12-31T23:59:00
2025-01-15,6,ITV2,P007,D001,195.3,0.31,2025-12-31T23:59:00
2025-01-15,21,ITV2,P009,D011,2702.7,4.29,2025-12-31T23:59:00
2025-01-15,17,ITV2,P039,D008,327.6,0.52,2025-12-31T23:59:00
2025-01-15,11,ITV2,P006,D007,333.9,0.53,2025-12-31T23:59:00
2025-01-15,23,ITV2,P019,D005,693.0,1.1,2025-12-31T23:59:00
2025-01-15,10,ITV2,P021,D004,730.8,1.16,2025-12-31T23:59:00
2025-01-15,12,ITV2,P030,D012,434.7,0.69,2025-12-31T23:59:00
2025-01-15,16,ITV2,P063,D012,724.5,1.15,2025-12-31T23:59:00
2025-01-15,8,ITV2,P061,D013,579.6,0.92,2025-12-31T23:59:00
2025-01-15,13,ITV2,P024,D009,201.6,0.32,2025-12-31T23:59:00
2025-01-15,20,ITV2,P023,D008,1606.5,2.55,2025-12-31T23:59:00
2025-01-15,12,FACTUAL,P005,D006,258.3,0.41,2025-12-31T23:59:00
2025-01-15,10,FACTUAL,P007,D008,157.5,0.25,2025-12-31T23:59:00
2025-01-15,15,FACTUAL,P004,D006,207.9,0.33,2025-12-31T23:59:00
2025-01-15,16,FACTUAL,P018,D016,283.5,0.45,2025-12-31T23:59:00
2025-01-15,20,FACTUAL,P007,D015,667.8,1.06,2025-12-31T23:59:00
2025-01-15,13,FACTUAL,P024,D002,264.6,0.42,2025-12-31T23:59:00
2025-01-15,23,FACTUAL,P003,D015,226.8,0.36,2025-12-31T23:59:00
2025-01-15,22,FACTUAL,P011,D013,94.5,0.15,2025-12-31T23:59:00
2025-01-15,6,MOVIES,P030,D011,176.4,0.28,2025-12-31T23:59:00
2025-01-15,16,MOVIES,P016,D006,182.7,0.29,2025-12-31T23:59:00
2025-01-15,9,MOVIES,P016,D002,170.1,0.27,2025-12-31T23:59:00
2025-01-15,15,MOVIES,P008,D012,252.0,0.4,2025-12-31T23:59:00
2025-01-15,11,MOVIES,P017,D004,100.8,0.16,2025-12-31T23:59:00
2025-01-15,13,MOVIES,P023,D003,195.3,0.31,2025-12-31T23:59:00
2025-01-15,12,MOVIES,P013,D016,195.3,0.31,2025-12-31T23:59:00
2025-01-15,22,MOVIES,P027,D013,207.9,0.33,2025-12-31T23:59:00
2025-01-15,7,MOVIES,P023,D005,252.0,0.4,2025-12-31T23:59:00
2025-01-15,20,MOVIES,P019,D011,604.8,0.96,2025-12-31T23:59:00
2025-01-15,8,MOVIES,P008,D007,63.0,0.1,2025-12-31T23:59:00
2025-01-15,10,MOVIES,P010,D009,151.2,0.24,2025-12-31T23:59:00
2025-01-15,14,MOVIES,P004,D007,151.2,0.24,2025-12-31T23:59:00
2025-01-15,19,MOVIES,P018,D015,409.5,0.65,2025-12-31T23:59:00
2025-01-22,13,BBC1,P024,D005,2967.3,4.71,2025-12-31T23:59:00
2025-01-22,14,BBC1,P032,D010,1694.7,2.69,2025-12-31T23:59:00
2025-01-22,11,BBC1,P058,D016,1455.3,2.31,2025-12-31T23:59:00
2025-01-22,9,BBC1,P052,D002,2646.0,4.2,2025-12-31T23:59:00
2025-01-22,8,BBC1,P042,D010,2835.0,4.5,2025-12-31T23:59:00
2025-01-22,22,BBC1,P060,D012,1959.3,3.11,2025-12-31T23:59:00
2025-01-22,18,BBC1,P027,D001,2192.4,3.48,2025-12-31T23:59:00
2025-01-22,7,BBC1,P057,D011,3458.7,5.49,2025-12-31T23:59:00
2025-01-22,21,BBC1,P022,D015,10010.7,15.89,2025-12-31T23:59:00
2025-01-22,23,BBC1,P043,D001,3244.5,5.15,2025-12-31T23:59:00
2025-01-22,8,FACTUAL,P012,D004,270.9,0.43,2025-12-31T23:59:00
2025-01-22,22,FACTUAL,P009,D001,277.2,0.44,2025-12-31T23:59:00
2025-01-22,23,FACTUAL,P017,D008,239.4,0.38,2025-12-31T23:59:00
2025-01-22,15,FACTUAL,P025,D012,296.1,0.47,2025-12-31T23:59:00
2025-01-22,7,FACTUAL,P018,D006,189.0,0.3,2025-12-31T23:59:00
2025-01-22,11,FACTUAL,P011,D015,182.7,0.29,2025-12-31T23:59:00
2025-01-22,14,FACTUAL,P013,D005,302.4,0.48,2025-12-31T23:59:00
2025-01-22,21,FACTUAL,P027,D013,926.1,1.47,2025-12-31T23:59:00
2025-01-22,19,FACTUAL,P020,D004,1020.6,1.62,2025-12-31T23:59:00
2025-01-22,10,FACTUAL,P026,D011,151.2,0.24,2025-12-31T23:59:00
2025-01-22,17,FACTUAL,P017,D005,157.5,0.25,2025-12-31T23:59:00
2025-01-22,18,FACTUAL,P019,D006,289.8,0.46,2025-12-31T23:59:00
2025-01-22,7,ITV2,P052,D007,245.7,0.39,2025-12-31T23:59:00
2025-01-22,6,ITV2,P012,D011,516.6,0.82,2025-12-31T23:59:00
2025-01-22,16,ITV2,P005,D010,598.5,0.95,2025-12-31T23:59:00
2025-01-22,20,ITV2,P044,D006,2973.6,4.72,2025-12-31T23:59:00
2025-01-22,11,ITV2,P033,D013,315.0,0.5,2025-12-31T23:59:00
2025-01-22,8,ITV2,P064,D011,573.3,0.91,2025-12-31T23:59:00
2025-01-22,13,ITV2,P044,D015,434.7,0.69,2025-12-31T23:59:00
2025-01-22,12,ITV2,P034,D005,201.6,0.32,2025-12-31T23:59:00
2025-01-22,17,ITV2,P022,D006,604.8,0.96,2025-12-31T23:59:00
2025-01-22,22,ITV2,P023,D006,207.9,0.33,2025-12-31T23:59:00
2025-01-22,13,BBC2,P036,D002,1215.9,1.93,2025-12-31T23:59:00
2025-01-22,21,BBC2,P065,D002,3874.5,6.15,2025-12-31T23:59:00
2025-01-22,23,BBC2,P007,D012,1026.9,1.63,2025-12-31T23:59:00
2025-01-22,12,BBC2,P002,D014,1197.0,1.9,2025-12-31T23:59:00
2025-01-22,20,BBC2,P032,D002,2954.7,4.69,2025-12-31T23:59:00
2025-01-22,19,BBC2,P005,D003,3320.1,5.27,2025-12-31T23:59:00
2025-01-22,6,BBC2,P031,D007,882.0,1.4,2025-12-31T23:59:00
2025-01-22,10,BBC2,P013,D002,951.3,1.51,2025-12-31T23:59:00
2025-01-22,14,BBC2,P017,D012,623.7,0.99,2025-12-31T23:59:00
2025-01-22,23,CHAN5,P062,D011,1152.9,1.83,2025-12-31T23:59:00
2025-01-22,8,CHAN5,P053,D015,1190.7,1.89,2025-12-31T23:59:00
2025-01-22,13,CHAN5,P040,D002,1215.9,1.93,2025-12-31T23:59:00
2025-01-22,7,CHAN5,P053,D013,926.1,1.47,2025-12-31T23:59:00
2025-01-22,11,CHAN5,P034,D007,611.1,0.97,2025-12-31T23:59:00
2025-01-22,6,CHAN5,P063,D014,516.6,0.82,2025-12-31T23:59:00
2025-01-22,14,CHAN5,P057,D009,359.1,0.57,2025-12-31T23:59:00
2025-01-22,9,CHAN5,P030,D009,1140.3,1.81,2025-12-31T23:59:00
2025-01-22,12,CHAN5,P006,D010,554.4,0.88,2025-12-31T23:59:00
2025-01-22,16,CHAN5,P060,D015,900.9,1.43,2025-12-31T23:59:00
2025-01-22,17,CHAN5,P046,D012,478.8,0.76,2025-12-31T23:59:00
2025-01-22,17,SKYONE,P005,D002,138.6,0.22,2025-12-31T23:59:00
2025-01-22,15,SKYONE,P007,D010,277.2,0.44,2025-12-31T23:59:00
2025-01-22,20,SKYONE,P060,D012,585.9,0.93,2025-12-31T23:59:00
2025-01-22,14,SKYONE,P025,D007,69.3,0.11,2025-12-31T23:59:00
2025-01-22,6,SKYONE,P004,D011,75.6,0.12,2025-12-31T23:59:00
2025-01-22,8,SKYONE,P007,D008,182.7,0.29,2025-12-31T23:59:00
2025-01-22,7,SKYONE,P051,D009,258.3,0.41,2025-12-31T23:59:00
2025-01-22,16,SKYONE,P057,D008,88.2,0.14,2025-12-31T23:59:00
2025-01-22,12,SKYONE,P034,D016,157.5,0.25,2025-12-31T23:59:00
2025-01-22,21,SKYATL,P065,D004,856.8,1.36,2025-12-31T23:59:00
2025-01-22,10,SKYATL,P006,D012,119.7,0.19,2025-12-31T23:59:00
2025-01-22,22,SKYATL,P026,D016,239.4,0.38,2025-12-31T23:59:00
2025-01-22,15,SKYATL,P029,D006,75.6,0.12,2025-12-31T23:59:00
2025-01-22,16,SKYATL,P018,D009,113.4,0.18,2025-12-31T23:59:00
2025-01-22,13,SKYATL,P025,D005,119.7,0.19,2025-12-31T23:59:00
2025-01-22,18,SKYATL,P027,D016,119.7,0.19,2025-12-31T23:59:00
2025-01-22,9,SKYATL,P024,D013,63.0,0.1,2025-12-31T23:59:00
2025-01-22,8,SKYATL,P031,D008,170.1,0.27,2025-12-31T23:59:00
2025-01-22,6,SKYATL,P013,D007,233.1,0.37,2025-12-31T23:59:00
2025-01-22,11,SKYATL,P044,D002,233.1,0.37,2025-12-31T23:59:00
2025-01-22,10,EXTRA,P014,D009,207.9,0.33,2025-12-31T23:59:00
2025-01-22,21,EXTRA,P021,D001,1757.7,2.79,2025-12-31T23:59:00
2025-01-22,23,EXTRA,P003,D001,541.8,0.86,2025-12-31T23:59:00
2025-01-22,6,EXTRA,P005,D016,548.1,0.87,2025-12-31T23:59:00
2025-01-22,15,EXTRA,P026,D010,573.3,0.91,2025-12-31T23:59:00
2025-01-22,9,EXTRA,P019,D005,233.1,0.37,2025-12-31T23:59:00
2025-01-22,16,EXTRA,P008,D002,346.5,0.55,2025-12-31T23:59:00
2025-01-22,13,EXTRA,P020,D011,567.0,0.9,2025-12-31T23:59:00
2025-01-29,6,ITV1,P047,D005,1940.4,3.08,2025-12-31T23:59:00
2025-01-29,23,ITV1,P047,D015,882.0,1.4,2025-12-31T23:59:00
2025-01-29,11,ITV1,P035,D012,2538.9,4.03,2025-12-31T23:59:00
2025-01-29,7,ITV1,P032,D001,2595.6,4.12,2025-12-31T23:59:00
2025-01-29,9,ITV1,P012,D016,1121.4,1.78,2025-12-31T23:59:00
2025-01-29,18,ITV1,P040,D009,1411.2,2.24,2025-12-31T23:59:00
2025-01-29,17,ITV1,P013,D013,2879.1,4.57,2025-12-31T23:59:00
2025-01-29,20,ITV1,P044,D009,10023.3,15.91,2025-12-31T23:59:00
2025-01-29,8,ITV1,P003,D006,2066.4,3.28,2025-12-31T23:59:00
2025-01-29,13,ITV1,P009,D005,1228.5,1.95,2025-12-31T23:59:00
2025-01-29,16,ITV1,P006,D012,768.6,1.22,2025-12-31T23:59:00
2025-01-29,22,ITV1,P049,D013,1026.9,1.63,2025-12-31T23:59:00
2025-01-29,21,ITV1,P060,D014,6652.8,10.56,2025-12-31T23:59:00
2025-01-29,21,BBC1,P054,D006,10899.0,17.3,2025-12-31T23:59:00
2025-01-29,7,BBC1,P008,D008,3118.5,4.95,2025-12-31T23:59:00
2025-01-29,16,BBC1,P024,D010,1272.6,2.02,2025-12-31T23:59:00
2025-01-29,6,BBC1,P004,D009,2727.9,4.33,2025-12-31T23:59:00
2025-01-29,10,BBC1,P064,D005,2646.0,4.2,2025-12-31T23:59:00
2025-01-29,18,BBC1,P064,D006,2085.3,3.31,2025-12-31T23:59:00
2025-01-29,11,BBC1,P054,D016,2223.9,3.53,2025-12-31T23:59:00
2025-01-29,23,BBC1,P030,D005,2053.8,3.26,2025-12-31T23:59:00
2025-01-29,14,BBC1,P044,D012,2853.9,4.53,2025-12-31T23:59:00
2025-01-29,20,MAIN,P028,D003,1990.8,3.16,2025-12-31T23:59:00
2025-01-29,14,MAIN,P018,D005,787.5,1.25,2025-12-31T23:59:00
2025-01-29,23,MAIN,P019,D003,869.4,1.38,2025-12-31T23:59:00
2025-01-29,10,MAIN,P030,D013,1285.2,2.04,2025-12-31T23:59:00
2025-01-29,15,MAIN,P016,D009,1379.7,2.19,2025-12-31T23:59:00
2025-01-29,6,MAIN,P024,D004,1562.4,2.48,2025-12-31T23:59:00
2025-01-29,19,MAIN,P012,D008,4605.3,7.31,2025-12-31T23:59:00
2025-01-29,13,MAIN,P018,D001,1310.4,2.08,2025-12-31T23:59:00
2025-01-29,17,MAIN,P020,D002,1045.8,1.66,2025-12-31T23:59:00
2025-01-29,21,MAIN,P009,D003,4800.6,7.62,2025-12-31T23:59:00
2025-01-29,16,CATCHUP,P023,D013,44.1,0.07,2025-12-31T23:59:00
2025-01-29,17,CATCHUP,P022,D016,31.5,0.05,2025-12-31T23:59:00
2025-01-29,20,CATCHUP,P022,D011,233.1,0.37,2025-12-31T23:59:00
2025-01-29,18,CATCHUP,P028,D005,163.8,0.26,2025-12-31T23:59:00
2025-01-29,9,CATCHUP,P015,D015,31.5,0.05,2025-12-31T23:59:00
2025-01-29,12,CATCHUP,P006,D016,56.7,0.09,2025-12-31T23:59:00
2025-01-29,15,CATCHUP,P024,D015,88.2,0.14,2025-12-31T23:59:00
2025-01-29,13,CATCHUP,P013,D006,132.3,0.21,2025-12-31T23:59:00
2025-01-29,7,CATCHUP,P010,D011,63.0,0.1,2025-12-31T23:59:00
2025-01-29,14,CATCHUP,P022,D012,138.6,0.22,2025-12-31T23:59:00
2025-01-29,6,CATCHUP,P028,D008,144.9,0.23,2025-12-31T23:59:00
2025-01-29,21,CATCHUP,P019,D011,453.6,0.72,2025-12-31T23:59:00
2025-01-29,15,BBC2,P056,D001,1222.2,1.94,2025-12-31T23:59:00
2025-01-29,8,BBC2,P018,D008,567.0,0.9,2025-12-31T23:59:00
2025-01-29,22,BBC2,P015,D009,1152.9,1.83,2025-12-31T23:59:00
2025-01-29,9,BBC2,P037,D001,548.1,0.87,2025-12-31T23:59:00
2025-01-29,20,BBC2,P044,D009,3332.7,5.29,2025-12-31T23:59:00
2025-01-29,23,BBC2,P016,D011,630.0,1.0,2025-12-31T23:59:00
2025-01-29,21,BBC2,P040,D008,2935.8,4.66,2025-12-31T23:59:00
2025-01-29,12,BBC2,P037,D003,800.1,1.27,2025-12-31T23:59:00
2025-01-29,10,BBC2,P042,D010,321.3,0.51,2025-12-31T23:59:00
2025-01-29,17,BBC2,P005,D015,1209.6,1.92,2025-12-31T23:59:00
2025-01-29,16,BBC2,P055,D016,1159.2,1.84,2025-12-31T23:59:00
2025-01-29,17,MOVIES,P023,D011,88.2,0.14,2025-12-31T23:59:00
2025-01-29,6,MOVIES,P005,D014,176.4,0.28,2025-12-31T23:59:00
2025-01-29,11,MOVIES,P026,D008,201.6,0.32,2025-12-31T23:59:00
2025-01-29,13,MOVIES,P020,D016,239.4,0.38,2025-12-31T23:59:00
2025-01-29,22,MOVIES,P011,D003,81.9,0.13,2025-12-31T23:59:00
2025-01-29,8,MOVIES,P025,D011,100.8,0.16,2025-12-31T23:59:00
2025-01-29,10,MOVIES,P029,D001,81.9,0.13,2025-12-31T23:59:00
2025-01-29,16,MOVIES,P003,D016,157.5,0.25,2025-12-31T23:59:00
2025-01-29,21,MOVIES,P014,D002,781.2,1.24,2025-12-31T23:59:00
2025-01-29,12,MOVIES,P005,D011,75.6,0.12,2025-12-31T23:59:00
2025-01-29,10,SKYONE,P040,D005,189.0,0.3,2025-12-31T23:59:00
2025-01-29,23,SKYONE,P042,D014,138.6,0.22,2025-12-31T23:59:00
2025-01-29,19,SKYONE,P054,D002,585.9,0.93,2025-12-31T23:59:00
2025-01-29,12,SKYONE,P041,D012,63.0,0.1,2025-12-31T23:59:00
2025-01-29,22,SKYONE,P048,D011,201.6,0.32,2025-12-31T23:59:00
2025-01-29,18,SKYONE,P004,D002,170.1,0.27,2025-12-31T23:59:00
2025-01-29,15,SKYONE,P002,D014,182.7,0.29,2025-12-31T23:59:00
2025-01-29,13,SKYONE,P049,D012,163.8,0.26,2025-12-31T23:59:00
2025-01-29,17,SKYONE,P065,D006,176.4,0.28,2025-12-31T23:59:00
2025-01-29,17,ITV2,P006,D006,472.5,0.75,2025-12-31T23:59:00
2025-01-29,9,ITV2,P016,D014,245.7,0.39,2025-12-31T23:59:00
2025-01-29,12,ITV2,P047,D008,485.1,0.77,2025-12-31T23:59:00
2025-01-29,22,ITV2,P058,D014,724.5,1.15,2025-12-31T23:59:00
2025-01-29,10,ITV2,P053,D015,315.0,0.5,2025-12-31T23:59:00
2025-01-29,15,ITV2,P031,D011,283.5,0.45,2025-12-31T23:59:00
2025-01-29,7,ITV2,P063,D005,308.7,0.49,2025-12-31T23:59:00
2025-01-29,21,ITV2,P031,D003,1398.6,2.22,2025-12-31T23:59:00
2025-01-29,14,ITV2,P058,D015,226.8,0.36,2025-12-31T23:59:00
2025-01-29,11,ITV2,P031,D003,220.5,0.35,2025-12-31T23:59:00
2025-01-29,20,ITV2,P032,D009,1379.7,2.19,2025-12-31T23:59:00
2025-01-29,19,ITV2,P019,D009,2986.2,4.74,2025-12-31T23:59:00
2025-01-29,16,ITV2,P033,D014,711.9,1.13,2025-12-31T23:59:00
2025-01-29,23,ITV2,P024,D007,623.7,0.99,2025-12-31T23:59:00
2025-02-05,19,ITV2,P040,D014,2457.0,3.9,2025-12-31T23:59:00
2025-02-05,23,ITV2,P030,D001,529.2,0.84,2025-12-31T23:59:00
2025-02-05,6,ITV2,P055,D005,371.7,0.59,2025-12-31T23:59:00
2025-02-05,20,ITV2,P056,D001,2816.1,4.47,2025-12-31T23:59:00
2025-02-05,16,ITV2,P013,D010,642.6,1.02,2025-12-31T23:59:00
2025-02-05,22,ITV2,P042,D003,756.0,1.2,2025-12-31T23:59:00
2025-02-05,18,ITV2,P053,D015,189.0,0.3,2025-12-31T23:59:00
2025-02-05,21,ITV2,P021,D005,2293.2,3.64,2025-12-31T23:59:00
2025-02-05,11,ITV2,P062,D007,630.0,1.0,2025-12-31T23:59:00
2025-02-05,15,ITV2,P056,D016,453.6,0.72,2025-12-31T23:59:00
2025-02-05,14,ITV2,P030,D014,352.8,0.56,2025-12-31T23:59:00
2025-02-05,8,ITV2,P042,D004,409.5,0.65,2025-12-31T23:59:00
2025-02-05,13,ITV2,P017,D012,674.1,1.07,2025-12-31T23:59:00
2025-02-05,7,ITV2,P054,D010,214.2,0.34,2025-12-31T23:59:00
2025-02-05,17,FACTUAL,P007,D013,88.2,0.14,2025-12-31T23:59:00
2025-02-05,20,FACTUAL,P030,D016,869.4,1.38,2025-12-31T23:59:00
2025-02-05,13,FACTUAL,P017,D008,69.3,0.11,2025-12-31T23:59:00
2025-02-05,16,FACTUAL,P013,D013,277.2,0.44,2025-12-31T23:59:00
2025-02-05,10,FACTUAL,P021,D002,270.9,0.43,2025-12-31T23:59:00
2025-02-05,19,FACTUAL,P019,D014,1197.0,1.9,2025-12-31T23:59:00
2025-02-05,22,FACTUAL,P008,D002,283.5,0.45,2025-12-31T23:59:00
2025-02-05,23,FACTUAL,P009,D016,258.3,0.41,2025-12-31T23:59:00
2025-02-05,18,FACTUAL,P001,D014,264.6,0.42,2025-12-31T23:59:00
2025-02-05,8,FACTUAL,P017,D008,239.4,0.38,2025-12-31T23:59:00
2025-02-05,7,CATCHUP,P009,D005,63.0,0.1,2025-12-31T23:59:00
2025-02-05,12,CATCHUP,P013,D013,138.6,0.22,2025-12-31T23:59:00
2025-02-05,10,CATCHUP,P016,D005,100.8,0.16,2025-12-31T23:59:00
2025-02-05,6,CATCHUP,P019,D015,132.3,0.21,2025-12-31T23:59:00
2025-02-05,18,CATCHUP,P009,D004,107.1,0.17,2025-12-31T23:59:00
2025-02-05,17,CATCHUP,P024,D012,119.7,0.19,2025-12-31T23:59:00
2025-02-05,9,CATCHUP,P021,D009,63.0,0.1,2025-12-31T23:59:00
2025-02-05,13,CATCHUP,P026,D011,63.0,0.1,2025-12-31T23:59:00
2025-02-05,21,CATCHUP,P001,D004,415.8,0.66,2025-12-31T23:59:00
2025-02-05,19,CATCHUP,P024,D005,201.6,0.32,2025-12-31T23:59:00
2025-02-05,11,CATCHUP,P028,D004,126.0,0.2,2025-12-31T23:59:00
2025-02-05,22,CATCHUP,P023,D001,50.4,0.08,2025-12-31T23:59:00
2025-02-05,14,BBC1,P033,D010,3402.0,5.4,2025-12-31T23:59:00
2025-02-05,17,BBC1,P021,D012,2053.8,3.26,2025-12-31T23:59:00
2025-02-05,22,BBC1,P022,D010,3250.8,5.16,2025-12-31T23:59:00
2025-02-05,7,BBC1,P064,D008,2979.9,4.73,2025-12-31T23:59:00
2025-02-05,19,BBC1,P036,D016,10924.2,17.34,2025-12-31T23:59:00
2025-02-05,13,BBC1,P020,D010,1953.0,3.1,2025-12-31T23:59:00
2025-02-05,8,BBC1,P045,D002,2160.9,3.43,2025-12-31T23:59:00
2025-02-05,9,BBC1,P004,D011,3131.1,4.97,2025-12-31T23:59:00
2025-02-05,11,BBC1,P023,D004,2740.5,4.35,2025-12-31T23:59:00
2025-02-05,16,BBC1,P024,D004,3074.4,4.88,2025-12-31T23:59:00
2025-02-05,18,BBC1,P018,D015,2192.4,3.48,2025-12-31T23:59:00
2025-02-05,15,BBC1,P054,D004,3559.5,5.65,2025-12-31T23:59:00
2025-02-05,16,SKYONE,P035,D001,207.9,0.33,2025-12-31T23:59:00
2025-02-05,19,SKYONE,P045,D006,1045.8,1.66,2025-12-31T23:59:00
2025-02-05,8,SKYONE,P005,D010,233.1,0.37,2025-12-31T23:59:00
2025-02-05,11,SKYONE,P065,D009,151.2,0.24,2025-12-31T23:59:00
2025-02-05,17,SKYONE,P017,D014,214.2,0.34,2025-12-31T23:59:00
2025-02-05,22,SKYONE,P050,D001,258.3,0.41,2025-12-31T23:59:00
2025-02-05,15,SKYONE,P028,D002,258.3,0.41,2025-12-31T23:59:00
2025-02-05,20,SKYONE,P043,D008,592.2,0.94,2025-12-31T23:59:00
2025-02-05,7,SKYATL,P031,D003,226.8,0.36,2025-12-31T23:59:00
2025-02-05,15,SKYATL,P045,D010,157.5,0.25,2025-12-31T23:59:00
2025-02-05,18,SKYATL,P063,D015,88.2,0.14,2025-12-31T23:59:00
2025-02-05,12,SKYATL,P027,D015,214.2,0.34,2025-12-31T23:59:00
2025-02-05,17,SKYATL,P033,D014,144.9,0.23,2025-12-31T23:59:00
2025-02-05,8,SKYATL,P020,D007,157.5,0.25,2025-12-31T23:59:00
2025-02-05,13,SKYATL,P042,D001,100.8,0.16,2025-12-31T23:59:00
2025-02-05,23,SKYATL,P018,D009,113.4,0.18,2025-12-31T23:59:00
2025-02-05,19,SKYATL,P021,D009,730.8,1.16,2025-12-31T23:59:00
2025-02-05,22,SKYATL,P030,D012,189.0,0.3,2025-12-31T23:59:00
2025-02-05,20,SKYATL,P016,D011,302.4,0.48,2025-12-31T23:59:00
2025-02-05,14,SKYATL,P040,D009,176.4,0.28,2025-12-31T23:59:00
2025-02-05,16,EXTRA,P002,D003,585.9,0.93,2025-12-31T23:59:00
2025-02-05,11,EXTRA,P025,D003,560.7,0.89,2025-12-31T23:59:00
2025-02-05,13,EXTRA,P001,D002,277.2,0.44,2025-12-31T23:59:00
2025-02-05,10,EXTRA,P014,D004,472.5,0.75,2025-12-31T23:59:00
2025-02-05,15,EXTRA,P006,D014,428.4,0.68,2025-12-31T23:59:00
2025-02-05,21,EXTRA,P014,D012,2425.5,3.85,2025-12-31T23:59:00
2025-02-05,12,EXTRA,P014,D002,598.5,0.95,2025-12-31T23:59:00
2025-02-05,22,EXTRA,P012,D004,560.7,0.89,2025-12-31T23:59:00
2025-02-05,14,EXTRA,P006,D011,214.2,0.34,2025-12-31T23:59:00
2025-02-05,23,EXTRA,P010,D015,390.6,0.62,2025-12-31T23:59:00
2025-02-05,16,BBC2,P026,D011,497.7,0.79,2025-12-31T23:59:00
2025-02-05,7,BBC2,P054,D006,447.3,0.71,2025-12-31T23:59:00
2025-02-05,14,BBC2,P007,D013,504.0,0.8,2025-12-31T23:59:00
2025-02-05,9,BBC2,P029,D012,768.6,1.22,2025-12-31T23:59:00
2025-02-05,8,BBC2,P033,D013,907.2,1.44,2025-12-31T23:59:00
2025-02-05,11,BBC2,P027,D008,478.8,0.76,2025-12-31T23:59:00
2025-02-05,19,BBC2,P002,D004,2205.0,3.5,2025-12-31T23:59:00
2025-02-05,12,BBC2,P056,D013,680.4,1.08,2025-12-31T23:59:00
2025-02-05,6,BBC2,P057,D014,856.8,1.36,2025-12-31T23:59:00
2025-02-05,17,BBC2,P063,D003,560.7,0.89,2025-12-31T23:59:00
2025-02-12,13,SKYONE,P036,D012,151.2,0.24,2025-12-31T23:59:00
2025-02-12,10,SKYONE,P010,D007,258.3,0.41,2025-12-31T23:59:00
2025-02-12,17,SKYONE,P037,D012,81.9,0.13,2025-12-31T23:59:00
2025-02-12,20,SKYONE,P018,D014,774.9,1.23,2025-12-31T23:59:00
2025-02-12,22,SKYONE,P041,D003,94.5,0.15,2025-12-31T23:59:00
2025-02-12,21,SKYONE,P056,D013,945.0,1.5,2025-12-31T23:59:00
2025-02-12,16,SKYONE,P017,D003,258.3,0.41,2025-12-31T23:59:00
2025-02-12,8,SKYONE,P007,D013,94.5,0.15,2025-12-31T23:59:00
2025-02-12,15,SKYONE,P028,D005,182.7,0.29,2025-12-31T23:59:00
2025-02-12,9,SKYONE,P003,D009,119.7,0.19,2025-12-31T23:59:00
2025-02-12,18,SKYONE,P038,D002,252.0,0.4,2025-12-31T23:59:00
2025-02-12,23,MAIN,P017,D003,630.0,1.0,2025-12-31T23:59:00
2025-02-12,20,MAIN,P008,D006,3616.2,5.74,2025-12-31T23:59:00
2025-02-12,21,MAIN,P028,D013,4290.3,6.81,2025-12-31T23:59:00
2025-02-12,13,MAIN,P012,D012,1108.8,1.76,2025-12-31T23:59:00
2025-02-12,10,MAIN,P021,D010,1423.8,2.26,2025-12-31T23:59:00
2025-02-12,22,MAIN,P019,D015,1140.3,1.81,2025-12-31T23:59:00
2025-02-12,16,MAIN,P007,D014,541.8,0.86,2025-12-31T23:59:00
2025-02-12,18,MAIN,P008,D015,1241.1,1.97,2025-12-31T23:59:00
2025-02-12,6,MAIN,P005,D003,642.6,1.02,2025-12-31T23:59:00
2025-02-12,12,MAIN,P010,D011,1467.9,2.33,2025-12-31T23:59:00
2025-02-12,7,MAIN,P018,D013,1316.7,2.09,2025-12-31T23:59:00
2025-02-12,17,MAIN,P010,D011,711.9,1.13,2025-12-31T23:59:00
2025-02-12,11,MAIN,P006,D013,819.0,1.3,2025-12-31T23:59:00
2025-02-12,22,FACTUAL,P029,D013,315.0,0.5,2025-12-31T23:59:00
2025-02-12,18,FACTUAL,P012,D015,258.3,0.41,2025-12-31T23:59:00
2025-02-12,19,FACTUAL,P022,D012,1215.9,1.93,2025-12-31T23:59:00
2025-02-12,13,FACTUAL,P023,D004,144.9,0.23,2025-12-31T23:59:00
2025-02-12,12,FACTUAL,P027,D014,144.9,0.23,2025-12-31T23:59:00
2025-02-12,14,FACTUAL,P006,D010,94.5,0.15,2025-12-31T23:59:00
2025-02-12,20,FACTUAL,P024,D008,982.8,1.56,2025-12-31T23:59:00
2025-02-12,15,FACTUAL,P027,D012,302.4,0.48,2025-12-31T23:59:00
2025-02-12,17,FACTUAL,P002,D002,126.0,0.2,2025-12-31T23:59:00
2025-02-12,10,FACTUAL,P010,D009,233.1,0.37,2025-12-31T23:59:00
2025-02-12,18,BBC1,P025,D002,2249.1,3.57,2025-12-31T23:59:00
2025-02-12,13,BBC1,P005,D007,1713.6,2.72,2025-12-31T23:59:00
2025-02-12,15,BBC1,P051,D014,2154.6,3.42,2025-12-31T23:59:00
2025-02-12,7,BBC1,P033,D003,1568.7,2.49,2025-12-31T23:59:00
2025-02-12,22,BBC1,P011,D010,1398.6,2.22,2025-12-31T23:59:00
2025-02-12,10,BBC1,P028,D005,3175.2,5.04,2025-12-31T23:59:00
2025-02-12,12,BBC1,P016,D004,3049.2,4.84,2025-12-31T23:59:00
2025-02-12,6,BBC1,P017,D014,3042.9,4.83,2025-12-31T23:59:00
2025-02-12,21,BBC1,P035,D007,10842.3,17.21,2025-12-31T23:59:00
2025-02-12,19,BBC1,P025,D008,11566.8,18.36,2025-12-31T23:59:00
2025-02-12,17,BBC1,P042,D002,3200.4,5.08,2025-12-31T23:59:00
2025-02-12,11,BBC1,P057,D008,1902.6,3.02,2025-12-31T23:59:00
2025-02-12,20,EXTRA,P017,D010,2047.5,3.25,2025-12-31T23:59:00
2025-02-12,8,EXTRA,P015,D014,585.9,0.93,2025-12-31T23:59:00
2025-02-12,9,EXTRA,P025,D013,270.9,0.43,2025-12-31T23:59:00
2025-02-12,19,EXTRA,P013,D011,1852.2,2.94,2025-12-31T23:59:00
2025-02-12,7,EXTRA,P021,D013,422.1,0.67,2025-12-31T23:59:00
2025-02-12,6,EXTRA,P026,D003,541.8,0.86,2025-12-31T23:59:00
2025-02-12,18,EXTRA,P011,D010,598.5,0.95,2025-12-31T23:59:00
2025-02-12,23,EXTRA,P008,D005,598.5,0.95,2025-12-31T23:59:00
2025-02-12,11,EXTRA,P007,D006,522.9,0.83,2025-12-31T23:59:00
2025-02-12,14,EXTRA,P011,D009,522.9,0.83,2025-12-31T23:59:00
2025-02-12,10,EXTRA,P027,D013,396.9,0.63,2025-12-31T23:59:00
2025-02-12,21,ITV2,P038,D013,2148.3,3.41,2025-12-31T23:59:00
2025-02-12,12,ITV2,P032,D008,478.8,0.76,2025-12-31T23:59:00
2025-02-12,20,ITV2,P021,D012,2690.1,4.27,2025-12-31T23:59:00
2025-02-12,23,ITV2,P003,D002,195.3,0.31,2025-12-31T23:59:00
2025-02-12,18,ITV2,P024,D009,371.7,0.59,2025-12-31T23:59:00
2025-02-12,10,ITV2,P010,D009,453.6,0.72,2025-12-31T23:59:00
2025-02-12,11,ITV2,P010,D003,252.0,0.4,2025-12-31T23:59:00
2025-02-12,15,ITV2,P023,D007,459.9,0.73,2025-12-31T23:59:00
2025-02-12,15,SKYATL,P010,D012,239.4,0.38,2025-12-31T23:59:00
2025-02-12,7,SKYATL,P053,D007,100.8,0.16,2025-12-31T23:59:00
2025-02-12,19,SKYATL,P035,D005,756.0,1.2,2025-12-31T23:59:00
2025-02-12,8,SKYATL,P020,D004,132.3,0.21,2025-12-31T23:59:00
2025-02-12,22,SKYATL,P039,D001,63.0,0.1,2025-12-31T23:59:00
2025-02-12,16,SKYATL,P034,D007,151.2,0.24,2025-12-31T23:59:00
2025-02-12,23,SKYATL,P052,D015,94.5,0.15,2025-12-31T23:59:00
2025-02-12,9,SKYATL,P005,D010,69.3,0.11,2025-12-31T23:59:00
2025-02-12,18,SKYATL,P047,D005,75.6,0.12,2025-12-31T23:59:00
2025-02-12,11,SKYATL,P057,D002,189.0,0.3,2025-12-31T23:59:00
2025-02-12,12,SKYATL,P057,D012,189.0,0.3,2025-12-31T23:59:00
2025-02-12,6,SKYATL,P059,D011,170.1,0.27,2025-12-31T23:59:00
2025-02-12,12,CHAN5,P029,D014,321.3,0.51,2025-12-31T23:59:00
2025-02-12,13,CHAN5,P018,D001,1014.3,1.61,2025-12-31T23:59:00
2025-02-12,14,CHAN5,P057,D008,938.7,1.49,2025-12-31T23:59:00
2025-02-12,23,CHAN5,P061,D013,333.9,0.53,2025-12-31T23:59:00
2025-02-12,16,CHAN5,P038,D012,554.4,0.88,2025-12-31T23:59:00
2025-02-12,22,CHAN5,P002,D007,1052.1,1.67,2025-12-31T23:59:00
2025-02-12,19,CHAN5,P046,D015,2028.6,3.22,2025-12-31T23:59:00
2025-02-12,18,CHAN5,P059,D007,1197.0,1.9,2025-12-31T23:59:00
2025-02-12,6,CHAN5,P034,D015,491.4,0.78,2025-12-31T23:59:00
2025-02-12,10,CHAN5,P016,D006,573.3,0.91,2025-12-31T23:59:00
2025-02-12,17,CHAN5,P007,D007,352.8,0.56,2025-12-31T23:59:00
2025-02-12,21,CHAN5,P033,D010,1764.0,2.8,2025-12-31T23:59:00
2025-02-12,11,CHAN5,P045,D002,705.6,1.12,2025-12-31T23:59:00
2025-02-12,20,CHAN5,P005,D007,1411.2,2.24,2025-12-31T23:59:00
2025-02-19,16,MOVIES,P014,D001,245.7,0.39,2025-12-31T23:59:00
2025-02-19,19,MOVIES,P012,D002,560.7,0.89,2025-12-31T23:59:00
2025-02-19,20,MOVIES,P030,D005,1071.0,1.7,2025-12-31T23:59:00
2025-02-19,22,MOVIES,P003,D008,220.5,0.35,2025-12-31T23:59:00
2025-02-19,9,MOVIES,P001,D011,132.3,0.21,2025-12-31T23:59:00
2025-02-19,12,MOVIES,P020,D004,138.6,0.22,2025-12-31T23:59:00
2025-02-19,6,MOVIES,P003,D008,75.6,0.12,2025-12-31T23:59:00
2025-02-19,7,MOVIES,P017,D003,138.6,0.22,2025-12-31T23:59:00
2025-02-19,21,MOVIES,P026,D005,1134.0,1.8,2025-12-31T23:59:00
2025-02-19,11,MOVIES,P016,D008,138.6,0.22,2025-12-31T23:59:00
2025-02-19,15,MOVIES,P001,D003,182.7,0.29,2025-12-31T23:59:00
2025-02-19,13,MOVIES,P022,D015,138.6,0.22,2025-12-31T23:59:00
2025-02-19,14,MOVIES,P022,D006,107.1,0.17,2025-12-31T23:59:00
2025-02-19,23,MOVIES,P012,D007,88.2,0.14,2025-12-31T23:59:00
2025-02-19,17,CATCHUP,P027,D011,170.1,0.27,2025-12-31T23:59:00
2025-02-19,23,CATCHUP,P018,D010,182.7,0.29,2025-12-31T23:59:00
2025-02-19,16,CATCHUP,P016,D007,37.8,0.06,2025-12-31T23:59:00
2025-02-19,8,CATCHUP,P008,D003,107.1,0.17,2025-12-31T23:59:00
2025-02-19,18,CATCHUP,P021,D014,107.1,0.17,2025-12-31T23:59:00
2025-02-19,14,CATCHUP,P026,D014,37.8,0.06,2025-12-31T23:59:00
2025-02-19,10,CATCHUP,P026,D004,81.9,0.13,2025-12-31T23:59:00
2025-02-19,6,CATCHUP,P018,D001,50.4,0.08,2025-12-31T23:59:00
2025-02-19,7,BBC1,P049,D001,1789.2,2.84,2025-12-31T23:59:00
2025-02-19,16,BBC1,P053,D006,1751.4,2.78,2025-12-31T23:59:00
2025-02-19,6,BBC1,P016,D011,2186.1,3.47,2025-12-31T23:59:00
2025-02-19,8,BBC1,P024,D008,1820.7,2.89,2025-12-31T23:59:00
2025-02-19,9,BBC1,P060,D016,1808.1,2.87,2025-12-31T23:59:00
2025-02-19,15,BBC1,P015,D013,3156.3,5.01,2025-12-31T23:59:00
2025-02-19,22,BBC1,P060,D011,1908.9,3.03,2025-12-31T23:59:00
2025-02-19,17,BBC1,P029,D015,3723.3,5.91,2025-12-31T23:59:00
2025-02-19,20,BBC1,P011,D002,7093.8,11.26,2025-12-31T23:59:00
2025-02-19,9,SKYONE,P004,D009,69.3,0.11,2025-12-31T23:59:00
2025-02-19,13,SKYONE,P009,D007,107.1,0.17,2025-12-31T23:59:00
2025-02-19,16,SKYONE,P020,D012,126.0,0.2,2025-12-31T23:59:00
2025-02-19,23,SKYONE,P005,D014,69.3,0.11,2025-12-31T23:59:00
2025-02-19,17,SKYONE,P033,D010,252.0,0.4,2025-12-31T23:59:00
2025-02-19,21,SKYONE,P052,D001,541.8,0.86,2025-12-31T23:59:00
2025-02-19,14,SKYONE,P019,D008,75.6,0.12,2025-12-31T23:59:00
2025-02-19,18,SKYONE,P062,D008,270.9,0.43,2025-12-31T23:59:00
2025-02-19,10,SKYONE,P029,D004,113.4,0.18,2025-12-31T23:59:00
2025-02-19,19,SKYONE,P023,D012,333.9,0.53,2025-12-31T23:59:00
2025-02-19,12,SKYONE,P064,D003,308.7,0.49,2025-12-31T23:59:00
2025-02-19,8,SKYONE,P040,D005,182.7,0.29,2025-12-31T23:59:00
2025-02-19,11,SKYONE,P038,D014,283.5,0.45,2025-12-31T23:59:00
2025-02-19,7,SKYONE,P025,D007,113.4,0.18,2025-12-31T23:59:00
2025-02-19,12,EXTRA,P006,D012,396.9,0.63,2025-12-31T23:59:00
2025-02-19,15,EXTRA,P013,D012,422.1,0.67,2025-12-31T23:59:00
2025-02-19,16,EXTRA,P006,D012,396.9,0.63,2025-12-31T23:59:00
2025-02-19,8,EXTRA,P026,D010,264.6,0.42,2025-12-31T23:59:00
2025-02-19,20,EXTRA,P024,D013,2123.1,3.37,2025-12-31T23:59:00
2025-02-19,9,EXTRA,P005,D009,359.1,0.57,2025-12-31T23:59:00
2025-02-19,10,EXTRA,P017,D005,415.8,0.66,2025-12-31T23:59:00
2025-02-19,22,EXTRA,P001,D007,245.7,0.39,2025-12-31T23:59:00
2025-02-19,21,EXTRA,P025,D012,1102.5,1.75,2025-12-31T23:59:00
2025-02-19,18,EXTRA,P015,D001,459.9,0.73,2025-12-31T23:59:00
2025-02-19,23,EXTRA,P030,D006,415.8,0.66,2025-12-31T23:59:00
2025-02-19,13,SKYATL,P019,D012,107.1,0.17,2025-12-31T23:59:00
2025-02-19,21,SKYATL,P003,D005,655.2,1.04,2025-12-31T23:59:00
2025-02-19,11,SKYATL,P005,D012,163.8,0.26,2025-12-31T23:59:00
2025-02-19,6,SKYATL,P032,D014,220.5,0.35,2025-12-31T23:59:00
2025-02-19,14,SKYATL,P001,D001,138.6,0.22,2025-12-31T23:59:00
2025-02-19,7,SKYATL,P060,D006,195.3,0.31,2025-12-31T23:59:00
2025-02-19,17,SKYATL,P038,D005,151.2,0.24,2025-12-31T23:59:00
2025-02-19,12,SKYATL,P016,D003,189.0,0.3,2025-12-31T23:59:00
2025-02-19,6,FACTUAL,P004,D007,94.5,0.15,2025-12-31T23:59:00
2025-02-19,10,FACTUAL,P018,D001,63.0,0.1,2025-12-31T23:59:00
2025-02-19,21,FACTUAL,P006,D015,1039.5,1.65,2025-12-31T23:59:00
2025-02-19,7,FACTUAL,P009,D015,94.5,0.15,2025-12-31T23:59:00
2025-02-19,11,FACTUAL,P011,D006,113.4,0.18,2025-12-31T23:59:00
2025-02-19,23,FACTUAL,P014,D015,126.0,0.2,2025-12-31T23:59:00
2025-02-19,13,FACTUAL,P004,D006,302.4,0.48,2025-12-31T23:59:00
2025-02-19,22,FACTUAL,P025,D014,258.3,0.41,2025-12-31T23:59:00
2025-02-19,9,FACTUAL,P003,D015,214.2,0.34,2025-12-31T23:59:00
2025-02-19,23,ITV1,P033,D004,982.8,1.56,2025-12-31T23:59:00
2025-02-19,18,ITV1,P031,D009,2186.1,3.47,2025-12-31T23:59:00
2025-02-19,19,ITV1,P063,D010,10791.9,17.13,2025-12-31T23:59:00
2025-02-19,9,ITV1,P060,D002,2772.0,4.4,2025-12-31T23:59:00
2025-02-19,20,ITV1,P052,D006,10571.4,16.78,2025-12-31T23:59:00
2025-02-19,13,ITV1,P063,D011,1146.6,1.82,2025-12-31T23:59:00
2025-02-19,11,ITV1,P039,D015,781.2,1.24,2025-12-31T23:59:00
2025-02-19,16,ITV1,P064,D008,1902.6,3.02,2025-12-31T23:59:00
2025-02-19,8,ITV1,P053,D006,737.1,1.17,2025-12-31T23:59:00
2025-02-19,7,ITV1,P031,D016,2412.9,3.83,2025-12-31T23:59:00
2025-02-19,15,ITV1,P010,D014,1984.5,3.15,2025-12-31T23:59:00
2025-02-19,22,ITV1,P052,D001,2236.5,3.55,2025-12-31T23:59:00
2025-02-19,14,ITV1,P003,D008,2790.9,4.43,2025-12-31T23:59:00
2025-02-26,7,CHAN5,P027,D015,598.5,0.95,2025-12-31T23:59:00
2025-02-26,13,CHAN5,P036,D001,1064.7,1.69,2025-12-31T23:59:00
2025-02-26,14,CHAN5,P039,D005,945.0,1.5,2025-12-31T23:59:00
2025-02-26,21,CHAN5,P006,D010,2444.4,3.88,2025-12-31T23:59:00
2025-02-26,9,CHAN5,P008,D009,951.3,1.51,2025-12-31T23:59:00
2025-02-26,15,CHAN5,P006,D005,932.4,1.48,2025-12-31T23:59:00
2025-02-26,23,CHAN5,P052,D003,1001.7,1.59,2025-12-31T23:59:00
2025-02-26,10,CHAN5,P026,D015,913.5,1.45,2025-12-31T23:59:00
2025-02-26,18,CHAN5,P038,D009,516.6,0.82,2025-12-31T23:59:00
2025-02-26,17,CHAN5,P028,D014,762.3,1.21,2025-12-31T23:59:00
2025-02-26,18,CATCHUP,P003,D002,81.9,0.13,2025-12-31T23:59:00
2025-02-26,16,CATCHUP,P002,D016,119.7,0.19,2025-12-31T23:59:00
2025-02-26,11,CATCHUP,P022,D012,94.5,0.15,2025-12-31T23:59:00
2025-02-26,13,CATCHUP,P013,D010,69.3,0.11,2025-12-31T23:59:00
2025-02-26,14,CATCHUP,P003,D013,69.3,0.11,2025-12-31T23:59:00
2025-02-26,8,CATCHUP,P007,D012,63.0,0.1,2025-12-31T23:59:00
2025-02-26,15,CATCHUP,P007,D003,126.0,0.2,2025-12-31T23:59:00
2025-02-26,19,CATCHUP,P021,D011,611.1,0.97,2025-12-31T23:59:00
2025-02-26,9,EXTRA,P021,D007,270.9,0.43,2025-12-31T23:59:00
2025-02-26,11,EXTRA,P012,D015,270.9,0.43,2025-12-31T23:59:00
2025-02-26,8,EXTRA,P027,D009,333.9,0.53,2025-12-31T23:59:00
2025-02-26,17,EXTRA,P028,D006,585.9,0.93,2025-12-31T23:59:00
2025-02-26,7,EXTRA,P003,D012,428.4,0.68,2025-12-31T23:59:00
2025-02-26,10,EXTRA,P028,D013,264.6,0.42,2025-12-31T23:59:00
2025-02-26,13,EXTRA,P007,D004,422.1,0.67,2025-12-31T23:59:00
2025-02-26,15,EXTRA,P007,D008,447.3,0.71,2025-12-31T23:59:00
2025-02-26,16,EXTRA,P007,D011,504.0,0.8,2025-12-31T23:59:00
2025-02-26,20,EXTRA,P019,D016,1852.2,2.94,2025-12-31T23:59:00
2025-02-26,13,SKYATL,P055,D013,201.6,0.32,2025-12-31T23:59:00
2025-02-26,23,SKYATL,P037,D011,226.8,0.36,2025-12-31T23:59:00
2025-02-26,21,SKYATL,P020,D013,441.0,0.7,2025-12-31T23:59:00
2025-02-26,18,SKYATL,P033,D007,113.4,0.18,2025-12-31T23:59:00
2025-02-26,10,SKYATL,P007,D005,75.6,0.12,2025-12-31T23:59:00
2025-02-26,9,SKYATL,P031,D009,69.3,0.11,2025-12-31T23:59:00
2025-02-26,16,SKYATL,P065,D016,170.1,0.27,2025-12-31T23:59:00
2025-02-26,20,SKYATL,P037,D013,749.7,1.19,2025-12-31T23:59:00
2025-02-26,22,SKYATL,P045,D013,245.7,0.39,2025-12-31T23:59:00
2025-02-26,12,SKYATL,P028,D015,195.3,0.31,2025-12-31T23:59:00
2025-02-26,6,SKYATL,P057,D011,94.5,0.15,2025-12-31T23:59:00
2025-02-26,7,SKYATL,P016,D005,100.8,0.16,2025-12-31T23:59:00
2025-02-26,14,ITV2,P040,D001,346.5,0.55,2025-12-31T23:59:00
2025-02-26,13,ITV2,P060,D010,472.5,0.75,2025-12-31T23:59:00
2025-02-26,6,ITV2,P013,D009,661.5,1.05,2025-12-31T23:59:00
2025-02-26,19,ITV2,P031,D011,2394.0,3.8,2025-12-31T23:59:00
2025-02-26,16,ITV2,P038,D012,522.9,0.83,2025-12-31T23:59:00
2025-02-26,23,ITV2,P039,D004,409.5,0.65,2025-12-31T23:59:00
2025-02-26,17,ITV2,P010,D003,548.1,0.87,2025-12-31T23:59:00
2025-02-26,9,ITV2,P037,D008,705.6,1.12,2025-12-31T23:59:00
2025-02-26,7,ITV2,P034,D012,718.2,1.14,2025-12-31T23:59:00
2025-02-26,12,ITV2,P028,D006,434.7,0.69,2025-12-31T23:59:00
2025-02-26,7,BBC2,P057,D005,768.6,1.22,2025-12-31T23:59:00
2025-02-26,9,BBC2,P048,D016,497.7,0.79,2025-12-31T23:59:00
2025-02-26,22,BBC2,P028,D001,718.2,1.14,2025-12-31T23:59:00
2025-02-26,18,BBC2,P054,D003,762.3,1.21,2025-12-31T23:59:00
2025-02-26,21,BBC2,P060,D001,2072.7,3.29,2025-12-31T23:59:00
2025-02-26,10,BBC2,P028,D003,485.1,0.77,2025-12-31T23:59:00
2025-02-26,19,BBC2,P053,D012,3717.0,5.9,2025-12-31T23:59:00
2025-02-26,13,BBC2,P040,D006,730.8,1.16,2025-12-31T23:59:00
2025-02-26,16,BBC2,P011,D006,1096.2,1.74,2025-12-31T23:59:00
2025-02-26,11,BBC2,P047,D008,730.8,1.16,2025-12-31T23:59:00
2025-02-26,15,BBC2,P059,D010,882.0,1.4,2025-12-31T23:59:00
2025-02-26,6,BBC2,P012,D006,686.7,1.09,2025-12-31T23:59:00
2025-02-26,17,BBC2,P027,D003,396.9,0.63,2025-12-31T23:59:00
2025-02-26,8,BBC2,P044,D007,749.7,1.19,2025-12-31T23:59:00
2025-02-26,7,MOVIES,P013,D002,170.1,0.27,2025-12-31T23:59:00
2025-02-26,9,MOVIES,P025,D013,113.4,0.18,2025-12-31T23:59:00
2025-02-26,19,MOVIES,P030,D003,963.9,1.53,2025-12-31T23:59:00
2025-02-26,23,MOVIES,P006,D007,252.0,0.4,2025-12-31T23:59:00
2025-02-26,8,MOVIES,P020,D004,176.4,0.28,2025-12-31T23:59:00
2025-02-26,22,MOVIES,P011,D003,207.9,0.33,2025-12-31T23:59:00
2025-02-26,17,MOVIES,P018,D008,88.2,0.14,2025-12-31T23:59:00
2025-02-26,11,MOVIES,P017,D010,207.9,0.33,2025-12-31T23:59:00
2025-02-26,20,MOVIES,P001,D007,850.5,1.35,2025-12-31T23:59:00
2025-02-26,6,MOVIES,P012,D002,239.4,0.38,2025-12-31T23:59:00
2025-02-26,13,MOVIES,P008,D011,207.9,0.33,2025-12-31T23:59:00
2025-02-26,21,MOVIES,P014,D012,888.3,1.41,2025-12-31T23:59:00
2025-02-26,14,MOVIES,P018,D011,63.0,0.1,2025-12-31T23:59:00
2025-02-26,16,ITV1,P052,D003,1411.2,2.24,2025-12-31T23:59:00
2025-02-26,14,ITV1,P002,D016,812.7,1.29,2025-12-31T23:59:00
2025-02-26,15,ITV1,P011,D013,1304.1,2.07,2025-12-31T23:59:00
2025-02-26,23,ITV1,P054,D013,1310.4,2.08,2025-12-31T23:59:00
2025-02-26,21,ITV1,P056,D008,7654.5,12.15,2025-12-31T23:59:00
2025-02-26,11,ITV1,P007,D003,2230.2,3.54,2025-12-31T23:59:00
2025-02-26,22,ITV1,P026,D006,648.9,1.03,2025-12-31T23:59:00
2025-02-26,18,ITV1,P046,D009,806.4,1.28,2025-12-31T23:59:00
2025-03-05,9,BBC1,P017,D008,2060.1,3.27,2025-12-31T23:59:00
2025-03-05,15,BBC1,P012,D008,2891.7,4.59,2025-12-31T23:59:00
2025-03-05,10,BBC1,P044,D012,2097.9,3.33,2025-12-31T23:59:00
2025-03-05,16,BBC1,P064,D011,2942.1,4.67,2025-12-31T23:59:00
2025-03-05,11,BBC1,P053,D010,2494.8,3.96,2025-12-31T23:59:00
2025-03-05,20,BBC1,P020,D001,7912.8,12.56,2025-12-31T23:59:00
2025-03-05,17,BBC1,P040,D016,2469.6,3.92,2025-12-31T23:59:00
2025-03-05,18,BBC1,P051,D013,3376.8,5.36,2025-12-31T23:59:00
2025-03-05,9,BBC2,P048,D015,1089.9,1.73,2025-12-31T23:59:00
2025-03-05,16,BBC2,P065,D010,1058.4,1.68,2025-12-31T23:59:00
2025-03-05,19,BBC2,P050,D002,3194.1,5.07,2025-12-31T23:59:00
2025-03-05,15,BBC2,P045,D010,441.0,0.7,2025-12-31T23:59:00
2025-03-05,8,BBC2,P002,D005,1089.9,1.73,2025-12-31T23:59:00
2025-03-05,21,BBC2,P001,D003,3332.7,5.29,2025-12-31T23:59:00
2025-03-05,7,BBC2,P043,D005,1077.3,1.71,2025-12-31T23:59:00
2025-03-05,11,BBC2,P011,D010,869.4,1.38,2025-12-31T23:59:00
2025-03-05,10,BBC2,P064,D016,491.4,0.78,2025-12-31T23:59:00
2025-03-05,23,CHAN5,P051,D004,1134.0,1.8,2025-12-31T23:59:00
2025-03-05,10,CHAN5,P010,D002,989.1,1.57,2025-12-31T23:59:00
2025-03-05,12,CHAN5,P063,D015,1165.5,1.85,2025-12-31T23:59:00
2025-03-05,6,CHAN5,P025,D010,737.1,1.17,2025-12-31T23:59:00
2025-03-05,18,CHAN5,P002,D007,472.5,0.75,2025-12-31T23:59:00
2025-03-05,7,CHAN5,P039,D014,693.0,1.1,2025-12-31T23:59:00
2025-03-05,13,CHAN5,P031,D014,378.0,0.6,2025-12-31T23:59:00
2025-03-05,9,CHAN5,P055,D014,548.1,0.87,2025-12-31T23:59:00
2025-03-05,17,CHAN5,P025,D012,1026.9,1.63,2025-12-31T23:59:00
2025-03-05,11,CHAN5,P047,D004,674.1,1.07,2025-12-31T23:59:00
2025-03-05,16,CHAN5,P056,D005,1152.9,1.83,2025-12-31T23:59:00
2025-03-05,20,CHAN5,P049,D005,2601.9,4.13,2025-12-31T23:59:00
2025-03-05,8,CHAN5,P042,D004,1234.8,1.96,2025-12-31T23:59:00
2025-03-05,6,MOVIES,P018,D016,100.8,0.16,2025-12-31T23:59:00
2025-03-05,19,MOVIES,P021,D011,1096.2,1.74,2025-12-31T23:59:00
2025-03-05,15,MOVIES,P012,D004,245.7,0.39,2025-12-31T23:59:00
2025-03-05,22,MOVIES,P022,D013,239.4,0.38,2025-12-31T23:59:00
2025-03-05,16,MOVIES,P002,D015,132.3,0.21,2025-12-31T23:59:00
2025-03-05,18,MOVIES,P017,D004,151.2,0.24,2025-12-31T23:59:00
2025-03-05,12,MOVIES,P022,D005,233.1,0.37,2025-12-31T23:59:00
2025-03-05,23,MOVIES,P007,D016,107.1,0.17,2025-12-31T23:59:00
2025-03-05,9,MOVIES,P011,D006,119.7,0.19,2025-12-31T23:59:00
2025-03-05,21,MOVIES,P025,D014,642.6,1.02,2025-12-31T23:59:00
2025-03-05,22,SKYATL,P062,D005,75.6,0.12,2025-12-31T23:59:00
2025-03-05,17,SKYATL,P052,D012,151.2,0.24,2025-12-31T23:59:00
2025-03-05,18,SKYATL,P019,D015,94.5,0.15,2025-12-31T23:59:00
2025-03-05,9,SKYATL,P045,D013,88.2,0.14,2025-12-31T23:59:00
2025-03-05,21,SKYATL,P018,D007,730.8,1.16,2025-12-31T23:59:00
2025-03-05,10,SKYATL,P065,D010,214.2,0.34,2025-12-31T23:59:00
2025-03-05,20,SKYATL,P060,D016,340.2,0.54,2025-12-31T23:59:00
2025-03-05,14,SKYATL,P044,D002,157.5,0.25,2025-12-31T23:59:00
2025-03-05,8,SKYATL,P019,D011,63.0,0.1,2025-12-31T23:59:00
2025-03-05,18,FACTUAL,P024,D016,296.1,0.47,2025-12-31T23:59:00
2025-03-05,7,FACTUAL,P015,D004,308.7,0.49,2025-12-31T23:59:00
2025-03-05,20,FACTUAL,P024,D002,535.5,0.85,2025-12-31T23:59:00
2025-03-05,15,FACTUAL,P004,D004,226.8,0.36,2025-12-31T23:59:00
2025-03-05,8,FACTUAL,P007,D010,245.7,0.39,2025-12-31T23:59:00
2025-03-05,12,FACTUAL,P021,D003,308.7,0.49,2025-12-31T23:59:00
2025-03-05,19,FACTUAL,P022,D001,806.4,1.28,2025-12-31T23:59:00
2025-03-05,6,FACTUAL,P025,D005,220.5,0.35,2025-12-31T23:59:00
2025-03-05,23,FACTUAL,P017,D011,296.1,0.47,2025-12-31T23:59:00
2025-03-05,21,SKYONE,P005,D015,680.4,1.08,2025-12-31T23:59:00
2025-03-05,17,SKYONE,P058,D001,113.4,0.18,2025-12-31T23:59:00
2025-03-05,10,SKYONE,P043,D005,252.0,0.4,2025-12-31T23:59:00
2025-03-05,12,SKYONE,P055,D011,195.3,0.31,2025-12-31T23:59:00
2025-03-05,19,SKYONE,P065,D003,737.1,1.17,2025-12-31T23:59:00
2025-03-05,9,SKYONE,P056,D003,119.7,0.19,2025-12-31T23:59:00
2025-03-05,14,SKYONE,P009,D002,94.5,0.15,2025-12-31T23:59:00
2025-03-05,13,SKYONE,P003,D013,201.6,0.32,2025-12-31T23:59:00
2025-03-05,22,ITV2,P064,D007,239.4,0.38,2025-12-31T23:59:00
2025-03-05,18,ITV2,P055,D003,201.6,0.32,2025-12-31T23:59:00
2025-03-05,14,ITV2,P009,D005,604.8,0.96,2025-12-31T23:59:00
2025-03-05,6,ITV2,P047,D013,730.8,1.16,2025-12-31T23:59:00
2025-03-05,8,ITV2,P054,D012,560.7,0.89,2025-12-31T23:59:00
2025-03-05,19,ITV2,P014,D003,1820.7,2.89,2025-12-31T23:59:00
2025-03-05,16,ITV2,P042,D006,459.9,0.73,2025-12-31T23:59:00
2025-03-05,9,ITV2,P065,D001,422.1,0.67,2025-12-31T23:59:00
2025-03-05,11,ITV2,P050,D011,384.3,0.61,2025-12-31T23:59:00
2025-03-05,7,ITV2,P058,D002,579.6,0.92,2025-12-31T23:59:00
2025-03-05,17,ITV2,P019,D014,453.6,0.72,2025-12-31T23:59:00
2025-03-05,23,ITV2,P022,D006,743.4,1.18,2025-12-31T23:59:00
2025-03-05,20,ITV2,P010,D012,2784.6,4.42,2025-12-31T23:59:00
2025-03-12,16,SKYATL,P038,D015,151.2,0.24,2025-12-31T23:59:00
2025-03-12,6,SKYATL,P036,D004,113.4,0.18,2025-12-31T23:59:00
2025-03-12,9,SKYATL,P012,D014,189.0,0.3,2025-12-31T23:59:00
2025-03-12,17,SKYATL,P038,D004,113.4,0.18,2025-12-31T23:59:00
2025-03-12,13,SKYATL,P024,D004,138.6,0.22,2025-12-31T23:59:00
2025-03-12,8,SKYATL,P019,D012,239.4,0.38,2025-12-31T23:59:00
2025-03-12,21,SKYATL,P041,D004,856.8,1.36,2025-12-31T23:59:00
2025-03-12,15,SKYATL,P001,D008,113.4,0.18,2025-12-31T23:59:00
2025-03-12,22,SKYATL,P025,D005,214.2,0.34,2025-12-31T23:59:00
2025-03-12,19,SKYATL,P025,D008,321.3,0.51,2025-12-31T23:59:00
2025-03-12,23,SKYATL,P022,D005,75.6,0.12,2025-12-31T23:59:00
2025-03-12,7,SKYATL,P056,D016,207.9,0.33,2025-12-31T23:59:00
2025-03-12,20,SKYONE,P045,D014,567.0,0.9,2025-12-31T23:59:00
2025-03-12,22,SKYONE,P010,D005,302.4,0.48,2025-12-31T23:59:00
2025-03-12,9,SKYONE,P065,D008,220.5,0.35,2025-12-31T23:59:00
2025-03-12,11,SKYONE,P056,D004,239.4,0.38,2025-12-31T23:59:00
2025-03-12,7,SKYONE,P036,D008,264.6,0.42,2025-12-31T23:59:00
2025-03-12,15,SKYONE,P033,D004,126.0,0.2,2025-12-31T23:59:00
2025-03-12,19,SKYONE,P050,D016,970.2,1.54,2025-12-31T23:59:00
2025-03-12,17,SKYONE,P032,D008,239.4,0.38,2025-12-31T23:59:00
2025-03-12,13,SKYONE,P011,D013,94.5,0.15,2025-12-31T23:59:00
2025-03-12,14,SKYONE,P056,D011,302.4,0.48,2025-12-31T23:59:00
2025-03-12,6,SKYONE,P046,D004,283.5,0.45,2025-12-31T23:59:00
2025-03-12,21,SKYONE,P034,D002,333.9,0.53,2025-12-31T23:59:00
2025-03-12,10,SKYONE,P003,D014,277.2,0.44,2025-12-31T23:59:00
2025-03-12,11,MAIN,P003,D011,623.7,0.99,2025-12-31T23:59:00
2025-03-12,22,MAIN,P013,D009,1398.6,2.22,2025-12-31T23:59:00
2025-03-12,8,MAIN,P020,D009,1316.7,2.09,2025-12-31T23:59:00
2025-03-12,18,MAIN,P012,D006,768.6,1.22,2025-12-31T23:59:00
2025-03-12,21,MAIN,P001,D016,2381.4,3.78,2025-12-31T23:59:00
2025-03-12,12,MAIN,P026,D007,1278.9,2.03,2025-12-31T23:59:00
2025-03-12,14,MAIN,P003,D013,1442.7,2.29,2025-12-31T23:59:00
2025-03-12,19,MAIN,P018,D002,4895.1,7.77,2025-12-31T23:59:00
2025-03-12,17,MAIN,P012,D009,611.1,0.97,2025-12-31T23:59:00
2025-03-12,10,MAIN,P028,D015,756.0,1.2,2025-12-31T23:59:00
2025-03-12,15,MAIN,P014,D006,516.6,0.82,2025-12-31T23:59:00
2025-03-12,23,MAIN,P030,D008,1329.3,2.11,2025-12-31T23:59:00
2025-03-12,12,BBC1,P011,D003,2671.2,4.24,2025-12-31T23:59:00
2025-03-12,9,BBC1,P017,D016,2916.9,4.63,2025-12-31T23:59:00
2025-03-12,23,BBC1,P060,D003,1883.7,2.99,2025-12-31T23:59:00
2025-03-12,17,BBC1,P053,D010,1348.2,2.14,2025-12-31T23:59:00
2025-03-12,22,BBC1,P047,D007,3641.4,5.78,2025-12-31T23:59:00
2025-03-12,19,BBC1,P001,D002,7944.3,12.61,2025-12-31T23:59:00
2025-03-12,6,BBC1,P029,D014,1392.3,2.21,2025-12-31T23:59:00
2025-03-12,14,BBC1,P052,D011,3339.0,5.3,2025-12-31T23:59:00
2025-03-12,18,ITV2,P011,D009,220.5,0.35,2025-12-31T23:59:00
2025-03-12,13,ITV2,P046,D001,535.5,0.85,2025-12-31T23:59:00
2025-03-12,22,ITV2,P053,D002,459.9,0.73,2025-12-31T23:59:00
2025-03-12,20,ITV2,P040,D013,1606.5,2.55,2025-12-31T23:59:00
2025-03-12,10,ITV2,P011,D010,718.2,1.14,2025-12-31T23:59:00
2025-03-12,8,ITV2,P035,D009,743.4,1.18,2025-12-31T23:59:00
2025-03-12,23,ITV2,P002,D006,390.6,0.62,2025-12-31T23:59:00
2025-03-12,14,ITV2,P038,D001,441.0,0.7,2025-12-31T23:59:00
2025-03-12,9,ITV2,P010,D001,441.0,0.7,2025-12-31T23:59:00
2025-03-12,11,BBC2,P060,D012,378.0,0.6,2025-12-31T23:59:00
2025-03-12,14,BBC2,P053,D007,1071.0,1.7,2025-12-31T23:59:00
2025-03-12,10,BBC2,P026,D008,1146.6,1.82,2025-12-31T23:59:00
2025-03-12,7,BBC2,P063,D003,951.3,1.51,2025-12-31T23:59:00
2025-03-12,6,BBC2,P013,D012,831.6,1.32,2025-12-31T23:59:00
2025-03-12,9,BBC2,P018,D003,825.3,1.31,2025-12-31T23:59:00
2025-03-12,15,BBC2,P063,D009,428.4,0.68,2025-12-31T23:59:00
2025-03-12,13,BBC2,P023,D001,806.4,1.28,2025-12-31T23:59:00
2025-03-12,6,MOVIES,P025,D003,195.3,0.31,2025-12-31T23:59:00
2025-03-12,22,MOVIES,P003,D016,245.7,0.39,2025-12-31T23:59:00
2025-03-12,13,MOVIES,P025,D011,132.3,0.21,2025-12-31T23:59:00
2025-03-12,20,MOVIES,P027,D007,516.6,0.82,2025-12-31T23:59:00
2025-03-12,23,MOVIES,P026,D003,233.1,0.37,2025-12-31T23:59:00
2025-03-12,21,MOVIES,P030,D015,1127.7,1.79,2025-12-31T23:59:00
2025-03-12,16,MOVIES,P012,D008,195.3,0.31,2025-12-31T23:59:00
2025-03-12,18,MOVIES,P013,D007,151.2,0.24,2025-12-31T23:59:00
2025-03-12,10,MOVIES,P009,D006,75.6,0.12,2025-12-31T23:59:00
2025-03-12,20,ITV1,P015,D008,9267.3,14.71,2025-12-31T23:59:00
2025-03-12,17,ITV1,P038,D003,1108.8,1.76,2025-12-31T23:59:00
2025-03-12,18,ITV1,P020,D009,2948.4,4.68,2025-12-31T23:59:00
2025-03-12,11,ITV1,P041,D012,2740.5,4.35,2025-12-31T23:59:00
2025-03-12,14,ITV1,P044,D003,1612.8,2.56,2025-12-31T23:59:00
2025-03-12,9,ITV1,P064,D008,1587.6,2.52,2025-12-31T23:59:00
2025-03-12,6,ITV1,P012,D006,1083.6,1.72,2025-12-31T23:59:00
2025-03-12,15,ITV1,P063,D013,875.7,1.39,2025-12-31T23:59:00
2025-03-12,8,ITV1,P057,D009,1713.6,2.72,2025-12-31T23:59:00
2025-03-12,16,ITV1,P025,D002,2721.6,4.32,2025-12-31T23:59:00
2025-03-12,12,ITV1,P038,D004,2715.3,4.31,2025-12-31T23:59:00
2025-03-12,22,ITV1,P025,D001,957.6,1.52,2025-12-31T23:59:00
2025-03-19,12,SKYONE,P036,D014,239.4,0.38,2025-12-31T23:59:00
2025-03-19,22,SKYONE,P044,D010,245.7,0.39,2025-12-31T23:59:00
2025-03-19,17,SKYONE,P023,D016,214.2,0.34,2025-12-31T23:59:00
2025-03-19,11,SKYONE,P060,D006,119.7,0.19,2025-12-31T23:59:00
2025-03-19,23,SKYONE,P013,D006,258.3,0.41,2025-12-31T23:59:00
2025-03-19,16,SKYONE,P025,D016,113.4,0.18,2025-12-31T23:59:00
2025-03-19,6,SKYONE,P059,D010,69.3,0.11,2025-12-31T23:59:00
2025-03-19,15,SKYONE,P056,D014,126.0,0.2,2025-12-31T23:59:00
2025-03-19,18,SKYONE,P049,D012,239.4,0.38,2025-12-31T23:59:00
2025-03-19,19,SKYONE,P016,D012,1215.9,1.93,2025-12-31T23:59:00
2025-03-19,17,ITV1,P047,D013,1694.7,2.69,2025-12-31T23:59:00
2025-03-19,8,ITV1,P016,D012,1039.5,1.65,2025-12-31T23:59:00
2025-03-19,13,ITV1,P004,D011,2797.2,4.44,2025-12-31T23:59:00
2025-03-19,21,ITV1,P027,D001,8026.2,12.74,2025-12-31T23:59:00
2025-03-19,16,ITV1,P048,D012,1845.9,2.93,2025-12-31T23:59:00
2025-03-19,9,ITV1,P032,D014,2016.0,3.2,2025-12-31T23:59:00
2025-03-19,10,ITV1,P037,D009,1776.6,2.82,2025-12-31T23:59:00
2025-03-19,23,ITV1,P012,D012,1209.6,1.92,2025-12-31T23:59:00
2025-03-19,14,ITV1,P044,D011,2091.6,3.32,2025-12-31T23:59:00
2025-03-19,11,ITV1,P060,D009,2954.7,4.69,2025-12-31T23:59:00
2025-03-19,22,ITV2,P005,D012,617.4,0.98,2025-12-31T23:59:00
2025-03-19,7,ITV2,P065,D008,592.2,0.94,2025-12-31T23:59:00
2025-03-19,9,ITV2,P060,D014,623.7,0.99,2025-12-31T23:59:00
2025-03-19,6,ITV2,P026,D003,554.4,0.88,2025-12-31T23:59:00
2025-03-19,21,ITV2,P007,D009,1442.7,2.29,2025-12-31T23:59:00
2025-03-19,12,ITV2,P014,D010,264.6,0.42,2025-12-31T23:59:00
2025-03-19,8,ITV2,P058,D006,699.3,1.11,2025-12-31T23:59:00
2025-03-19,23,ITV2,P040,D007,485.1,0.77,2025-12-31T23:59:00
2025-03-19,20,ITV2,P059,D004,2576.7,4.09,2025-12-31T23:59:00
2025-03-19,19,ITV2,P056,D015,1530.9,2.43,2025-12-31T23:59:00
2025-03-19,18,ITV2,P012,D013,630.0,1.0,2025-12-31T23:59:00
2025-03-19,17,ITV2,P023,D010,711.9,1.13,2025-12-31T23:59:00
2025-03-19,15,ITV2,P048,D007,441.0,0.7,2025-12-31T23:59:00
2025-03-19,13,BBC1,P020,D005,3578.4,5.68,2025-12-31T23:59:00
2025-03-19,10,BBC1,P065,D007,2538.9,4.03,2025-12-31T23:59:00
2025-03-19,20,BBC1,P024,D004,12593.7,19.99,2025-12-31T23:59:00
2025-03-19,17,BBC1,P031,D016,1852.2,2.94,2025-12-31T23:59:00
2025-03-19,19,BBC1,P057,D008,8290.8,13.16,2025-12-31T23:59:00
2025-03-19,21,BBC1,P029,D001,11081.7,17.59,2025-12-31T23:59:00
2025-03-19,22,BBC1,P017,D002,2475.9,3.93,2025-12-31T23:59:00
2025-03-19,18,BBC1,P010,D001,1663.2,2.64,2025-12-31T23:59:00
2025-03-19,14,BBC1,P065,D009,2381.4,3.78,2025-12-31T23:59:00
2025-03-19,23,BBC1,P060,D007,1663.2,2.64,2025-12-31T23:59:00
2025-03-19,15,BBC1,P020,D004,1493.1,2.37,2025-12-31T23:59:00
2025-03-19,12,BBC1,P015,D010,2866.5,4.55,2025-12-31T23:59:00
2025-03-19,6,BBC1,P061,D003,3748.5,5.95,2025-12-31T23:59:00
2025-03-19,21,MOVIES,P030,D013,1140.3,1.81,2025-12-31T23:59:00
2025-03-19,12,MOVIES,P029,D013,220.5,0.35,2025-12-31T23:59:00
2025-03-19,10,MOVIES,P020,D001,189.0,0.3,2025-12-31T23:59:00
2025-03-19,17,MOVIES,P023,D006,207.9,0.33,2025-12-31T23:59:00
2025-03-19,16,MOVIES,P010,D008,252.0,0.4,2025-12-31T23:59:00
2025-03-19,18,MOVIES,P017,D008,195.3,0.31,2025-12-31T23:59:00
2025-03-19,13,MOVIES,P024,D011,182.7,0.29,2025-12-31T23:59:00
2025-03-19,9,MOVIES,P002,D014,207.9,0.33,2025-12-31T23:59:00
2025-03-19,11,MOVIES,P008,D012,214.2,0.34,2025-12-31T23:59:00
2025-03-19,14,MOVIES,P006,D013,201.6,0.32,2025-12-31T23:59:00
2025-03-19,22,MOVIES,P010,D011,233.1,0.37,2025-12-31T23:59:00
2025-03-19,6,MOVIES,P020,D010,144.9,0.23,2025-12-31T23:59:00
2025-03-19,23,MOVIES,P017,D007,170.1,0.27,2025-12-31T23:59:00
2025-03-19,20,MOVIES,P006,D012,1064.7,1.69,2025-12-31T23:59:00
2025-03-19,16,MAIN,P011,D008,869.4,1.38,2025-12-31T23:59:00
2025-03-19,11,MAIN,P022,D010,825.3,1.31,2025-12-31T23:59:00
2025-03-19,7,MAIN,P005,D009,1134.0,1.8,2025-12-31T23:59:00
2025-03-19,14,MAIN,P020,D014,567.0,0.9,2025-12-31T23:59:00
2025-03-19,9,MAIN,P027,D006,1442.7,2.29,2025-12-31T23:59:00
2025-03-19,20,MAIN,P005,D016,2664.9,4.23,2025-12-31T23:59:00
2025-03-19,22,MAIN,P027,D007,976.5,1.55,2025-12-31T23:59:00
2025-03-19,8,MAIN,P021,D001,1234.8,1.96,2025-12-31T23:59:00
2025-03-19,15,CHAN5,P025,D001,459.9,0.73,2025-12-31T23:59:00
2025-03-19,11,CHAN5,P054,D013,1077.3,1.71,2025-12-31T23:59:00
2025-03-19,20,CHAN5,P001,D008,2942.1,4.67,2025-12-31T23:59:00
2025-03-19,7,CHAN5,P043,D004,674.1,1.07,2025-12-31T23:59:00
2025-03-19,17,CHAN5,P018,D012,711.9,1.13,2025-12-31T23:59:00
2025-03-19,22,CHAN5,P030,D004,724.5,1.15,2025-12-31T23:59:00
2025-03-19,12,CHAN5,P057,D008,592.2,0.94,2025-12-31T23:59:00
2025-03-19,14,CHAN5,P055,D003,573.3,0.91,2025-12-31T23:59:00
2025-03-19,18,CHAN5,P021,D016,516.6,0.82,2025-12-31T23:59:00
2025-03-19,20,CATCHUP,P017,D005,447.3,0.71,2025-12-31T23:59:00
2025-03-19,8,CATCHUP,P014,D014,119.7,0.19,2025-12-31T23:59:00
2025-03-19,23,CATCHUP,P020,D005,107.1,0.17,2025-12-31T23:59:00
2025-03-19,19,CATCHUP,P023,D013,516.6,0.82,2025-12-31T23:59:00
2025-03-19,18,CATCHUP,P016,D001,132.3,0.21,2025-12-31T23:59:00
2025-03-19,9,CATCHUP,P009,D011,126.0,0.2,2025-12-31T23:59:00
2025-03-19,7,CATCHUP,P022,D002,63.0,0.1,2025-12-31T23:59:00
2025-03-19,16,CATCHUP,P027,D001,44.1,0.07,2025-12-31T23:59:00
2025-03-19,6,CATCHUP,P015,D006,119.7,0.19,2025-12-31T23:59:00
2025-03-19,14,CATCHUP,P023,D004,157.5,0.25,2025-12-31T23:59:00
2025-03-19,21,CATCHUP,P018,D014,302.4,0.48,2025-12-31T23:59:00
2025-03-19,12,CATCHUP,P008,D014,176.4,0.28,2025-12-31T23:59:00
2025-03-26,18,CATCHUP,P004,D001,37.8,0.06,2025-12-31T23:59:00
2025-03-26,14,CATCHUP,P001,D016,151.2,0.24,2025-12-31T23:59:00
2025-03-26,20,CATCHUP,P027,D006,258.3,0.41,2025-12-31T23:59:00
2025-03-26,8,CATCHUP,P024,D007,138.6,0.22,2025-12-31T23:59:00
2025-03-26,11,CATCHUP,P011,D012,144.9,0.23,2025-12-31T23:59:00
2025-03-26,6,CATCHUP,P026,D009,75.6,0.12,2025-12-31T23:59:00
2025-03-26,21,CATCHUP,P010,D013,485.1,0.77,2025-12-31T23:59:00
2025-03-26,17,CATCHUP,P022,D009,94.5,0.15,2025-12-31T23:59:00
2025-03-26,13,CATCHUP,P011,D016,151.2,0.24,2025-12-31T23:59:00
2025-03-26,16,CATCHUP,P022,D001,37.8,0.06,2025-12-31T23:59:00
2025-03-26,9,CATCHUP,P023,D005,88.2,0.14,2025-12-31T23:59:00
2025-03-26,23,CATCHUP,P027,D016,37.8,0.06,2025-12-31T23:59:00
2025-03-26,10,CATCHUP,P017,D010,107.1,0.17,2025-12-31T23:59:00
2025-03-26,22,CATCHUP,P016,D016,163.8,0.26,2025-12-31T23:59:00
2025-03-26,12,FACTUAL,P004,D011,138.6,0.22,2025-12-31T23:59:00
2025-03-26,19,FACTUAL,P003,D002,737.1,1.17,2025-12-31T23:59:00
2025-03-26,20,FACTUAL,P022,D011,686.7,1.09,2025-12-31T23:59:00
2025-03-26,14,FACTUAL,P027,D014,245.7,0.39,2025-12-31T23:59:00
2025-03-26,8,FACTUAL,P003,D012,270.9,0.43,2025-12-31T23:59:00
2025-03-26,21,FACTUAL,P007,D012,774.9,1.23,2025-12-31T23:59:00
2025-03-26,15,FACTUAL,P010,D004,100.8,0.16,2025-12-31T23:59:00
2025-03-26,10,FACTUAL,P025,D007,195.3,0.31,2025-12-31T23:59:00
2025-03-26,6,FACTUAL,P009,D006,207.9,0.33,2025-12-31T23:59:00
2025-03-26,23,FACTUAL,P017,D001,182.7,0.29,2025-12-31T23:59:00
2025-03-26,17,FACTUAL,P004,D009,277.2,0.44,2025-12-31T23:59:00
2025-03-26,8,MOVIES,P030,D014,81.9,0.13,2025-12-31T23:59:00
2025-03-26,22,MOVIES,P028,D013,144.9,0.23,2025-12-31T23:59:00
2025-03-26,16,MOVIES,P004,D001,233.1,0.37,2025-12-31T23:59:00
2025-03-26,17,MOVIES,P008,D013,157.5,0.25,2025-12-31T23:59:00
2025-03-26,15,MOVIES,P017,D006,226.8,0.36,2025-12-31T23:59:00
2025-03-26,19,MOVIES,P025,D012,396.9,0.63,2025-12-31T23:59:00
2025-03-26,6,MOVIES,P015,D013,100.8,0.16,2025-12-31T23:59:00
2025-03-26,18,MOVIES,P006,D015,151.2,0.24,2025-12-31T23:59:00
2025-03-26,11,MOVIES,P025,D003,201.6,0.32,2025-12-31T23:59:00
2025-03-26,9,MOVIES,P011,D001,132.3,0.21,2025-12-31T23:59:00
2025-03-26,10,MOVIES,P008,D008,63.0,0.1,2025-12-31T23:59:00
2025-03-26,12,ITV2,P019,D012,516.6,0.82,2025-12-31T23:59:00
2025-03-26,10,ITV2,P022,D010,434.7,0.69,2025-12-31T23:59:00
2025-03-26,13,ITV2,P061,D010,220.5,0.35,2025-12-31T23:59:00
2025-03-26,20,ITV2,P053,D014,2211.3,3.51,2025-12-31T23:59:00
2025-03-26,8,ITV2,P030,D007,327.6,0.52,2025-12-31T23:59:00
2025-03-26,22,ITV2,P043,D001,428.4,0.68,2025-12-31T23:59:00
2025-03-26,9,ITV2,P040,D001,617.4,0.98,2025-12-31T23:59:00
2025-03-26,11,ITV2,P065,D012,718.2,1.14,2025-12-31T23:59:00
2025-03-26,13,ITV1,P042,D016,2853.9,4.53,2025-12-31T23:59:00
2025-03-26,6,ITV1,P046,D004,1197.0,1.9,2025-12-31T23:59:00
2025-03-26,10,ITV1,P037,D015,2551.5,4.05,2025-12-31T23:59:00
2025-03-26,12,ITV1,P010,D002,1631.7,2.59,2025-12-31T23:59:00
2025-03-26,21,ITV1,P015,D016,10766.7,17.09,2025-12-31T23:59:00
2025-03-26,17,ITV1,P004,D002,1978.2,3.14,2025-12-31T23:59:00
2025-03-26,8,ITV1,P023,D005,2564.1,4.07,2025-12-31T23:59:00
2025-03-26,11,ITV1,P041,D004,2979.9,4.73,2025-12-31T23:59:00
2025-03-26,20,ITV1,P035,D004,9821.7,15.59,2025-12-31T23:59:00
2025-03-26,22,ITV1,P001,D010,743.4,1.18,2025-12-31T23:59:00
2025-03-26,7,ITV1,P049,D005,1959.3,3.11,2025-12-31T23:59:00
2025-03-26,15,ITV1,P004,D005,2677.5,4.25,2025-12-31T23:59:00
2025-03-26,6,BBC2,P056,D016,900.9,1.43,2025-12-31T23:59:00
2025-03-26,19,BBC2,P023,D003,3654.0,5.8,2025-12-31T23:59:00
2025-03-26,12,BBC2,P027,D013,1228.5,1.95,2025-12-31T23:59:00
2025-03-26,13,BBC2,P055,D005,541.8,0.86,2025-12-31T23:59:00
2025-03-26,16,BBC2,P011,D012,1146.6,1.82,2025-12-31T23:59:00
2025-03-26,7,BBC2,P004,D004,768.6,1.22,2025-12-31T23:59:00
2025-03-26,20,BBC2,P034,D015,3250.8,5.16,2025-12-31T23:59:00
2025-03-26,21,BBC2,P057,D009,2910.6,4.62,2025-12-31T23:59:00
2025-03-26,20,MAIN,P014,D007,5033.7,7.99,2025-12-31T23:59:00
2025-03-26,23,MAIN,P028,D006,674.1,1.07,2025-12-31T23:59:00
2025-03-26,8,MAIN,P027,D009,875.7,1.39,2025-12-31T23:59:00
2025-03-26,19,MAIN,P023,D012,4851.0,7.7,2025-12-31T23:59:00
2025-03-26,7,MAIN,P007,D012,548.1,0.87,2025-12-31T23:59:00
2025-03-26,22,MAIN,P005,D006,674.1,1.07,2025-12-31T23:59:00
2025-03-26,6,MAIN,P016,D008,900.9,1.43,2025-12-31T23:59:00
2025-03-26,13,MAIN,P006,D002,863.1,1.37,2025-12-31T23:59:00
2025-03-26,7,CHAN5,P046,D015,522.9,0.83,2025-12-31T23:59:00
2025-03-26,13,CHAN5,P050,D013,1171.8,1.86,2025-12-31T23:59:00
2025-03-26,20,CHAN5,P029,D004,2066.4,3.28,2025-12-31T23:59:00
2025-03-26,18,CHAN5,P021,D016,989.1,1.57,2025-12-31T23:59:00
2025-03-26,21,CHAN5,P049,D007,3276.0,5.2,2025-12-31T23:59:00
2025-03-26,16,CHAN5,P038,D011,995.4,1.58,2025-12-31T23:59:00
2025-03-26,10,CHAN5,P058,D007,522.9,0.83,2025-12-31T23:59:00
2025-03-26,14,CHAN5,P061,D004,459.9,0.73,2025-12-31T23:59:00
2025-03-26,23,CHAN5,P063,D005,863.1,1.37,2025-12-31T23:59:00
2025-03-26,12,CHAN5,P021,D016,718.2,1.14,2025-12-31T23:59:00
2025-03-26,11,CHAN5,P046,D001,737.1,1.17,2025-12-31T23:59:00
2025-03-26,8,CHAN5,P036,D013,1039.5,1.65,2025-12-31T23:59:00
2025-04-02,6,BBC2,P060,D006,1134.0,1.8,2025-12-31T23:59:00
2025-04-02,13,BBC2,P005,D007,1121.4,1.78,2025-12-31T23:59:00
2025-04-02,16,BBC2,P065,D016,781.2,1.24,2025-12-31T23:59:00
2025-04-02,12,BBC2,P053,D011,1001.7,1.59,2025-12-31T23:59:00
2025-04-02,23,BBC2,P007,D008,1026.9,1.63,2025-12-31T23:59:00
2025-04-02,19,BBC2,P065,D007,4082.4,6.48,2025-12-31T23:59:00
2025-04-02,9,BBC2,P044,D005,384.3,0.61,2025-12-31T23:59:00
2025-04-02,17,BBC2,P026,D006,945.0,1.5,2025-12-31T23:59:00
2025-04-02,18,BBC2,P034,D007,831.6,1.32,2025-12-31T23:59:00
2025-04-02,14,BBC2,P043,D005,945.0,1.5,2025-12-31T23:59:00
2025-04-02,14,SKYATL,P050,D015,220.5,0.35,2025-12-31T23:59:00
2025-04-02,6,SKYATL,P016,D001,107.1,0.17,2025-12-31T23:59:00
2025-04-02,23,SKYATL,P013,D005,119.7,0.19,2025-12-31T23:59:00
2025-04-02,22,SKYATL,P008,D012,195.3,0.31,2025-12-31T23:59:00
2025-04-02,8,SKYATL,P027,D012,119.7,0.19,2025-12-31T23:59:00
2025-04-02,9,SKYATL,P062,D016,138.6,0.22,2025-12-31T23:59:00
2025-04-02,12,SKYATL,P065,D011,182.7,0.29,2025-12-31T23:59:00
2025-04-02,13,SKYATL,P058,D006,119.7,0.19,2025-12-31T23:59:00
2025-04-02,19,SKYATL,P031,D001,396.9,0.63,2025-12-31T23:59:00
2025-04-02,7,SKYATL,P015,D010,201.6,0.32,2025-12-31T23:59:00
2025-04-02,13,CHAN5,P003,D013,378.0,0.6,2025-12-31T23:59:00
2025-04-02,10,CHAN5,P051,D016,900.9,1.43,2025-12-31T23:59:00
2025-04-02,7,CHAN5,P032,D013,378.0,0.6,2025-12-31T23:59:00
2025-04-02,15,CHAN5,P009,D012,560.7,0.89,2025-12-31T23:59:00
2025-04-02,11,CHAN5,P019,D009,623.7,0.99,2025-12-31T23:59:00
2025-04-02,23,CHAN5,P050,D015,390.6,0.62,2025-12-31T23:59:00
2025-04-02,12,CHAN5,P010,D015,478.8,0.76,2025-12-31T23:59:00
2025-04-02,17,CHAN5,P060,D009,711.9,1.13,2025-12-31T23:59:00
2025-04-02,21,CATCHUP,P027,D001,226.8,0.36,2025-12-31T23:59:00
2025-04-02,22,CATCHUP,P030,D004,189.0,0.3,2025-12-31T23:59:00
2025-04-02,11,CATCHUP,P004,D013,113.4,0.18,2025-12-31T23:59:00
2025-04-02,17,CATCHUP,P005,D015,107.1,0.17,2025-12-31T23:59:00
2025-04-02,7,CATCHUP,P027,D006,50.4,0.08,2025-12-31T23:59:00
2025-04-02,15,CATCHUP,P022,D003,126.0,0.2,2025-12-31T23:59:00
2025-04-02,10,CATCHUP,P008,D009,157.5,0.25,2025-12-31T23:59:00
2025-04-02,13,CATCHUP,P021,D013,163.8,0.26,2025-12-31T23:59:00
2025-04-02,23,CATCHUP,P029,D007,176.4,0.28,2025-12-31T23:59:00
2025-04-02,8,CATCHUP,P022,D014,88.2,0.14,2025-12-31T23:59:00
2025-04-02,6,CATCHUP,P006,D002,113.4,0.18,2025-12-31T23:59:00
2025-04-02,12,CATCHUP,P001,D011,170.1,0.27,2025-12-31T23:59:00
2025-04-02,19,CATCHUP,P028,D010,371.7,0.59,2025-12-31T23:59:00
2025-04-02,20,CATCHUP,P013,D006,352.8,0.56,2025-12-31T23:59:00
2025-04-02,23,BBC1,P008,D008,3591.0,5.7,2025-12-31T23:59:00
2025-04-02,9,BBC1,P048,D012,2809.8,4.46,2025-12-31T23:59:00
2025-04-02,11,BBC1,P053,D009,1638.0,2.6,2025-12-31T23:59:00
2025-04-02,16,BBC1,P060,D004,1524.6,2.42,2025-12-31T23:59:00
2025-04-02,8,BBC1,P012,D016,1776.6,2.82,2025-12-31T23:59:00
2025-04-02,12,BBC1,P007,D007,2274.3,3.61,2025-12-31T23:59:00
2025-04-02,22,BBC1,P044,D008,3553.2,5.64,2025-12-31T23:59:00
2025-04-02,7,BBC1,P026,D008,1467.9,2.33,2025-12-31T23:59:00
2025-04-02,20,BBC1,P013,D006,9683.1,15.37,2025-12-31T23:59:00
2025-04-02,21,BBC1,P036,D007,7793.1,12.37,2025-12-31T23:59:00
2025-04-02,10,BBC1,P046,D005,1486.8,2.36,2025-12-31T23:59:00
2025-04-02,14,BBC1,P030,D010,1480.5,2.35,2025-12-31T23:59:00
2025-04-02,13,BBC1,P005,D004,3087.0,4.9,2025-12-31T23:59:00
2025-04-02,17,BBC1,P052,D005,2992.5,4.75,2025-12-31T23:59:00
2025-04-02,8,MAIN,P030,D003,1310.4,2.08,2025-12-31T23:59:00
2025-04-02,14,MAIN,P006,D015,1089.9,1.73,2025-12-31T23:59:00
2025-04-02,7,MAIN,P006,D004,1404.9,2.23,2025-12-31T23:59:00
2025-04-02,9,MAIN,P005,D011,1404.9,2.23,2025-12-31T23:59:00
2025-04-02,20,MAIN,P002,D001,3578.4,5.68,2025-12-31T23:59:00
2025-04-02,6,MAIN,P002,D006,1241.1,1.97,2025-12-31T23:59:00
2025-04-02,21,MAIN,P017,D008,2929.5,4.65,2025-12-31T23:59:00
2025-04-02,17,MAIN,P012,D002,1121.4,1.78,2025-12-31T23:59:00
2025-04-02,15,MAIN,P030,D011,1209.6,1.92,2025-12-31T23:59:00
2025-04-02,16,MAIN,P008,D006,567.0,0.9,2025-12-31T23:59:00
2025-04-02,22,MOVIES,P029,D005,163.8,0.26,2025-12-31T23:59:00
2025-04-02,21,MOVIES,P003,D009,800.1,1.27,2025-12-31T23:59:00
2025-04-02,15,MOVIES,P012,D007,233.1,0.37,2025-12-31T23:59:00
2025-04-02,8,MOVIES,P027,D011,220.5,0.35,2025-12-31T23:59:00
2025-04-02,12,MOVIES,P030,D007,170.1,0.27,2025-12-31T23:59:00
2025-04-02,6,MOVIES,P003,D006,75.6,0.12,2025-12-31T23:59:00
2025-04-02,13,MOVIES,P019,D015,88.2,0.14,2025-12-31T23:59:00
2025-04-02,17,MOVIES,P029,D005,94.5,0.15,2025-12-31T23:59:00
2025-04-02,11,MOVIES,P018,D015,226.8,0.36,2025-12-31T23:59:00
2025-04-02,10,MOVIES,P029,D006,107.1,0.17,2025-12-31T23:59:00
2025-04-02,14,MOVIES,P006,D006,81.9,0.13,2025-12-31T23:59:00
2025-04-02,23,FACTUAL,P028,D012,107.1,0.17,2025-12-31T23:59:00
2025-04-02,11,FACTUAL,P005,D008,132.3,0.21,2025-12-31T23:59:00
2025-04-02,15,FACTUAL,P007,D006,107.1,0.17,2025-12-31T23:59:00
2025-04-02,18,FACTUAL,P019,D005,289.8,0.46,2025-12-31T23:59:00
2025-04-02,6,FACTUAL,P007,D011,163.8,0.26,2025-12-31T23:59:00
2025-04-02,13,FACTUAL,P029,D007,151.2,0.24,2025-12-31T23:59:00
2025-04-02,7,FACTUAL,P004,D003,189.0,0.3,2025-12-31T23:59:00
2025-04-02,19,FACTUAL,P014,D016,554.4,0.88,2025-12-31T23:59:00
2025-04-02,17,FACTUAL,P012,D010,151.2,0.24,2025-12-31T23:59:00
2025-04-02,12,FACTUAL,P023,D011,157.5,0.25,2025-12-31T23:59:00
2025-04-02,14,FACTUAL,P023,D014,270.9,0.43,2025-12-31T23:59:00
2025-04-02,21,FACTUAL,P009,D006,1209.6,1.92,2025-12-31T23:59:00
2025-04-02,10,FACTUAL,P017,D013,151.2,0.24,2025-12-31T23:59:00
2025-04-09,20,CATCHUP,P005,D003,485.1,0.77,2025-12-31T23:59:00
2025-04-09,23,CATCHUP,P029,D001,182.7,0.29,2025-12-31T23:59:00
2025-04-09,18,CATCHUP,P002,D010,126.0,0.2,2025-12-31T23:59:00
2025-04-09,15,CATCHUP,P001,D003,119.7,0.19,2025-12-31T23:59:00
2025-04-09,22,CATCHUP,P014,D013,56.7,0.09,2025-12-31T23:59:00
2025-04-09,8,CATCHUP,P019,D006,44.1,0.07,2025-12-31T23:59:00
2025-04-09,14,CATCHUP,P023,D015,107.1,0.17,2025-12-31T23:59:00
2025-04-09,6,CATCHUP,P017,D003,100.8,0.16,2025-12-31T23:59:00
2025-04-09,13,CATCHUP,P003,D006,107.1,0.17,2025-12-31T23:59:00
2025-04-09,16,CATCHUP,P024,D004,151.2,0.24,2025-12-31T23:59:00
2025-04-09,19,CATCHUP,P005,D016,315.0,0.5,2025-12-31T23:59:00
2025-04-09,17,CATCHUP,P013,D014,138.6,0.22,2025-12-31T23:59:00
2025-04-09,7,CATCHUP,P010,D015,157.5,0.25,2025-12-31T23:59:00
2025-04-09,19,ITV1,P019,D008,6136.2,9.74,2025-12-31T23:59:00
2025-04-09,15,ITV1,P038,D015,2274.3,3.61,2025-12-31T23:59:00
2025-04-09,18,ITV1,P027,D006,2217.6,3.52,2025-12-31T23:59:00
2025-04-09,22,ITV1,P053,D004,2614.5,4.15,2025-12-31T23:59:00
2025-04-09,10,ITV1,P052,D008,1575.0,2.5,2025-12-31T23:59:00
2025-04-09,9,ITV1,P010,D002,2614.5,4.15,2025-12-31T23:59:00
2025-04-09,8,ITV1,P050,D014,2419.2,3.84,2025-12-31T23:59:00
2025-04-09,12,ITV1,P041,D010,2255.4,3.58,2025-12-31T23:59:00
2025-04-09,7,ITV1,P051,D014,2412.9,3.83,2025-12-31T23:59:00
2025-04-09,14,ITV1,P041,D012,844.2,1.34,2025-12-31T23:59:00
2025-04-09,20,ITV1,P016,D012,9141.3,14.51,2025-12-31T23:59:00
2025-04-09,6,ITV1,P037,D007,2520.0,4.0,2025-12-31T23:59:00
2025-04-09,12,SKYONE,P021,D011,119.7,0.19,2025-12-31T23:59:00
2025-04-09,14,SKYONE,P033,D005,264.6,0.42,2025-12-31T23:59:00
2025-04-09,20,SKYONE,P017,D016,390.6,0.62,2025-12-31T23:59:00
2025-04-09,23,SKYONE,P063,D013,258.3,0.41,2025-12-31T23:59:00
2025-04-09,10,SKYONE,P038,D013,233.1,0.37,2025-12-31T23:59:00
2025-04-09,15,SKYONE,P056,D005,289.8,0.46,2025-12-31T23:59:00
2025-04-09,7,SKYONE,P037,D003,308.7,0.49,2025-12-31T23:59:00
2025-04-09,19,SKYONE,P006,D015,831.6,1.32,2025-12-31T23:59:00
2025-04-09,11,SKYONE,P042,D013,264.6,0.42,2025-12-31T23:59:00
2025-04-09,16,SKYONE,P040,D013,182.7,0.29,2025-12-31T23:59:00
2025-04-09,21,SKYONE,P014,D012,535.5,0.85,2025-12-31T23:59:00
2025-04-09,8,SKYONE,P006,D004,302.4,0.48,2025-12-31T23:59:00
2025-04-09,13,SKYONE,P052,D013,270.9,0.43,2025-12-31T23:59:00
2025-04-09,9,SKYONE,P022,D007,239.4,0.38,2025-12-31T23:59:00
2025-04-09,12,BBC1,P020,D010,2828.7,4.49,2025-12-31T23:59:00
2025-04-09,10,BBC1,P012,D003,2583.0,4.1,2025-12-31T23:59:00
2025-04-09,6,BBC1,P007,D008,1934.1,3.07,2025-12-31T23:59:00
2025-04-09,15,BBC1,P052,D010,1411.2,2.24,2025-12-31T23:59:00
2025-04-09,16,BBC1,P039,D007,3490.2,5.54,2025-12-31T23:59:00
2025-04-09,23,BBC1,P062,D008,2249.1,3.57,2025-12-31T23:59:00
2025-04-09,13,BBC1,P053,D004,1474.2,2.34,2025-12-31T23:59:00
2025-04-09,19,BBC1,P035,D005,10300.5,16.35,2025-12-31T23:59:00
2025-04-09,14,BBC1,P014,D015,3143.7,4.99,2025-12-31T23:59:00
2025-04-09,11,BBC1,P008,D002,3553.2,5.64,2025-12-31T23:59:00
2025-04-09,9,ITV2,P030,D014,428.4,0.68,2025-12-31T23:59:00
2025-04-09,13,ITV2,P034,D009,441.0,0.7,2025-12-31T23:59:00
2025-04-09,21,ITV2,P049,D012,2784.6,4.42,2025-12-31T23:59:00
2025-04-09,23,ITV2,P042,D005,220.5,0.35,2025-12-31T23:59:00
2025-04-09,8,ITV2,P046,D011,554.4,0.88,2025-12-31T23:59:00
2025-04-09,10,ITV2,P051,D010,485.1,0.77,2025-12-31T23:59:00
2025-04-09,19,ITV2,P022,D014,3011.4,4.78,2025-12-31T23:59:00
2025-04-09,20,ITV2,P057,D016,1827.0,2.9,2025-12-31T23:59:00
2025-04-09,16,ITV2,P056,D002,466.2,0.74,2025-12-31T23:59:00
2025-04-09,14,ITV2,P045,D014,308.7,0.49,2025-12-31T23:59:00
2025-04-09,6,ITV2,P016,D013,705.6,1.12,2025-12-31T23:59:00
2025-04-09,17,ITV2,P047,D015,655.2,1.04,2025-12-31T23:59:00
2025-04-09,12,ITV2,P054,D008,226.8,0.36,2025-12-31T23:59:00
2025-04-09,19,MAIN,P011,D007,3969.0,6.3,2025-12-31T23:59:00
2025-04-09,7,MAIN,P018,D012,1278.9,2.03,2025-12-31T23:59:00
2025-04-09,15,MAIN,P012,D001,957.6,1.52,2025-12-31T23:59:00
2025-04-09,11,MAIN,P027,D005,1285.2,2.04,2025-12-31T23:59:00
2025-04-09,14,MAIN,P018,D016,856.8,1.36,2025-12-31T23:59:00
2025-04-09,20,MAIN,P009,D008,4013.1,6.37,2025-12-31T23:59:00
2025-04-09,21,MAIN,P019,D016,3427.2,5.44,2025-12-31T23:59:00
2025-04-09,13,MAIN,P006,D001,1241.1,1.97,2025-12-31T23:59:00
2025-04-09,12,MAIN,P003,D007,1171.8,1.86,2025-12-31T23:59:00
2025-04-09,6,MAIN,P009,D013,989.1,1.57,2025-12-31T23:59:00
2025-04-09,16,MAIN,P027,D010,1077.3,1.71,2025-12-31T23:59:00
2025-04-09,22,MAIN,P017,D010,882.0,1.4,2025-12-31T23:59:00
2025-04-09,8,BBC2,P053,D006,1033.2,1.64,2025-12-31T23:59:00
2025-04-09,19,BBC2,P013,D001,3427.2,5.44,2025-12-31T23:59:00
2025-04-09,10,BBC2,P042,D013,693.0,1.1,2025-12-31T23:59:00
2025-04-09,16,BBC2,P013,D009,384.3,0.61,2025-12-31T23:59:00
2025-04-09,7,BBC2,P026,D001,630.0,1.0,2025-12-31T23:59:00
2025-04-09,14,BBC2,P036,D007,573.3,0.91,2025-12-31T23:59:00
2025-04-09,15,BBC2,P014,D011,541.8,0.86,2025-12-31T23:59:00
2025-04-09,13,BBC2,P017,D006,340.2,0.54,2025-12-31T23:59:00
2025-04-09,23,BBC2,P064,D006,774.9,1.23,2025-12-31T23:59:00
2025-04-09,18,BBC2,P041,D002,1178.1,1.87,2025-12-31T23:59:00
2025-04-09,22,BBC2,P011,D003,1064.7,1.69,2025-12-31T23:59:00
2025-04-09,8,EXTRA,P009,D006,567.0,0.9,2025-12-31T23:59:00
2025-04-09,14,EXTRA,P015,D006,214.2,0.34,2025-12-31T23:59:00
2025-04-09,6,EXTRA,P001,D008,592.2,0.94,2025-12-31T23:59:00
2025-04-09,11,EXTRA,P016,D013,491.4,0.78,2025-12-31T23:59:00
2025-04-09,9,EXTRA,P011,D006,548.1,0.87,2025-12-31T23:59:00
2025-04-09,19,EXTRA,P003,D010,1001.7,1.59,2025-12-31T23:59:00
2025-04-09,12,EXTRA,P016,D014,409.5,0.65,2025-12-31T23:59:00
2025-04-09,22,EXTRA,P015,D003,453.6,0.72,2025-12-31T23:59:00
2025-04-09,15,EXTRA,P011,D002,239.4,0.38,2025-12-31T23:59:00
2025-04-09,7,EXTRA,P007,D012,296.1,0.47,2025-12-31T23:59:00
2025-04-09,20,EXTRA,P008,D006,1530.9,2.43,2025-12-31T23:59:00
2025-04-09,21,EXTRA,P017,D004,2160.9,3.43,2025-12-31T23:59:00
2025-04-09,18,EXTRA,P026,D015,296.1,0.47,2025-12-31T23:59:00
2025-04-16,6,CHAN5,P033,D014,913.5,1.45,2025-12-31T23:59:00
2025-04-16,7,CHAN5,P001,D013,522.9,0.83,2025-12-31T23:59:00
2025-04-16,9,CHAN5,P018,D001,1234.8,1.96,2025-12-31T23:59:00
2025-04-16,16,CHAN5,P023,D016,1197.0,1.9,2025-12-31T23:59:00
2025-04-16,11,CHAN5,P011,D004,655.2,1.04,2025-12-31T23:59:00
2025-04-16,17,CHAN5,P044,D009,321.3,0.51,2025-12-31T23:59:00
2025-04-16,20,CHAN5,P058,D008,3099.6,4.92,2025-12-31T23:59:00
2025-04-16,14,CHAN5,P014,D014,1127.7,1.79,2025-12-31T23:59:00
2025-04-16,21,CHAN5,P063,D002,2400.3,3.81,2025-12-31T23:59:00
2025-04-16,12,CHAN5,P065,D007,321.3,0.51,2025-12-31T23:59:00
2025-04-16,8,CHAN5,P003,D007,711.9,1.13,2025-12-31T23:59:00
2025-04-16,21,MOVIES,P025,D006,617.4,0.98,2025-12-31T23:59:00
2025-04-16,14,MOVIES,P024,D003,151.2,0.24,2025-12-31T23:59:00
2025-04-16,10,MOVIES,P016,D013,81.9,0.13,2025-12-31T23:59:00
2025-04-16,9,MOVIES,P009,D001,88.2,0.14,2025-12-31T23:59:00
2025-04-16,20,MOVIES,P013,D008,819.0,1.3,2025-12-31T23:59:00
2025-04-16,18,MOVIES,P018,D014,214.2,0.34,2025-12-31T23:59:00
2025-04-16,16,MOVIES,P010,D011,207.9,0.33,2025-12-31T23:59:00
2025-04-16,22,MOVIES,P020,D015,94.5,0.15,2025-12-31T23:59:00
2025-04-16,19,MOVIES,P004,D009,453.6,0.72,2025-12-31T23:59:00
2025-04-16,7,MOVIES,P007,D011,214.2,0.34,2025-12-31T23:59:00
2025-04-16,23,MOVIES,P010,D007,144.9,0.23,2025-12-31T23:59:00
2025-04-16,11,MOVIES,P010,D004,182.7,0.29,2025-12-31T23:59:00
2025-04-16,17,MOVIES,P002,D009,81.9,0.13,2025-12-31T23:59:00
2025-04-16,17,FACTUAL,P006,D016,119.7,0.19,2025-12-31T23:59:00
2025-04-16,12,FACTUAL,P017,D004,119.7,0.19,2025-12-31T23:59:00
2025-04-16,9,FACTUAL,P016,D005,69.3,0.11,2025-12-31T23:59:00
2025-04-16,23,FACTUAL,P025,D013,144.9,0.23,2025-12-31T23:59:00
2025-04-16,19,FACTUAL,P028,D006,774.9,1.23,2025-12-31T23:59:00
2025-04-16,6,FACTUAL,P020,D005,296.1,0.47,2025-12-31T23:59:00
2025-04-16,14,FACTUAL,P009,D012,252.0,0.4,2025-12-31T23:59:00
2025-04-16,22,FACTUAL,P003,D010,69.3,0.11,2025-12-31T23:59:00
2025-04-16,15,FACTUAL,P001,D001,270.9,0.43,2025-12-31T23:59:00
2025-04-16,8,FACTUAL,P011,D008,75.6,0.12,2025-12-31T23:59:00
2025-04-16,19,BBC1,P042,D014,8637.3,13.71,2025-12-31T23:59:00
2025-04-16,16,BBC1,P061,D005,3200.4,5.08,2025-12-31T23:59:00
2025-04-16,21,BBC1,P033,D014,11459.7,18.19,2025-12-31T23:59:00
2025-04-16,10,BBC1,P013,D005,2614.5,4.15,2025-12-31T23:59:00
2025-04-16,20,BBC1,P032,D015,12568.5,19.95,2025-12-31T23:59:00
2025-04-16,17,BBC1,P029,D011,1417.5,2.25,2025-12-31T23:59:00
2025-04-16,15,BBC1,P001,D005,2475.9,3.93,2025-12-31T23:59:00
2025-04-16,9,BBC1,P027,D014,2828.7,4.49,2025-12-31T23:59:00
2025-04-16,8,BBC1,P043,D006,2746.8,4.36,2025-12-31T23:59:00
2025-04-16,14,BBC1,P007,D012,3187.8,5.06,2025-12-31T23:59:00
2025-04-16,11,BBC1,P052,D016,2961.0,4.7,2025-12-31T23:59:00
2025-04-16,11,ITV1,P001,D004,1499.4,2.38,2025-12-31T23:59:00
2025-04-16,20,ITV1,P024,D003,8700.3,13.81,2025-12-31T23:59:00
2025-04-16,16,ITV1,P006,D003,1165.5,1.85,2025-12-31T23:59:00
2025-04-16,19,ITV1,P005,D016,9090.9,14.43,2025-12-31T23:59:00
2025-04-16,9,ITV1,P051,D007,1871.1,2.97,2025-12-31T23:59:00
2025-04-16,21,ITV1,P064,D005,9582.3,15.21,2025-12-31T23:59:00
2025-04-16,6,ITV1,P026,D016,1436.4,2.28,2025-12-31T23:59:00
2025-04-16,15,ITV1,P019,D006,2538.9,4.03,2025-12-31T23:59:00
2025-04-16,13,ITV1,P048,D014,3042.9,4.83,2025-12-31T23:59:00
2025-04-16,17,EXTRA,P014,D005,189.0,0.3,2025-12-31T23:59:00
2025-04-16,22,EXTRA,P024,D011,252.0,0.4,2025-12-31T23:59:00
2025-04-16,20,EXTRA,P028,D014,1694.7,2.69,2025-12-31T23:59:00
2025-04-16,23,EXTRA,P001,D007,277.2,0.44,2025-12-31T23:59:00
2025-04-16,9,EXTRA,P018,D005,258.3,0.41,2025-12-31T23:59:00
2025-04-16,6,EXTRA,P003,D003,283.5,0.45,2025-12-31T23:59:00
2025-04-16,7,EXTRA,P011,D012,239.4,0.38,2025-12-31T23:59:00
2025-04-16,21,EXTRA,P022,D008,1310.4,2.08,2025-12-31T23:59:00
2025-04-16,12,EXTRA,P004,D016,617.4,0.98,2025-12-31T23:59:00
2025-04-16,10,SKYONE,P006,D001,189.0,0.3,2025-12-31T23:59:00
2025-04-16,17,SKYONE,P012,D011,176.4,0.28,2025-12-31T23:59:00
2025-04-16,22,SKYONE,P022,D015,283.5,0.45,2025-12-31T23:59:00
2025-04-16,19,SKYONE,P047,D007,396.9,0.63,2025-12-31T23:59:00
2025-04-16,21,SKYONE,P048,D015,844.2,1.34,2025-12-31T23:59:00
2025-04-16,16,SKYONE,P011,D001,289.8,0.46,2025-12-31T23:59:00
2025-04-16,12,SKYONE,P018,D012,189.0,0.3,2025-12-31T23:59:00
2025-04-16,23,SKYONE,P014,D001,289.8,0.46,2025-12-31T23:59:00
2025-04-16,18,SKYONE,P013,D007,107.1,0.17,2025-12-31T23:59:00
2025-04-16,14,SKYONE,P003,D016,220.5,0.35,2025-12-31T23:59:00
2025-04-16,7,SKYONE,P024,D013,132.3,0.21,2025-12-31T23:59:00
2025-04-16,20,SKYONE,P029,D012,1197.0,1.9,2025-12-31T23:59:00
2025-04-16,9,SKYONE,P047,D016,302.4,0.48,2025-12-31T23:59:00
2025-04-16,15,CATCHUP,P028,D006,138.6,0.22,2025-12-31T23:59:00
2025-04-16,22,CATCHUP,P025,D016,50.4,0.08,2025-12-31T23:59:00
2025-04-16,16,CATCHUP,P028,D016,81.9,0.13,2025-12-31T23:59:00
2025-04-16,19,CATCHUP,P021,D004,548.1,0.87,2025-12-31T23:59:00
2025-04-16,12,CATCHUP,P005,D001,157.5,0.25,2025-12-31T23:59:00
2025-04-16,9,CATCHUP,P008,D005,126.0,0.2,2025-12-31T23:59:00
2025-04-16,20,CATCHUP,P004,D016,516.6,0.82,2025-12-31T23:59:00
2025-04-16,17,CATCHUP,P006,D006,182.7,0.29,2025-12-31T23:59:00
2025-04-16,13,CATCHUP,P010,D011,100.8,0.16,2025-12-31T23:59:00
2025-04-16,14,CATCHUP,P027,D007,163.8,0.26,2025-12-31T23:59:00
2025-04-16,21,CATCHUP,P011,D001,447.3,0.71,2025-12-31T23:59:00
2025-04-16,6,CATCHUP,P019,D004,176.4,0.28,2025-12-31T23:59:00
2025-04-16,10,CATCHUP,P021,D013,157.5,0.25,2025-12-31T23:59:00
2025-04-16,23,CATCHUP,P030,D005,151.2,0.24,2025-12-31T23:59:00
2025-04-23,21,ITV2,P053,D006,2709.0,4.3,2025-12-31T23:59:00
2025-04-23,17,ITV2,P030,D005,737.1,1.17,2025-12-31T23:59:00
2025-04-23,9,ITV2,P002,D010,233.1,0.37,2025-12-31T23:59:00
2025-04-23,20,ITV2,P014,D006,2520.0,4.0,2025-12-31T23:59:00
2025-04-23,11,ITV2,P023,D006,472.5,0.75,2025-12-31T23:59:00
2025-04-23,16,ITV2,P052,D015,749.7,1.19,2025-12-31T23:59:00
2025-04-23,7,ITV2,P038,D001,296.1,0.47,2025-12-31T23:59:00
2025-04-23,19,ITV2,P056,D016,2727.9,4.33,2025-12-31T23:59:00
2025-04-23,6,ITV2,P019,D003,592.2,0.94,2025-12-31T23:59:00
2025-04-23,15,ITV2,P010,D001,623.7,0.99,2025-12-31T23:59:00
2025-04-23,18,ITV2,P058,D002,415.8,0.66,2025-12-31T23:59:00
2025-04-23,6,MAIN,P004,D012,1121.4,1.78,2025-12-31T23:59:00
2025-04-23,7,MAIN,P024,D013,1505.7,2.39,2025-12-31T23:59:00
2025-04-23,9,MAIN,P019,D007,1304.1,2.07,2025-12-31T23:59:00
2025-04-23,18,MAIN,P001,D003,1102.5,1.75,2025-12-31T23:59:00
2025-04-23,21,MAIN,P001,D012,3024.0,4.8,2025-12-31T23:59:00
2025-04-23,17,MAIN,P030,D015,1575.0,2.5,2025-12-31T23:59:00
2025-04-23,10,MAIN,P017,D004,1398.6,2.22,2025-12-31T23:59:00
2025-04-23,13,MAIN,P008,D001,693.0,1.1,2025-12-31T23:59:00
2025-04-23,16,MAIN,P001,D012,541.8,0.86,2025-12-31T23:59:00
2025-04-23,19,MAIN,P001,D009,3156.3,5.01,2025-12-31T23:59:00
2025-04-23,11,MAIN,P023,D009,1045.8,1.66,2025-12-31T23:59:00
2025-04-23,22,MAIN,P024,D008,1159.2,1.84,2025-12-31T23:59:00
2025-04-23,23,BBC1,P049,D015,3748.5,5.95,2025-12-31T23:59:00
2025-04-23,21,BBC1,P026,D001,7849.8,12.46,2025-12-31T23:59:00
2025-04-23,14,BBC1,P003,D010,2790.9,4.43,2025-12-31T23:59:00
2025-04-23,17,BBC1,P018,D014,2860.2,4.54,2025-12-31T23:59:00
2025-04-23,11,BBC1,P044,D008,3622.5,5.75,2025-12-31T23:59:00
2025-04-23,6,BBC1,P008,D007,1436.4,2.28,2025-12-31T23:59:00
2025-04-23,12,BBC1,P065,D010,1373.4,2.18,2025-12-31T23:59:00
2025-04-23,8,BBC1,P065,D007,2488.5,3.95,2025-12-31T23:59:00
2025-04-23,6,CATCHUP,P005,D011,170.1,0.27,2025-12-31T23:59:00
2025-04-23,9,CATCHUP,P029,D008,170.1,0.27,2025-12-31T23:59:00
2025-04-23,14,CATCHUP,P015,D009,138.6,0.22,2025-12-31T23:59:00
2025-04-23,21,CATCHUP,P029,D010,441.0,0.7,2025-12-31T23:59:00
2025-04-23,22,CATCHUP,P006,D016,176.4,0.28,2025-12-31T23:59:00
2025-04-23,7,CATCHUP,P007,D009,88.2,0.14,2025-12-31T23:59:00
2025-04-23,17,CATCHUP,P022,D006,50.4,0.08,2025-12-31T23:59:00
2025-04-23,16,CATCHUP,P006,D011,163.8,0.26,2025-12-31T23:59:00
2025-04-23,20,CATCHUP,P020,D002,434.7,0.69,2025-12-31T23:59:00
2025-04-23,12,CATCHUP,P006,D005,176.4,0.28,2025-12-31T23:59:00
2025-04-23,13,CATCHUP,P018,D005,176.4,0.28,2025-12-31T23:59:00
2025-04-23,23,CATCHUP,P011,D016,126.0,0.2,2025-12-31T23:59:00
2025-04-23,18,SKYONE,P065,D011,214.2,0.34,2025-12-31T23:59:00
2025-04-23,9,SKYONE,P023,D004,239.4,0.38,2025-12-31T23:59:00
2025-04-23,19,SKYONE,P009,D002,781.2,1.24,2025-12-31T23:59:00
2025-04-23,7,SKYONE,P058,D010,151.2,0.24,2025-12-31T23:59:00
2025-04-23,16,SKYONE,P022,D002,277.2,0.44,2025-12-31T23:59:00
2025-04-23,21,SKYONE,P051,D015,648.9,1.03,2025-12-31T23:59:00
2025-04-23,15,SKYONE,P037,D006,289.8,0.46,2025-12-31T23:59:00
2025-04-23,6,SKYONE,P052,D008,189.0,0.3,2025-12-31T23:59:00
2025-04-23,20,SKYONE,P008,D005,856.8,1.36,2025-12-31T23:59:00
2025-04-23,13,SKYONE,P026,D001,189.0,0.3,2025-12-31T23:59:00
2025-04-23,22,SKYONE,P008,D002,308.7,0.49,2025-12-31T23:59:00
2025-04-23,14,SKYONE,P021,D005,126.0,0.2,2025-12-31T23:59:00
2025-04-23,10,SKYONE,P023,D011,214.2,0.34,2025-12-31T23:59:00
2025-04-23,14,FACTUAL,P007,D009,277.2,0.44,2025-12-31T23:59:00
2025-04-23,8,FACTUAL,P015,D002,88.2,0.14,2025-12-31T23:59:00
2025-04-23,22,FACTUAL,P021,D001,258.3,0.41,2025-12-31T23:59:00
2025-04-23,17,FACTUAL,P024,D004,163.8,0.26,2025-12-31T23:59:00
2025-04-23,23,FACTUAL,P001,D012,308.7,0.49,2025-12-31T23:59:00
2025-04-23,15,FACTUAL,P005,D013,195.3,0.31,2025-12-31T23:59:00
2025-04-23,16,FACTUAL,P006,D009,63.0,0.1,2025-12-31T23:59:00
2025-04-23,19,FACTUAL,P023,D009,1241.1,1.97,2025-12-31T23:59:00
2025-04-23,21,FACTUAL,P001,D012,1203.3,1.91,2025-12-31T23:59:00
2025-04-23,9,CHAN5,P065,D005,1241.1,1.97,2025-12-31T23:59:00
2025-04-23,14,CHAN5,P064,D012,415.8,0.66,2025-12-31T23:59:00
2025-04-23,21,CHAN5,P006,D007,2797.2,4.44,2025-12-31T23:59:00
2025-04-23,12,CHAN5,P033,D005,718.2,1.14,2025-12-31T23:59:00
2025-04-23,15,CHAN5,P028,D005,680.4,1.08,2025-12-31T23:59:00
2025-04-23,22,CHAN5,P025,D016,592.2,0.94,2025-12-31T23:59:00
2025-04-23,23,CHAN5,P040,D015,781.2,1.24,2025-12-31T23:59:00
2025-04-23,17,CHAN5,P049,D015,535.5,0.85,2025-12-31T23:59:00
2025-04-23,8,CHAN5,P009,D012,844.2,1.34,2025-12-31T23:59:00
2025-04-23,22,ITV1,P035,D010,1228.5,1.95,2025-12-31T23:59:00
2025-04-23,9,ITV1,P036,D010,1373.4,2.18,2025-12-31T23:59:00
2025-04-23,23,ITV1,P022,D001,2116.8,3.36,2025-12-31T23:59:00
2025-04-23,18,ITV1,P011,D016,1310.4,2.08,2025-12-31T23:59:00
2025-04-23,20,ITV1,P031,D010,10999.8,17.46,2025-12-31T23:59:00
2025-04-23,15,ITV1,P007,D008,1260.0,2.0,2025-12-31T23:59:00
2025-04-23,16,ITV1,P046,D008,1751.4,2.78,2025-12-31T23:59:00
2025-04-23,7,ITV1,P064,D006,1997.1,3.17,2025-12-31T23:59:00
2025-04-23,11,ITV1,P016,D003,2488.5,3.95,2025-12-31T23:59:00
2025-04-23,19,ITV1,P042,D010,6489.0,10.3,2025-12-31T23:59:00
2025-04-23,21,ITV1,P061,D009,6463.8,10.26,2025-12-31T23:59:00
2025-04-23,8,ITV1,P029,D014,1650.6,2.62,2025-12-31T23:59:00
2025-04-30,6,SKYONE,P055,D010,195.3,0.31,2025-12-31T23:59:00
2025-04-30,17,SKYONE,P022,D010,201.6,0.32,2025-12-31T23:59:00
2025-04-30,8,SKYONE,P055,D012,189.0,0.3,2025-12-31T23:59:00
2025-04-30,18,SKYONE,P048,D007,207.9,0.33,2025-12-31T23:59:00
2025-04-30,20,SKYONE,P027,D007,352.8,0.56,2025-12-31T23:59:00
2025-04-30,19,SKYONE,P062,D003,1108.8,1.76,2025-12-31T23:59:00
2025-04-30,7,SKYONE,P057,D003,138.6,0.22,2025-12-31T23:59:00
2025-04-30,13,SKYONE,P040,D014,239.4,0.38,2025-12-31T23:59:00
2025-04-30,22,SKYONE,P026,D003,100.8,0.16,2025-12-31T23:59:00
2025-04-30,9,SKYONE,P061,D009,163.8,0.26,2025-12-31T23:59:00
2025-04-30,8,CATCHUP,P029,D004,113.4,0.18,2025-12-31T23:59:00
2025-04-30,14,CATCHUP,P003,D010,44.1,0.07,2025-12-31T23:59:00
2025-04-30,15,CATCHUP,P029,D008,107.1,0.17,2025-12-31T23:59:00
2025-04-30,22,CATCHUP,P011,D009,81.9,0.13,2025-12-31T23:59:00
2025-04-30,11,CATCHUP,P017,D013,44.1,0.07,2025-12-31T23:59:00
2025-04-30,16,CATCHUP,P007,D007,157.5,0.25,2025-12-31T23:59:00
2025-04-30,9,CATCHUP,P020,D011,157.5,0.25,2025-12-31T23:59:00
2025-04-30,12,CATCHUP,P016,D010,132.3,0.21,2025-12-31T23:59:00
2025-04-30,13,CATCHUP,P029,D003,100.8,0.16,2025-12-31T23:59:00
2025-04-30,23,CATCHUP,P016,D015,81.9,0.13,2025-12-31T23:59:00
2025-04-30,6,CATCHUP,P015,D013,132.3,0.21,2025-12-31T23:59:00
2025-04-30,23,ITV2,P034,D007,233.1,0.37,2025-12-31T23:59:00
2025-04-30,8,ITV2,P049,D010,233.1,0.37,2025-12-31T23:59:00
2025-04-30,18,ITV2,P030,D016,239.4,0.38,2025-12-31T23:59:00
2025-04-30,7,ITV2,P003,D012,623.7,0.99,2025-12-31T23:59:00
2025-04-30,21,ITV2,P022,D007,1505.7,2.39,2025-12-31T23:59:00
2025-04-30,12,ITV2,P043,D005,535.5,0.85,2025-12-31T23:59:00
2025-04-30,14,ITV2,P058,D006,598.5,0.95,2025-12-31T23:59:00
2025-04-30,17,ITV2,P050,D006,705.6,1.12,2025-12-31T23:59:00
2025-04-30,14,MAIN,P007,D006,1134.0,1.8,2025-12-31T23:59:00
2025-04-30,9,MAIN,P024,D003,856.8,1.36,2025-12-31T23:59:00
2025-04-30,22,MAIN,P017,D001,938.7,1.49,2025-12-31T23:59:00
2025-04-30,8,MAIN,P018,D011,875.7,1.39,2025-12-31T23:59:00
2025-04-30,21,MAIN,P027,D011,4378.5,6.95,2025-12-31T23:59:00
2025-04-30,15,MAIN,P030,D005,573.3,0.91,2025-12-31T23:59:00
2025-04-30,16,MAIN,P007,D005,516.6,0.82,2025-12-31T23:59:00
2025-04-30,10,MAIN,P027,D015,1493.1,2.37,2025-12-31T23:59:00
2025-04-30,18,MAIN,P024,D008,661.5,1.05,2025-12-31T23:59:00
2025-04-30,23,BBC1,P009,D015,2179.8,3.46,2025-12-31T23:59:00
2025-04-30,15,BBC1,P006,D004,1719.9,2.73,2025-12-31T23:59:00
2025-04-30,8,BBC1,P011,D012,2992.5,4.75,2025-12-31T23:59:00
2025-04-30,18,BBC1,P015,D010,2173.5,3.45,2025-12-31T23:59:00
2025-04-30,13,BBC1,P062,D006,2116.8,3.36,2025-12-31T23:59:00
2025-04-30,9,BBC1,P063,D011,3528.0,5.6,2025-12-31T23:59:00
2025-04-30,11,BBC1,P052,D001,2690.1,4.27,2025-12-31T23:59:00
2025-04-30,10,BBC1,P065,D007,2860.2,4.54,2025-12-31T23:59:00
2025-04-30,16,BBC1,P008,D016,3458.7,5.49,2025-12-31T23:59:00
2025-04-30,12,MOVIES,P005,D001,88.2,0.14,2025-12-31T23:59:00
2025-04-30,21,MOVIES,P004,D012,1146.6,1.82,2025-12-31T23:59:00
2025-04-30,10,MOVIES,P012,D008,144.9,0.23,2025-12-31T23:59:00
2025-04-30,8,MOVIES,P015,D011,182.7,0.29,2025-12-31T23:59:00
2025-04-30,17,MOVIES,P006,D003,81.9,0.13,2025-12-31T23:59:00
2025-04-30,9,MOVIES,P019,D011,176.4,0.28,2025-12-31T23:59:00
2025-04-30,13,MOVIES,P009,D011,239.4,0.38,2025-12-31T23:59:00
2025-04-30,22,MOVIES,P001,D003,113.4,0.18,2025-12-31T23:59:00
2025-04-30,6,MOVIES,P025,D002,144.9,0.23,2025-12-31T23:59:00
2025-04-30,20,MOVIES,P005,D016,1203.3,1.91,2025-12-31T23:59:00
2025-04-30,15,MOVIES,P013,D012,157.5,0.25,2025-12-31T23:59:00
2025-04-30,14,MOVIES,P013,D015,239.4,0.38,2025-12-31T23:59:00
2025-04-30,16,MOVIES,P015,D007,220.5,0.35,2025-12-31T23:59:00
2025-04-30,15,SKYATL,P065,D003,207.9,0.33,2025-12-31T23:59:00
2025-04-30,13,SKYATL,P051,D016,126.0,0.2,2025-12-31T23:59:00
2025-04-30,8,SKYATL,P055,D015,245.7,0.39,2025-12-31T23:59:00
2025-04-30,21,SKYATL,P045,D015,894.6,1.42,2025-12-31T23:59:00
2025-04-30,18,SKYATL,P038,D009,226.8,0.36,2025-12-31T23:59:00
2025-04-30,20,SKYATL,P005,D006,825.3,1.31,2025-12-31T23:59:00
2025-04-30,6,SKYATL,P050,D009,138.6,0.22,2025-12-31T23:59:00
2025-04-30,17,SKYATL,P027,D002,119.7,0.19,2025-12-31T23:59:00
2025-04-30,22,SKYATL,P021,D013,144.9,0.23,2025-12-31T23:59:00
2025-04-30,9,SKYATL,P029,D001,176.4,0.28,2025-12-31T23:59:00
2025-04-30,14,SKYATL,P034,D013,151.2,0.24,2025-12-31T23:59:00
2025-04-30,23,SKYATL,P022,D004,69.3,0.11,2025-12-31T23:59:00
2025-04-30,11,SKYATL,P018,D004,239.4,0.38,2025-12-31T23:59:00
2025-04-30,22,EXTRA,P008,D004,371.7,0.59,2025-12-31T23:59:00
2025-04-30,15,EXTRA,P025,D016,541.8,0.86,2025-12-31T23:59:00
2025-04-30,20,EXTRA,P024,D004,1965.6,3.12,2025-12-31T23:59:00
2025-04-30,23,EXTRA,P026,D013,315.0,0.5,2025-12-31T23:59:00
2025-04-30,6,EXTRA,P013,D004,617.4,0.98,2025-12-31T23:59:00
2025-04-30,18,EXTRA,P027,D014,371.7,0.59,2025-12-31T23:59:00
2025-04-30,19,EXTRA,P016,D012,1127.7,1.79,2025-12-31T23:59:00
2025-04-30,16,EXTRA,P028,D010,459.9,0.73,2025-12-31T23:59:00
2025-04-30,14,EXTRA,P010,D007,447.3,0.71,2025-12-31T23:59:00
2025-04-30,21,EXTRA,P028,D007,1524.6,2.42,2025-12-31T23:59:00
2025-04-30,13,EXTRA,P021,D003,529.2,0.84,2025-12-31T23:59:00
2025-05-07,15,MOVIES,P005,D003,132.3,0.21,2025-12-31T23:59:00
2025-05-07,13,MOVIES,P001,D001,157.5,0.25,2025-12-31T23:59:00
2025-05-07,14,MOVIES,P019,D006,220.5,0.35,2025-12-31T23:59:00
2025-05-07,23,MOVIES,P018,D008,138.6,0.22,2025-12-31T23:59:00
2025-05-07,16,MOVIES,P002,D011,75.6,0.12,2025-12-31T23:59:00
2025-05-07,19,MOVIES,P002,D005,674.1,1.07,2025-12-31T23:59:00
2025-05-07,20,MOVIES,P019,D006,982.8,1.56,2025-12-31T23:59:00
2025-05-07,21,MOVIES,P028,D003,1184.4,1.88,2025-12-31T23:59:00
2025-05-07,11,MOVIES,P004,D009,207.9,0.33,2025-12-31T23:59:00
2025-05-07,18,MOVIES,P013,D015,176.4,0.28,2025-12-31T23:59:00
2025-05-07,7,MOVIES,P009,D016,144.9,0.23,2025-12-31T23:59:00
2025-05-07,18,BBC2,P051,D012,957.6,1.52,2025-12-31T23:59:00
2025-05-07,16,BBC2,P022,D007,1134.0,1.8,2025-12-31T23:59:00
2025-05-07,22,BBC2,P054,D006,384.3,0.61,2025-12-31T23:59:00
2025-05-07,9,BBC2,P013,D010,1197.0,1.9,2025-12-31T23:59:00
2025-05-07,14,BBC2,P010,D012,1102.5,1.75,2025-12-31T23:59:00
2025-05-07,20,BBC2,P031,D003,3345.3,5.31,2025-12-31T23:59:00
2025-05-07,7,BBC2,P027,D001,699.3,1.11,2025-12-31T23:59:00
2025-05-07,8,BBC2,P009,D016,900.9,1.43,2025-12-31T23:59:00
2025-05-07,21,BBC2,P013,D011,2935.8,4.66,2025-12-31T23:59:00
2025-05-07,11,BBC2,P055,D006,1121.4,1.78,2025-12-31T23:59:00
2025-05-07,10,BBC2,P026,D002,642.6,1.02,2025-12-31T23:59:00
2025-05-07,12,BBC2,P052,D012,1146.6,1.82,2025-12-31T23:59:00
2025-05-07,13,BBC2,P056,D007,850.5,1.35,2025-12-31T23:59:00
2025-05-07,15,BBC2,P046,D001,522.9,0.83,2025-12-31T23:59:00
2025-05-07,15,SKYONE,P063,D006,107.1,0.17,2025-12-31T23:59:00
2025-05-07,8,SKYONE,P010,D006,239.4,0.38,2025-12-31T23:59:00
2025-05-07,16,SKYONE,P027,D006,201.6,0.32,2025-12-31T23:59:00
2025-05-07,20,SKYONE,P057,D003,957.6,1.52,2025-12-31T23:59:00
2025-05-07,10,SKYONE,P005,D011,207.9,0.33,2025-12-31T23:59:00
2025-05-07,12,SKYONE,P020,D008,75.6,0.12,2025-12-31T23:59:00
2025-05-07,21,SKYONE,P054,D012,648.9,1.03,2025-12-31T23:59:00
2025-05-07,9,SKYONE,P054,D006,220.5,0.35,2025-12-31T23:59:00
2025-05-07,18,SKYONE,P006,D014,283.5,0.45,2025-12-31T23:59:00
2025-05-07,7,SKYONE,P027,D014,245.7,0.39,2025-12-31T23:59:00
2025-05-07,6,SKYONE,P041,D001,302.4,0.48,2025-12-31T23:59:00
2025-05-07,14,SKYONE,P025,D001,283.5,0.45,2025-12-31T23:59:00
2025-05-07,22,SKYONE,P002,D006,239.4,0.38,2025-12-31T23:59:00
2025-05-07,19,SKYONE,P014,D001,812.7,1.29,2025-12-31T23:59:00
2025-05-07,10,SKYATL,P053,D004,226.8,0.36,2025-12-31T23:59:00
2025-05-07,12,SKYATL,P036,D010,151.2,0.24,2025-12-31T23:59:00
2025-05-07,13,SKYATL,P054,D012,63.0,0.1,2025-12-31T23:59:00
2025-05-07,14,SKYATL,P026,D005,220.5,0.35,2025-12-31T23:59:00
2025-05-07,16,SKYATL,P045,D007,113.4,0.18,2025-12-31T23:59:00
2025-05-07,9,SKYATL,P059,D008,226.8,0.36,2025-12-31T23:59:00
2025-05-07,17,SKYATL,P058,D005,201.6,0.32,2025-12-31T23:59:00
2025-05-07,20,SKYATL,P006,D007,258.3,0.41,2025-12-31T23:59:00
2025-05-07,18,SKYATL,P035,D002,157.5,0.25,2025-12-31T23:59:00
2025-05-07,19,SKYATL,P034,D010,844.2,1.34,2025-12-31T23:59:00
2025-05-07,22,SKYATL,P056,D005,107.1,0.17,2025-12-31T23:59:00
2025-05-07,13,EXTRA,P018,D009,491.4,0.78,2025-12-31T23:59:00
2025-05-07,16,EXTRA,P030,D013,617.4,0.98,2025-12-31T23:59:00
2025-05-07,19,EXTRA,P007,D002,1852.2,2.94,2025-12-31T23:59:00
2025-05-07,21,EXTRA,P012,D008,1341.9,2.13,2025-12-31T23:59:00
2025-05-07,10,EXTRA,P014,D016,415.8,0.66,2025-12-31T23:59:00
2025-05-07,7,EXTRA,P013,D015,409.5,0.65,2025-12-31T23:59:00
2025-05-07,20,EXTRA,P024,D010,1392.3,2.21,2025-12-31T23:59:00
2025-05-07,12,EXTRA,P024,D013,541.8,0.86,2025-12-31T23:59:00
2025-05-07,11,EXTRA,P008,D012,378.0,0.6,2025-12-31T23:59:00
2025-05-07,8,EXTRA,P021,D011,510.3,0.81,2025-12-31T23:59:00
2025-05-07,17,EXTRA,P020,D016,201.6,0.32,2025-12-31T23:59:00
2025-05-07,23,EXTRA,P005,D008,478.8,0.76,2025-12-31T23:59:00
2025-05-07,15,EXTRA,P012,D010,522.9,0.83,2025-12-31T23:59:00
2025-05-07,19,BBC1,P035,D010,8108.1,12.87,2025-12-31T23:59:00
2025-05-07,17,BBC1,P023,D012,1745.1,2.77,2025-12-31T23:59:00
2025-05-07,16,BBC1,P016,D012,1650.6,2.62,2025-12-31T23:59:00
2025-05-07,9,BBC1,P008,D011,3131.1,4.97,2025-12-31T23:59:00
2025-05-07,23,BBC1,P018,D003,1940.4,3.08,2025-12-31T23:59:00
2025-05-07,12,BBC1,P055,D015,3112.2,4.94,2025-12-31T23:59:00
2025-05-07,7,BBC1,P045,D003,2847.6,4.52,2025-12-31T23:59:00
2025-05-07,13,BBC1,P059,D009,1688.4,2.68,2025-12-31T23:59:00
2025-05-07,20,BBC1,P028,D009,9072.0,14.4,2025-12-31T23:59:00
2025-05-07,15,BBC1,P044,D008,2872.8,4.56,2025-12-31T23:59:00
2025-05-07,8,BBC1,P016,D012,3061.8,4.86,2025-12-31T23:59:00
2025-05-07,18,BBC1,P004,D002,2879.1,4.57,2025-12-31T23:59:00
2025-05-07,11,BBC1,P047,D004,3276.0,5.2,2025-12-31T23:59:00
2025-05-07,22,BBC1,P043,D009,3647.7,5.79,2025-12-31T23:59:00
2025-05-07,13,MAIN,P029,D015,1323.0,2.1,2025-12-31T23:59:00
2025-05-07,21,MAIN,P017,D011,4126.5,6.55,2025-12-31T23:59:00
2025-05-07,18,MAIN,P019,D005,951.3,1.51,2025-12-31T23:59:00
2025-05-07,17,MAIN,P012,D015,705.6,1.12,2025-12-31T23:59:00
2025-05-07,15,MAIN,P014,D011,1537.2,2.44,2025-12-31T23:59:00
2025-05-07,6,MAIN,P013,D002,1260.0,2.0,2025-12-31T23:59:00
2025-05-07,8,MAIN,P009,D004,611.1,0.97,2025-12-31T23:59:00
2025-05-07,11,MAIN,P012,D001,1253.7,1.99,2025-12-31T23:59:00
2025-05-07,7,MAIN,P021,D005,1474.2,2.34,2025-12-31T23:59:00
2025-05-07,14,MAIN,P024,D002,1442.7,2.29,2025-12-31T23:59:00
2025-05-07,19,MAIN,P004,D006,3452.4,5.48,2025-12-31T23:59:00
2025-05-07,22,MAIN,P014,D004,598.5,0.95,2025-12-31T23:59:00
2025-05-07,7,CATCHUP,P026,D003,170.1,0.27,2025-12-31T23:59:00
2025-05-07,21,CATCHUP,P015,D016,447.3,0.71,2025-12-31T23:59:00
2025-05-07,12,CATCHUP,P012,D011,132.3,0.21,2025-12-31T23:59:00
2025-05-07,11,CATCHUP,P012,D012,88.2,0.14,2025-12-31T23:59:00
2025-05-07,18,CATCHUP,P029,D013,44.1,0.07,2025-12-31T23:59:00
2025-05-07,8,CATCHUP,P015,D014,157.5,0.25,2025-12-31T23:59:00
2025-05-07,9,CATCHUP,P022,D004,31.5,0.05,2025-12-31T23:59:00
2025-05-07,23,CATCHUP,P020,D004,50.4,0.08,2025-12-31T23:59:00
2025-05-07,15,CATCHUP,P007,D015,170.1,0.27,2025-12-31T23:59:00
2025-05-07,13,CATCHUP,P014,D001,157.5,0.25,2025-12-31T23:59:00
2025-05-07,22,CATCHUP,P026,D014,107.1,0.17,2025-12-31T23:59:00
2025-05-07,10,CATCHUP,P016,D016,69.3,0.11,2025-12-31T23:59:00
2025-05-07,19,CATCHUP,P010,D002,390.6,0.62,2025-12-31T23:59:00
2025-05-07,20,CATCHUP,P006,D009,466.2,0.74,2025-12-31T23:59:00
2025-05-14,18,CATCHUP,P007,D008,157.5,0.25,2025-12-31T23:59:00
2025-05-14,22,CATCHUP,P027,D002,170.1,0.27,2025-12-31T23:59:00
2025-05-14,20,CATCHUP,P023,D016,283.5,0.45,2025-12-31T23:59:00
2025-05-14,7,CATCHUP,P022,D002,100.8,0.16,2025-12-31T23:59:00
2025-05-14,14,CATCHUP,P018,D007,56.7,0.09,2025-12-31T23:59:00
2025-05-14,9,CATCHUP,P021,D007,119.7,0.19,2025-12-31T23:59:00
2025-05-14,15,CATCHUP,P005,D008,113.4,0.18,2025-12-31T23:59:00
2025-05-14,17,CATCHUP,P021,D008,151.2,0.24,2025-12-31T23:59:00
2025-05-14,21,CATCHUP,P012,D013,535.5,0.85,2025-12-31T23:59:00
2025-05-14,6,CATCHUP,P024,D013,144.9,0.23,2025-12-31T23:59:00
2025-05-14,10,CATCHUP,P017,D013,119.7,0.19,2025-12-31T23:59:00
2025-05-14,14,ITV2,P040,D012,730.8,1.16,2025-12-31T23:59:00
2025-05-14,19,ITV2,P035,D016,2179.8,3.46,2025-12-31T23:59:00
2025-05-14,8,ITV2,P023,D009,441.0,0.7,2025-12-31T23:59:00
2025-05-14,10,ITV2,P045,D002,579.6,0.92,2025-12-31T23:59:00
2025-05-14,11,ITV2,P060,D003,743.4,1.18,2025-12-31T23:59:00
2025-05-14,9,ITV2,P010,D004,466.2,0.74,2025-12-31T23:59:00
2025-05-14,16,ITV2,P057,D008,289.8,0.46,2025-12-31T23:59:00
2025-05-14,6,ITV2,P058,D004,258.3,0.41,2025-12-31T23:59:00
2025-05-14,21,ITV2,P011,D001,3087.0,4.9,2025-12-31T23:59:00
2025-05-14,17,SKYONE,P002,D013,207.9,0.33,2025-12-31T23:59:00
2025-05-14,14,SKYONE,P030,D012,119.7,0.19,2025-12-31T23:59:00
2025-05-14,12,SKYONE,P045,D008,207.9,0.33,2025-12-31T23:59:00
2025-05-14,7,SKYONE,P065,D008,308.7,0.49,2025-12-31T23:59:00
2025-05-14,23,SKYONE,P009,D003,151.2,0.24,2025-12-31T23:59:00
2025-05-14,8,SKYONE,P034,D001,252.0,0.4,2025-12-31T23:59:00
2025-05-14,18,SKYONE,P056,D003,176.4,0.28,2025-12-31T23:59:00
2025-05-14,15,SKYONE,P035,D007,277.2,0.44,2025-12-31T23:59:00
2025-05-14,13,SKYONE,P024,D015,220.5,0.35,2025-12-31T23:59:00
2025-05-14,16,SKYONE,P028,D001,289.8,0.46,2025-12-31T23:59:00
2025-05-14,20,SKYONE,P032,D009,1089.9,1.73,2025-12-31T23:59:00
2025-05-14,19,SKYONE,P027,D012,1203.3,1.91,2025-12-31T23:59:00
2025-05-14,11,SKYONE,P029,D001,126.0,0.2,2025-12-31T23:59:00
2025-05-14,10,SKYONE,P006,D011,107.1,0.17,2025-12-31T23:59:00
2025-05-14,23,MAIN,P029,D014,623.7,0.99,2025-12-31T23:59:00
2025-05-14,18,MAIN,P012,D016,674.1,1.07,2025-12-31T23:59:00
2025-05-14,9,MAIN,P017,D001,642.6,1.02,2025-12-31T23:59:00
2025-05-14,12,MAIN,P024,D010,1071.0,1.7,2025-12-31T23:59:00
2025-05-14,22,MAIN,P007,D008,529.2,0.84,2025-12-31T23:59:00
2025-05-14,10,MAIN,P003,D013,819.0,1.3,2025-12-31T23:59:00
2025-05-14,17,MAIN,P030,D015,535.5,0.85,2025-12-31T23:59:00
2025-05-14,19,MAIN,P028,D014,4126.5,6.55,2025-12-31T23:59:00
2025-05-14,11,MAIN,P021,D014,749.7,1.19,2025-12-31T23:59:00
2025-05-14,6,MAIN,P029,D005,1228.5,1.95,2025-12-31T23:59:00
2025-05-14,7,MAIN,P008,D012,793.8,1.26,2025-12-31T23:59:00
2025-05-14,11,FACTUAL,P012,D003,308.7,0.49,2025-12-31T23:59:00
2025-05-14,10,FACTUAL,P002,D007,100.8,0.16,2025-12-31T23:59:00
2025-05-14,23,FACTUAL,P030,D012,182.7,0.29,2025-12-31T23:59:00
2025-05-14,21,FACTUAL,P009,D003,636.3,1.01,2025-12-31T23:59:00
2025-05-14,16,FACTUAL,P026,D002,107.1,0.17,2025-12-31T23:59:00
2025-05-14,8,FACTUAL,P028,D008,296.1,0.47,2025-12-31T23:59:00
2025-05-14,17,FACTUAL,P010,D001,264.6,0.42,2025-12-31T23:59:00
2025-05-14,9,FACTUAL,P024,D009,258.3,0.41,2025-12-31T23:59:00
2025-05-14,6,FACTUAL,P015,D012,151.2,0.24,2025-12-31T23:59:00
2025-05-14,16,MOVIES,P012,D012,214.2,0.34,2025-12-31T23:59:00
2025-05-14,21,MOVIES,P002,D001,1077.3,1.71,2025-12-31T23:59:00
2025-05-14,10,MOVIES,P006,D007,189.0,0.3,2025-12-31T23:59:00
2025-05-14,8,MOVIES,P026,D003,126.0,0.2,2025-12-31T23:59:00
2025-05-14,20,MOVIES,P016,D012,1071.0,1.7,2025-12-31T23:59:00
2025-05-14,15,MOVIES,P023,D013,88.2,0.14,2025-12-31T23:59:00
2025-05-14,18,MOVIES,P021,D015,107.1,0.17,2025-12-31T23:59:00
2025-05-14,13,MOVIES,P018,D007,226.8,0.36,2025-12-31T23:59:00
2025-05-14,23,MOVIES,P019,D009,207.9,0.33,2025-12-31T23:59:00
2025-05-14,7,MOVIES,P020,D010,239.4,0.38,2025-12-31T23:59:00
2025-05-14,19,MOVIES,P027,D010,1039.5,1.65,2025-12-31T23:59:00
2025-05-14,12,MOVIES,P024,D009,170.1,0.27,2025-12-31T23:59:00
2025-05-14,11,MOVIES,P015,D003,176.4,0.28,2025-12-31T23:59:00
2025-05-14,22,MOVIES,P015,D003,151.2,0.24,2025-12-31T23:59:00
2025-05-14,15,CHAN5,P040,D007,491.4,0.78,2025-12-31T23:59:00
2025-05-14,11,CHAN5,P009,D008,623.7,0.99,2025-12-31T23:59:00
2025-05-14,7,CHAN5,P057,D004,642.6,1.02,2025-12-31T23:59:00
2025-05-14,19,CHAN5,P004,D014,2601.9,4.13,2025-12-31T23:59:00
2025-05-14,20,CHAN5,P004,D001,1789.2,2.84,2025-12-31T23:59:00
2025-05-14,22,CHAN5,P065,D011,1134.0,1.8,2025-12-31T23:59:00
2025-05-14,9,CHAN5,P064,D010,428.4,0.68,2025-12-31T23:59:00
2025-05-14,16,CHAN5,P049,D007,1115.1,1.77,2025-12-31T23:59:00
2025-05-14,7,SKYATL,P006,D015,214.2,0.34,2025-12-31T23:59:00
2025-05-14,11,SKYATL,P057,D012,220.5,0.35,2025-12-31T23:59:00
2025-05-14,18,SKYATL,P008,D012,220.5,0.35,2025-12-31T23:59:00
2025-05-14,8,SKYATL,P022,D009,69.3,0.11,2025-12-31T23:59:00
2025-05-14,23,SKYATL,P059,D011,113.4,0.18,2025-12-31T23:59:00
2025-05-14,21,SKYATL,P020,D011,630.0,1.0,2025-12-31T23:59:00
2025-05-14,16,SKYATL,P001,D005,220.5,0.35,2025-12-31T23:59:00
2025-05-14,15,SKYATL,P039,D013,189.0,0.3,2025-12-31T23:59:00
2025-05-14,12,SKYATL,P031,D001,132.3,0.21,2025-12-31T23:59:00
2025-05-14,17,SKYATL,P033,D015,245.7,0.39,2025-12-31T23:59:00
2025-05-21,9,SKYONE,P030,D008,207.9,0.33,2025-12-31T23:59:00
2025-05-21,17,SKYONE,P014,D010,277.2,0.44,2025-12-31T23:59:00
2025-05-21,19,SKYONE,P010,D008,989.1,1.57,2025-12-31T23:59:00
2025-05-21,18,SKYONE,P001,D010,69.3,0.11,2025-12-31T23:59:00
2025-05-21,23,SKYONE,P059,D006,296.1,0.47,2025-12-31T23:59:00
2025-05-21,22,SKYONE,P040,D006,176.4,0.28,2025-12-31T23:59:00
2025-05-21,11,SKYONE,P011,D004,207.9,0.33,2025-12-31T23:59:00
2025-05-21,6,SKYONE,P004,D004,220.5,0.35,2025-12-31T23:59:00
2025-05-21,21,SKYONE,P025,D015,705.6,1.12,2025-12-31T23:59:00
2025-05-21,7,SKYONE,P005,D001,296.1,0.47,2025-12-31T23:59:00
2025-05-21,10,SKYONE,P032,D003,315.0,0.5,2025-12-31T23:59:00
2025-05-21,20,SKYONE,P050,D010,989.1,1.57,2025-12-31T23:59:00
2025-05-21,16,SKYONE,P046,D002,157.5,0.25,2025-12-31T23:59:00
2025-05-21,12,SKYONE,P027,D012,296.1,0.47,2025-12-31T23:59:00
2025-05-21,21,ITV2,P013,D011,1537.2,2.44,2025-12-31T23:59:00
2025-05-21,16,ITV2,P060,D013,434.7,0.69,2025-12-31T23:59:00
2025-05-21,10,ITV2,P048,D002,264.6,0.42,2025-12-31T23:59:00
2025-05-21,18,ITV2,P014,D014,472.5,0.75,2025-12-31T23:59:00
2025-05-21,22,ITV2,P003,D005,226.8,0.36,2025-12-31T23:59:00
2025-05-21,23,ITV2,P063,D003,516.6,0.82,2025-12-31T23:59:00
2025-05-21,17,ITV2,P065,D002,510.3,0.81,2025-12-31T23:59:00
2025-05-21,9,ITV2,P046,D006,560.7,0.89,2025-12-31T23:59:00
2025-05-21,7,ITV2,P018,D014,661.5,1.05,2025-12-31T23:59:00
2025-05-21,15,ITV2,P032,D015,390.6,0.62,2025-12-31T23:59:00
2025-05-21,20,ITV2,P053,D005,3150.0,5.0,2025-12-31T23:59:00
2025-05-21,16,BBC2,P052,D015,554.4,0.88,2025-12-31T23:59:00
2025-05-21,10,BBC2,P042,D015,938.7,1.49,2025-12-31T23:59:00
2025-05-21,12,BBC2,P036,D007,793.8,1.26,2025-12-31T23:59:00
2025-05-21,14,BBC2,P054,D004,724.5,1.15,2025-12-31T23:59:00
2025-05-21,23,BBC2,P022,D016,756.0,1.2,2025-12-31T23:59:00
2025-05-21,6,BBC2,P031,D005,756.0,1.2,2025-12-31T23:59:00
2025-05-21,9,BBC2,P008,D013,485.1,0.77,2025-12-31T23:59:00
2025-05-21,21,BBC2,P018,D010,3773.7,5.99,2025-12-31T23:59:00
2025-05-21,13,BBC2,P004,D012,1008.0,1.6,2025-12-31T23:59:00
2025-05-21,7,BBC2,P019,D002,1115.1,1.77,2025-12-31T23:59:00
2025-05-21,20,BBC1,P015,D012,12555.9,19.93,2025-12-31T23:59:00
2025-05-21,9,BBC1,P062,D006,2022.3,3.21,2025-12-31T23:59:00
2025-05-21,22,BBC1,P017,D014,1921.5,3.05,2025-12-31T23:59:00
2025-05-21,7,BBC1,P020,D016,1978.2,3.14,2025-12-31T23:59:00
2025-05-21,11,BBC1,P024,D016,2312.1,3.67,2025-12-31T23:59:00
2025-05-21,21,BBC1,P027,D011,9273.6,14.72,2025-12-31T23:59:00
2025-05-21,18,BBC1,P029,D006,3584.7,5.69,2025-12-31T23:59:00
2025-05-21,6,BBC1,P052,D007,1442.7,2.29,2025-12-31T23:59:00
2025-05-21,17,BBC1,P047,D006,3553.2,5.64,2025-12-31T23:59:00
2025-05-21,19,BBC1,P019,D001,8574.3,13.61,2025-12-31T23:59:00
2025-05-21,12,BBC1,P027,D016,1782.9,2.83,2025-12-31T23:59:00
2025-05-21,14,BBC1,P012,D010,3124.8,4.96,2025-12-31T23:59:00
2025-05-21,10,BBC1,P007,D002,3553.2,5.64,2025-12-31T23:59:00
2025-05-21,23,BBC1,P015,D006,2469.6,3.92,2025-12-31T23:59:00
2025-05-21,10,SKYATL,P056,D012,170.1,0.27,2025-12-31T23:59:00
2025-05-21,9,SKYATL,P007,D008,195.3,0.31,2025-12-31T23:59:00
2025-05-21,6,SKYATL,P041,D005,119.7,0.19,2025-12-31T23:59:00
2025-05-21,7,SKYATL,P045,D003,207.9,0.33,2025-12-31T23:59:00
2025-05-21,19,SKYATL,P041,D002,359.1,0.57,2025-12-31T23:59:00
2025-05-21,11,SKYATL,P055,D012,119.7,0.19,2025-12-31T23:59:00
2025-05-21,21,SKYATL,P017,D005,258.3,0.41,2025-12-31T23:59:00
2025-05-21,23,SKYATL,P057,D013,233.1,0.37,2025-12-31T23:59:00
2025-05-21,16,SKYATL,P025,D003,119.7,0.19,2025-12-31T23:59:00
2025-05-21,13,SKYATL,P001,D014,207.9,0.33,2025-12-31T23:59:00
2025-05-21,6,MOVIES,P030,D011,220.5,0.35,2025-12-31T23:59:00
2025-05-21,21,MOVIES,P003,D002,522.9,0.83,2025-12-31T23:59:00
2025-05-21,16,MOVIES,P011,D013,233.1,0.37,2025-12-31T23:59:00
2025-05-21,9,MOVIES,P025,D008,245.7,0.39,2025-12-31T23:59:00
2025-05-21,19,MOVIES,P005,D016,1089.9,1.73,2025-12-31T23:59:00
2025-05-21,17,MOVIES,P029,D014,214.2,0.34,2025-12-31T23:59:00
2025-05-21,12,MOVIES,P022,D005,113.4,0.18,2025-12-31T23:59:00
2025-05-21,20,MOVIES,P016,D013,611.1,0.97,2025-12-31T23:59:00
2025-05-21,12,FACTUAL,P018,D015,245.7,0.39,2025-12-31T23:59:00
2025-05-21,22,FACTUAL,P009,D006,182.7,0.29,2025-12-31T23:59:00
2025-05-21,20,FACTUAL,P007,D008,604.8,0.96,2025-12-31T23:59:00
2025-05-21,15,FACTUAL,P010,D011,81.9,0.13,2025-12-31T23:59:00
2025-05-21,11,FACTUAL,P006,D005,94.5,0.15,2025-12-31T23:59:00
2025-05-21,17,FACTUAL,P029,D002,163.8,0.26,2025-12-31T23:59:00
2025-05-21,19,FACTUAL,P018,D010,976.5,1.55,2025-12-31T23:59:00
2025-05-21,8,FACTUAL,P011,D001,157.5,0.25,2025-12-31T23:59:00
2025-05-21,16,FACTUAL,P023,D015,88.2,0.14,2025-12-31T23:59:00
2025-05-21,10,CATCHUP,P006,D008,182.7,0.29,2025-12-31T23:59:00
2025-05-21,21,CATCHUP,P029,D004,579.6,0.92,2025-12-31T23:59:00
2025-05-21,11,CATCHUP,P026,D012,107.1,0.17,2025-12-31T23:59:00
2025-05-21,22,CATCHUP,P027,D006,107.1,0.17,2025-12-31T23:59:00
2025-05-21,17,CATCHUP,P019,D016,88.2,0.14,2025-12-31T23:59:00
2025-05-21,15,CATCHUP,P001,D016,56.7,0.09,2025-12-31T23:59:00
2025-05-21,14,CATCHUP,P011,D014,107.1,0.17,2025-12-31T23:59:00
2025-05-21,8,CATCHUP,P006,D011,151.2,0.24,2025-12-31T23:59:00
2025-05-21,18,CATCHUP,P010,D012,81.9,0.13,2025-12-31T23:59:00
2025-05-21,12,CATCHUP,P028,D015,157.5,0.25,2025-12-31T23:59:00
2025-05-21,20,CATCHUP,P014,D011,378.0,0.6,2025-12-31T23:59:00
2025-05-21,7,CATCHUP,P004,D006,81.9,0.13,2025-12-31T23:59:00
2025-05-21,23,CATCHUP,P021,D010,132.3,0.21,2025-12-31T23:59:00
2025-05-21,16,CATCHUP,P029,D001,63.0,0.1,2025-12-31T23:59:00
2025-05-28,16,MOVIES,P020,D010,119.7,0.19,2025-12-31T23:59:00
2025-05-28,19,MOVIES,P018,D011,869.4,1.38,2025-12-31T23:59:00
2025-05-28,18,MOVIES,P003,D006,126.0,0.2,2025-12-31T23:59:00
2025-05-28,15,MOVIES,P016,D014,245.7,0.39,2025-12-31T23:59:00
2025-05-28,10,MOVIES,P009,D009,138.6,0.22,2025-12-31T23:59:00
2025-05-28,11,MOVIES,P006,D010,151.2,0.24,2025-12-31T23:59:00
2025-05-28,14,MOVIES,P011,D015,81.9,0.13,2025-12-31T23:59:00
2025-05-28,13,MOVIES,P029,D004,126.0,0.2,2025-12-31T23:59:00
2025-05-28,6,MOVIES,P004,D012,81.9,0.13,2025-12-31T23:59:00
2025-05-28,20,SKYONE,P062,D009,718.2,1.14,2025-12-31T23:59:00
2025-05-28,22,SKYONE,P047,D009,289.8,0.46,2025-12-31T23:59:00
2025-05-28,6,SKYONE,P056,D012,245.7,0.39,2025-12-31T23:59:00
2025-05-28,15,SKYONE,P024,D001,220.5,0.35,2025-12-31T23:59:00
2025-05-28,11,SKYONE,P036,D005,189.0,0.3,2025-12-31T23:59:00
2025-05-28,21,SKYONE,P004,D001,787.5,1.25,2025-12-31T23:59:00
2025-05-28,17,SKYONE,P004,D005,239.4,0.38,2025-12-31T23:59:00
2025-05-28,8,SKYONE,P054,D016,144.9,0.23,2025-12-31T23:59:00
2025-05-28,12,SKYONE,P019,D006,107.1,0.17,2025-12-31T23:59:00
2025-05-28,14,SKYONE,P011,D002,220.5,0.35,2025-12-31T23:59:00
2025-05-28,19,SKYONE,P061,D001,1014.3,1.61,2025-12-31T23:59:00
2025-05-28,10,SKYONE,P001,D009,138.6,0.22,2025-12-31T23:59:00
2025-05-28,9,SKYONE,P001,D009,170.1,0.27,2025-12-31T23:59:00
2025-05-28,7,SKYONE,P047,D015,302.4,0.48,2025-12-31T23:59:00
2025-05-28,12,BBC1,P033,D002,1915.2,3.04,2025-12-31T23:59:00
2025-05-28,22,BBC1,P050,D004,3112.2,4.94,2025-12-31T23:59:00
2025-05-28,7,BBC1,P058,D003,3118.5,4.95,2025-12-31T23:59:00
2025-05-28,13,BBC1,P046,D010,1896.3,3.01,2025-12-31T23:59:00
2025-05-28,17,BBC1,P059,D005,3017.7,4.79,2025-12-31T23:59:00
2025-05-28,6,BBC1,P061,D006,2469.6,3.92,2025-12-31T23:59:00
2025-05-28,20,BBC1,P045,D005,12297.6,19.52,2025-12-31T23:59:00
2025-05-28,21,BBC1,P060,D007,7956.9,12.63,2025-12-31T23:59:00
2025-05-28,19,BBC1,P051,D015,9645.3,15.31,2025-12-31T23:59:00
2025-05-28,14,BBC1,P033,D011,1801.8,2.86,2025-12-31T23:59:00
2025-05-28,11,BBC1,P010,D012,3162.6,5.02,2025-12-31T23:59:00
2025-05-28,18,BBC1,P045,D008,2998.8,4.76,2025-12-31T23:59:00
2025-05-28,7,MAIN,P010,D016,951.3,1.51,2025-12-31T23:59:00
2025-05-28,18,MAIN,P012,D011,1020.6,1.62,2025-12-31T23:59:00
2025-05-28,12,MAIN,P001,D009,730.8,1.16,2025-12-31T23:59:00
2025-05-28,20,MAIN,P002,D006,3805.2,6.04,2025-12-31T23:59:00
2025-05-28,19,MAIN,P005,D008,4290.3,6.81,2025-12-31T23:59:00
2025-05-28,17,MAIN,P017,D004,1411.2,2.24,2025-12-31T23:59:00
2025-05-28,13,MAIN,P027,D006,1310.4,2.08,2025-12-31T23:59:00
2025-05-28,10,MAIN,P020,D010,1260.0,2.0,2025-12-31T23:59:00
2025-05-28,16,MAIN,P015,D008,982.8,1.56,2025-12-31T23:59:00
2025-05-28,8,MAIN,P009,D006,1026.9,1.63,2025-12-31T23:59:00
2025-05-28,11,MAIN,P016,D008,623.7,0.99,2025-12-31T23:59:00
2025-05-28,9,MAIN,P025,D010,510.3,0.81,2025-12-31T23:59:00
2025-05-28,6,MAIN,P007,D004,951.3,1.51,2025-12-31T23:59:00
2025-05-28,23,MAIN,P024,D015,1165.5,1.85,2025-12-31T23:59:00
2025-05-28,9,ITV2,P018,D007,308.7,0.49,2025-12-31T23:59:00
2025-05-28,13,ITV2,P037,D014,264.6,0.42,2025-12-31T23:59:00
2025-05-28,12,ITV2,P042,D013,680.4,1.08,2025-12-31T23:59:00
2025-05-28,15,ITV2,P007,D011,630.0,1.0,2025-12-31T23:59:00
2025-05-28,11,ITV2,P011,D010,239.4,0.38,2025-12-31T23:59:00
2025-05-28,22,ITV2,P060,D015,378.0,0.6,2025-12-31T23:59:00
2025-05-28,6,ITV2,P013,D001,724.5,1.15,2025-12-31T23:59:00
2025-05-28,19,ITV2,P017,D015,1732.5,2.75,2025-12-31T23:59:00
2025-05-28,20,ITV2,P012,D002,2526.3,4.01,2025-12-31T23:59:00
2025-05-28,23,ITV2,P018,D011,548.1,0.87,2025-12-31T23:59:00
2025-05-28,18,ITV2,P007,D005,686.7,1.09,2025-12-31T23:59:00
2025-05-28,17,ITV2,P028,D014,642.6,1.02,2025-12-31T23:59:00
2025-05-28,16,ITV2,P060,D006,201.6,0.32,2025-12-31T23:59:00
2025-05-28,16,FACTUAL,P022,D015,144.9,0.23,2025-12-31T23:59:00
2025-05-28,9,FACTUAL,P020,D014,182.7,0.29,2025-12-31T23:59:00
2025-05-28,8,FACTUAL,P001,D001,283.5,0.45,2025-12-31T23:59:00
2025-05-28,7,FACTUAL,P004,D011,107.1,0.17,2025-12-31T23:59:00
2025-05-28,17,FACTUAL,P030,D001,226.8,0.36,2025-12-31T23:59:00
2025-05-28,23,FACTUAL,P020,D001,270.9,0.43,2025-12-31T23:59:00
2025-05-28,10,FACTUAL,P013,D007,233.1,0.37,2025-12-31T23:59:00
2025-05-28,21,FACTUAL,P011,D011,951.3,1.51,2025-12-31T23:59:00
2025-05-28,20,BBC2,P029,D010,2835.0,4.5,2025-12-31T23:59:00
2025-05-28,6,BBC2,P013,D005,346.5,0.55,2025-12-31T23:59:00
2025-05-28,13,BBC2,P058,D012,756.0,1.2,2025-12-31T23:59:00
2025-05-28,16,BBC2,P043,D001,535.5,0.85,2025-12-31T23:59:00
2025-05-28,11,BBC2,P009,D010,497.7,0.79,2025-12-31T23:59:00
2025-05-28,12,BBC2,P031,D002,1020.6,1.62,2025-12-31T23:59:00
2025-05-28,14,BBC2,P026,D016,403.2,0.64,2025-12-31T23:59:00
2025-05-28,10,BBC2,P007,D016,1152.9,1.83,2025-12-31T23:59:00
2025-05-28,18,CHAN5,P050,D014,422.1,0.67,2025-12-31T23:59:00
2025-05-28,13,CHAN5,P064,D015,1039.5,1.65,2025-12-31T23:59:00
2025-05-28,16,CHAN5,P002,D015,333.9,0.53,2025-12-31T23:59:00
2025-05-28,22,CHAN5,P013,D003,926.1,1.47,2025-12-31T23:59:00
2025-05-28,6,CHAN5,P057,D015,623.7,0.99,2025-12-31T23:59:00
2025-05-28,23,CHAN5,P008,D014,705.6,1.12,2025-12-31T23:59:00
2025-05-28,8,CHAN5,P013,D010,346.5,0.55,2025-12-31T23:59:00
2025-05-28,14,CHAN5,P061,D007,642.6,1.02,2025-12-31T23:59:00
2025-05-28,12,CHAN5,P003,D013,1089.9,1.73,2025-12-31T23:59:00
2025-05-28,7,CHAN5,P044,D007,863.1,1.37,2025-12-31T23:59:00
2025-05-28,20,CHAN5,P016,D015,3931.2,6.24,2025-12-31T23:59:00
2025-05-28,11,CHAN5,P007,D002,623.7,0.99,2025-12-31T23:59:00
2025-05-28,10,CHAN5,P017,D014,888.3,1.41,2025-12-31T23:59:00
2025-05-28,21,CHAN5,P065,D010,2450.7,3.89,2025-12-31T23:59:00
2025-06-04,6,SKYONE,P016,D013,245.7,0.39,2025-12-31T23:59:00
2025-06-04,22,SKYONE,P007,D016,252.0,0.4,2025-12-31T23:59:00
2025-06-04,11,SKYONE,P019,D008,195.3,0.31,2025-12-31T23:59:00
2025-06-04,17,SKYONE,P062,D008,189.0,0.3,2025-12-31T23:59:00
2025-06-04,9,SKYONE,P048,D005,207.9,0.33,2025-12-31T23:59:00
2025-06-04,23,SKYONE,P015,D012,195.3,0.31,2025-12-31T23:59:00
2025-06-04,16,SKYONE,P053,D013,207.9,0.33,2025-12-31T23:59:00
2025-06-04,7,SKYONE,P025,D010,283.5,0.45,2025-12-31T23:59:00
2025-06-04,15,SKYONE,P014,D014,63.0,0.1,2025-12-31T23:59:00
2025-06-04,12,SKYONE,P057,D011,132.3,0.21,2025-12-31T23:59:00
2025-06-04,20,BBC1,P062,D005,8032.5,12.75,2025-12-31T23:59:00
2025-06-04,19,BBC1,P035,D007,12511.8,19.86,2025-12-31T23:59:00
2025-06-04,8,BBC1,P041,D013,1537.2,2.44,2025-12-31T23:59:00
2025-06-04,13,BBC1,P046,D005,2431.8,3.86,2025-12-31T23:59:00
2025-06-04,11,BBC1,P036,D003,3257.1,5.17,2025-12-31T23:59:00
2025-06-04,6,BBC1,P001,D008,3609.9,5.73,2025-12-31T23:59:00
2025-06-04,14,BBC1,P026,D013,3723.3,5.91,2025-12-31T23:59:00
2025-06-04,9,BBC1,P031,D005,1871.1,2.97,2025-12-31T23:59:00
2025-06-04,7,BBC1,P007,D016,3534.3,5.61,2025-12-31T23:59:00
2025-06-04,17,MOVIES,P003,D013,69.3,0.11,2025-12-31T23:59:00
2025-06-04,18,MOVIES,P002,D015,176.4,0.28,2025-12-31T23:59:00
2025-06-04,20,MOVIES,P004,D006,604.8,0.96,2025-12-31T23:59:00
2025-06-04,8,MOVIES,P022,D015,207.9,0.33,2025-12-31T23:59:00
2025-06-04,12,MOVIES,P005,D014,170.1,0.27,2025-12-31T23:59:00
2025-06-04,14,MOVIES,P023,D007,100.8,0.16,2025-12-31T23:59:00
2025-06-04,23,MOVIES,P013,D011,144.9,0.23,2025-12-31T23:59:00
2025-06-04,21,MOVIES,P013,D008,674.1,1.07,2025-12-31T23:59:00
2025-06-04,19,MOVIES,P022,D005,1209.6,1.92,2025-12-31T23:59:00
2025-06-04,9,EXTRA,P012,D016,453.6,0.72,2025-12-31T23:59:00
2025-06-04,18,EXTRA,P010,D005,592.2,0.94,2025-12-31T23:59:00
2025-06-04,16,EXTRA,P020,D009,573.3,0.91,2025-12-31T23:59:00
2025-06-04,14,EXTRA,P007,D014,617.4,0.98,2025-12-31T23:59:00
2025-06-04,13,EXTRA,P022,D004,617.4,0.98,2025-12-31T23:59:00
2025-06-04,17,EXTRA,P008,D004,333.9,0.53,2025-12-31T23:59:00
2025-06-04,12,EXTRA,P001,D001,585.9,0.93,2025-12-31T23:59:00
2025-06-04,7,EXTRA,P013,D014,447.3,0.71,2025-12-31T23:59:00
2025-06-04,21,EXTRA,P016,D004,1600.2,2.54,2025-12-31T23:59:00
2025-06-04,13,BBC2,P012,D001,705.6,1.12,2025-12-31T23:59:00
2025-06-04,20,BBC2,P024,D009,3603.6,5.72,2025-12-31T23:59:00
2025-06-04,11,BBC2,P011,D013,352.8,0.56,2025-12-31T23:59:00
2025-06-04,8,BBC2,P017,D013,850.5,1.35,2025-12-31T23:59:00
2025-06-04,18,BBC2,P059,D012,327.6,0.52,2025-12-31T23:59:00
2025-06-04,6,BBC2,P055,D009,1152.9,1.83,2025-12-31T23:59:00
2025-06-04,16,BBC2,P027,D009,1121.4,1.78,2025-12-31T23:59:00
2025-06-04,15,BBC2,P033,D002,623.7,0.99,2025-12-31T23:59:00
2025-06-04,19,BBC2,P056,D002,3937.5,6.25,2025-12-31T23:59:00
2025-06-04,17,BBC2,P052,D004,875.7,1.39,2025-12-31T23:59:00
2025-06-04,14,BBC2,P041,D012,850.5,1.35,2025-12-31T23:59:00
2025-06-04,23,BBC2,P062,D014,636.3,1.01,2025-12-31T23:59:00
2025-06-04,10,ITV1,P016,D015,1738.8,2.76,2025-12-31T23:59:00
2025-06-04,20,ITV1,P039,D013,6104.7,9.69,2025-12-31T23:59:00
2025-06-04,22,ITV1,P037,D014,1430.1,2.27,2025-12-31T23:59:00
2025-06-04,21,ITV1,P025,D013,8939.7,14.19,2025-12-31T23:59:00
2025-06-04,18,ITV1,P051,D008,1386.0,2.2,2025-12-31T23:59:00
2025-06-04,8,ITV1,P055,D011,686.7,1.09,2025-12-31T23:59:00
2025-06-04,16,ITV1,P030,D012,1682.1,2.67,2025-12-31T23:59:00
2025-06-04,11,ITV1,P056,D005,1360.8,2.16,2025-12-31T23:59:00
2025-06-04,12,ITV1,P023,D002,2394.0,3.8,2025-12-31T23:59:00
2025-06-04,19,ITV1,P054,D014,9708.3,15.41,2025-12-31T23:59:00
2025-06-04,15,ITV1,P039,D001,2513.7,3.99,2025-12-31T23:59:00
2025-06-04,23,CATCHUP,P005,D001,107.1,0.17,2025-12-31T23:59:00
2025-06-04,20,CATCHUP,P026,D005,434.7,0.69,2025-12-31T23:59:00
2025-06-04,22,CATCHUP,P006,D013,56.7,0.09,2025-12-31T23:59:00
2025-06-04,21,CATCHUP,P015,D013,245.7,0.39,2025-12-31T23:59:00
2025-06-04,7,CATCHUP,P015,D010,113.4,0.18,2025-12-31T23:59:00
2025-06-04,17,CATCHUP,P024,D010,163.8,0.26,2025-12-31T23:59:00
2025-06-04,9,CATCHUP,P021,D009,151.2,0.24,2025-12-31T23:59:00
2025-06-04,11,CATCHUP,P005,D005,170.1,0.27,2025-12-31T23:59:00
2025-06-04,8,CATCHUP,P011,D011,44.1,0.07,2025-12-31T23:59:00
2025-06-04,16,CATCHUP,P008,D012,56.7,0.09,2025-12-31T23:59:00
2025-06-04,19,CATCHUP,P014,D010,453.6,0.72,2025-12-31T23:59:00
2025-06-04,12,CATCHUP,P004,D012,138.6,0.22,2025-12-31T23:59:00
2025-06-04,13,CATCHUP,P007,D006,151.2,0.24,2025-12-31T23:59:00
2025-06-04,14,CATCHUP,P015,D010,44.1,0.07,2025-12-31T23:59:00
2025-06-04,15,SKYATL,P028,D004,207.9,0.33,2025-12-31T23:59:00
2025-06-04,14,SKYATL,P024,D009,214.2,0.34,2025-12-31T23:59:00
2025-06-04,17,SKYATL,P027,D001,151.2,0.24,2025-12-31T23:59:00
2025-06-04,13,SKYATL,P028,D007,75.6,0.12,2025-12-31T23:59:00
2025-06-04,21,SKYATL,P039,D008,825.3,1.31,2025-12-31T23:59:00
2025-06-04,10,SKYATL,P013,D010,151.2,0.24,2025-12-31T23:59:00
2025-06-04,19,SKYATL,P033,D003,863.1,1.37,2025-12-31T23:59:00
2025-06-04,16,SKYATL,P003,D001,207.9,0.33,2025-12-31T23:59:00
2025-06-04,22,SKYATL,P043,D013,94.5,0.15,2025-12-31T23:59:00
2025-06-11,6,EXTRA,P008,D005,207.9,0.33,2025-12-31T23:59:00
2025-06-11,17,EXTRA,P014,D003,422.1,0.67,2025-12-31T23:59:00
2025-06-11,10,EXTRA,P010,D003,567.0,0.9,2025-12-31T23:59:00
2025-06-11,9,EXTRA,P023,D006,384.3,0.61,2025-12-31T23:59:00
2025-06-11,7,EXTRA,P026,D011,567.0,0.9,2025-12-31T23:59:00
2025-06-11,23,EXTRA,P002,D009,585.9,0.93,2025-12-31T23:59:00
2025-06-11,20,EXTRA,P006,D010,1253.7,1.99,2025-12-31T23:59:00
2025-06-11,19,EXTRA,P012,D006,1190.7,1.89,2025-12-31T23:59:00
2025-06-11,13,EXTRA,P009,D003,296.1,0.47,2025-12-31T23:59:00
2025-06-11,22,EXTRA,P020,D004,214.2,0.34,2025-12-31T23:59:00
2025-06-11,14,SKYONE,P062,D001,126.0,0.2,2025-12-31T23:59:00
2025-06-11,17,SKYONE,P041,D016,302.4,0.48,2025-12-31T23:59:00
2025-06-11,21,SKYONE,P058,D006,333.9,0.53,2025-12-31T23:59:00
2025-06-11,19,SKYONE,P056,D005,466.2,0.74,2025-12-31T23:59:00
2025-06-11,8,SKYONE,P041,D009,207.9,0.33,2025-12-31T23:59:00
2025-06-11,9,SKYONE,P046,D014,107.1,0.17,2025-12-31T23:59:00
2025-06-11,12,SKYONE,P029,D011,264.6,0.42,2025-12-31T23:59:00
2025-06-11,16,SKYONE,P016,D004,119.7,0.19,2025-12-31T23:59:00
2025-06-11,22,SKYATL,P001,D003,94.5,0.15,2025-12-31T23:59:00
2025-06-11,6,SKYATL,P002,D012,144.9,0.23,2025-12-31T23:59:00
2025-06-11,16,SKYATL,P032,D002,201.6,0.32,2025-12-31T23:59:00
2025-06-11,21,SKYATL,P015,D011,472.5,0.75,2025-12-31T23:59:00
2025-06-11,10,SKYATL,P059,D004,163.8,0.26,2025-12-31T23:59:00
2025-06-11,13,SKYATL,P056,D003,182.7,0.29,2025-12-31T23:59:00
2025-06-11,23,SKYATL,P027,D014,252.0,0.4,2025-12-31T23:59:00
2025-06-11,18,SKYATL,P021,D001,182.7,0.29,2025-12-31T23:59:00
2025-06-11,11,SKYATL,P056,D013,107.1,0.17,2025-12-31T23:59:00
2025-06-11,12,ITV1,P042,D011,2683.8,4.26,2025-12-31T23:59:00
2025-06-11,15,ITV1,P018,D006,2885.4,4.58,2025-12-31T23:59:00
2025-06-11,16,ITV1,P058,D009,1965.6,3.12,2025-12-31T23:59:00
2025-06-11,9,ITV1,P043,D009,2664.9,4.23,2025-12-31T23:59:00
2025-06-11,17,ITV1,P041,D002,3087.0,4.9,2025-12-31T23:59:00
2025-06-11,19,ITV1,P019,D013,7610.4,12.08,2025-12-31T23:59:00
2025-06-11,7,ITV1,P064,D013,2431.8,3.86,2025-12-31T23:59:00
2025-06-11,23,ITV1,P022,D012,2570.4,4.08,2025-12-31T23:59:00
2025-06-11,20,ITV1,P064,D009,10728.9,17.03,2025-12-31T23:59:00
2025-06-11,8,ITV1,P055,D006,2853.9,4.53,2025-12-31T23:59:00
2025-06-11,18,ITV1,P033,D001,2324.7,3.69,2025-12-31T23:59:00
2025-06-11,10,ITV1,P032,D004,2349.9,3.73,2025-12-31T23:59:00
2025-06-11,6,ITV1,P061,D001,1379.7,2.19,2025-12-31T23:59:00
2025-06-11,9,MOVIES,P030,D006,170.1,0.27,2025-12-31T23:59:00
2025-06-11,16,MOVIES,P023,D004,151.2,0.24,2025-12-31T23:59:00
2025-06-11,13,MOVIES,P005,D011,69.3,0.11,2025-12-31T23:59:00
2025-06-11,14,MOVIES,P015,D004,126.0,0.2,2025-12-31T23:59:00
2025-06-11,20,MOVIES,P011,D015,888.3,1.41,2025-12-31T23:59:00
2025-06-11,22,MOVIES,P004,D013,157.5,0.25,2025-12-31T23:59:00
2025-06-11,8,MOVIES,P027,D001,214.2,0.34,2025-12-31T23:59:00
2025-06-11,17,MOVIES,P009,D001,63.0,0.1,2025-12-31T23:59:00
2025-06-11,23,MOVIES,P016,D004,182.7,0.29,2025-12-31T23:59:00
2025-06-11,19,MOVIES,P028,D002,724.5,1.15,2025-12-31T23:59:00
2025-06-11,18,MOVIES,P005,D001,107.1,0.17,2025-12-31T23:59:00
2025-06-11,11,MOVIES,P027,D007,220.5,0.35,2025-12-31T23:59:00
2025-06-11,20,MAIN,P003,D013,3307.5,5.25,2025-12-31T23:59:00
2025-06-11,7,MAIN,P023,D012,1215.9,1.93,2025-12-31T23:59:00
2025-06-11,22,MAIN,P017,D011,1417.5,2.25,2025-12-31T23:59:00
2025-06-11,17,MAIN,P030,D010,1335.6,2.12,2025-12-31T23:59:00
2025-06-11,18,MAIN,P001,D010,919.8,1.46,2025-12-31T23:59:00
2025-06-11,16,MAIN,P026,D002,831.6,1.32,2025-12-31T23:59:00
2025-06-11,8,MAIN,P003,D003,1083.6,1.72,2025-12-31T23:59:00
2025-06-11,19,MAIN,P021,D016,3471.3,5.51,2025-12-31T23:59:00
2025-06-11,17,BBC1,P053,D003,3773.7,5.99,2025-12-31T23:59:00
2025-06-11,22,BBC1,P022,D016,1877.4,2.98,2025-12-31T23:59:00
2025-06-11,19,BBC1,P035,D001,9279.9,14.73,2025-12-31T23:59:00
2025-06-11,11,BBC1,P055,D008,1436.4,2.28,2025-12-31T23:59:00
2025-06-11,16,BBC1,P008,D007,2305.8,3.66,2025-12-31T23:59:00
2025-06-11,8,BBC1,P044,D014,3213.0,5.1,2025-12-31T23:59:00
2025-06-11,7,BBC1,P020,D010,3357.9,5.33,2025-12-31T23:59:00
2025-06-11,21,BBC1,P029,D003,10722.6,17.02,2025-12-31T23:59:00
2025-06-11,20,BBC1,P061,D001,10817.1,17.17,2025-12-31T23:59:00
2025-06-11,13,BBC1,P004,D009,1499.4,2.38,2025-12-31T23:59:00
2025-06-11,23,BBC1,P036,D012,2614.5,4.15,2025-12-31T23:59:00
2025-06-11,15,BBC1,P053,D015,2652.3,4.21,2025-12-31T23:59:00
2025-06-11,10,ITV2,P062,D012,315.0,0.5,2025-12-31T23:59:00
2025-06-11,15,ITV2,P035,D015,277.2,0.44,2025-12-31T23:59:00
2025-06-11,11,ITV2,P012,D002,548.1,0.87,2025-12-31T23:59:00
2025-06-11,22,ITV2,P043,D007,289.8,0.46,2025-12-31T23:59:00
2025-06-11,13,ITV2,P020,D012,346.5,0.55,2025-12-31T23:59:00
2025-06-11,19,ITV2,P023,D004,2734.2,4.34,2025-12-31T23:59:00
2025-06-11,21,ITV2,P025,D004,2872.8,4.56,2025-12-31T23:59:00
2025-06-11,18,ITV2,P032,D014,724.5,1.15,2025-12-31T23:59:00
2025-06-11,14,ITV2,P031,D007,378.0,0.6,2025-12-31T23:59:00
2025-06-11,8,ITV2,P055,D008,592.2,0.94,2025-12-31T23:59:00
2025-06-11,17,ITV2,P030,D014,743.4,1.18,2025-12-31T23:59:00
2025-06-11,20,ITV2,P049,D013,2639.7,4.19,2025-12-31T23:59:00
2025-06-11,6,ITV2,P034,D008,207.9,0.33,2025-12-31T23:59:00
2025-06-11,12,ITV2,P039,D006,327.6,0.52,2025-12-31T23:59:00
2025-06-18,23,BBC1,P023,D006,3074.4,4.88,2025-12-31T23:59:00
2025-06-18,15,BBC1,P001,D002,2879.1,4.57,2025-12-31T23:59:00
2025-06-18,11,BBC1,P063,D001,1902.6,3.02,2025-12-31T23:59:00
2025-06-18,6,BBC1,P039,D001,1373.4,2.18,2025-12-31T23:59:00
2025-06-18,12,BBC1,P027,D014,1373.4,2.18,2025-12-31T23:59:00
2025-06-18,7,BBC1,P055,D012,2167.2,3.44,2025-12-31T23:59:00
2025-06-18,22,BBC1,P013,D013,2009.7,3.19,2025-12-31T23:59:00
2025-06-18,13,BBC1,P035,D009,2595.6,4.12,2025-12-31T23:59:00
2025-06-18,19,ITV2,P010,D012,2312.1,3.67,2025-12-31T23:59:00
2025-06-18,8,ITV2,P045,D006,466.2,0.74,2025-12-31T23:59:00
2025-06-18,17,ITV2,P009,D002,233.1,0.37,2025-12-31T23:59:00
2025-06-18,11,ITV2,P006,D014,327.6,0.52,2025-12-31T23:59:00
2025-06-18,13,ITV2,P060,D011,655.2,1.04,2025-12-31T23:59:00
2025-06-18,23,ITV2,P024,D010,699.3,1.11,2025-12-31T23:59:00
2025-06-18,20,ITV2,P022,D016,1871.1,2.97,2025-12-31T23:59:00
2025-06-18,9,ITV2,P045,D013,422.1,0.67,2025-12-31T23:59:00
2025-06-18,15,SKYATL,P001,D011,138.6,0.22,2025-12-31T23:59:00
2025-06-18,19,SKYATL,P040,D014,743.4,1.18,2025-12-31T23:59:00
2025-06-18,16,SKYATL,P004,D011,81.9,0.13,2025-12-31T23:59:00
2025-06-18,9,SKYATL,P019,D016,100.8,0.16,2025-12-31T23:59:00
2025-06-18,17,SKYATL,P056,D011,195.3,0.31,2025-12-31T23:59:00
2025-06-18,7,SKYATL,P050,D007,119.7,0.19,2025-12-31T23:59:00
2025-06-18,21,SKYATL,P060,D007,781.2,1.24,2025-12-31T23:59:00
2025-06-18,10,SKYATL,P010,D001,233.1,0.37,2025-12-31T23:59:00
2025-06-18,6,SKYATL,P003,D014,252.0,0.4,2025-12-31T23:59:00
2025-06-18,23,SKYATL,P024,D016,195.3,0.31,2025-12-31T23:59:00
2025-06-18,13,SKYATL,P009,D012,226.8,0.36,2025-12-31T23:59:00
2025-06-18,8,SKYATL,P003,D001,94.5,0.15,2025-12-31T23:59:00
2025-06-18,22,SKYATL,P052,D007,100.8,0.16,2025-12-31T23:59:00
2025-06-18,9,EXTRA,P021,D016,289.8,0.46,2025-12-31T23:59:00
2025-06-18,22,EXTRA,P025,D015,617.4,0.98,2025-12-31T23:59:00
2025-06-18,11,EXTRA,P030,D006,378.0,0.6,2025-12-31T23:59:00
2025-06-18,18,EXTRA,P022,D005,478.8,0.76,2025-12-31T23:59:00
2025-06-18,20,EXTRA,P007,D001,1575.0,2.5,2025-12-31T23:59:00
2025-06-18,17,EXTRA,P015,D008,535.5,0.85,2025-12-31T23:59:00
2025-06-18,6,EXTRA,P006,D010,422.1,0.67,2025-12-31T23:59:00
2025-06-18,13,EXTRA,P030,D005,522.9,0.83,2025-12-31T23:59:00
2025-06-18,23,EXTRA,P015,D008,245.7,0.39,2025-12-31T23:59:00
2025-06-18,19,EXTRA,P003,D013,1467.9,2.33,2025-12-31T23:59:00
2025-06-18,21,EXTRA,P028,D008,1127.7,1.79,2025-12-31T23:59:00
2025-06-18,18,SKYONE,P008,D001,195.3,0.31,2025-12-31T23:59:00
2025-06-18,9,SKYONE,P032,D002,258.3,0.41,2025-12-31T23:59:00
2025-06-18,13,SKYONE,P033,D015,195.3,0.31,2025-12-31T23:59:00
2025-06-18,7,SKYONE,P065,D006,119.7,0.19,2025-12-31T23:59:00
2025-06-18,12,SKYONE,P059,D012,195.3,0.31,2025-12-31T23:59:00
2025-06-18,22,SKYONE,P063,D012,189.0,0.3,2025-12-31T23:59:00
2025-06-18,15,SKYONE,P047,D003,239.4,0.38,2025-12-31T23:59:00
2025-06-18,10,SKYONE,P063,D006,88.2,0.14,2025-12-31T23:59:00
2025-06-18,14,SKYONE,P005,D008,252.0,0.4,2025-12-31T23:59:00
2025-06-18,8,SKYONE,P062,D012,182.7,0.29,2025-12-31T23:59:00
2025-06-18,12,CATCHUP,P008,D010,75.6,0.12,2025-12-31T23:59:00
2025-06-18,20,CATCHUP,P009,D006,371.7,0.59,2025-12-31T23:59:00
2025-06-18,22,CATCHUP,P016,D015,44.1,0.07,2025-12-31T23:59:00
2025-06-18,19,CATCHUP,P004,D006,567.0,0.9,2025-12-31T23:59:00
2025-06-18,11,CATCHUP,P018,D011,176.4,0.28,2025-12-31T23:59:00
2025-06-18,14,CATCHUP,P011,D016,56.7,0.09,2025-12-31T23:59:00
2025-06-18,15,CATCHUP,P012,D010,138.6,0.22,2025-12-31T23:59:00
2025-06-18,23,CATCHUP,P007,D014,119.7,0.19,2025-12-31T23:59:00
2025-06-18,7,CATCHUP,P026,D015,81.9,0.13,2025-12-31T23:59:00
2025-06-18,16,CATCHUP,P014,D016,107.1,0.17,2025-12-31T23:59:00
2025-06-18,17,CATCHUP,P009,D003,113.4,0.18,2025-12-31T23:59:00
2025-06-18,18,CATCHUP,P008,D002,75.6,0.12,2025-12-31T23:59:00
2025-06-18,6,CATCHUP,P016,D008,107.1,0.17,2025-12-31T23:59:00
2025-06-18,22,ITV1,P020,D004,699.3,1.11,2025-12-31T23:59:00
2025-06-18,9,ITV1,P021,D007,1562.4,2.48,2025-12-31T23:59:00
2025-06-18,20,ITV1,P035,D009,7427.7,11.79,2025-12-31T23:59:00
2025-06-18,12,ITV1,P044,D005,2022.3,3.21,2025-12-31T23:59:00
2025-06-18,21,ITV1,P003,D001,8788.5,13.95,2025-12-31T23:59:00
2025-06-18,13,ITV1,P029,D003,1329.3,2.11,2025-12-31T23:59:00
2025-06-18,7,ITV1,P024,D008,1682.1,2.67,2025-12-31T23:59:00
2025-06-18,17,ITV1,P051,D016,2702.7,4.29,2025-12-31T23:59:00
2025-06-18,16,ITV1,P020,D001,1946.7,3.09,2025-12-31T23:59:00
2025-06-18,11,ITV1,P062,D005,2677.5,4.25,2025-12-31T23:59:00
2025-06-18,10,ITV1,P034,D011,3036.6,4.82,2025-12-31T23:59:00
2025-06-18,18,ITV1,P026,D013,2205.0,3.5,2025-12-31T23:59:00
2025-06-18,8,ITV1,P028,D001,1997.1,3.17,2025-12-31T23:59:00
2025-06-18,23,ITV1,P014,D010,1770.3,2.81,2025-12-31T23:59:00
2025-06-18,15,FACTUAL,P002,D001,75.6,0.12,2025-12-31T23:59:00
2025-06-18,17,FACTUAL,P001,D010,157.5,0.25,2025-12-31T23:59:00
2025-06-18,7,FACTUAL,P004,D006,170.1,0.27,2025-12-31T23:59:00
2025-06-18,8,FACTUAL,P026,D003,138.6,0.22,2025-12-31T23:59:00
2025-06-18,13,FACTUAL,P028,D015,277.2,0.44,2025-12-31T23:59:00
2025-06-18,6,FACTUAL,P014,D016,308.7,0.49,2025-12-31T23:59:00
2025-06-18,9,FACTUAL,P030,D006,119.7,0.19,2025-12-31T23:59:00
2025-06-18,21,FACTUAL,P030,D003,1108.8,1.76,2025-12-31T23:59:00
2025-06-18,10,FACTUAL,P017,D008,163.8,0.26,2025-12-31T23:59:00
2025-06-18,20,FACTUAL,P021,D007,598.5,0.95,2025-12-31T23:59:00
2025-06-18,19,FACTUAL,P030,D015,1140.3,1.81,2025-12-31T23:59:00
2025-06-18,14,FACTUAL,P007,D004,226.8,0.36,2025-12-31T23:59:00
2025-06-18,18,FACTUAL,P011,D016,63.0,0.1,2025-12-31T23:59:00
2025-06-18,12,FACTUAL,P015,D004,270.9,0.43,2025-12-31T23:59:00
2025-06-25,19,ITV2,P014,D003,2268.0,3.6,2025-12-31T23:59:00
2025-06-25,17,ITV2,P060,D009,585.9,0.93,2025-12-31T23:59:00
2025-06-25,16,ITV2,P053,D006,573.3,0.91,2025-12-31T23:59:00
2025-06-25,15,ITV2,P059,D001,422.1,0.67,2025-12-31T23:59:00
2025-06-25,18,ITV2,P038,D005,705.6,1.12,2025-12-31T23:59:00
2025-06-25,10,ITV2,P001,D005,554.4,0.88,2025-12-31T23:59:00
2025-06-25,8,ITV2,P013,D014,674.1,1.07,2025-12-31T23:59:00
2025-06-25,20,ITV2,P051,D006,2545.2,4.04,2025-12-31T23:59:00
2025-06-25,21,ITV2,P004,D001,1512.0,2.4,2025-12-31T23:59:00
2025-06-25,11,ITV2,P013,D007,441.0,0.7,2025-12-31T23:59:00
2025-06-25,13,ITV2,P035,D016,529.2,0.84,2025-12-31T23:59:00
2025-06-25,9,CHAN5,P060,D003,497.7,0.79,2025-12-31T23:59:00
2025-06-25,20,CHAN5,P007,D008,2255.4,3.58,2025-12-31T23:59:00
2025-06-25,18,CHAN5,P065,D013,478.8,0.76,2025-12-31T23:59:00
2025-06-25,8,CHAN5,P018,D010,447.3,0.71,2025-12-31T23:59:00
2025-06-25,19,CHAN5,P055,D004,3175.2,5.04,2025-12-31T23:59:00
2025-06-25,16,CHAN5,P027,D012,737.1,1.17,2025-12-31T23:59:00
2025-06-25,12,CHAN5,P058,D015,1064.7,1.69,2025-12-31T23:59:00
2025-06-25,13,CHAN5,P006,D005,932.4,1.48,2025-12-31T23:59:00
2025-06-25,10,CHAN5,P012,D006,913.5,1.45,2025-12-31T23:59:00
2025-06-25,14,CHAN5,P022,D007,1140.3,1.81,2025-12-31T23:59:00
2025-06-25,17,CHAN5,P009,D001,882.0,1.4,2025-12-31T23:59:00
2025-06-25,15,CHAN5,P046,D012,617.4,0.98,2025-12-31T23:59:00
2025-06-25,14,BBC1,P004,D011,3408.3,5.41,2025-12-31T23:59:00
2025-06-25,12,BBC1,P013,D005,1530.9,2.43,2025-12-31T23:59:00
2025-06-25,6,BBC1,P056,D012,1480.5,2.35,2025-12-31T23:59:00
2025-06-25,23,BBC1,P004,D002,3194.1,5.07,2025-12-31T23:59:00
2025-06-25,11,BBC1,P035,D005,2167.2,3.44,2025-12-31T23:59:00
2025-06-25,18,BBC1,P042,D004,2047.5,3.25,2025-12-31T23:59:00
2025-06-25,15,BBC1,P046,D006,3263.4,5.18,2025-12-31T23:59:00
2025-06-25,7,BBC1,P043,D014,3219.3,5.11,2025-12-31T23:59:00
2025-06-25,10,BBC1,P042,D010,3011.4,4.78,2025-12-31T23:59:00
2025-06-25,8,BBC1,P005,D016,3080.7,4.89,2025-12-31T23:59:00
2025-06-25,9,BBC1,P049,D013,2772.0,4.4,2025-12-31T23:59:00
2025-06-25,13,BBC1,P055,D006,1619.1,2.57,2025-12-31T23:59:00
2025-06-25,12,BBC2,P063,D001,756.0,1.2,2025-12-31T23:59:00
2025-06-25,23,BBC2,P004,D014,535.5,0.85,2025-12-31T23:59:00
2025-06-25,11,BBC2,P005,D009,415.8,0.66,2025-12-31T23:59:00
2025-06-25,20,BBC2,P065,D014,4101.3,6.51,2025-12-31T23:59:00
2025-06-25,16,BBC2,P062,D012,793.8,1.26,2025-12-31T23:59:00
2025-06-25,21,BBC2,P055,D005,3887.1,6.17,2025-12-31T23:59:00
2025-06-25,15,BBC2,P039,D005,674.1,1.07,2025-12-31T23:59:00
2025-06-25,18,BBC2,P005,D002,1146.6,1.82,2025-12-31T23:59:00
2025-06-25,9,BBC2,P005,D005,453.6,0.72,2025-12-31T23:59:00
2025-06-25,22,BBC2,P041,D015,352.8,0.56,2025-12-31T23:59:00
2025-06-25,13,BBC2,P063,D008,781.2,1.24,2025-12-31T23:59:00
2025-06-25,11,CATCHUP,P020,D007,50.4,0.08,2025-12-31T23:59:00
2025-06-25,23,CATCHUP,P010,D008,182.7,0.29,2025-12-31T23:59:00
2025-06-25,9,CATCHUP,P008,D009,50.4,0.08,2025-12-31T23:59:00
2025-06-25,7,CATCHUP,P001,D001,88.2,0.14,2025-12-31T23:59:00
2025-06-25,17,CATCHUP,P019,D012,37.8,0.06,2025-12-31T23:59:00
2025-06-25,12,CATCHUP,P024,D003,94.5,0.15,2025-12-31T23:59:00
2025-06-25,13,CATCHUP,P025,D001,151.2,0.24,2025-12-31T23:59:00
2025-06-25,14,CATCHUP,P001,D015,113.4,0.18,2025-12-31T23:59:00
2025-06-25,16,CATCHUP,P021,D005,182.7,0.29,2025-12-31T23:59:00
2025-06-25,10,CATCHUP,P022,D014,119.7,0.19,2025-12-31T23:59:00
2025-06-25,20,CATCHUP,P016,D005,491.4,0.78,2025-12-31T23:59:00
2025-06-25,8,CATCHUP,P007,D014,37.8,0.06,2025-12-31T23:59:00
2025-06-25,21,CATCHUP,P017,D015,390.6,0.62,2025-12-31T23:59:00
2025-06-25,15,CATCHUP,P028,D007,31.5,0.05,2025-12-31T23:59:00
2025-06-25,16,MAIN,P006,D013,1493.1,2.37,2025-12-31T23:59:00
2025-06-25,7,MAIN,P020,D007,1474.2,2.34,2025-12-31T23:59:00
2025-06-25,20,MAIN,P010,D003,2564.1,4.07,2025-12-31T23:59:00
2025-06-25,8,MAIN,P028,D004,1045.8,1.66,2025-12-31T23:59:00
2025-06-25,14,MAIN,P020,D001,1354.5,2.15,2025-12-31T23:59:00
2025-06-25,10,MAIN,P006,D005,1159.2,1.84,2025-12-31T23:59:00
2025-06-25,6,MAIN,P030,D009,888.3,1.41,2025-12-31T23:59:00
2025-06-25,18,MAIN,P029,D014,938.7,1.49,2025-12-31T23:59:00
2025-06-25,11,MAIN,P014,D007,1071.0,1.7,2025-12-31T23:59:00
2025-06-25,21,MAIN,P017,D011,2368.8,3.76,2025-12-31T23:59:00
2025-06-25,19,MOVIES,P019,D007,459.9,0.73,2025-12-31T23:59:00
2025-06-25,14,MOVIES,P014,D002,207.9,0.33,2025-12-31T23:59:00
2025-06-25,16,MOVIES,P006,D008,163.8,0.26,2025-12-31T23:59:00
2025-06-25,17,MOVIES,P007,D006,119.7,0.19,2025-12-31T23:59:00
2025-06-25,21,MOVIES,P019,D003,957.6,1.52,2025-12-31T23:59:00
2025-06-25,12,MOVIES,P018,D006,157.5,0.25,2025-12-31T23:59:00
2025-06-25,22,MOVIES,P020,D010,207.9,0.33,2025-12-31T23:59:00
2025-06-25,23,MOVIES,P006,D014,157.5,0.25,2025-12-31T23:59:00
2025-06-25,15,MOVIES,P025,D004,157.5,0.25,2025-12-31T23:59:00
2025-06-25,10,MOVIES,P014,D013,239.4,0.38,2025-12-31T23:59:00
2025-06-25,21,EXTRA,P021,D015,1291.5,2.05,2025-12-31T23:59:00
2025-06-25,13,EXTRA,P022,D010,466.2,0.74,2025-12-31T23:59:00
2025-06-25,10,EXTRA,P014,D007,504.0,0.8,2025-12-31T23:59:00
2025-06-25,6,EXTRA,P012,D014,189.0,0.3,2025-12-31T23:59:00
2025-06-25,22,EXTRA,P023,D007,378.0,0.6,2025-12-31T23:59:00
2025-06-25,19,EXTRA,P019,D014,1719.9,2.73,2025-12-31T23:59:00
2025-06-25,23,EXTRA,P025,D008,611.1,0.97,2025-12-31T23:59:00
2025-06-25,8,EXTRA,P006,D006,434.7,0.69,2025-12-31T23:59:00
2025-06-25,9,EXTRA,P006,D003,497.7,0.79,2025-12-31T23:59:00
2025-06-25,12,EXTRA,P022,D012,510.3,0.81,2025-12-31T23:59:00
2025-06-25,17,EXTRA,P021,D006,434.7,0.69,2025-12-31T23:59:00
2025-06-25,7,EXTRA,P017,D014,220.5,0.35,2025-12-31T23:59:00
2025-06-25,11,EXTRA,P010,D009,327.6,0.52,2025-12-31T23:59:00
2025-07-02,7,SKYATL,P034,D013,69.3,0.11,2025-12-31T23:59:00
2025-07-02,13,SKYATL,P039,D004,113.4,0.18,2025-12-31T23:59:00
2025-07-02,11,SKYATL,P052,D011,220.5,0.35,2025-12-31T23:59:00
2025-07-02,17,SKYATL,P035,D012,176.4,0.28,2025-12-31T23:59:00
2025-07-02,10,SKYATL,P006,D015,207.9,0.33,2025-12-31T23:59:00
2025-07-02,16,SKYATL,P026,D002,182.7,0.29,2025-12-31T23:59:00
2025-07-02,19,SKYATL,P017,D008,333.9,0.53,2025-12-31T23:59:00
2025-07-02,9,SKYATL,P059,D013,75.6,0.12,2025-12-31T23:59:00
2025-07-02,8,SKYATL,P059,D002,113.4,0.18,2025-12-31T23:59:00
2025-07-02,21,MAIN,P025,D010,4038.3,6.41,2025-12-31T23:59:00
2025-07-02,11,MAIN,P013,D016,1165.5,1.85,2025-12-31T23:59:00
2025-07-02,13,MAIN,P019,D016,749.7,1.19,2025-12-31T23:59:00
2025-07-02,16,MAIN,P021,D008,1575.0,2.5,2025-12-31T23:59:00
2025-07-02,15,MAIN,P023,D006,560.7,0.89,2025-12-31T23:59:00
2025-07-02,7,MAIN,P029,D013,1134.0,1.8,2025-12-31T23:59:00
2025-07-02,18,MAIN,P020,D003,1121.4,1.78,2025-12-31T23:59:00
2025-07-02,19,MAIN,P004,D005,3263.4,5.18,2025-12-31T23:59:00
2025-07-02,16,BBC2,P007,D003,1096.2,1.74,2025-12-31T23:59:00
2025-07-02,13,BBC2,P006,D003,541.8,0.86,2025-12-31T23:59:00
2025-07-02,11,BBC2,P062,D007,1253.7,1.99,2025-12-31T23:59:00
2025-07-02,14,BBC2,P062,D012,1203.3,1.91,2025-12-31T23:59:00
2025-07-02,18,BBC2,P029,D010,434.7,0.69,2025-12-31T23:59:00
2025-07-02,23,BBC2,P007,D016,882.0,1.4,2025-12-31T23:59:00
2025-07-02,12,BBC2,P046,D013,806.4,1.28,2025-12-31T23:59:00
2025-07-02,21,BBC2,P028,D011,4384.8,6.96,2025-12-31T23:59:00
2025-07-02,7,BBC2,P006,D004,623.7,0.99,2025-12-31T23:59:00
2025-07-02,8,BBC2,P024,D001,982.8,1.56,2025-12-31T23:59:00
2025-07-02,9,BBC2,P032,D005,592.2,0.94,2025-12-31T23:59:00
2025-07-02,17,BBC2,P049,D009,737.1,1.17,2025-12-31T23:59:00
2025-07-02,10,BBC2,P055,D009,1008.0,1.6,2025-12-31T23:59:00
2025-07-02,22,BBC2,P001,D008,548.1,0.87,2025-12-31T23:59:00
2025-07-02,8,SKYONE,P014,D009,157.5,0.25,2025-12-31T23:59:00
2025-07-02,19,SKYONE,P050,D012,340.2,0.54,2025-12-31T23:59:00
2025-07-02,6,SKYONE,P009,D015,69.3,0.11,2025-12-31T23:59:00
2025-07-02,16,SKYONE,P039,D016,264.6,0.42,2025-12-31T23:59:00
2025-07-02,9,SKYONE,P025,D005,113.4,0.18,2025-12-31T23:59:00
2025-07-02,21,SKYONE,P020,D008,743.4,1.18,2025-12-31T23:59:00
2025-07-02,23,SKYONE,P056,D016,270.9,0.43,2025-12-31T23:59:00
2025-07-02,10,SKYONE,P051,D007,220.5,0.35,2025-12-31T23:59:00
2025-07-02,13,SKYONE,P028,D013,126.0,0.2,2025-12-31T23:59:00
2025-07-02,17,SKYONE,P044,D004,195.3,0.31,2025-12-31T23:59:00
2025-07-02,7,SKYONE,P045,D002,283.5,0.45,2025-12-31T23:59:00
2025-07-02,14,SKYONE,P015,D001,151.2,0.24,2025-12-31T23:59:00
2025-07-02,16,FACTUAL,P020,D001,75.6,0.12,2025-12-31T23:59:00
2025-07-02,15,FACTUAL,P015,D014,302.4,0.48,2025-12-31T23:59:00
2025-07-02,10,FACTUAL,P007,D005,81.9,0.13,2025-12-31T23:59:00
2025-07-02,21,FACTUAL,P019,D008,1215.9,1.93,2025-12-31T23:59:00
2025-07-02,12,FACTUAL,P008,D010,239.4,0.38,2025-12-31T23:59:00
2025-07-02,22,FACTUAL,P005,D011,264.6,0.42,2025-12-31T23:59:00
2025-07-02,23,FACTUAL,P016,D003,132.3,0.21,2025-12-31T23:59:00
2025-07-02,13,FACTUAL,P011,D014,258.3,0.41,2025-12-31T23:59:00
2025-07-02,20,FACTUAL,P022,D004,730.8,1.16,2025-12-31T23:59:00
2025-07-02,7,FACTUAL,P005,D009,132.3,0.21,2025-12-31T23:59:00
2025-07-02,14,FACTUAL,P016,D015,201.6,0.32,2025-12-31T23:59:00
2025-07-02,9,FACTUAL,P021,D010,182.7,0.29,2025-12-31T23:59:00
2025-07-02,18,FACTUAL,P015,D006,252.0,0.4,2025-12-31T23:59:00
2025-07-02,6,FACTUAL,P029,D007,258.3,0.41,2025-12-31T23:59:00
2025-07-02,12,CATCHUP,P025,D002,81.9,0.13,2025-12-31T23:59:00
2025-07-02,21,CATCHUP,P017,D013,573.3,0.91,2025-12-31T23:59:00
2025-07-02,11,CATCHUP,P023,D004,107.1,0.17,2025-12-31T23:59:00
2025-07-02,14,CATCHUP,P008,D015,132.3,0.21,2025-12-31T23:59:00
2025-07-02,18,CATCHUP,P028,D004,31.5,0.05,2025-12-31T23:59:00
2025-07-02,13,CATCHUP,P001,D010,157.5,0.25,2025-12-31T23:59:00
2025-07-02,19,CATCHUP,P011,D011,453.6,0.72,2025-12-31T23:59:00
2025-07-02,15,CATCHUP,P004,D007,69.3,0.11,2025-12-31T23:59:00
2025-07-02,20,CATCHUP,P005,D013,220.5,0.35,2025-12-31T23:59:00
2025-07-02,16,CATCHUP,P028,D013,56.7,0.09,2025-12-31T23:59:00
2025-07-02,22,CATCHUP,P001,D013,113.4,0.18,2025-12-31T23:59:00
2025-07-02,9,CATCHUP,P002,D001,56.7,0.09,2025-12-31T23:59:00
2025-07-02,13,EXTRA,P023,D009,478.8,0.76,2025-12-31T23:59:00
2025-07-02,21,EXTRA,P016,D005,2053.8,3.26,2025-12-31T23:59:00
2025-07-02,7,EXTRA,P008,D004,396.9,0.63,2025-12-31T23:59:00
2025-07-02,22,EXTRA,P025,D015,409.5,0.65,2025-12-31T23:59:00
2025-07-02,8,EXTRA,P022,D012,201.6,0.32,2025-12-31T23:59:00
2025-07-02,23,EXTRA,P025,D008,522.9,0.83,2025-12-31T23:59:00
2025-07-02,15,EXTRA,P002,D012,333.9,0.53,2025-12-31T23:59:00
2025-07-02,19,EXTRA,P015,D001,1738.8,2.76,2025-12-31T23:59:00
2025-07-02,18,EXTRA,P001,D009,289.8,0.46,2025-12-31T23:59:00
2025-07-02,11,EXTRA,P025,D013,340.2,0.54,2025-12-31T23:59:00
2025-07-02,10,EXTRA,P021,D003,340.2,0.54,2025-12-31T23:59:00
2025-07-02,20,EXTRA,P015,D001,976.5,1.55,2025-12-31T23:59:00
2025-07-02,14,EXTRA,P003,D002,585.9,0.93,2025-12-31T23:59:00
2025-07-02,17,EXTRA,P008,D011,604.8,0.96,2025-12-31T23:59:00
2025-07-02,12,BBC1,P046,D007,2406.6,3.82,2025-12-31T23:59:00
2025-07-02,11,BBC1,P005,D006,3414.6,5.42,2025-12-31T23:59:00
2025-07-02,8,BBC1,P046,D013,3597.3,5.71,2025-12-31T23:59:00
2025-07-02,16,BBC1,P049,D012,2425.5,3.85,2025-12-31T23:59:00
2025-07-02,10,BBC1,P065,D012,3351.6,5.32,2025-12-31T23:59:00
2025-07-02,6,BBC1,P039,D013,1908.9,3.03,2025-12-31T23:59:00
2025-07-02,20,BBC1,P057,D004,11037.6,17.52,2025-12-31T23:59:00
2025-07-02,13,BBC1,P008,D006,2003.4,3.18,2025-12-31T23:59:00
2025-07-02,17,BBC1,P057,D009,1285.2,2.04,2025-12-31T23:59:00
2025-07-02,23,BBC1,P048,D008,3635.1,5.77,2025-12-31T23:59:00
2025-07-02,19,BBC1,P044,D001,6684.3,10.61,2025-12-31T23:59:00
2025-07-02,22,BBC1,P036,D014,3465.0,5.5,2025-12-31T23:59:00
2025-07-02,15,BBC1,P009,D003,3704.4,5.88,2025-12-31T23:59:00
2025-07-02,9,BBC1,P051,D012,2942.1,4.67,2025-12-31T23:59:00
2025-07-09,21,MOVIES,P023,D001,497.7,0.79,2025-12-31T23:59:00
2025-07-09,7,MOVIES,P022,D009,138.6,0.22,2025-12-31T23:59:00
2025-07-09,20,MOVIES,P002,D005,1152.9,1.83,2025-12-31T23:59:00
2025-07-09,16,MOVIES,P005,D012,151.2,0.24,2025-12-31T23:59:00
2025-07-09,8,MOVIES,P028,D014,94.5,0.15,2025-12-31T23:59:00
2025-07-09,6,MOVIES,P009,D002,75.6,0.12,2025-12-31T23:59:00
2025-07-09,18,MOVIES,P028,D006,252.0,0.4,2025-12-31T23:59:00
2025-07-09,13,MOVIES,P015,D016,75.6,0.12,2025-12-31T23:59:00
2025-07-09,23,MOVIES,P022,D013,195.3,0.31,2025-12-31T23:59:00
2025-07-09,9,MOVIES,P006,D009,176.4,0.28,2025-12-31T23:59:00
2025-07-09,17,MOVIES,P021,D006,94.5,0.15,2025-12-31T23:59:00
2025-07-09,12,MOVIES,P007,D010,189.0,0.3,2025-12-31T23:59:00
2025-07-09,10,MOVIES,P005,D013,88.2,0.14,2025-12-31T23:59:00
2025-07-09,16,SKYONE,P031,D006,182.7,0.29,2025-12-31T23:59:00
2025-07-09,7,SKYONE,P064,D009,88.2,0.14,2025-12-31T23:59:00
2025-07-09,23,SKYONE,P049,D002,226.8,0.36,2025-12-31T23:59:00
2025-07-09,14,SKYONE,P013,D013,182.7,0.29,2025-12-31T23:59:00
2025-07-09,8,SKYONE,P001,D005,195.3,0.31,2025-12-31T23:59:00
2025-07-09,11,SKYONE,P057,D007,182.7,0.29,2025-12-31T23:59:00
2025-07-09,9,SKYONE,P035,D005,201.6,0.32,2025-12-31T23:59:00
2025-07-09,21,SKYONE,P052,D008,1209.6,1.92,2025-12-31T23:59:00
2025-07-09,12,SKYONE,P045,D007,138.6,0.22,2025-12-31T23:59:00
2025-07-09,17,SKYONE,P032,D002,94.5,0.15,2025-12-31T23:59:00
2025-07-09,6,SKYONE,P059,D010,157.5,0.25,2025-12-31T23:59:00
2025-07-09,20,SKYONE,P061,D009,882.0,1.4,2025-12-31T23:59:00
2025-07-09,23,CHAN5,P053,D002,1234.8,1.96,2025-12-31T23:59:00
2025-07-09,13,CHAN5,P017,D005,976.5,1.55,2025-12-31T23:59:00
2025-07-09,18,CHAN5,P003,D003,957.6,1.52,2025-12-31T23:59:00
2025-07-09,10,CHAN5,P034,D008,875.7,1.39,2025-12-31T23:59:00
2025-07-09,17,CHAN5,P051,D016,434.7,0.69,2025-12-31T23:59:00
2025-07-09,20,CHAN5,P016,D002,2236.5,3.55,2025-12-31T23:59:00
2025-07-09,14,CHAN5,P032,D013,1001.7,1.59,2025-12-31T23:59:00
2025-07-09,8,CHAN5,P044,D013,516.6,0.82,2025-12-31T23:59:00
2025-07-09,21,CHAN5,P023,D015,3906.0,6.2,2025-12-31T23:59:00
2025-07-09,19,CHAN5,P025,D012,2034.9,3.23,2025-12-31T23:59:00
2025-07-09,12,CHAN5,P042,D013,428.4,0.68,2025-12-31T23:59:00
2025-07-09,22,CHAN5,P022,D012,428.4,0.68,2025-12-31T23:59:00
2025-07-09,9,CHAN5,P053,D011,352.8,0.56,2025-12-31T23:59:00
2025-07-09,6,CHAN5,P022,D012,1014.3,1.61,2025-12-31T23:59:00
2025-07-09,23,ITV2,P029,D003,491.4,0.78,2025-12-31T23:59:00
2025-07-09,11,ITV2,P039,D001,327.6,0.52,2025-12-31T23:59:00
2025-07-09,20,ITV2,P011,D011,1625.4,2.58,2025-12-31T23:59:00
2025-07-09,15,ITV2,P042,D016,396.9,0.63,2025-12-31T23:59:00
2025-07-09,8,ITV2,P056,D011,283.5,0.45,2025-12-31T23:59:00
2025-07-09,10,ITV2,P035,D001,686.7,1.09,2025-12-31T23:59:00
2025-07-09,7,ITV2,P002,D005,378.0,0.6,2025-12-31T23:59:00
2025-07-09,19,ITV2,P043,D015,1449.0,2.3,2025-12-31T23:59:00
2025-07-09,16,ITV2,P060,D010,737.1,1.17,2025-12-31T23:59:00
2025-07-09,13,ITV2,P012,D013,308.7,0.49,2025-12-31T23:59:00
2025-07-09,18,ITV2,P040,D004,648.9,1.03,2025-12-31T23:59:00
2025-07-09,9,ITV2,P045,D012,321.3,0.51,2025-12-31T23:59:00
2025-07-09,7,BBC1,P021,D003,2847.6,4.52,2025-12-31T23:59:00
2025-07-09,9,BBC1,P006,D002,3483.9,5.53,2025-12-31T23:59:00
2025-07-09,13,BBC1,P059,D004,1398.6,2.22,2025-12-31T23:59:00
2025-07-09,18,BBC1,P050,D013,2564.1,4.07,2025-12-31T23:59:00
2025-07-09,17,BBC1,P045,D009,3483.9,5.53,2025-12-31T23:59:00
2025-07-09,14,BBC1,P005,D006,2583.0,4.1,2025-12-31T23:59:00
2025-07-09,23,BBC1,P048,D004,3042.9,4.83,2025-12-31T23:59:00
2025-07-09,16,BBC1,P025,D007,2520.0,4.0,2025-12-31T23:59:00
2025-07-09,12,BBC1,P024,D007,2614.5,4.15,2025-12-31T23:59:00
2025-07-09,10,BBC1,P064,D004,3105.9,4.93,2025-12-31T23:59:00
2025-07-09,12,BBC2,P026,D013,730.8,1.16,2025-12-31T23:59:00
2025-07-09,14,BBC2,P016,D002,787.5,1.25,2025-12-31T23:59:00
2025-07-09,9,BBC2,P001,D004,447.3,0.71,2025-12-31T23:59:00
2025-07-09,23,BBC2,P025,D014,648.9,1.03,2025-12-31T23:59:00
2025-07-09,10,BBC2,P053,D013,1115.1,1.77,2025-12-31T23:59:00
2025-07-09,22,BBC2,P018,D014,667.8,1.06,2025-12-31T23:59:00
2025-07-09,8,BBC2,P038,D009,1014.3,1.61,2025-12-31T23:59:00
2025-07-09,21,BBC2,P032,D004,2160.9,3.43,2025-12-31T23:59:00
2025-07-09,19,BBC2,P053,D001,4025.7,6.39,2025-12-31T23:59:00
2025-07-09,17,BBC2,P012,D013,1108.8,1.76,2025-12-31T23:59:00
2025-07-09,20,BBC2,P016,D005,4372.2,6.94,2025-12-31T23:59:00
2025-07-09,6,BBC2,P037,D010,1102.5,1.75,2025-12-31T23:59:00
2025-07-09,10,EXTRA,P009,D015,510.3,0.81,2025-12-31T23:59:00
2025-07-09,16,EXTRA,P007,D011,346.5,0.55,2025-12-31T23:59:00
2025-07-09,8,EXTRA,P001,D014,510.3,0.81,2025-12-31T23:59:00
2025-07-09,17,EXTRA,P026,D014,434.7,0.69,2025-12-31T23:59:00
2025-07-09,19,EXTRA,P004,D013,1537.2,2.44,2025-12-31T23:59:00
2025-07-09,20,EXTRA,P004,D016,2129.4,3.38,2025-12-31T23:59:00
2025-07-09,7,EXTRA,P023,D012,592.2,0.94,2025-12-31T23:59:00
2025-07-09,11,EXTRA,P009,D012,365.4,0.58,2025-12-31T23:59:00
2025-07-09,23,EXTRA,P011,D008,510.3,0.81,2025-12-31T23:59:00
2025-07-09,15,EXTRA,P014,D006,453.6,0.72,2025-12-31T23:59:00
2025-07-09,9,EXTRA,P003,D010,510.3,0.81,2025-12-31T23:59:00
2025-07-09,14,EXTRA,P022,D007,535.5,0.85,2025-12-31T23:59:00
2025-07-09,15,FACTUAL,P011,D009,132.3,0.21,2025-12-31T23:59:00
2025-07-09,18,FACTUAL,P020,D011,107.1,0.17,2025-12-31T23:59:00
2025-07-09,9,FACTUAL,P012,D001,88.2,0.14,2025-12-31T23:59:00
2025-07-09,6,FACTUAL,P004,D010,308.7,0.49,2025-12-31T23:59:00
2025-07-09,13,FACTUAL,P009,D014,195.3,0.31,2025-12-31T23:59:00
2025-07-09,23,FACTUAL,P025,D011,264.6,0.42,2025-12-31T23:59:00
2025-07-09,21,FACTUAL,P009,D005,1089.9,1.73,2025-12-31T23:59:00
2025-07-09,7,FACTUAL,P003,D008,308.7,0.49,2025-12-31T23:59:00
2025-07-09,14,FACTUAL,P007,D007,132.3,0.21,2025-12-31T23:59:00
2025-07-16,21,ITV1,P011,D007,9689.4,15.38,2025-12-31T23:59:00
2025-07-16,7,ITV1,P047,D014,2198.7,3.49,2025-12-31T23:59:00
2025-07-16,14,ITV1,P059,D006,3068.1,4.87,2025-12-31T23:59:00
2025-07-16,16,ITV1,P033,D004,2633.4,4.18,2025-12-31T23:59:00
2025-07-16,8,ITV1,P031,D008,2526.3,4.01,2025-12-31T23:59:00
2025-07-16,22,ITV1,P032,D016,1329.3,2.11,2025-12-31T23:59:00
2025-07-16,9,ITV1,P024,D013,718.2,1.14,2025-12-31T23:59:00
2025-07-16,15,ITV1,P024,D010,1197.0,1.9,2025-12-31T23:59:00
2025-07-16,18,ITV1,P047,D006,2242.8,3.56,2025-12-31T23:59:00
2025-07-16,13,ITV1,P009,D003,1688.4,2.68,2025-12-31T23:59:00
2025-07-16,19,ITV1,P033,D007,10722.6,17.02,2025-12-31T23:59:00
2025-07-16,12,ITV1,P019,D008,812.7,1.29,2025-12-31T23:59:00
2025-07-16,20,ITV1,P028,D002,5153.4,8.18,2025-12-31T23:59:00
2025-07-16,21,FACTUAL,P009,D011,1171.8,1.86,2025-12-31T23:59:00
2025-07-16,12,FACTUAL,P011,D015,283.5,0.45,2025-12-31T23:59:00
2025-07-16,15,FACTUAL,P016,D016,157.5,0.25,2025-12-31T23:59:00
2025-07-16,23,FACTUAL,P002,D003,214.2,0.34,2025-12-31T23:59:00
2025-07-16,13,FACTUAL,P026,D002,252.0,0.4,2025-12-31T23:59:00
2025-07-16,16,FACTUAL,P022,D009,226.8,0.36,2025-12-31T23:59:00
2025-07-16,18,FACTUAL,P010,D002,81.9,0.13,2025-12-31T23:59:00
2025-07-16,20,FACTUAL,P007,D006,567.0,0.9,2025-12-31T23:59:00
2025-07-16,7,FACTUAL,P024,D013,226.8,0.36,2025-12-31T23:59:00
2025-07-16,10,BBC2,P012,D004,478.8,0.76,2025-12-31T23:59:00
2025-07-16,9,BBC2,P025,D013,926.1,1.47,2025-12-31T23:59:00
2025-07-16,23,BBC2,P010,D002,907.2,1.44,2025-12-31T23:59:00
2025-07-16,20,BBC2,P005,D015,4000.5,6.35,2025-12-31T23:59:00
2025-07-16,6,BBC2,P035,D002,863.1,1.37,2025-12-31T23:59:00
2025-07-16,22,BBC2,P058,D001,1115.1,1.77,2025-12-31T23:59:00
2025-07-16,15,BBC2,P023,D005,1115.1,1.77,2025-12-31T23:59:00
2025-07-16,18,BBC2,P027,D016,1134.0,1.8,2025-12-31T23:59:00
2025-07-16,11,BBC2,P005,D002,724.5,1.15,2025-12-31T23:59:00
2025-07-16,17,BBC2,P021,D001,560.7,0.89,2025-12-31T23:59:00
2025-07-16,16,BBC2,P023,D014,919.8,1.46,2025-12-31T23:59:00
2025-07-16,19,BBC2,P049,D007,3811.5,6.05,2025-12-31T23:59:00
2025-07-16,21,BBC2,P027,D012,4397.4,6.98,2025-12-31T23:59:00
2025-07-16,6,SKYONE,P045,D012,239.4,0.38,2025-12-31T23:59:00
2025-07-16,23,SKYONE,P059,D016,94.5,0.15,2025-12-31T23:59:00
2025-07-16,18,SKYONE,P062,D004,100.8,0.16,2025-12-31T23:59:00
2025-07-16,16,SKYONE,P056,D006,163.8,0.26,2025-12-31T23:59:00
2025-07-16,19,SKYONE,P062,D012,1228.5,1.95,2025-12-31T23:59:00
2025-07-16,17,SKYONE,P039,D009,69.3,0.11,2025-12-31T23:59:00
2025-07-16,10,SKYONE,P055,D013,302.4,0.48,2025-12-31T23:59:00
2025-07-16,13,SKYONE,P052,D015,94.5,0.15,2025-12-31T23:59:00
2025-07-16,6,ITV2,P003,D016,497.7,0.79,2025-12-31T23:59:00
2025-07-16,18,ITV2,P013,D015,365.4,0.58,2025-12-31T23:59:00
2025-07-16,7,ITV2,P037,D004,529.2,0.84,2025-12-31T23:59:00
2025-07-16,23,ITV2,P013,D012,617.4,0.98,2025-12-31T23:59:00
2025-07-16,14,ITV2,P058,D003,258.3,0.41,2025-12-31T23:59:00
2025-07-16,12,ITV2,P043,D009,711.9,1.13,2025-12-31T23:59:00
2025-07-16,17,ITV2,P004,D002,592.2,0.94,2025-12-31T23:59:00
2025-07-16,8,ITV2,P019,D003,655.2,1.04,2025-12-31T23:59:00
2025-07-16,9,ITV2,P048,D015,648.9,1.03,2025-12-31T23:59:00
2025-07-16,19,ITV2,P044,D012,3061.8,4.86,2025-12-31T23:59:00
2025-07-16,8,CATCHUP,P005,D005,63.0,0.1,2025-12-31T23:59:00
2025-07-16,21,CATCHUP,P005,D003,409.5,0.65,2025-12-31T23:59:00
2025-07-16,13,CATCHUP,P021,D015,157.5,0.25,2025-12-31T23:59:00
2025-07-16,17,CATCHUP,P019,D016,151.2,0.24,2025-12-31T23:59:00
2025-07-16,20,CATCHUP,P028,D015,365.4,0.58,2025-12-31T23:59:00
2025-07-16,22,CATCHUP,P025,D014,100.8,0.16,2025-12-31T23:59:00
2025-07-16,16,CATCHUP,P010,D014,132.3,0.21,2025-12-31T23:59:00
2025-07-16,23,CATCHUP,P009,D002,81.9,0.13,2025-12-31T23:59:00
2025-07-16,14,CATCHUP,P024,D002,113.4,0.18,2025-12-31T23:59:00
2025-07-16,15,CATCHUP,P002,D003,119.7,0.19,2025-12-31T23:59:00
2025-07-16,12,BBC1,P017,D002,1965.6,3.12,2025-12-31T23:59:00
2025-07-16,9,BBC1,P062,D009,1745.1,2.77,2025-12-31T23:59:00
2025-07-16,20,BBC1,P060,D013,9859.5,15.65,2025-12-31T23:59:00
2025-07-16,19,BBC1,P053,D016,11409.3,18.11,2025-12-31T23:59:00
2025-07-16,21,BBC1,P002,D003,8530.2,13.54,2025-12-31T23:59:00
2025-07-16,23,BBC1,P043,D004,2060.1,3.27,2025-12-31T23:59:00
2025-07-16,8,BBC1,P042,D010,1845.9,2.93,2025-12-31T23:59:00
2025-07-16,6,BBC1,P054,D001,1965.6,3.12,2025-12-31T23:59:00
2025-07-16,16,BBC1,P008,D013,2444.4,3.88,2025-12-31T23:59:00
2025-07-16,18,EXTRA,P011,D008,453.6,0.72,2025-12-31T23:59:00
2025-07-16,9,EXTRA,P016,D011,214.2,0.34,2025-12-31T23:59:00
2025-07-16,12,EXTRA,P026,D012,560.7,0.89,2025-12-31T23:59:00
2025-07-16,16,EXTRA,P014,D002,258.3,0.41,2025-12-31T23:59:00
2025-07-16,20,EXTRA,P023,D008,1877.4,2.98,2025-12-31T23:59:00
2025-07-16,15,EXTRA,P014,D008,352.8,0.56,2025-12-31T23:59:00
2025-07-16,7,EXTRA,P006,D005,239.4,0.38,2025-12-31T23:59:00
2025-07-16,19,EXTRA,P014,D009,1071.0,1.7,2025-12-31T23:59:00
2025-07-16,21,EXTRA,P001,D001,1436.4,2.28,2025-12-31T23:59:00
2025-07-16,11,EXTRA,P008,D005,623.7,0.99,2025-12-31T23:59:00
2025-07-23,17,SKYATL,P065,D009,182.7,0.29,2025-12-31T23:59:00
2025-07-23,10,SKYATL,P012,D004,151.2,0.24,2025-12-31T23:59:00
2025-07-23,12,SKYATL,P014,D015,245.7,0.39,2025-12-31T23:59:00
2025-07-23,20,SKYATL,P043,D015,642.6,1.02,2025-12-31T23:59:00
2025-07-23,19,SKYATL,P060,D004,390.6,0.62,2025-12-31T23:59:00
2025-07-23,15,SKYATL,P029,D006,119.7,0.19,2025-12-31T23:59:00
2025-07-23,22,SKYATL,P049,D011,126.0,0.2,2025-12-31T23:59:00
2025-07-23,6,SKYATL,P056,D006,151.2,0.24,2025-12-31T23:59:00
2025-07-23,8,SKYATL,P045,D010,157.5,0.25,2025-12-31T23:59:00
2025-07-23,14,SKYATL,P052,D011,113.4,0.18,2025-12-31T23:59:00
2025-07-23,18,SKYATL,P047,D010,195.3,0.31,2025-12-31T23:59:00
2025-07-23,9,SKYATL,P059,D016,214.2,0.34,2025-12-31T23:59:00
2025-07-23,17,CATCHUP,P024,D001,144.9,0.23,2025-12-31T23:59:00
2025-07-23,16,CATCHUP,P024,D003,56.7,0.09,2025-12-31T23:59:00
2025-07-23,6,CATCHUP,P009,D011,81.9,0.13,2025-12-31T23:59:00
2025-07-23,14,CATCHUP,P002,D005,37.8,0.06,2025-12-31T23:59:00
2025-07-23,12,CATCHUP,P024,D007,163.8,0.26,2025-12-31T23:59:00
2025-07-23,8,CATCHUP,P028,D004,170.1,0.27,2025-12-31T23:59:00
2025-07-23,19,CATCHUP,P016,D004,497.7,0.79,2025-12-31T23:59:00
2025-07-23,7,CATCHUP,P012,D003,31.5,0.05,2025-12-31T23:59:00
2025-07-23,10,CATCHUP,P030,D001,189.0,0.3,2025-12-31T23:59:00
2025-07-23,21,CATCHUP,P014,D001,623.7,0.99,2025-12-31T23:59:00
2025-07-23,15,CATCHUP,P004,D011,63.0,0.1,2025-12-31T23:59:00
2025-07-23,18,CATCHUP,P017,D006,107.1,0.17,2025-12-31T23:59:00
2025-07-23,13,CATCHUP,P029,D001,113.4,0.18,2025-12-31T23:59:00
2025-07-23,6,ITV1,P059,D004,1852.2,2.94,2025-12-31T23:59:00
2025-07-23,16,ITV1,P033,D005,1310.4,2.08,2025-12-31T23:59:00
2025-07-23,22,ITV1,P047,D013,1631.7,2.59,2025-12-31T23:59:00
2025-07-23,10,ITV1,P003,D002,2230.2,3.54,2025-12-31T23:59:00
2025-07-23,20,ITV1,P031,D016,8605.8,13.66,2025-12-31T23:59:00
2025-07-23,21,ITV1,P053,D009,6085.8,9.66,2025-12-31T23:59:00
2025-07-23,19,ITV1,P011,D008,9009.0,14.3,2025-12-31T23:59:00
2025-07-23,18,ITV1,P061,D014,1682.1,2.67,2025-12-31T23:59:00
2025-07-23,11,EXTRA,P003,D002,195.3,0.31,2025-12-31T23:59:00
2025-07-23,17,EXTRA,P006,D015,478.8,0.76,2025-12-31T23:59:00
2025-07-23,15,EXTRA,P021,D015,409.5,0.65,2025-12-31T23:59:00
2025-07-23,20,EXTRA,P006,D013,1940.4,3.08,2025-12-31T23:59:00
2025-07-23,16,EXTRA,P015,D003,491.4,0.78,2025-12-31T23:59:00
2025-07-23,22,EXTRA,P005,D013,359.1,0.57,2025-12-31T23:59:00
2025-07-23,19,EXTRA,P006,D010,1896.3,3.01,2025-12-31T23:59:00
2025-07-23,12,EXTRA,P007,D011,567.0,0.9,2025-12-31T23:59:00
2025-07-23,9,ITV2,P050,D002,340.2,0.54,2025-12-31T23:59:00
2025-07-23,15,ITV2,P055,D007,396.9,0.63,2025-12-31T23:59:00
2025-07-23,6,ITV2,P036,D001,365.4,0.58,2025-12-31T23:59:00
2025-07-23,17,ITV2,P053,D006,239.4,0.38,2025-12-31T23:59:00
2025-07-23,13,ITV2,P065,D014,434.7,0.69,2025-12-31T23:59:00
2025-07-23,18,ITV2,P051,D004,396.9,0.63,2025-12-31T23:59:00
2025-07-23,19,ITV2,P036,D008,1581.3,2.51,2025-12-31T23:59:00
2025-07-23,8,ITV2,P061,D005,201.6,0.32,2025-12-31T23:59:00
2025-07-23,12,ITV2,P039,D014,233.1,0.37,2025-12-31T23:59:00
2025-07-23,20,ITV2,P030,D015,2079.0,3.3,2025-12-31T23:59:00
2025-07-23,7,ITV2,P032,D002,214.2,0.34,2025-12-31T23:59:00
2025-07-23,21,ITV2,P048,D004,1827.0,2.9,2025-12-31T23:59:00
2025-07-23,10,ITV2,P065,D001,409.5,0.65,2025-12-31T23:59:00
2025-07-23,15,SKYONE,P056,D008,176.4,0.28,2025-12-31T23:59:00
2025-07-23,19,SKYONE,P009,D013,522.9,0.83,2025-12-31T23:59:00
2025-07-23,11,SKYONE,P009,D010,88.2,0.14,2025-12-31T23:59:00
2025-07-23,22,SKYONE,P016,D010,138.6,0.22,2025-12-31T23:59:00
2025-07-23,23,SKYONE,P012,D016,157.5,0.25,2025-12-31T23:59:00
2025-07-23,14,SKYONE,P023,D004,100.8,0.16,2025-12-31T23:59:00
2025-07-23,20,SKYONE,P009,D001,894.6,1.42,2025-12-31T23:59:00
2025-07-23,17,SKYONE,P065,D008,252.0,0.4,2025-12-31T23:59:00
2025-07-23,18,SKYONE,P055,D014,233.1,0.37,2025-12-31T23:59:00
2025-07-23,12,SKYONE,P060,D015,189.0,0.3,2025-12-31T23:59:00
2025-07-23,7,SKYONE,P055,D001,119.7,0.19,2025-12-31T23:59:00
2025-07-23,16,SKYONE,P023,D006,69.3,0.11,2025-12-31T23:59:00
2025-07-23,6,SKYONE,P012,D006,107.1,0.17,2025-12-31T23:59:00
2025-07-23,21,SKYONE,P002,D008,894.6,1.42,2025-12-31T23:59:00
2025-07-23,17,CHAN5,P014,D007,535.5,0.85,2025-12-31T23:59:00
2025-07-23,20,CHAN5,P035,D010,3030.3,4.81,2025-12-31T23:59:00
2025-07-23,8,CHAN5,P034,D004,900.9,1.43,2025-12-31T23:59:00
2025-07-23,18,CHAN5,P023,D009,529.2,0.84,2025-12-31T23:59:00
2025-07-23,12,CHAN5,P027,D006,819.0,1.3,2025-12-31T23:59:00
2025-07-23,6,CHAN5,P022,D011,737.1,1.17,2025-12-31T23:59:00
2025-07-23,9,CHAN5,P055,D004,831.6,1.32,2025-12-31T23:59:00
2025-07-23,7,CHAN5,P006,D001,963.9,1.53,2025-12-31T23:59:00
2025-07-23,21,CHAN5,P049,D015,3269.7,5.19,2025-12-31T23:59:00
2025-07-23,23,CHAN5,P015,D011,888.3,1.41,2025-12-31T23:59:00
2025-07-23,19,CHAN5,P031,D005,2853.9,4.53,2025-12-31T23:59:00
2025-07-23,15,FACTUAL,P002,D006,163.8,0.26,2025-12-31T23:59:00
2025-07-23,12,FACTUAL,P011,D008,214.2,0.34,2025-12-31T23:59:00
2025-07-23,6,FACTUAL,P021,D013,189.0,0.3,2025-12-31T23:59:00
2025-07-23,14,FACTUAL,P026,D015,144.9,0.23,2025-12-31T23:59:00
2025-07-23,18,FACTUAL,P025,D010,239.4,0.38,2025-12-31T23:59:00
2025-07-23,20,FACTUAL,P005,D009,636.3,1.01,2025-12-31T23:59:00
2025-07-23,16,FACTUAL,P001,D004,195.3,0.31,2025-12-31T23:59:00
2025-07-23,11,FACTUAL,P018,D016,264.6,0.42,2025-12-31T23:59:00
2025-07-23,7,FACTUAL,P021,D013,207.9,0.33,2025-12-31T23:59:00
2025-07-23,10,FACTUAL,P023,D015,289.8,0.46,2025-12-31T23:59:00
2025-07-23,13,FACTUAL,P025,D009,252.0,0.4,2025-12-31T23:59:00
2025-07-23,23,FACTUAL,P011,D011,252.0,0.4,2025-12-31T23:59:00
2025-07-23,9,FACTUAL,P019,D011,277.2,0.44,2025-12-31T23:59:00
2025-07-30,21,ITV1,P002,D011,5380.2,8.54,2025-12-31T23:59:00
2025-07-30,10,ITV1,P058,D013,1152.9,1.83,2025-12-31T23:59:00
2025-07-30,15,ITV1,P046,D015,800.1,1.27,2025-12-31T23:59:00
2025-07-30,18,ITV1,P044,D009,1921.5,3.05,2025-12-31T23:59:00
2025-07-30,19,ITV1,P026,D010,6167.7,9.79,2025-12-31T23:59:00
2025-07-30,8,ITV1,P058,D014,989.1,1.57,2025-12-31T23:59:00
2025-07-30,23,ITV1,P024,D005,3005.1,4.77,2025-12-31T23:59:00
2025-07-30,22,ITV1,P003,D012,1631.7,2.59,2025-12-31T23:59:00
2025-07-30,20,ITV1,P055,D011,6249.6,9.92,2025-12-31T23:59:00
2025-07-30,8,SKYONE,P034,D004,75.6,0.12,2025-12-31T23:59:00
2025-07-30,17,SKYONE,P025,D003,138.6,0.22,2025-12-31T23:59:00
2025-07-30,13,SKYONE,P042,D014,69.3,0.11,2025-12-31T23:59:00
2025-07-30,16,SKYONE,P012,D004,100.8,0.16,2025-12-31T23:59:00
2025-07-30,7,SKYONE,P035,D012,75.6,0.12,2025-12-31T23:59:00
2025-07-30,21,SKYONE,P023,D004,963.9,1.53,2025-12-31T23:59:00
2025-07-30,22,SKYONE,P047,D015,315.0,0.5,2025-12-31T23:59:00
2025-07-30,15,SKYONE,P029,D002,170.1,0.27,2025-12-31T23:59:00
2025-07-30,18,EXTRA,P020,D005,617.4,0.98,2025-12-31T23:59:00
2025-07-30,20,EXTRA,P024,D005,1562.4,2.48,2025-12-31T23:59:00
2025-07-30,21,EXTRA,P020,D008,1719.9,2.73,2025-12-31T23:59:00
2025-07-30,23,EXTRA,P028,D013,585.9,0.93,2025-12-31T23:59:00
2025-07-30,14,EXTRA,P030,D011,491.4,0.78,2025-12-31T23:59:00
2025-07-30,11,EXTRA,P022,D012,560.7,0.89,2025-12-31T23:59:00
2025-07-30,22,EXTRA,P004,D008,510.3,0.81,2025-12-31T23:59:00
2025-07-30,15,EXTRA,P029,D015,573.3,0.91,2025-12-31T23:59:00
2025-07-30,9,EXTRA,P027,D013,567.0,0.9,2025-12-31T23:59:00
2025-07-30,16,EXTRA,P012,D001,529.2,0.84,2025-12-31T23:59:00
2025-07-30,8,EXTRA,P028,D006,485.1,0.77,2025-12-31T23:59:00
2025-07-30,8,CHAN5,P001,D012,1083.6,1.72,2025-12-31T23:59:00
2025-07-30,16,CHAN5,P027,D006,1020.6,1.62,2025-12-31T23:59:00
2025-07-30,23,CHAN5,P042,D016,724.5,1.15,2025-12-31T23:59:00
2025-07-30,15,CHAN5,P040,D012,1115.1,1.77,2025-12-31T23:59:00
2025-07-30,21,CHAN5,P052,D010,3150.0,5.0,2025-12-31T23:59:00
2025-07-30,14,CHAN5,P036,D004,611.1,0.97,2025-12-31T23:59:00
2025-07-30,18,CHAN5,P024,D008,1241.1,1.97,2025-12-31T23:59:00
2025-07-30,6,CHAN5,P032,D005,1178.1,1.87,2025-12-31T23:59:00
2025-07-30,19,CHAN5,P062,D009,1650.6,2.62,2025-12-31T23:59:00
2025-07-30,12,CHAN5,P050,D011,459.9,0.73,2025-12-31T23:59:00
2025-07-30,17,BBC1,P008,D009,3074.4,4.88,2025-12-31T23:59:00
2025-07-30,16,BBC1,P063,D007,2967.3,4.71,2025-12-31T23:59:00
2025-07-30,18,BBC1,P049,D015,3282.3,5.21,2025-12-31T23:59:00
2025-07-30,14,BBC1,P055,D013,3483.9,5.53,2025-12-31T23:59:00
2025-07-30,13,BBC1,P026,D010,2967.3,4.71,2025-12-31T23:59:00
2025-07-30,10,BBC1,P024,D001,2759.4,4.38,2025-12-31T23:59:00
2025-07-30,20,BBC1,P019,D014,9405.9,14.93,2025-12-31T23:59:00
2025-07-30,22,BBC1,P044,D016,1329.3,2.11,2025-12-31T23:59:00
2025-07-30,12,BBC1,P031,D001,1638.0,2.6,2025-12-31T23:59:00
2025-07-30,23,BBC1,P036,D001,1568.7,2.49,2025-12-31T23:59:00
2025-07-30,6,BBC1,P048,D004,1436.4,2.28,2025-12-31T23:59:00
2025-07-30,7,BBC1,P010,D014,1669.5,2.65,2025-12-31T23:59:00
2025-07-30,8,BBC1,P012,D007,2028.6,3.22,2025-12-31T23:59:00
2025-07-30,15,ITV2,P058,D009,214.2,0.34,2025-12-31T23:59:00
2025-07-30,20,ITV2,P044,D010,2790.9,4.43,2025-12-31T23:59:00
2025-07-30,21,ITV2,P061,D012,1915.2,3.04,2025-12-31T23:59:00
2025-07-30,16,ITV2,P044,D003,667.8,1.06,2025-12-31T23:59:00
2025-07-30,19,ITV2,P009,D015,1316.7,2.09,2025-12-31T23:59:00
2025-07-30,7,ITV2,P014,D001,705.6,1.12,2025-12-31T23:59:00
2025-07-30,11,ITV2,P020,D006,642.6,1.02,2025-12-31T23:59:00
2025-07-30,6,ITV2,P036,D003,365.4,0.58,2025-12-31T23:59:00
2025-07-30,12,ITV2,P008,D003,315.0,0.5,2025-12-31T23:59:00
2025-07-30,10,ITV2,P047,D014,579.6,0.92,2025-12-31T23:59:00
2025-07-30,11,MOVIES,P021,D012,69.3,0.11,2025-12-31T23:59:00
2025-07-30,20,MOVIES,P003,D001,762.3,1.21,2025-12-31T23:59:00
2025-07-30,19,MOVIES,P007,D012,711.9,1.13,2025-12-31T23:59:00
2025-07-30,18,MOVIES,P015,D014,220.5,0.35,2025-12-31T23:59:00
2025-07-30,10,MOVIES,P008,D013,69.3,0.11,2025-12-31T23:59:00
2025-07-30,6,MOVIES,P008,D001,239.4,0.38,2025-12-31T23:59:00
2025-07-30,22,MOVIES,P007,D008,226.8,0.36,2025-12-31T23:59:00
2025-07-30,12,MOVIES,P014,D010,100.8,0.16,2025-12-31T23:59:00
2025-07-30,9,MOVIES,P009,D012,220.5,0.35,2025-12-31T23:59:00
2025-07-30,21,MOVIES,P019,D006,1058.4,1.68,2025-12-31T23:59:00
2025-07-30,17,MOVIES,P007,D008,214.2,0.34,2025-12-31T23:59:00
2025-07-30,8,MOVIES,P002,D014,132.3,0.21,2025-12-31T23:59:00
2025-07-30,7,BBC2,P061,D012,516.6,0.82,2025-12-31T23:59:00
2025-07-30,15,BBC2,P023,D007,1127.7,1.79,2025-12-31T23:59:00
2025-07-30,13,BBC2,P053,D005,1165.5,1.85,2025-12-31T23:59:00
2025-07-30,11,BBC2,P037,D001,403.2,0.64,2025-12-31T23:59:00
2025-07-30,8,BBC2,P003,D009,1083.6,1.72,2025-12-31T23:59:00
2025-07-30,9,BBC2,P041,D001,516.6,0.82,2025-12-31T23:59:00
2025-07-30,17,BBC2,P048,D011,1052.1,1.67,2025-12-31T23:59:00
2025-07-30,10,BBC2,P021,D009,856.8,1.36,2025-12-31T23:59:00
2025-07-30,16,BBC2,P035,D007,604.8,0.96,2025-12-31T23:59:00
2025-07-30,21,BBC2,P059,D004,2601.9,4.13,2025-12-31T23:59:00
2025-07-30,14,BBC2,P045,D001,693.0,1.1,2025-12-31T23:59:00
2025-07-30,22,BBC2,P038,D008,1241.1,1.97,2025-12-31T23:59:00
2025-07-30,19,BBC2,P033,D002,4315.5,6.85,2025-12-31T23:59:00
2025-07-30,6,BBC2,P051,D016,989.1,1.57,2025-12-31T23:59:00
2025-08-06,17,SKYATL,P056,D010,207.9,0.33,2025-12-31T23:59:00
2025-08-06,22,SKYATL,P020,D011,220.5,0.35,2025-12-31T23:59:00
2025-08-06,15,SKYATL,P039,D012,182.7,0.29,2025-12-31T23:59:00
2025-08-06,14,SKYATL,P036,D013,189.0,0.3,2025-12-31T23:59:00
2025-08-06,13,SKYATL,P002,D007,189.0,0.3,2025-12-31T23:59:00
2025-08-06,11,SKYATL,P054,D013,132.3,0.21,2025-12-31T23:59:00
2025-08-06,6,SKYATL,P012,D016,81.9,0.13,2025-12-31T23:59:00
2025-08-06,19,SKYATL,P054,D016,409.5,0.65,2025-12-31T23:59:00
2025-08-06,9,SKYATL,P036,D016,144.9,0.23,2025-12-31T23:59:00
2025-08-06,10,CHAN5,P047,D008,768.6,1.22,2025-12-31T23:59:00
2025-08-06,11,CHAN5,P057,D014,869.4,1.38,2025-12-31T23:59:00
2025-08-06,16,CHAN5,P051,D010,806.4,1.28,2025-12-31T23:59:00
2025-08-06,18,CHAN5,P020,D003,1184.4,1.88,2025-12-31T23:59:00
2025-08-06,19,CHAN5,P009,D009,3118.5,4.95,2025-12-31T23:59:00
2025-08-06,23,CHAN5,P042,D007,384.3,0.61,2025-12-31T23:59:00
2025-08-06,9,CHAN5,P044,D015,693.0,1.1,2025-12-31T23:59:00
2025-08-06,17,CHAN5,P005,D003,888.3,1.41,2025-12-31T23:59:00
2025-08-06,22,CHAN5,P042,D014,699.3,1.11,2025-12-31T23:59:00
2025-08-06,13,CHAN5,P040,D011,1178.1,1.87,2025-12-31T23:59:00
2025-08-06,17,MOVIES,P008,D011,182.7,0.29,2025-12-31T23:59:00
2025-08-06,9,MOVIES,P027,D011,226.8,0.36,2025-12-31T23:59:00
2025-08-06,7,MOVIES,P003,D013,100.8,0.16,2025-12-31T23:59:00
2025-08-06,19,MOVIES,P006,D015,409.5,0.65,2025-12-31T23:59:00
2025-08-06,18,MOVIES,P022,D005,201.6,0.32,2025-12-31T23:59:00
2025-08-06,13,MOVIES,P011,D015,75.6,0.12,2025-12-31T23:59:00
2025-08-06,15,MOVIES,P028,D004,144.9,0.23,2025-12-31T23:59:00
2025-08-06,21,MOVIES,P001,D010,1234.8,1.96,2025-12-31T23:59:00
2025-08-06,11,MOVIES,P018,D015,189.0,0.3,2025-12-31T23:59:00
2025-08-06,14,MOVIES,P019,D015,189.0,0.3,2025-12-31T23:59:00
2025-08-06,6,MOVIES,P017,D012,63.0,0.1,2025-12-31T23:59:00
2025-08-06,10,CATCHUP,P024,D009,88.2,0.14,2025-12-31T23:59:00
2025-08-06,18,CATCHUP,P021,D001,69.3,0.11,2025-12-31T23:59:00
2025-08-06,13,CATCHUP,P008,D016,94.5,0.15,2025-12-31T23:59:00
2025-08-06,21,CATCHUP,P024,D007,239.4,0.38,2025-12-31T23:59:00
2025-08-06,23,CATCHUP,P023,D015,176.4,0.28,2025-12-31T23:59:00
2025-08-06,12,CATCHUP,P006,D002,88.2,0.14,2025-12-31T23:59:00
2025-08-06,19,CATCHUP,P014,D009,598.5,0.95,2025-12-31T23:59:00
2025-08-06,7,CATCHUP,P011,D004,63.0,0.1,2025-12-31T23:59:00
2025-08-06,22,CATCHUP,P004,D001,94.5,0.15,2025-12-31T23:59:00
2025-08-06,16,CATCHUP,P016,D005,107.1,0.17,2025-12-31T23:59:00
2025-08-06,15,CATCHUP,P029,D005,88.2,0.14,2025-12-31T23:59:00
2025-08-06,14,CATCHUP,P021,D016,56.7,0.09,2025-12-31T23:59:00
2025-08-06,8,CATCHUP,P004,D016,63.0,0.1,2025-12-31T23:59:00
2025-08-06,11,CATCHUP,P003,D014,50.4,0.08,2025-12-31T23:59:00
2025-08-06,17,ITV2,P020,D003,693.0,1.1,2025-12-31T23:59:00
2025-08-06,19,ITV2,P023,D002,2646.0,4.2,2025-12-31T23:59:00
2025-08-06,21,ITV2,P060,D013,3024.0,4.8,2025-12-31T23:59:00
2025-08-06,6,ITV2,P062,D011,207.9,0.33,2025-12-31T23:59:00
2025-08-06,10,ITV2,P006,D009,201.6,0.32,2025-12-31T23:59:00
2025-08-06,20,ITV2,P054,D008,1562.4,2.48,2025-12-31T23:59:00
2025-08-06,9,ITV2,P017,D013,258.3,0.41,2025-12-31T23:59:00
2025-08-06,18,ITV2,P004,D015,189.0,0.3,2025-12-31T23:59:00
2025-08-06,12,ITV2,P009,D001,478.8,0.76,2025-12-31T23:59:00
2025-08-06,14,ITV2,P036,D014,611.1,0.97,2025-12-31T23:59:00
2025-08-06,16,ITV2,P032,D013,554.4,0.88,2025-12-31T23:59:00
2025-08-06,13,BBC1,P049,D008,2375.1,3.77,2025-12-31T23:59:00
2025-08-06,11,BBC1,P028,D001,2935.8,4.66,2025-12-31T23:59:00
2025-08-06,15,BBC1,P025,D003,2797.2,4.44,2025-12-31T23:59:00
2025-08-06,10,BBC1,P054,D013,2570.4,4.08,2025-12-31T23:59:00
2025-08-06,20,BBC1,P014,D009,8807.4,13.98,2025-12-31T23:59:00
2025-08-06,21,BBC1,P037,D009,10357.2,16.44,2025-12-31T23:59:00
2025-08-06,18,BBC1,P014,D005,2778.3,4.41,2025-12-31T23:59:00
2025-08-06,17,BBC1,P049,D006,2028.6,3.22,2025-12-31T23:59:00
2025-08-06,6,BBC1,P050,D009,3112.2,4.94,2025-12-31T23:59:00
2025-08-06,14,BBC1,P052,D006,3735.9,5.93,2025-12-31T23:59:00
2025-08-06,19,BBC1,P053,D007,8404.2,13.34,2025-12-31T23:59:00
2025-08-06,7,BBC1,P043,D015,2765.7,4.39,2025-12-31T23:59:00
2025-08-06,12,BBC1,P060,D013,2324.7,3.69,2025-12-31T23:59:00
2025-08-06,8,BBC1,P059,D011,2079.0,3.3,2025-12-31T23:59:00
2025-08-06,8,FACTUAL,P022,D002,100.8,0.16,2025-12-31T23:59:00
2025-08-06,17,FACTUAL,P027,D015,107.1,0.17,2025-12-31T23:59:00
2025-08-06,16,FACTUAL,P013,D003,151.2,0.24,2025-12-31T23:59:00
2025-08-06,14,FACTUAL,P026,D015,100.8,0.16,2025-12-31T23:59:00
2025-08-06,20,FACTUAL,P007,D001,1045.8,1.66,2025-12-31T23:59:00
2025-08-06,18,FACTUAL,P006,D013,283.5,0.45,2025-12-31T23:59:00
2025-08-06,12,FACTUAL,P012,D008,270.9,0.43,2025-12-31T23:59:00
2025-08-06,6,FACTUAL,P004,D002,151.2,0.24,2025-12-31T23:59:00
2025-08-06,17,SKYONE,P060,D010,132.3,0.21,2025-12-31T23:59:00
2025-08-06,8,SKYONE,P026,D014,100.8,0.16,2025-12-31T23:59:00
2025-08-06,13,SKYONE,P040,D003,94.5,0.15,2025-12-31T23:59:00
2025-08-06,21,SKYONE,P027,D003,793.8,1.26,2025-12-31T23:59:00
2025-08-06,14,SKYONE,P002,D004,201.6,0.32,2025-12-31T23:59:00
2025-08-06,23,SKYONE,P022,D001,75.6,0.12,2025-12-31T23:59:00
2025-08-06,16,SKYONE,P061,D011,157.5,0.25,2025-12-31T23:59:00
2025-08-06,12,SKYONE,P045,D008,132.3,0.21,2025-12-31T23:59:00
2025-08-06,6,SKYONE,P050,D008,75.6,0.12,2025-12-31T23:59:00
2025-08-06,7,SKYONE,P043,D013,75.6,0.12,2025-12-31T23:59:00
2025-08-13,23,BBC2,P013,D002,693.0,1.1,2025-12-31T23:59:00
2025-08-13,8,BBC2,P015,D003,541.8,0.86,2025-12-31T23:59:00
2025-08-13,16,BBC2,P037,D007,655.2,1.04,2025-12-31T23:59:00
2025-08-13,11,BBC2,P026,D007,1134.0,1.8,2025-12-31T23:59:00
2025-08-13,17,BBC2,P003,D016,1001.7,1.59,2025-12-31T23:59:00
2025-08-13,6,BBC2,P033,D006,472.5,0.75,2025-12-31T23:59:00
2025-08-13,14,BBC2,P009,D015,1102.5,1.75,2025-12-31T23:59:00
2025-08-13,15,BBC2,P049,D013,875.7,1.39,2025-12-31T23:59:00
2025-08-13,10,BBC2,P059,D001,762.3,1.21,2025-12-31T23:59:00
2025-08-13,7,BBC2,P040,D009,1152.9,1.83,2025-12-31T23:59:00
2025-08-13,9,BBC2,P039,D002,1178.1,1.87,2025-12-31T23:59:00
2025-08-13,19,BBC1,P038,D014,7358.4,11.68,2025-12-31T23:59:00
2025-08-13,9,BBC1,P053,D013,3660.3,5.81,2025-12-31T23:59:00
2025-08-13,17,BBC1,P059,D013,2904.3,4.61,2025-12-31T23:59:00
2025-08-13,21,BBC1,P054,D011,9972.9,15.83,2025-12-31T23:59:00
2025-08-13,18,BBC1,P035,D012,3591.0,5.7,2025-12-31T23:59:00
2025-08-13,14,BBC1,P039,D011,3030.3,4.81,2025-12-31T23:59:00
2025-08-13,11,BBC1,P011,D009,3660.3,5.81,2025-12-31T23:59:00
2025-08-13,15,BBC1,P019,D009,1738.8,2.76,2025-12-31T23:59:00
2025-08-13,20,BBC1,P014,D015,12001.5,19.05,2025-12-31T23:59:00
2025-08-13,22,BBC1,P052,D010,3477.6,5.52,2025-12-31T23:59:00
2025-08-13,6,BBC1,P055,D002,2053.8,3.26,2025-12-31T23:59:00
2025-08-13,13,BBC1,P045,D001,3647.7,5.79,2025-12-31T23:59:00
2025-08-13,7,BBC1,P034,D007,1902.6,3.02,2025-12-31T23:59:00
2025-08-13,22,SKYONE,P043,D014,207.9,0.33,2025-12-31T23:59:00
2025-08-13,12,SKYONE,P021,D005,81.9,0.13,2025-12-31T23:59:00
2025-08-13,19,SKYONE,P051,D011,1171.8,1.86,2025-12-31T23:59:00
2025-08-13,15,SKYONE,P007,D008,126.0,0.2,2025-12-31T23:59:00
2025-08-13,7,SKYONE,P009,D004,201.6,0.32,2025-12-31T23:59:00
2025-08-13,8,SKYONE,P040,D002,283.5,0.45,2025-12-31T23:59:00
2025-08-13,23,SKYONE,P049,D005,296.1,0.47,2025-12-31T23:59:00
2025-08-13,16,SKYONE,P052,D011,214.2,0.34,2025-12-31T23:59:00
2025-08-13,16,SKYATL,P064,D001,176.4,0.28,2025-12-31T23:59:00
2025-08-13,10,SKYATL,P037,D015,94.5,0.15,2025-12-31T23:59:00
2025-08-13,18,SKYATL,P006,D002,138.6,0.22,2025-12-31T23:59:00
2025-08-13,11,SKYATL,P016,D003,69.3,0.11,2025-12-31T23:59:00
2025-08-13,8,SKYATL,P040,D003,144.9,0.23,2025-12-31T23:59:00
2025-08-13,15,SKYATL,P002,D013,182.7,0.29,2025-12-31T23:59:00
2025-08-13,7,SKYATL,P048,D015,75.6,0.12,2025-12-31T23:59:00
2025-08-13,12,SKYATL,P055,D016,63.0,0.1,2025-12-31T23:59:00
2025-08-13,6,SKYATL,P023,D009,69.3,0.11,2025-12-31T23:59:00
2025-08-13,14,SKYATL,P023,D007,207.9,0.33,2025-12-31T23:59:00
2025-08-13,13,CATCHUP,P030,D003,144.9,0.23,2025-12-31T23:59:00
2025-08-13,10,CATCHUP,P010,D005,37.8,0.06,2025-12-31T23:59:00
2025-08-13,12,CATCHUP,P021,D014,81.9,0.13,2025-12-31T23:59:00
2025-08-13,16,CATCHUP,P017,D008,113.4,0.18,2025-12-31T23:59:00
2025-08-13,22,CATCHUP,P010,D002,144.9,0.23,2025-12-31T23:59:00
2025-08-13,20,CATCHUP,P006,D013,510.3,0.81,2025-12-31T23:59:00
2025-08-13,23,CATCHUP,P011,D016,132.3,0.21,2025-12-31T23:59:00
2025-08-13,15,CATCHUP,P027,D015,144.9,0.23,2025-12-31T23:59:00
2025-08-13,17,CATCHUP,P007,D007,170.1,0.27,2025-12-31T23:59:00
2025-08-13,7,CATCHUP,P023,D016,189.0,0.3,2025-12-31T23:59:00
2025-08-13,21,CATCHUP,P020,D003,195.3,0.31,2025-12-31T23:59:00
2025-08-13,13,EXTRA,P030,D013,510.3,0.81,2025-12-31T23:59:00
2025-08-13,22,EXTRA,P029,D011,459.9,0.73,2025-12-31T23:59:00
2025-08-13,15,EXTRA,P019,D011,478.8,0.76,2025-12-31T23:59:00
2025-08-13,20,EXTRA,P027,D014,1782.9,2.83,2025-12-31T23:59:00
2025-08-13,8,EXTRA,P004,D002,340.2,0.54,2025-12-31T23:59:00
2025-08-13,17,EXTRA,P027,D008,567.0,0.9,2025-12-31T23:59:00
2025-08-13,9,EXTRA,P010,D007,346.5,0.55,2025-12-31T23:59:00
2025-08-13,14,EXTRA,P011,D009,359.1,0.57,2025-12-31T23:59:00
2025-08-13,12,EXTRA,P011,D015,516.6,0.82,2025-12-31T23:59:00
2025-08-13,19,EXTRA,P018,D016,1820.7,2.89,2025-12-31T23:59:00
2025-08-13,10,MAIN,P030,D007,1486.8,2.36,2025-12-31T23:59:00
2025-08-13,19,MAIN,P011,D011,2709.0,4.3,2025-12-31T23:59:00
2025-08-13,6,MAIN,P002,D007,1341.9,2.13,2025-12-31T23:59:00
2025-08-13,22,MAIN,P027,D009,819.0,1.3,2025-12-31T23:59:00
2025-08-13,13,MAIN,P023,D006,1064.7,1.69,2025-12-31T23:59:00
2025-08-13,14,MAIN,P003,D004,1115.1,1.77,2025-12-31T23:59:00
2025-08-13,15,MAIN,P005,D012,711.9,1.13,2025-12-31T23:59:00
2025-08-13,17,MAIN,P007,D011,1392.3,2.21,2025-12-31T23:59:00
2025-08-13,16,MAIN,P028,D009,1127.7,1.79,2025-12-31T23:59:00
2025-08-13,8,MOVIES,P009,D016,226.8,0.36,2025-12-31T23:59:00
2025-08-13,17,MOVIES,P003,D008,126.0,0.2,2025-12-31T23:59:00
2025-08-13,19,MOVIES,P002,D008,554.4,0.88,2025-12-31T23:59:00
2025-08-13,15,MOVIES,P029,D002,69.3,0.11,2025-12-31T23:59:00
2025-08-13,13,MOVIES,P021,D015,214.2,0.34,2025-12-31T23:59:00
2025-08-13,18,MOVIES,P025,D007,88.2,0.14,2025-12-31T23:59:00
2025-08-13,23,MOVIES,P018,D004,176.4,0.28,2025-12-31T23:59:00
2025-08-13,21,MOVIES,P011,D016,1228.5,1.95,2025-12-31T23:59:00
2025-08-13,6,MOVIES,P020,D011,107.1,0.17,2025-12-31T23:59:00
2025-08-13,7,MOVIES,P029,D012,107.1,0.17,2025-12-31T23:59:00
2025-08-13,22,MOVIES,P015,D008,138.6,0.22,2025-12-31T23:59:00
2025-08-20,7,ITV1,P026,D006,3068.1,4.87,2025-12-31T23:59:00
2025-08-20,16,ITV1,P049,D002,1839.6,2.92,2025-12-31T23:59:00
2025-08-20,15,ITV1,P053,D014,2274.3,3.61,2025-12-31T23:59:00
2025-08-20,22,ITV1,P002,D005,976.5,1.55,2025-12-31T23:59:00
2025-08-20,14,ITV1,P059,D007,2583.0,4.1,2025-12-31T23:59:00
2025-08-20,19,ITV1,P036,D013,11289.6,17.92,2025-12-31T23:59:00
2025-08-20,17,ITV1,P052,D002,2671.2,4.24,2025-12-31T23:59:00
2025-08-20,20,ITV1,P045,D007,5468.4,8.68,2025-12-31T23:59:00
2025-08-20,8,ITV1,P021,D011,938.7,1.49,2025-12-31T23:59:00
2025-08-20,9,ITV1,P065,D002,2778.3,4.41,2025-12-31T23:59:00
2025-08-20,12,ITV1,P064,D007,2545.2,4.04,2025-12-31T23:59:00
2025-08-20,6,ITV1,P032,D013,718.2,1.14,2025-12-31T23:59:00
2025-08-20,23,ITV1,P024,D005,2879.1,4.57,2025-12-31T23:59:00
2025-08-20,22,ITV2,P002,D009,396.9,0.63,2025-12-31T23:59:00
2025-08-20,23,ITV2,P052,D011,453.6,0.72,2025-12-31T23:59:00
2025-08-20,6,ITV2,P025,D013,466.2,0.74,2025-12-31T23:59:00
2025-08-20,18,ITV2,P025,D007,441.0,0.7,2025-12-31T23:59:00
2025-08-20,8,ITV2,P063,D011,485.1,0.77,2025-12-31T23:59:00
2025-08-20,14,ITV2,P012,D006,611.1,0.97,2025-12-31T23:59:00
2025-08-20,13,ITV2,P054,D008,220.5,0.35,2025-12-31T23:59:00
2025-08-20,17,ITV2,P004,D010,359.1,0.57,2025-12-31T23:59:00
2025-08-20,11,CHAN5,P062,D003,699.3,1.11,2025-12-31T23:59:00
2025-08-20,18,CHAN5,P061,D013,604.8,0.96,2025-12-31T23:59:00
2025-08-20,12,CHAN5,P065,D003,957.6,1.52,2025-12-31T23:59:00
2025-08-20,23,CHAN5,P025,D001,472.5,0.75,2025-12-31T23:59:00
2025-08-20,16,CHAN5,P011,D016,982.8,1.56,2025-12-31T23:59:00
2025-08-20,22,CHAN5,P030,D015,1039.5,1.65,2025-12-31T23:59:00
2025-08-20,13,CHAN5,P045,D004,340.2,0.54,2025-12-31T23:59:00
2025-08-20,7,CHAN5,P051,D010,1234.8,1.96,2025-12-31T23:59:00
2025-08-20,20,CHAN5,P011,D003,1845.9,2.93,2025-12-31T23:59:00
2025-08-20,6,CHAN5,P020,D014,390.6,0.62,2025-12-31T23:59:00
2025-08-20,17,CHAN5,P025,D014,1253.7,1.99,2025-12-31T23:59:00
2025-08-20,21,BBC2,P033,D009,2652.3,4.21,2025-12-31T23:59:00
2025-08-20,16,BBC2,P019,D001,378.0,0.6,2025-12-31T23:59:00
2025-08-20,7,BBC2,P019,D014,522.9,0.83,2025-12-31T23:59:00
2025-08-20,10,BBC2,P033,D001,459.9,0.73,2025-12-31T23:59:00
2025-08-20,23,BBC2,P005,D003,1241.1,1.97,2025-12-31T23:59:00
2025-08-20,17,BBC2,P044,D006,441.0,0.7,2025-12-31T23:59:00
2025-08-20,22,BBC2,P018,D007,1014.3,1.61,2025-12-31T23:59:00
2025-08-20,20,BBC2,P010,D015,3238.2,5.14,2025-12-31T23:59:00
2025-08-20,13,BBC2,P041,D003,1096.2,1.74,2025-12-31T23:59:00
2025-08-20,19,BBC2,P013,D012,2828.7,4.49,2025-12-31T23:59:00
2025-08-20,18,BBC2,P064,D009,749.7,1.19,2025-12-31T23:59:00
2025-08-20,9,BBC2,P058,D006,800.1,1.27,2025-12-31T23:59:00
2025-08-20,12,BBC2,P015,D004,674.1,1.07,2025-12-31T23:59:00
2025-08-20,14,BBC2,P051,D013,781.2,1.24,2025-12-31T23:59:00
2025-08-20,7,CATCHUP,P019,D011,119.7,0.19,2025-12-31T23:59:00
2025-08-20,15,CATCHUP,P012,D016,144.9,0.23,2025-12-31T23:59:00
2025-08-20,20,CATCHUP,P014,D013,504.0,0.8,2025-12-31T23:59:00
2025-08-20,13,CATCHUP,P019,D004,50.4,0.08,2025-12-31T23:59:00
2025-08-20,10,CATCHUP,P012,D012,88.2,0.14,2025-12-31T23:59:00
2025-08-20,23,CATCHUP,P012,D013,100.8,0.16,2025-12-31T23:59:00
2025-08-20,19,CATCHUP,P009,D014,598.5,0.95,2025-12-31T23:59:00
2025-08-20,12,CATCHUP,P020,D006,138.6,0.22,2025-12-31T23:59:00
2025-08-20,17,CATCHUP,P003,D010,94.5,0.15,2025-12-31T23:59:00
2025-08-20,14,CATCHUP,P025,D001,113.4,0.18,2025-12-31T23:59:00
2025-08-20,23,EXTRA,P004,D005,270.9,0.43,2025-12-31T23:59:00
2025-08-20,17,EXTRA,P012,D004,239.4,0.38,2025-12-31T23:59:00
2025-08-20,9,EXTRA,P025,D015,466.2,0.74,2025-12-31T23:59:00
2025-08-20,14,EXTRA,P028,D003,214.2,0.34,2025-12-31T23:59:00
2025-08-20,20,EXTRA,P013,D005,1089.9,1.73,2025-12-31T23:59:00
2025-08-20,8,EXTRA,P022,D016,415.8,0.66,2025-12-31T23:59:00
2025-08-20,16,EXTRA,P018,D001,472.5,0.75,2025-12-31T23:59:00
2025-08-20,13,EXTRA,P027,D011,548.1,0.87,2025-12-31T23:59:00
2025-08-20,6,EXTRA,P019,D001,617.4,0.98,2025-12-31T23:59:00
2025-08-20,15,EXTRA,P001,D006,516.6,0.82,2025-12-31T23:59:00
2025-08-20,19,EXTRA,P030,D004,1033.2,1.64,2025-12-31T23:59:00
2025-08-20,12,EXTRA,P012,D016,233.1,0.37,2025-12-31T23:59:00
2025-08-20,11,EXTRA,P008,D014,384.3,0.61,2025-12-31T23:59:00
2025-08-20,19,MAIN,P016,D009,2129.4,3.38,2025-12-31T23:59:00
2025-08-20,22,MAIN,P016,D009,1184.4,1.88,2025-12-31T23:59:00
2025-08-20,14,MAIN,P018,D010,1039.5,1.65,2025-12-31T23:59:00
2025-08-20,18,MAIN,P008,D001,636.3,1.01,2025-12-31T23:59:00
2025-08-20,23,MAIN,P022,D004,1146.6,1.82,2025-12-31T23:59:00
2025-08-20,15,MAIN,P022,D003,1417.5,2.25,2025-12-31T23:59:00
2025-08-20,9,MAIN,P008,D015,1430.1,2.27,2025-12-31T23:59:00
2025-08-20,8,MAIN,P021,D004,938.7,1.49,2025-12-31T23:59:00
2025-08-20,17,MAIN,P007,D007,919.8,1.46,2025-12-31T23:59:00
2025-08-20,7,MAIN,P003,D006,837.9,1.33,2025-12-31T23:59:00
2025-08-20,16,MAIN,P023,D012,856.8,1.36,2025-12-31T23:59:00
2025-08-20,6,MAIN,P009,D014,730.8,1.16,2025-12-31T23:59:00
2025-08-20,12,MOVIES,P012,D015,107.1,0.17,2025-12-31T23:59:00
2025-08-20,9,MOVIES,P015,D016,163.8,0.26,2025-12-31T23:59:00
2025-08-20,7,MOVIES,P011,D002,94.5,0.15,2025-12-31T23:59:00
2025-08-20,22,MOVIES,P001,D005,163.8,0.26,2025-12-31T23:59:00
2025-08-20,21,MOVIES,P015,D001,365.4,0.58,2025-12-31T23:59:00
2025-08-20,8,MOVIES,P017,D002,233.1,0.37,2025-12-31T23:59:00
2025-08-20,20,MOVIES,P022,D008,819.0,1.3,2025-12-31T23:59:00
2025-08-20,17,MOVIES,P023,D015,201.6,0.32,2025-12-31T23:59:00
2025-08-20,23,MOVIES,P001,D004,239.4,0.38,2025-12-31T23:59:00
2025-08-27,23,EXTRA,P010,D009,220.5,0.35,2025-12-31T23:59:00
2025-08-27,11,EXTRA,P025,D008,598.5,0.95,2025-12-31T23:59:00
2025-08-27,19,EXTRA,P009,D005,970.2,1.54,2025-12-31T23:59:00
2025-08-27,14,EXTRA,P028,D002,233.1,0.37,2025-12-31T23:59:00
2025-08-27,16,EXTRA,P008,D012,207.9,0.33,2025-12-31T23:59:00
2025-08-27,8,EXTRA,P008,D015,308.7,0.49,2025-12-31T23:59:00
2025-08-27,7,EXTRA,P008,D005,585.9,0.93,2025-12-31T23:59:00
2025-08-27,18,EXTRA,P012,D006,371.7,0.59,2025-12-31T23:59:00
2025-08-27,23,BBC1,P053,D013,1845.9,2.93,2025-12-31T23:59:00
2025-08-27,18,BBC1,P025,D012,1814.4,2.88,2025-12-31T23:59:00
2025-08-27,20,BBC1,P044,D007,9021.6,14.32,2025-12-31T23:59:00
2025-08-27,22,BBC1,P039,D009,3124.8,4.96,2025-12-31T23:59:00
2025-08-27,6,BBC1,P012,D007,3005.1,4.77,2025-12-31T23:59:00
2025-08-27,21,BBC1,P031,D012,12070.8,19.16,2025-12-31T23:59:00
2025-08-27,10,BBC1,P040,D004,1266.3,2.01,2025-12-31T23:59:00
2025-08-27,14,BBC1,P049,D015,1990.8,3.16,2025-12-31T23:59:00
2025-08-27,16,BBC1,P058,D003,2186.1,3.47,2025-12-31T23:59:00
2025-08-27,8,BBC1,P052,D016,1719.9,2.73,2025-12-31T23:59:00
2025-08-27,12,BBC1,P028,D011,1638.0,2.6,2025-12-31T23:59:00
2025-08-27,9,BBC1,P037,D003,3389.4,5.38,2025-12-31T23:59:00
2025-08-27,19,BBC1,P030,D011,7616.7,12.09,2025-12-31T23:59:00
2025-08-27,12,MAIN,P024,D011,856.8,1.36,2025-12-31T23:59:00
2025-08-27,6,MAIN,P013,D014,837.9,1.33,2025-12-31T23:59:00
2025-08-27,22,MAIN,P030,D004,611.1,0.97,2025-12-31T23:59:00
2025-08-27,18,MAIN,P002,D003,680.4,1.08,2025-12-31T23:59:00
2025-08-27,23,MAIN,P021,D002,623.7,0.99,2025-12-31T23:59:00
2025-08-27,9,MAIN,P010,D014,1108.8,1.76,2025-12-31T23:59:00
2025-08-27,17,MAIN,P030,D016,711.9,1.13,2025-12-31T23:59:00
2025-08-27,11,MAIN,P016,D007,724.5,1.15,2025-12-31T23:59:00
2025-08-27,14,MAIN,P012,D003,1020.6,1.62,2025-12-31T23:59:00
2025-08-27,21,MAIN,P005,D014,2217.6,3.52,2025-12-31T23:59:00
2025-08-27,20,MAIN,P010,D012,3861.9,6.13,2025-12-31T23:59:00
2025-08-27,21,CATCHUP,P027,D011,270.9,0.43,2025-12-31T23:59:00
2025-08-27,6,CATCHUP,P027,D015,157.5,0.25,2025-12-31T23:59:00
2025-08-27,16,CATCHUP,P024,D009,44.1,0.07,2025-12-31T23:59:00
2025-08-27,19,CATCHUP,P016,D015,441.0,0.7,2025-12-31T23:59:00
2025-08-27,7,CATCHUP,P027,D011,107.1,0.17,2025-12-31T23:59:00
2025-08-27,10,CATCHUP,P003,D011,126.0,0.2,2025-12-31T23:59:00
2025-08-27,18,CATCHUP,P003,D007,126.0,0.2,2025-12-31T23:59:00
2025-08-27,15,CATCHUP,P021,D012,63.0,0.1,2025-12-31T23:59:00
2025-08-27,17,CATCHUP,P019,D011,126.0,0.2,2025-12-31T23:59:00
2025-08-27,23,CATCHUP,P022,D015,163.8,0.26,2025-12-31T23:59:00
2025-08-27,8,CATCHUP,P003,D012,50.4,0.08,2025-12-31T23:59:00
2025-08-27,9,CATCHUP,P018,D002,163.8,0.26,2025-12-31T23:59:00
2025-08-27,22,SKYATL,P007,D009,182.7,0.29,2025-12-31T23:59:00
2025-08-27,18,SKYATL,P055,D015,252.0,0.4,2025-12-31T23:59:00
2025-08-27,14,SKYATL,P065,D001,170.1,0.27,2025-12-31T23:59:00
2025-08-27,11,SKYATL,P014,D013,207.9,0.33,2025-12-31T23:59:00
2025-08-27,17,SKYATL,P019,D001,189.0,0.3,2025-12-31T23:59:00
2025-08-27,15,SKYATL,P028,D004,88.2,0.14,2025-12-31T23:59:00
2025-08-27,6,SKYATL,P002,D006,100.8,0.16,2025-12-31T23:59:00
2025-08-27,10,SKYATL,P033,D002,245.7,0.39,2025-12-31T23:59:00
2025-08-27,7,SKYATL,P014,D007,63.0,0.1,2025-12-31T23:59:00
2025-08-27,23,SKYATL,P002,D006,195.3,0.31,2025-12-31T23:59:00
2025-08-27,21,SKYATL,P039,D006,491.4,0.78,2025-12-31T23:59:00
2025-08-27,8,SKYATL,P019,D001,81.9,0.13,2025-12-31T23:59:00
2025-08-27,13,SKYATL,P058,D001,100.8,0.16,2025-12-31T23:59:00
2025-08-27,19,SKYATL,P060,D004,409.5,0.65,2025-12-31T23:59:00
2025-08-27,15,MOVIES,P022,D007,126.0,0.2,2025-12-31T23:59:00
2025-08-27,22,MOVIES,P022,D002,81.9,0.13,2025-12-31T23:59:00
2025-08-27,16,MOVIES,P021,D001,63.0,0.1,2025-12-31T23:59:00
2025-08-27,12,MOVIES,P007,D009,157.5,0.25,2025-12-31T23:59:00
2025-08-27,8,MOVIES,P007,D015,252.0,0.4,2025-12-31T23:59:00
2025-08-27,9,MOVIES,P015,D010,176.4,0.28,2025-12-31T23:59:00
2025-08-27,10,MOVIES,P024,D015,151.2,0.24,2025-12-31T23:59:00
2025-08-27,7,MOVIES,P013,D003,75.6,0.12,2025-12-31T23:59:00
2025-08-27,23,MOVIES,P006,D009,163.8,0.26,2025-12-31T23:59:00
2025-08-27,14,MOVIES,P024,D004,201.6,0.32,2025-12-31T23:59:00
2025-08-27,18,MOVIES,P001,D006,163.8,0.26,2025-12-31T23:59:00
2025-08-27,10,ITV2,P017,D012,585.9,0.93,2025-12-31T23:59:00
2025-08-27,14,ITV2,P015,D005,390.6,0.62,2025-12-31T23:59:00
2025-08-27,23,ITV2,P026,D015,705.6,1.12,2025-12-31T23:59:00
2025-08-27,9,ITV2,P055,D012,674.1,1.07,2025-12-31T23:59:00
2025-08-27,11,ITV2,P024,D015,705.6,1.12,2025-12-31T23:59:00
2025-08-27,17,ITV2,P055,D010,333.9,0.53,2025-12-31T23:59:00
2025-08-27,6,ITV2,P059,D011,308.7,0.49,2025-12-31T23:59:00
2025-08-27,8,ITV2,P055,D006,617.4,0.98,2025-12-31T23:59:00
2025-08-27,20,ITV2,P034,D011,1738.8,2.76,2025-12-31T23:59:00
2025-08-27,16,ITV2,P003,D003,491.4,0.78,2025-12-31T23:59:00
2025-08-27,13,ITV2,P040,D010,529.2,0.84,2025-12-31T23:59:00
2025-08-27,15,ITV2,P064,D013,447.3,0.71,2025-12-31T23:59:00
2025-08-27,17,CHAN5,P035,D007,371.7,0.59,2025-12-31T23:59:00
2025-08-27,7,CHAN5,P035,D003,1052.1,1.67,2025-12-31T23:59:00
2025-08-27,8,CHAN5,P036,D002,478.8,0.76,2025-12-31T23:59:00
2025-08-27,14,CHAN5,P009,D009,875.7,1.39,2025-12-31T23:59:00
2025-08-27,19,CHAN5,P039,D016,2154.6,3.42,2025-12-31T23:59:00
2025-08-27,6,CHAN5,P022,D013,453.6,0.72,2025-12-31T23:59:00
2025-08-27,23,CHAN5,P025,D001,1008.0,1.6,2025-12-31T23:59:00
2025-08-27,20,CHAN5,P027,D007,1505.7,2.39,2025-12-31T23:59:00
2025-08-27,10,CHAN5,P001,D008,617.4,0.98,2025-12-31T23:59:00
2025-08-27,13,CHAN5,P058,D012,447.3,0.71,2025-12-31T23:59:00
2025-08-27,9,CHAN5,P041,D002,504.0,0.8,2025-12-31T23:59:00
2025-08-27,15,CHAN5,P019,D001,1253.7,1.99,2025-12-31T23:59:00
2025-08-27,16,CHAN5,P039,D002,472.5,0.75,2025-12-31T23:59:00
2025-09-03,16,CHAN5,P057,D001,945.0,1.5,2025-12-31T23:59:00
2025-09-03,17,CHAN5,P061,D006,472.5,0.75,2025-12-31T23:59:00
2025-09-03,8,CHAN5,P033,D012,787.5,1.25,2025-12-31T23:59:00
2025-09-03,6,CHAN5,P044,D014,1001.7,1.59,2025-12-31T23:59:00
2025-09-03,18,CHAN5,P057,D014,749.7,1.19,2025-12-31T23:59:00
2025-09-03,23,CHAN5,P058,D007,800.1,1.27,2025-12-31T23:59:00
2025-09-03,9,CHAN5,P033,D010,485.1,0.77,2025-12-31T23:59:00
2025-09-03,14,CHAN5,P065,D010,768.6,1.22,2025-12-31T23:59:00
2025-09-03,20,CHAN5,P051,D016,2097.9,3.33,2025-12-31T23:59:00
2025-09-03,13,CHAN5,P003,D006,529.2,0.84,2025-12-31T23:59:00
2025-09-03,12,SKYONE,P032,D010,296.1,0.47,2025-12-31T23:59:00
2025-09-03,9,SKYONE,P017,D006,94.5,0.15,2025-12-31T23:59:00
2025-09-03,23,SKYONE,P029,D012,233.1,0.37,2025-12-31T23:59:00
2025-09-03,17,SKYONE,P054,D010,220.5,0.35,2025-12-31T23:59:00
2025-09-03,19,SKYONE,P004,D011,699.3,1.11,2025-12-31T23:59:00
2025-09-03,6,SKYONE,P007,D010,94.5,0.15,2025-12-31T23:59:00
2025-09-03,21,SKYONE,P060,D014,617.4,0.98,2025-12-31T23:59:00
2025-09-03,10,SKYONE,P046,D008,289.8,0.46,2025-12-31T23:59:00
2025-09-03,11,BBC2,P003,D007,1197.0,1.9,2025-12-31T23:59:00
2025-09-03,21,BBC2,P026,D008,3742.2,5.94,2025-12-31T23:59:00
2025-09-03,17,BBC2,P003,D001,447.3,0.71,2025-12-31T23:59:00
2025-09-03,9,BBC2,P021,D016,529.2,0.84,2025-12-31T23:59:00
2025-09-03,16,BBC2,P018,D004,951.3,1.51,2025-12-31T23:59:00
2025-09-03,13,BBC2,P003,D001,1077.3,1.71,2025-12-31T23:59:00
2025-09-03,23,BBC2,P004,D009,882.0,1.4,2025-12-31T23:59:00
2025-09-03,19,BBC2,P011,D013,2387.7,3.79,2025-12-31T23:59:00
2025-09-03,7,BBC2,P043,D005,1197.0,1.9,2025-12-31T23:59:00
2025-09-03,22,BBC2,P017,D016,1058.4,1.68,2025-12-31T23:59:00
2025-09-03,10,BBC2,P065,D001,743.4,1.18,2025-12-31T23:59:00
2025-09-03,20,BBC2,P045,D002,1984.5,3.15,2025-12-31T23:59:00
2025-09-03,13,BBC1,P013,D015,1877.4,2.98,2025-12-31T23:59:00
2025-09-03,11,BBC1,P035,D016,1442.7,2.29,2025-12-31T23:59:00
2025-09-03,10,BBC1,P051,D013,3263.4,5.18,2025-12-31T23:59:00
2025-09-03,9,BBC1,P025,D001,2734.2,4.34,2025-12-31T23:59:00
2025-09-03,14,BBC1,P009,D005,1896.3,3.01,2025-12-31T23:59:00
2025-09-03,16,BBC1,P032,D014,1650.6,2.62,2025-12-31T23:59:00
2025-09-03,20,BBC1,P023,D014,7345.8,11.66,2025-12-31T23:59:00
2025-09-03,6,BBC1,P058,D007,2274.3,3.61,2025-12-31T23:59:00
2025-09-03,12,BBC1,P033,D016,2614.5,4.15,2025-12-31T23:59:00
2025-09-03,22,BBC1,P017,D004,2280.6,3.62,2025-12-31T23:59:00
2025-09-03,19,BBC1,P063,D005,7837.2,12.44,2025-12-31T23:59:00
2025-09-03,15,BBC1,P001,D007,2444.4,3.88,2025-12-31T23:59:00
2025-09-03,18,CATCHUP,P012,D005,138.6,0.22,2025-12-31T23:59:00
2025-09-03,9,CATCHUP,P024,D004,126.0,0.2,2025-12-31T23:59:00
2025-09-03,22,CATCHUP,P014,D006,50.4,0.08,2025-12-31T23:59:00
2025-09-03,7,CATCHUP,P017,D012,107.1,0.17,2025-12-31T23:59:00
2025-09-03,21,CATCHUP,P017,D005,365.4,0.58,2025-12-31T23:59:00
2025-09-03,23,CATCHUP,P027,D008,144.9,0.23,2025-12-31T23:59:00
2025-09-03,8,CATCHUP,P024,D013,75.6,0.12,2025-12-31T23:59:00
2025-09-03,13,CATCHUP,P020,D012,126.0,0.2,2025-12-31T23:59:00
2025-09-03,14,CATCHUP,P004,D003,176.4,0.28,2025-12-31T23:59:00
2025-09-03,23,ITV2,P014,D001,573.3,0.91,2025-12-31T23:59:00
2025-09-03,6,ITV2,P036,D011,403.2,0.64,2025-12-31T23:59:00
2025-09-03,8,ITV2,P052,D004,661.5,1.05,2025-12-31T23:59:00
2025-09-03,13,ITV2,P008,D008,592.2,0.94,2025-12-31T23:59:00
2025-09-03,20,ITV2,P064,D011,1417.5,2.25,2025-12-31T23:59:00
2025-09-03,14,ITV2,P018,D002,283.5,0.45,2025-12-31T23:59:00
2025-09-03,18,ITV2,P003,D012,340.2,0.54,2025-12-31T23:59:00
2025-09-03,11,ITV2,P038,D010,459.9,0.73,2025-12-31T23:59:00
2025-09-03,22,FACTUAL,P019,D005,170.1,0.27,2025-12-31T23:59:00
2025-09-03,23,FACTUAL,P016,D008,245.7,0.39,2025-12-31T23:59:00
2025-09-03,6,FACTUAL,P021,D010,63.0,0.1,2025-12-31T23:59:00
2025-09-03,15,FACTUAL,P017,D001,126.0,0.2,2025-12-31T23:59:00
2025-09-03,14,FACTUAL,P013,D012,277.2,0.44,2025-12-31T23:59:00
2025-09-03,21,FACTUAL,P026,D002,699.3,1.11,2025-12-31T23:59:00
2025-09-03,8,FACTUAL,P008,D013,264.6,0.42,2025-12-31T23:59:00
2025-09-03,20,FACTUAL,P021,D012,1001.7,1.59,2025-12-31T23:59:00
2025-09-03,9,FACTUAL,P023,D011,258.3,0.41,2025-12-31T23:59:00
2025-09-03,17,FACTUAL,P018,D016,283.5,0.45,2025-12-31T23:59:00
2025-09-03,18,FACTUAL,P013,D001,157.5,0.25,2025-12-31T23:59:00
2025-09-03,19,FACTUAL,P015,D008,642.6,1.02,2025-12-31T23:59:00
2025-09-03,13,FACTUAL,P020,D004,88.2,0.14,2025-12-31T23:59:00
2025-09-03,16,FACTUAL,P010,D010,163.8,0.26,2025-12-31T23:59:00
2025-09-03,21,MOVIES,P023,D001,648.9,1.03,2025-12-31T23:59:00
2025-09-03,10,MOVIES,P004,D007,252.0,0.4,2025-12-31T23:59:00
2025-09-03,15,MOVIES,P015,D009,88.2,0.14,2025-12-31T23:59:00
2025-09-03,19,MOVIES,P024,D007,466.2,0.74,2025-12-31T23:59:00
2025-09-03,17,MOVIES,P023,D010,144.9,0.23,2025-12-31T23:59:00
2025-09-03,16,MOVIES,P030,D001,207.9,0.33,2025-12-31T23:59:00
2025-09-03,22,MOVIES,P019,D007,69.3,0.11,2025-12-31T23:59:00
2025-09-03,8,MOVIES,P021,D006,69.3,0.11,2025-12-31T23:59:00
2025-09-03,6,MOVIES,P018,D016,144.9,0.23,2025-12-31T23:59:00
2025-09-03,9,MOVIES,P021,D007,69.3,0.11,2025-12-31T23:59:00
2025-09-10,11,SKYATL,P052,D016,88.2,0.14,2025-12-31T23:59:00
2025-09-10,9,SKYATL,P017,D005,189.0,0.3,2025-12-31T23:59:00
2025-09-10,8,SKYATL,P037,D002,100.8,0.16,2025-12-31T23:59:00
2025-09-10,17,SKYATL,P013,D003,226.8,0.36,2025-12-31T23:59:00
2025-09-10,10,SKYATL,P016,D014,226.8,0.36,2025-12-31T23:59:00
2025-09-10,7,SKYATL,P044,D003,195.3,0.31,2025-12-31T23:59:00
2025-09-10,15,SKYATL,P028,D005,226.8,0.36,2025-12-31T23:59:00
2025-09-10,21,SKYATL,P031,D002,837.9,1.33,2025-12-31T23:59:00
2025-09-10,21,SKYONE,P053,D016,806.4,1.28,2025-12-31T23:59:00
2025-09-10,14,SKYONE,P028,D005,296.1,0.47,2025-12-31T23:59:00
2025-09-10,20,SKYONE,P057,D016,686.7,1.09,2025-12-31T23:59:00
2025-09-10,8,SKYONE,P056,D009,182.7,0.29,2025-12-31T23:59:00
2025-09-10,10,SKYONE,P006,D006,126.0,0.2,2025-12-31T23:59:00
2025-09-10,13,SKYONE,P037,D005,315.0,0.5,2025-12-31T23:59:00
2025-09-10,22,SKYONE,P008,D008,189.0,0.3,2025-12-31T23:59:00
2025-09-10,16,SKYONE,P044,D013,182.7,0.29,2025-12-31T23:59:00
2025-09-10,9,SKYONE,P065,D012,163.8,0.26,2025-12-31T23:59:00
2025-09-10,19,CATCHUP,P018,D011,207.9,0.33,2025-12-31T23:59:00
2025-09-10,6,CATCHUP,P011,D002,144.9,0.23,2025-12-31T23:59:00
2025-09-10,18,CATCHUP,P018,D013,170.1,0.27,2025-12-31T23:59:00
2025-09-10,20,CATCHUP,P020,D013,296.1,0.47,2025-12-31T23:59:00
2025-09-10,13,CATCHUP,P009,D014,157.5,0.25,2025-12-31T23:59:00
2025-09-10,22,CATCHUP,P007,D006,157.5,0.25,2025-12-31T23:59:00
2025-09-10,21,CATCHUP,P006,D016,478.8,0.76,2025-12-31T23:59:00
2025-09-10,15,CATCHUP,P006,D004,138.6,0.22,2025-12-31T23:59:00
2025-09-10,7,CATCHUP,P025,D008,182.7,0.29,2025-12-31T23:59:00
2025-09-10,17,CATCHUP,P001,D008,94.5,0.15,2025-12-31T23:59:00
2025-09-10,9,CATCHUP,P007,D002,88.2,0.14,2025-12-31T23:59:00
2025-09-10,14,CATCHUP,P030,D003,163.8,0.26,2025-12-31T23:59:00
2025-09-10,16,CATCHUP,P028,D003,157.5,0.25,2025-12-31T23:59:00
2025-09-10,12,CATCHUP,P008,D002,113.4,0.18,2025-12-31T23:59:00
2025-09-10,13,MAIN,P011,D010,1474.2,2.34,2025-12-31T23:59:00
2025-09-10,12,MAIN,P030,D008,1083.6,1.72,2025-12-31T23:59:00
2025-09-10,10,MAIN,P002,D006,1165.5,1.85,2025-12-31T23:59:00
2025-09-10,19,MAIN,P028,D003,4554.9,7.23,2025-12-31T23:59:00
2025-09-10,21,MAIN,P008,D016,2299.5,3.65,2025-12-31T23:59:00
2025-09-10,6,MAIN,P026,D007,548.1,0.87,2025-12-31T23:59:00
2025-09-10,11,MAIN,P005,D006,1486.8,2.36,2025-12-31T23:59:00
2025-09-10,18,MAIN,P030,D005,724.5,1.15,2025-12-31T23:59:00
2025-09-10,23,MAIN,P028,D015,945.0,1.5,2025-12-31T23:59:00
2025-09-10,15,MAIN,P029,D008,894.6,1.42,2025-12-31T23:59:00
2025-09-10,9,MAIN,P009,D003,1493.1,2.37,2025-12-31T23:59:00
2025-09-10,8,MAIN,P023,D008,976.5,1.55,2025-12-31T23:59:00
2025-09-10,15,BBC2,P006,D009,705.6,1.12,2025-12-31T23:59:00
2025-09-10,11,BBC2,P040,D009,737.1,1.17,2025-12-31T23:59:00
2025-09-10,7,BBC2,P059,D002,768.6,1.22,2025-12-31T23:59:00
2025-09-10,19,BBC2,P048,D007,2431.8,3.86,2025-12-31T23:59:00
2025-09-10,21,BBC2,P002,D011,3950.1,6.27,2025-12-31T23:59:00
2025-09-10,6,BBC2,P023,D004,1045.8,1.66,2025-12-31T23:59:00
2025-09-10,20,BBC2,P011,D006,3553.2,5.64,2025-12-31T23:59:00
2025-09-10,16,BBC2,P019,D012,756.0,1.2,2025-12-31T23:59:00
2025-09-10,9,BBC2,P051,D002,919.8,1.46,2025-12-31T23:59:00
2025-09-10,19,EXTRA,P012,D014,1436.4,2.28,2025-12-31T23:59:00
2025-09-10,20,EXTRA,P020,D006,1096.2,1.74,2025-12-31T23:59:00
2025-09-10,21,EXTRA,P022,D008,2368.8,3.76,2025-12-31T23:59:00
2025-09-10,9,EXTRA,P002,D015,378.0,0.6,2025-12-31T23:59:00
2025-09-10,11,EXTRA,P024,D008,378.0,0.6,2025-12-31T23:59:00
2025-09-10,13,EXTRA,P015,D008,277.2,0.44,2025-12-31T23:59:00
2025-09-10,10,EXTRA,P021,D001,233.1,0.37,2025-12-31T23:59:00
2025-09-10,23,EXTRA,P010,D001,422.1,0.67,2025-12-31T23:59:00
2025-09-10,22,EXTRA,P010,D009,422.1,0.67,2025-12-31T23:59:00
2025-09-10,7,EXTRA,P021,D006,352.8,0.56,2025-12-31T23:59:00
2025-09-10,16,EXTRA,P024,D004,195.3,0.31,2025-12-31T23:59:00
2025-09-10,6,ITV2,P031,D007,277.2,0.44,2025-12-31T23:59:00
2025-09-10,21,ITV2,P052,D004,1455.3,2.31,2025-12-31T23:59:00
2025-09-10,19,ITV2,P015,D008,1474.2,2.34,2025-12-31T23:59:00
2025-09-10,14,ITV2,P016,D004,535.5,0.85,2025-12-31T23:59:00
2025-09-10,8,ITV2,P040,D012,491.4,0.78,2025-12-31T23:59:00
2025-09-10,10,ITV2,P035,D010,390.6,0.62,2025-12-31T23:59:00
2025-09-10,22,ITV2,P007,D005,365.4,0.58,2025-12-31T23:59:00
2025-09-10,13,ITV2,P010,D012,453.6,0.72,2025-12-31T23:59:00
2025-09-10,9,ITV2,P039,D002,623.7,0.99,2025-12-31T23:59:00
2025-09-10,12,ITV2,P007,D012,535.5,0.85,2025-12-31T23:59:00
2025-09-10,15,ITV2,P053,D003,560.7,0.89,2025-12-31T23:59:00
2025-09-10,20,ITV2,P044,D003,2759.4,4.38,2025-12-31T23:59:00
2025-09-10,11,ITV2,P021,D007,756.0,1.2,2025-12-31T23:59:00
2025-09-10,7,ITV2,P034,D010,718.2,1.14,2025-12-31T23:59:00
2025-09-10,13,MOVIES,P023,D010,207.9,0.33,2025-12-31T23:59:00
2025-09-10,19,MOVIES,P015,D003,894.6,1.42,2025-12-31T23:59:00
2025-09-10,21,MOVIES,P009,D012,863.1,1.37,2025-12-31T23:59:00
2025-09-10,20,MOVIES,P024,D006,711.9,1.13,2025-12-31T23:59:00
2025-09-10,8,MOVIES,P019,D015,245.7,0.39,2025-12-31T23:59:00
2025-09-10,18,MOVIES,P008,D014,144.9,0.23,2025-12-31T23:59:00
2025-09-10,12,MOVIES,P014,D007,94.5,0.15,2025-12-31T23:59:00
2025-09-10,9,MOVIES,P017,D013,75.6,0.12,2025-12-31T23:59:00
2025-09-10,7,MOVIES,P011,D012,113.4,0.18,2025-12-31T23:59:00
2025-09-10,23,MOVIES,P023,D011,69.3,0.11,2025-12-31T23:59:00
2025-09-10,16,MOVIES,P011,D003,214.2,0.34,2025-12-31T23:59:00
2025-09-10,15,MOVIES,P021,D007,126.0,0.2,2025-12-31T23:59:00
2025-09-10,14,MOVIES,P014,D001,252.0,0.4,2025-12-31T23:59:00
2025-09-17,16,EXTRA,P008,D005,585.9,0.93,2025-12-31T23:59:00
2025-09-17,14,EXTRA,P029,D009,403.2,0.64,2025-12-31T23:59:00
2025-09-17,15,EXTRA,P030,D012,548.1,0.87,2025-12-31T23:59:00
2025-09-17,11,EXTRA,P005,D007,560.7,0.89,2025-12-31T23:59:00
2025-09-17,18,EXTRA,P030,D007,201.6,0.32,2025-12-31T23:59:00
2025-09-17,6,EXTRA,P013,D001,453.6,0.72,2025-12-31T23:59:00
2025-09-17,20,EXTRA,P022,D009,1197.0,1.9,2025-12-31T23:59:00
2025-09-17,7,EXTRA,P025,D001,604.8,0.96,2025-12-31T23:59:00
2025-09-17,22,EXTRA,P013,D002,623.7,0.99,2025-12-31T23:59:00
2025-09-17,12,EXTRA,P010,D014,516.6,0.82,2025-12-31T23:59:00
2025-09-17,17,EXTRA,P024,D002,340.2,0.54,2025-12-31T23:59:00
2025-09-17,10,EXTRA,P027,D013,359.1,0.57,2025-12-31T23:59:00
2025-09-17,9,MAIN,P009,D006,655.2,1.04,2025-12-31T23:59:00
2025-09-17,22,MAIN,P022,D012,680.4,1.08,2025-12-31T23:59:00
2025-09-17,23,MAIN,P026,D014,749.7,1.19,2025-12-31T23:59:00
2025-09-17,6,MAIN,P025,D004,882.0,1.4,2025-12-31T23:59:00
2025-09-17,7,MAIN,P023,D007,894.6,1.42,2025-12-31T23:59:00
2025-09-17,12,MAIN,P005,D005,648.9,1.03,2025-12-31T23:59:00
2025-09-17,14,MAIN,P003,D012,1171.8,1.86,2025-12-31T23:59:00
2025-09-17,8,MAIN,P012,D009,749.7,1.19,2025-12-31T23:59:00
2025-09-17,21,MAIN,P019,D011,2620.8,4.16,2025-12-31T23:59:00
2025-09-17,15,MAIN,P023,D004,1077.3,1.71,2025-12-31T23:59:00
2025-09-17,10,MAIN,P012,D005,1134.0,1.8,2025-12-31T23:59:00
2025-09-17,18,MAIN,P008,D005,1121.4,1.78,2025-12-31T23:59:00
2025-09-17,17,MAIN,P003,D009,1524.6,2.42,2025-12-31T23:59:00
2025-09-17,22,CATCHUP,P004,D003,182.7,0.29,2025-12-31T23:59:00
2025-09-17,11,CATCHUP,P001,D010,94.5,0.15,2025-12-31T23:59:00
2025-09-17,13,CATCHUP,P009,D006,44.1,0.07,2025-12-31T23:59:00
2025-09-17,12,CATCHUP,P003,D011,157.5,0.25,2025-12-31T23:59:00
2025-09-17,9,CATCHUP,P004,D006,138.6,0.22,2025-12-31T23:59:00
2025-09-17,16,CATCHUP,P027,D004,37.8,0.06,2025-12-31T23:59:00
2025-09-17,7,CATCHUP,P024,D008,163.8,0.26,2025-12-31T23:59:00
2025-09-17,6,CATCHUP,P013,D003,44.1,0.07,2025-12-31T23:59:00
2025-09-17,14,CATCHUP,P001,D016,94.5,0.15,2025-12-31T23:59:00
2025-09-17,18,CATCHUP,P001,D007,189.0,0.3,2025-12-31T23:59:00
2025-09-17,15,CATCHUP,P025,D011,119.7,0.19,2025-12-31T23:59:00
2025-09-17,10,CATCHUP,P028,D003,88.2,0.14,2025-12-31T23:59:00
2025-09-17,19,CATCHUP,P020,D012,226.8,0.36,2025-12-31T23:59:00
2025-09-17,10,SKYATL,P036,D011,88.2,0.14,2025-12-31T23:59:00
2025-09-17,11,SKYATL,P001,D001,144.9,0.23,2025-12-31T23:59:00
2025-09-17,19,SKYATL,P024,D006,730.8,1.16,2025-12-31T23:59:00
2025-09-17,21,SKYATL,P007,D002,774.9,1.23,2025-12-31T23:59:00
2025-09-17,7,SKYATL,P062,D010,138.6,0.22,2025-12-31T23:59:00
2025-09-17,20,SKYATL,P041,D003,756.0,1.2,2025-12-31T23:59:00
2025-09-17,18,SKYATL,P050,D005,176.4,0.28,2025-12-31T23:59:00
2025-09-17,16,SKYATL,P031,D016,207.9,0.33,2025-12-31T23:59:00
2025-09-17,19,CHAN5,P037,D015,4025.7,6.39,2025-12-31T23:59:00
2025-09-17,13,CHAN5,P037,D016,1241.1,1.97,2025-12-31T23:59:00
2025-09-17,7,CHAN5,P037,D003,1026.9,1.63,2025-12-31T23:59:00
2025-09-17,10,CHAN5,P053,D004,844.2,1.34,2025-12-31T23:59:00
2025-09-17,22,CHAN5,P014,D008,1152.9,1.83,2025-12-31T23:59:00
2025-09-17,14,CHAN5,P038,D015,598.5,0.95,2025-12-31T23:59:00
2025-09-17,11,CHAN5,P010,D010,378.0,0.6,2025-12-31T23:59:00
2025-09-17,17,CHAN5,P045,D001,926.1,1.47,2025-12-31T23:59:00
2025-09-17,15,CHAN5,P025,D003,1178.1,1.87,2025-12-31T23:59:00
2025-09-17,20,CHAN5,P055,D004,3483.9,5.53,2025-12-31T23:59:00
2025-09-17,6,CHAN5,P017,D008,1159.2,1.84,2025-12-31T23:59:00
2025-09-17,18,SKYONE,P046,D016,182.7,0.29,2025-12-31T23:59:00
2025-09-17,19,SKYONE,P019,D015,749.7,1.19,2025-12-31T23:59:00
2025-09-17,15,SKYONE,P001,D005,207.9,0.33,2025-12-31T23:59:00
2025-09-17,12,SKYONE,P006,D010,308.7,0.49,2025-12-31T23:59:00
2025-09-17,8,SKYONE,P045,D015,258.3,0.41,2025-12-31T23:59:00
2025-09-17,22,SKYONE,P027,D005,296.1,0.47,2025-12-31T23:59:00
2025-09-17,14,SKYONE,P035,D006,157.5,0.25,2025-12-31T23:59:00
2025-09-17,20,SKYONE,P007,D003,989.1,1.57,2025-12-31T23:59:00
2025-09-17,16,SKYONE,P036,D002,113.4,0.18,2025-12-31T23:59:00
2025-09-17,11,SKYONE,P057,D015,245.7,0.39,2025-12-31T23:59:00
2025-09-17,17,SKYONE,P026,D013,239.4,0.38,2025-12-31T23:59:00
2025-09-17,20,MOVIES,P003,D012,529.2,0.84,2025-12-31T23:59:00
2025-09-17,13,MOVIES,P009,D001,252.0,0.4,2025-12-31T23:59:00
2025-09-17,9,MOVIES,P009,D006,126.0,0.2,2025-12-31T23:59:00
2025-09-17,12,MOVIES,P018,D016,195.3,0.31,2025-12-31T23:59:00
2025-09-17,17,MOVIES,P020,D007,119.7,0.19,2025-12-31T23:59:00
2025-09-17,14,MOVIES,P016,D005,233.1,0.37,2025-12-31T23:59:00
2025-09-17,16,MOVIES,P012,D007,63.0,0.1,2025-12-31T23:59:00
2025-09-17,21,MOVIES,P014,D007,1152.9,1.83,2025-12-31T23:59:00
2025-09-17,15,MOVIES,P025,D002,182.7,0.29,2025-12-31T23:59:00
2025-09-17,23,MOVIES,P008,D011,138.6,0.22,2025-12-31T23:59:00
2025-09-17,13,BBC1,P018,D009,3036.6,4.82,2025-12-31T23:59:00
2025-09-17,17,BBC1,P048,D007,3704.4,5.88,2025-12-31T23:59:00
2025-09-17,21,BBC1,P065,D014,11875.5,18.85,2025-12-31T23:59:00
2025-09-17,18,BBC1,P038,D011,3030.3,4.81,2025-12-31T23:59:00
2025-09-17,19,BBC1,P041,D006,10010.7,15.89,2025-12-31T23:59:00
2025-09-17,8,BBC1,P063,D007,1707.3,2.71,2025-12-31T23:59:00
2025-09-17,16,BBC1,P064,D009,1606.5,2.55,2025-12-31T23:59:00
2025-09-17,11,BBC1,P011,D003,3420.9,5.43,2025-12-31T23:59:00
2025-09-17,6,BBC1,P030,D011,2532.6,4.02,2025-12-31T23:59:00
2025-09-17,15,BBC1,P012,D016,1965.6,3.12,2025-12-31T23:59:00
2025-09-17,12,BBC1,P034,D002,2961.0,4.7,2025-12-31T23:59:00
2025-09-17,23,BBC1,P061,D015,2923.2,4.64,2025-12-31T23:59:00
2025-09-17,22,BBC1,P059,D001,1707.3,2.71,2025-12-31T23:59:00
2025-09-24,7,ITV1,P017,D004,1593.9,2.53,2025-12-31T23:59:00
2025-09-24,8,ITV1,P024,D003,2790.9,4.43,2025-12-31T23:59:00
2025-09-24,12,ITV1,P015,D010,1562.4,2.48,2025-12-31T23:59:00
2025-09-24,22,ITV1,P038,D005,1845.9,2.93,2025-12-31T23:59:00
2025-09-24,11,ITV1,P055,D009,2891.7,4.59,2025-12-31T23:59:00
2025-09-24,20,ITV1,P065,D011,8145.9,12.93,2025-12-31T23:59:00
2025-09-24,15,ITV1,P043,D005,1474.2,2.34,2025-12-31T23:59:00
2025-09-24,17,ITV1,P001,D013,2438.1,3.87,2025-12-31T23:59:00
2025-09-24,13,ITV1,P014,D008,1921.5,3.05,2025-12-31T23:59:00
2025-09-24,10,ITV1,P030,D008,2242.8,3.56,2025-12-31T23:59:00
2025-09-24,21,ITV1,P040,D013,5499.9,8.73,2025-12-31T23:59:00
2025-09-24,14,ITV1,P030,D004,2513.7,3.99,2025-12-31T23:59:00
2025-09-24,6,ITV1,P023,D002,1102.5,1.75,2025-12-31T23:59:00
2025-09-24,21,MOVIES,P011,D013,585.9,0.93,2025-12-31T23:59:00
2025-09-24,6,MOVIES,P018,D014,214.2,0.34,2025-12-31T23:59:00
2025-09-24,8,MOVIES,P001,D009,239.4,0.38,2025-12-31T23:59:00
2025-09-24,20,MOVIES,P008,D008,1064.7,1.69,2025-12-31T23:59:00
2025-09-24,13,MOVIES,P025,D005,138.6,0.22,2025-12-31T23:59:00
2025-09-24,11,MOVIES,P006,D003,94.5,0.15,2025-12-31T23:59:00
2025-09-24,16,MOVIES,P008,D011,144.9,0.23,2025-12-31T23:59:00
2025-09-24,7,MOVIES,P024,D010,207.9,0.33,2025-12-31T23:59:00
2025-09-24,17,MOVIES,P009,D008,75.6,0.12,2025-12-31T23:59:00
2025-09-24,23,MOVIES,P006,D004,81.9,0.13,2025-12-31T23:59:00
2025-09-24,19,SKYATL,P042,D002,756.0,1.2,2025-12-31T23:59:00
2025-09-24,11,SKYATL,P015,D006,88.2,0.14,2025-12-31T23:59:00
2025-09-24,20,SKYATL,P054,D007,428.4,0.68,2025-12-31T23:59:00
2025-09-24,15,SKYATL,P062,D015,201.6,0.32,2025-12-31T23:59:00
2025-09-24,23,SKYATL,P015,D009,220.5,0.35,2025-12-31T23:59:00
2025-09-24,7,SKYATL,P063,D014,88.2,0.14,2025-12-31T23:59:00
2025-09-24,17,SKYATL,P026,D002,252.0,0.4,2025-12-31T23:59:00
2025-09-24,22,SKYATL,P035,D014,113.4,0.18,2025-12-31T23:59:00
2025-09-24,13,SKYATL,P046,D001,81.9,0.13,2025-12-31T23:59:00
2025-09-24,18,BBC1,P002,D008,3124.8,4.96,2025-12-31T23:59:00
2025-09-24,21,BBC1,P029,D014,8675.1,13.77,2025-12-31T23:59:00
2025-09-24,6,BBC1,P041,D011,1776.6,2.82,2025-12-31T23:59:00
2025-09-24,22,BBC1,P058,D004,3345.3,5.31,2025-12-31T23:59:00
2025-09-24,12,BBC1,P035,D015,1669.5,2.65,2025-12-31T23:59:00
2025-09-24,17,BBC1,P027,D009,1953.0,3.1,2025-12-31T23:59:00
2025-09-24,13,BBC1,P055,D007,3660.3,5.81,2025-12-31T23:59:00
2025-09-24,9,BBC1,P013,D013,2205.0,3.5,2025-12-31T23:59:00
2025-09-24,8,BBC1,P051,D008,1713.6,2.72,2025-12-31T23:59:00
2025-09-24,7,BBC1,P004,D006,3131.1,4.97,2025-12-31T23:59:00
2025-09-24,15,BBC1,P042,D002,3565.8,5.66,2025-12-31T23:59:00
2025-09-24,11,BBC1,P058,D003,2217.6,3.52,2025-12-31T23:59:00
2025-09-24,16,BBC1,P054,D016,3055.5,4.85,2025-12-31T23:59:00
2025-09-24,15,BBC2,P048,D005,693.0,1.1,2025-12-31T23:59:00
2025-09-24,20,BBC2,P041,D008,3635.1,5.77,2025-12-31T23:59:00
2025-09-24,10,BBC2,P038,D004,1033.2,1.64,2025-12-31T23:59:00
2025-09-24,13,BBC2,P002,D010,535.5,0.85,2025-12-31T23:59:00
2025-09-24,17,BBC2,P055,D016,560.7,0.89,2025-12-31T23:59:00
2025-09-24,23,BBC2,P046,D016,1064.7,1.69,2025-12-31T23:59:00
2025-09-24,11,BBC2,P055,D001,434.7,0.69,2025-12-31T23:59:00
2025-09-24,8,BBC2,P035,D016,724.5,1.15,2025-12-31T23:59:00
2025-09-24,6,BBC2,P037,D012,894.6,1.42,2025-12-31T23:59:00
2025-09-24,22,BBC2,P026,D015,585.9,0.93,2025-12-31T23:59:00
2025-09-24,14,BBC2,P045,D006,919.8,1.46,2025-12-31T23:59:00
2025-09-24,7,BBC2,P002,D012,1033.2,1.64,2025-12-31T23:59:00
2025-09-24,9,BBC2,P047,D003,1209.6,1.92,2025-12-31T23:59:00
2025-09-24,10,CHAN5,P022,D005,1014.3,1.61,2025-12-31T23:59:00
2025-09-24,23,CHAN5,P037,D008,674.1,1.07,2025-12-31T23:59:00
2025-09-24,19,CHAN5,P032,D007,2009.7,3.19,2025-12-31T23:59:00
2025-09-24,16,CHAN5,P040,D006,976.5,1.55,2025-12-31T23:59:00
2025-09-24,22,CHAN5,P024,D011,825.3,1.31,2025-12-31T23:59:00
2025-09-24,14,CHAN5,P049,D009,1089.9,1.73,2025-12-31T23:59:00
2025-09-24,6,CHAN5,P013,D016,1184.4,1.88,2025-12-31T23:59:00
2025-09-24,7,CHAN5,P021,D009,548.1,0.87,2025-12-31T23:59:00
2025-09-24,13,MAIN,P014,D001,1178.1,1.87,2025-12-31T23:59:00
2025-09-24,19,MAIN,P022,D004,4693.5,7.45,2025-12-31T23:59:00
2025-09-24,20,MAIN,P012,D014,2746.8,4.36,2025-12-31T23:59:00
2025-09-24,7,MAIN,P030,D010,831.6,1.32,2025-12-31T23:59:00
2025-09-24,18,MAIN,P016,D015,1127.7,1.79,2025-12-31T23:59:00
2025-09-24,15,MAIN,P012,D001,1436.4,2.28,2025-12-31T23:59:00
2025-09-24,10,MAIN,P006,D009,1146.6,1.82,2025-12-31T23:59:00
2025-09-24,22,MAIN,P030,D008,749.7,1.19,2025-12-31T23:59:00
2025-09-24,8,MAIN,P029,D006,510.3,0.81,2025-12-31T23:59:00
2025-09-24,9,MAIN,P017,D015,913.5,1.45,2025-12-31T23:59:00
2025-09-24,17,MAIN,P011,D014,1184.4,1.88,2025-12-31T23:59:00
2025-09-24,23,MAIN,P019,D015,894.6,1.42,2025-12-31T23:59:00
2025-09-24,16,MAIN,P024,D012,1033.2,1.64,2025-12-31T23:59:00
2025-09-24,12,MAIN,P011,D004,982.8,1.56,2025-12-31T23:59:00
2025-09-24,6,FACTUAL,P007,D009,126.0,0.2,2025-12-31T23:59:00
2025-09-24,8,FACTUAL,P015,D016,113.4,0.18,2025-12-31T23:59:00
2025-09-24,15,FACTUAL,P001,D009,289.8,0.46,2025-12-31T23:59:00
2025-09-24,11,FACTUAL,P030,D009,264.6,0.42,2025-12-31T23:59:00
2025-09-24,19,FACTUAL,P019,D009,1241.1,1.97,2025-12-31T23:59:00
2025-09-24,12,FACTUAL,P005,D012,302.4,0.48,2025-12-31T23:59:00
2025-09-24,22,FACTUAL,P020,D015,100.8,0.16,2025-12-31T23:59:00
2025-09-24,7,FACTUAL,P008,D002,75.6,0.12,2025-12-31T23:59:00
2025-10-01,14,CATCHUP,P018,D014,63.0,0.1,2025-12-31T23:59:00
2025-10-01,23,CATCHUP,P015,D005,88.2,0.14,2025-12-31T23:59:00
2025-10-01,21,CATCHUP,P009,D011,617.4,0.98,2025-12-31T23:59:00
2025-10-01,17,CATCHUP,P014,D016,157.5,0.25,2025-12-31T23:59:00
2025-10-01,8,CATCHUP,P025,D006,88.2,0.14,2025-12-31T23:59:00
2025-10-01,19,CATCHUP,P011,D014,604.8,0.96,2025-12-31T23:59:00
2025-10-01,11,CATCHUP,P005,D014,144.9,0.23,2025-12-31T23:59:00
2025-10-01,7,CATCHUP,P006,D014,163.8,0.26,2025-12-31T23:59:00
2025-10-01,13,CATCHUP,P027,D001,107.1,0.17,2025-12-31T23:59:00
2025-10-01,16,CATCHUP,P001,D014,44.1,0.07,2025-12-31T23:59:00
2025-10-01,18,CHAN5,P015,D003,661.5,1.05,2025-12-31T23:59:00
2025-10-01,23,CHAN5,P026,D015,1014.3,1.61,2025-12-31T23:59:00
2025-10-01,10,CHAN5,P020,D009,396.9,0.63,2025-12-31T23:59:00
2025-10-01,16,CHAN5,P021,D010,1178.1,1.87,2025-12-31T23:59:00
2025-10-01,13,CHAN5,P034,D010,472.5,0.75,2025-12-31T23:59:00
2025-10-01,11,CHAN5,P060,D010,882.0,1.4,2025-12-31T23:59:00
2025-10-01,6,CHAN5,P042,D002,1184.4,1.88,2025-12-31T23:59:00
2025-10-01,12,CHAN5,P034,D012,844.2,1.34,2025-12-31T23:59:00
2025-10-01,8,CHAN5,P055,D001,1234.8,1.96,2025-12-31T23:59:00
2025-10-01,7,CHAN5,P064,D006,1127.7,1.79,2025-12-31T23:59:00
2025-10-01,22,CHAN5,P024,D009,491.4,0.78,2025-12-31T23:59:00
2025-10-01,17,CHAN5,P063,D007,768.6,1.22,2025-12-31T23:59:00
2025-10-01,14,CHAN5,P064,D014,1020.6,1.62,2025-12-31T23:59:00
2025-10-01,20,CHAN5,P019,D013,2532.6,4.02,2025-12-31T23:59:00
2025-10-01,7,MAIN,P004,D007,1316.7,2.09,2025-12-31T23:59:00
2025-10-01,11,MAIN,P006,D008,1461.6,2.32,2025-12-31T23:59:00
2025-10-01,15,MAIN,P023,D002,768.6,1.22,2025-12-31T23:59:00
2025-10-01,14,MAIN,P025,D008,1562.4,2.48,2025-12-31T23:59:00
2025-10-01,19,MAIN,P001,D011,3402.0,5.4,2025-12-31T23:59:00
2025-10-01,16,MAIN,P004,D014,1033.2,1.64,2025-12-31T23:59:00
2025-10-01,8,MAIN,P011,D013,711.9,1.13,2025-12-31T23:59:00
2025-10-01,22,MAIN,P017,D014,1152.9,1.83,2025-12-31T23:59:00
2025-10-01,6,MAIN,P020,D012,926.1,1.47,2025-12-31T23:59:00
2025-10-01,23,MAIN,P001,D009,655.2,1.04,2025-12-31T23:59:00
2025-10-01,10,MAIN,P030,D005,522.9,0.83,2025-12-31T23:59:00
2025-10-01,9,MAIN,P020,D008,1272.6,2.02,2025-12-31T23:59:00
2025-10-01,13,MAIN,P014,D011,674.1,1.07,2025-12-31T23:59:00
2025-10-01,12,EXTRA,P028,D014,220.5,0.35,2025-12-31T23:59:00
2025-10-01,18,EXTRA,P005,D001,302.4,0.48,2025-12-31T23:59:00
2025-10-01,16,EXTRA,P005,D001,296.1,0.47,2025-12-31T23:59:00
2025-10-01,10,EXTRA,P002,D012,516.6,0.82,2025-12-31T23:59:00
2025-10-01,13,EXTRA,P027,D001,296.1,0.47,2025-12-31T23:59:00
2025-10-01,20,EXTRA,P023,D006,1386.0,2.2,2025-12-31T23:59:00
2025-10-01,11,EXTRA,P022,D016,478.8,0.76,2025-12-31T23:59:00
2025-10-01,21,EXTRA,P006,D003,2362.5,3.75,2025-12-31T23:59:00
2025-10-01,17,EXTRA,P016,D010,384.3,0.61,2025-12-31T23:59:00
2025-10-01,23,EXTRA,P014,D014,277.2,0.44,2025-12-31T23:59:00
2025-10-01,9,EXTRA,P010,D005,548.1,0.87,2025-12-31T23:59:00
2025-10-01,8,EXTRA,P018,D006,315.0,0.5,2025-12-31T23:59:00
2025-10-01,15,EXTRA,P001,D003,485.1,0.77,2025-12-31T23:59:00
2025-10-01,16,BBC1,P044,D008,2331.0,3.7,2025-12-31T23:59:00
2025-10-01,22,BBC1,P010,D015,1518.3,2.41,2025-12-31T23:59:00
2025-10-01,15,BBC1,P040,D005,1341.9,2.13,2025-12-31T23:59:00
2025-10-01,18,BBC1,P037,D008,1738.8,2.76,2025-12-31T23:59:00
2025-10-01,19,BBC1,P028,D015,6766.2,10.74,2025-12-31T23:59:00
2025-10-01,13,BBC1,P032,D009,1404.9,2.23,2025-12-31T23:59:00
2025-10-01,11,BBC1,P062,D008,3672.9,5.83,2025-12-31T23:59:00
2025-10-01,7,BBC1,P062,D014,2280.6,3.62,2025-12-31T23:59:00
2025-10-01,6,BBC1,P022,D011,3143.7,4.99,2025-12-31T23:59:00
2025-10-01,14,BBC1,P019,D004,3754.8,5.96,2025-12-31T23:59:00
2025-10-01,10,BBC1,P052,D005,2935.8,4.66,2025-12-31T23:59:00
2025-10-01,7,ITV1,P032,D015,2223.9,3.53,2025-12-31T23:59:00
2025-10-01,13,ITV1,P025,D012,661.5,1.05,2025-12-31T23:59:00
2025-10-01,20,ITV1,P040,D001,8662.5,13.75,2025-12-31T23:59:00
2025-10-01,14,ITV1,P031,D006,1644.3,2.61,2025-12-31T23:59:00
2025-10-01,22,ITV1,P036,D001,1927.8,3.06,2025-12-31T23:59:00
2025-10-01,10,ITV1,P019,D011,1688.4,2.68,2025-12-31T23:59:00
2025-10-01,8,ITV1,P045,D010,2337.3,3.71,2025-12-31T23:59:00
2025-10-01,18,ITV1,P053,D014,1877.4,2.98,2025-12-31T23:59:00
2025-10-01,16,BBC2,P043,D013,825.3,1.31,2025-12-31T23:59:00
2025-10-01,23,BBC2,P039,D011,1152.9,1.83,2025-12-31T23:59:00
2025-10-01,15,BBC2,P064,D016,579.6,0.92,2025-12-31T23:59:00
2025-10-01,19,BBC2,P030,D016,3231.9,5.13,2025-12-31T23:59:00
2025-10-01,10,BBC2,P035,D003,1033.2,1.64,2025-12-31T23:59:00
2025-10-01,17,BBC2,P044,D016,384.3,0.61,2025-12-31T23:59:00
2025-10-01,7,BBC2,P063,D007,888.3,1.41,2025-12-31T23:59:00
2025-10-01,22,BBC2,P031,D016,711.9,1.13,2025-12-31T23:59:00
2025-10-01,9,BBC2,P029,D011,497.7,0.79,2025-12-31T23:59:00
2025-10-01,6,BBC2,P041,D009,1014.3,1.61,2025-12-31T23:59:00
2025-10-01,14,BBC2,P052,D002,932.4,1.48,2025-12-31T23:59:00
2025-10-01,10,ITV2,P025,D014,220.5,0.35,2025-12-31T23:59:00
2025-10-01,7,ITV2,P024,D001,516.6,0.82,2025-12-31T23:59:00
2025-10-01,15,ITV2,P003,D006,705.6,1.12,2025-12-31T23:59:00
2025-10-01,23,ITV2,P019,D006,749.7,1.19,2025-12-31T23:59:00
2025-10-01,9,ITV2,P041,D006,233.1,0.37,2025-12-31T23:59:00
2025-10-01,6,ITV2,P010,D001,453.6,0.72,2025-12-31T23:59:00
2025-10-01,20,ITV2,P048,D012,2249.1,3.57,2025-12-31T23:59:00
2025-10-01,19,ITV2,P056,D014,2305.8,3.66,2025-12-31T23:59:00
2025-10-01,16,ITV2,P008,D003,233.1,0.37,2025-12-31T23:59:00
2025-10-08,7,CATCHUP,P011,D004,31.5,0.05,2025-12-31T23:59:00
2025-10-08,12,CATCHUP,P008,D003,163.8,0.26,2025-12-31T23:59:00
2025-10-08,14,CATCHUP,P008,D007,182.7,0.29,2025-12-31T23:59:00
2025-10-08,23,CATCHUP,P018,D011,94.5,0.15,2025-12-31T23:59:00
2025-10-08,15,CATCHUP,P004,D009,50.4,0.08,2025-12-31T23:59:00
2025-10-08,8,CATCHUP,P011,D013,56.7,0.09,2025-12-31T23:59:00
2025-10-08,21,CATCHUP,P006,D004,485.1,0.77,2025-12-31T23:59:00
2025-10-08,11,CATCHUP,P014,D009,138.6,0.22,2025-12-31T23:59:00
2025-10-08,18,ITV1,P062,D002,1656.9,2.63,2025-12-31T23:59:00
2025-10-08,6,ITV1,P053,D013,2028.6,3.22,2025-12-31T23:59:00
2025-10-08,19,ITV1,P021,D014,5279.4,8.38,2025-12-31T23:59:00
2025-10-08,8,ITV1,P034,D013,2721.6,4.32,2025-12-31T23:59:00
2025-10-08,11,ITV1,P065,D016,2249.1,3.57,2025-12-31T23:59:00
2025-10-08,7,ITV1,P052,D006,1411.2,2.24,2025-12-31T23:59:00
2025-10-08,13,ITV1,P062,D010,1745.1,2.77,2025-12-31T23:59:00
2025-10-08,16,ITV1,P020,D012,2589.3,4.11,2025-12-31T23:59:00
2025-10-08,17,ITV1,P004,D013,1348.2,2.14,2025-12-31T23:59:00
2025-10-08,13,SKYATL,P016,D016,107.1,0.17,2025-12-31T23:59:00
2025-10-08,15,SKYATL,P001,D002,163.8,0.26,2025-12-31T23:59:00
2025-10-08,12,SKYATL,P016,D001,170.1,0.27,2025-12-31T23:59:00
2025-10-08,6,SKYATL,P008,D006,138.6,0.22,2025-12-31T23:59:00
2025-10-08,17,SKYATL,P024,D011,157.5,0.25,2025-12-31T23:59:00
2025-10-08,20,SKYATL,P015,D010,869.4,1.38,2025-12-31T23:59:00
2025-10-08,8,SKYATL,P049,D010,69.3,0.11,2025-12-31T23:59:00
2025-10-08,23,SKYATL,P009,D016,245.7,0.39,2025-12-31T23:59:00
2025-10-08,22,MAIN,P006,D003,850.5,1.35,2025-12-31T23:59:00
2025-10-08,16,MAIN,P001,D003,1266.3,2.01,2025-12-31T23:59:00
2025-10-08,17,MAIN,P002,D016,699.3,1.11,2025-12-31T23:59:00
2025-10-08,20,MAIN,P003,D008,4788.0,7.6,2025-12-31T23:59:00
2025-10-08,15,MAIN,P029,D012,1115.1,1.77,2025-12-31T23:59:00
2025-10-08,21,MAIN,P002,D016,2003.4,3.18,2025-12-31T23:59:00
2025-10-08,11,MAIN,P026,D007,1285.2,2.04,2025-12-31T23:59:00
2025-10-08,9,MAIN,P025,D005,585.9,0.93,2025-12-31T23:59:00
2025-10-08,13,MAIN,P027,D006,1512.0,2.4,2025-12-31T23:59:00
2025-10-08,19,MAIN,P004,D015,2816.1,4.47,2025-12-31T23:59:00
2025-10-08,6,MAIN,P020,D001,756.0,1.2,2025-12-31T23:59:00
2025-10-08,8,MAIN,P009,D002,1253.7,1.99,2025-12-31T23:59:00
2025-10-08,7,MAIN,P010,D004,1127.7,1.79,2025-12-31T23:59:00
2025-10-08,14,MAIN,P002,D005,989.1,1.57,2025-12-31T23:59:00
2025-10-08,20,CHAN5,P063,D004,3849.3,6.11,2025-12-31T23:59:00
2025-10-08,12,CHAN5,P017,D006,422.1,0.67,2025-12-31T23:59:00
2025-10-08,18,CHAN5,P041,D001,378.0,0.6,2025-12-31T23:59:00
2025-10-08,15,CHAN5,P027,D012,1014.3,1.61,2025-12-31T23:59:00
2025-10-08,8,CHAN5,P001,D010,907.2,1.44,2025-12-31T23:59:00
2025-10-08,17,CHAN5,P047,D007,648.9,1.03,2025-12-31T23:59:00
2025-10-08,22,CHAN5,P019,D002,648.9,1.03,2025-12-31T23:59:00
2025-10-08,13,CHAN5,P057,D012,888.3,1.41,2025-12-31T23:59:00
2025-10-08,10,CHAN5,P049,D009,378.0,0.6,2025-12-31T23:59:00
2025-10-08,14,CHAN5,P002,D005,1152.9,1.83,2025-12-31T23:59:00
2025-10-08,9,CHAN5,P028,D006,396.9,0.63,2025-12-31T23:59:00
2025-10-08,21,CHAN5,P030,D014,2362.5,3.75,2025-12-31T23:59:00
2025-10-08,18,BBC1,P045,D016,2463.3,3.91,2025-12-31T23:59:00
2025-10-08,10,BBC1,P061,D004,1896.3,3.01,2025-12-31T23:59:00
2025-10-08,16,BBC1,P014,D012,3465.0,5.5,2025-12-31T23:59:00
2025-10-08,7,BBC1,P058,D014,2412.9,3.83,2025-12-31T23:59:00
2025-10-08,8,BBC1,P007,D016,2312.1,3.67,2025-12-31T23:59:00
2025-10-08,20,BBC1,P051,D010,8309.7,13.19,2025-12-31T23:59:00
2025-10-08,19,BBC1,P010,D006,9418.5,14.95,2025-12-31T23:59:00
2025-10-08,22,BBC1,P063,D016,1404.9,2.23,2025-12-31T23:59:00
2025-10-08,13,BBC1,P032,D005,2557.8,4.06,2025-12-31T23:59:00
2025-10-08,14,BBC1,P049,D007,3099.6,4.92,2025-12-31T23:59:00
2025-10-08,6,EXTRA,P002,D004,352.8,0.56,2025-12-31T23:59:00
2025-10-08,20,EXTRA,P030,D010,2324.7,3.69,2025-12-31T23:59:00
2025-10-08,15,EXTRA,P018,D003,340.2,0.54,2025-12-31T23:59:00
2025-10-08,9,EXTRA,P022,D001,529.2,0.84,2025-12-31T23:59:00
2025-10-08,14,EXTRA,P023,D006,522.9,0.83,2025-12-31T23:59:00
2025-10-08,13,EXTRA,P015,D009,548.1,0.87,2025-12-31T23:59:00
2025-10-08,12,EXTRA,P023,D011,201.6,0.32,2025-12-31T23:59:00
2025-10-08,19,EXTRA,P014,D015,2186.1,3.47,2025-12-31T23:59:00
2025-10-08,7,EXTRA,P013,D005,270.9,0.43,2025-12-31T23:59:00
2025-10-08,23,EXTRA,P017,D004,226.8,0.36,2025-12-31T23:59:00
2025-10-08,8,EXTRA,P018,D003,340.2,0.54,2025-12-31T23:59:00
2025-10-08,18,MOVIES,P027,D007,220.5,0.35,2025-12-31T23:59:00
2025-10-08,16,MOVIES,P005,D004,239.4,0.38,2025-12-31T23:59:00
2025-10-08,14,MOVIES,P019,D003,163.8,0.26,2025-12-31T23:59:00
2025-10-08,11,MOVIES,P029,D011,119.7,0.19,2025-12-31T23:59:00
2025-10-08,12,MOVIES,P018,D013,239.4,0.38,2025-12-31T23:59:00
2025-10-08,22,MOVIES,P010,D005,170.1,0.27,2025-12-31T23:59:00
2025-10-08,17,MOVIES,P019,D008,233.1,0.37,2025-12-31T23:59:00
2025-10-08,8,MOVIES,P006,D005,201.6,0.32,2025-12-31T23:59:00
2025-10-15,7,MAIN,P030,D014,730.8,1.16,2025-12-31T23:59:00
2025-10-15,8,MAIN,P025,D008,1480.5,2.35,2025-12-31T23:59:00
2025-10-15,13,MAIN,P030,D001,1152.9,1.83,2025-12-31T23:59:00
2025-10-15,22,MAIN,P023,D012,1530.9,2.43,2025-12-31T23:59:00
2025-10-15,16,MAIN,P029,D005,1549.8,2.46,2025-12-31T23:59:00
2025-10-15,23,MAIN,P022,D014,1499.4,2.38,2025-12-31T23:59:00
2025-10-15,19,MAIN,P003,D013,4076.1,6.47,2025-12-31T23:59:00
2025-10-15,11,MAIN,P005,D010,907.2,1.44,2025-12-31T23:59:00
2025-10-15,14,MAIN,P009,D014,1228.5,1.95,2025-12-31T23:59:00
2025-10-15,18,MAIN,P023,D015,648.9,1.03,2025-12-31T23:59:00
2025-10-15,10,MAIN,P023,D007,1058.4,1.68,2025-12-31T23:59:00
2025-10-15,12,MAIN,P023,D005,1197.0,1.9,2025-12-31T23:59:00
2025-10-15,9,MAIN,P001,D010,1001.7,1.59,2025-12-31T23:59:00
2025-10-15,8,ITV1,P060,D005,1713.6,2.72,2025-12-31T23:59:00
2025-10-15,7,ITV1,P021,D014,2368.8,3.76,2025-12-31T23:59:00
2025-10-15,10,ITV1,P058,D002,2192.4,3.48,2025-12-31T23:59:00
2025-10-15,11,ITV1,P030,D016,1316.7,2.09,2025-12-31T23:59:00
2025-10-15,15,ITV1,P047,D007,2299.5,3.65,2025-12-31T23:59:00
2025-10-15,22,ITV1,P018,D001,1908.9,3.03,2025-12-31T23:59:00
2025-10-15,19,ITV1,P049,D010,10653.3,16.91,2025-12-31T23:59:00
2025-10-15,16,ITV1,P024,D004,636.3,1.01,2025-12-31T23:59:00
2025-10-15,21,ITV1,P058,D006,7434.0,11.8,2025-12-31T23:59:00
2025-10-15,18,ITV1,P009,D002,2274.3,3.61,2025-12-31T23:59:00
2025-10-15,20,ITV1,P059,D002,7900.2,12.54,2025-12-31T23:59:00
2025-10-15,6,ITV1,P060,D014,2230.2,3.54,2025-12-31T23:59:00
2025-10-15,7,CATCHUP,P001,D011,126.0,0.2,2025-12-31T23:59:00
2025-10-15,8,CATCHUP,P021,D008,157.5,0.25,2025-12-31T23:59:00
2025-10-15,15,CATCHUP,P001,D016,81.9,0.13,2025-12-31T23:59:00
2025-10-15,13,CATCHUP,P005,D016,113.4,0.18,2025-12-31T23:59:00
2025-10-15,16,CATCHUP,P030,D004,126.0,0.2,2025-12-31T23:59:00
2025-10-15,6,CATCHUP,P008,D007,151.2,0.24,2025-12-31T23:59:00
2025-10-15,9,CATCHUP,P013,D007,176.4,0.28,2025-12-31T23:59:00
2025-10-15,21,CATCHUP,P013,D003,289.8,0.46,2025-12-31T23:59:00
2025-10-15,20,CATCHUP,P022,D008,296.1,0.47,2025-12-31T23:59:00
2025-10-15,18,CATCHUP,P029,D010,63.0,0.1,2025-12-31T23:59:00
2025-10-15,12,CATCHUP,P002,D001,56.7,0.09,2025-12-31T23:59:00
2025-10-15,21,EXTRA,P029,D004,1745.1,2.77,2025-12-31T23:59:00
2025-10-15,23,EXTRA,P002,D008,346.5,0.55,2025-12-31T23:59:00
2025-10-15,14,EXTRA,P029,D014,428.4,0.68,2025-12-31T23:59:00
2025-10-15,22,EXTRA,P024,D003,434.7,0.69,2025-12-31T23:59:00
2025-10-15,11,EXTRA,P030,D001,308.7,0.49,2025-12-31T23:59:00
2025-10-15,10,EXTRA,P029,D001,233.1,0.37,2025-12-31T23:59:00
2025-10-15,7,EXTRA,P007,D004,617.4,0.98,2025-12-31T23:59:00
2025-10-15,15,EXTRA,P009,D006,453.6,0.72,2025-12-31T23:59:00
2025-10-15,8,EXTRA,P013,D012,504.0,0.8,2025-12-31T23:59:00
2025-10-15,9,EXTRA,P027,D014,340.2,0.54,2025-12-31T23:59:00
2025-10-15,16,EXTRA,P026,D010,585.9,0.93,2025-12-31T23:59:00
2025-10-15,18,EXTRA,P012,D001,485.1,0.77,2025-12-31T23:59:00
2025-10-15,6,EXTRA,P015,D016,226.8,0.36,2025-12-31T23:59:00
2025-10-15,17,MOVIES,P017,D011,189.0,0.3,2025-12-31T23:59:00
2025-10-15,21,MOVIES,P003,D014,630.0,1.0,2025-12-31T23:59:00
2025-10-15,9,MOVIES,P001,D008,107.1,0.17,2025-12-31T23:59:00
2025-10-15,6,MOVIES,P030,D015,176.4,0.28,2025-12-31T23:59:00
2025-10-15,15,MOVIES,P023,D012,138.6,0.22,2025-12-31T23:59:00
2025-10-15,16,MOVIES,P005,D008,138.6,0.22,2025-12-31T23:59:00
2025-10-15,19,MOVIES,P017,D016,1071.0,1.7,2025-12-31T23:59:00
2025-10-15,13,MOVIES,P009,D009,239.4,0.38,2025-12-31T23:59:00
2025-10-15,10,MOVIES,P028,D012,207.9,0.33,2025-12-31T23:59:00
2025-10-15,10,SKYATL,P005,D007,119.7,0.19,2025-12-31T23:59:00
2025-10-15,14,SKYATL,P060,D015,94.5,0.15,2025-12-31T23:59:00
2025-10-15,18,SKYATL,P060,D002,239.4,0.38,2025-12-31T23:59:00
2025-10-15,7,SKYATL,P019,D011,189.0,0.3,2025-12-31T23:59:00
2025-10-15,6,SKYATL,P039,D011,207.9,0.33,2025-12-31T23:59:00
2025-10-15,13,SKYATL,P026,D005,170.1,0.27,2025-12-31T23:59:00
2025-10-15,22,SKYATL,P019,D012,126.0,0.2,2025-12-31T23:59:00
2025-10-15,23,SKYATL,P008,D008,201.6,0.32,2025-12-31T23:59:00
2025-10-15,8,SKYATL,P048,D014,107.1,0.17,2025-12-31T23:59:00
2025-10-15,8,SKYONE,P062,D003,201.6,0.32,2025-12-31T23:59:00
2025-10-15,15,SKYONE,P009,D008,195.3,0.31,2025-12-31T23:59:00
2025-10-15,19,SKYONE,P035,D008,957.6,1.52,2025-12-31T23:59:00
2025-10-15,9,SKYONE,P035,D005,81.9,0.13,2025-12-31T23:59:00
2025-10-15,13,SKYONE,P007,D003,258.3,0.41,2025-12-31T23:59:00
2025-10-15,18,SKYONE,P041,D005,226.8,0.36,2025-12-31T23:59:00
2025-10-15,11,SKYONE,P048,D005,189.0,0.3,2025-12-31T23:59:00
2025-10-15,6,SKYONE,P039,D007,132.3,0.21,2025-12-31T23:59:00
2025-10-15,8,BBC1,P007,D001,2816.1,4.47,2025-12-31T23:59:00
2025-10-15,18,BBC1,P050,D016,2740.5,4.35,2025-12-31T23:59:00
2025-10-15,16,BBC1,P026,D003,3301.2,5.24,2025-12-31T23:59:00
2025-10-15,11,BBC1,P025,D013,3080.7,4.89,2025-12-31T23:59:00
2025-10-15,23,BBC1,P048,D007,3187.8,5.06,2025-12-31T23:59:00
2025-10-15,10,BBC1,P050,D002,3660.3,5.81,2025-12-31T23:59:00
2025-10-15,22,BBC1,P009,D009,1360.8,2.16,2025-12-31T23:59:00
2025-10-15,21,BBC1,P024,D014,12518.1,19.87,2025-12-31T23:59:00
2025-10-15,19,BBC1,P056,D009,11226.6,17.82,2025-12-31T23:59:00
2025-10-15,20,BBC1,P039,D001,11938.5,18.95,2025-12-31T23:59:00
2025-10-15,6,BBC1,P059,D007,2305.8,3.66,2025-12-31T23:59:00
2025-10-22,19,BBC2,P008,D004,4032.0,6.4,2025-12-31T23:59:00
2025-10-22,12,BBC2,P047,D009,1184.4,1.88,2025-12-31T23:59:00
2025-10-22,9,BBC2,P020,D004,554.4,0.88,2025-12-31T23:59:00
2025-10-22,23,BBC2,P012,D002,863.1,1.37,2025-12-31T23:59:00
2025-10-22,10,BBC2,P009,D011,869.4,1.38,2025-12-31T23:59:00
2025-10-22,13,BBC2,P014,D001,516.6,0.82,2025-12-31T23:59:00
2025-10-22,14,BBC2,P006,D003,466.2,0.74,2025-12-31T23:59:00
2025-10-22,15,BBC2,P018,D005,945.0,1.5,2025-12-31T23:59:00
2025-10-22,21,BBC2,P013,D008,3471.3,5.51,2025-12-31T23:59:00
2025-10-22,9,MAIN,P030,D006,1285.2,2.04,2025-12-31T23:59:00
2025-10-22,11,MAIN,P022,D014,1285.2,2.04,2025-12-31T23:59:00
2025-10-22,7,MAIN,P008,D007,837.9,1.33,2025-12-31T23:59:00
2025-10-22,6,MAIN,P005,D010,1323.0,2.1,2025-12-31T23:59:00
2025-10-22,23,MAIN,P021,D009,598.5,0.95,2025-12-31T23:59:00
2025-10-22,20,MAIN,P028,D007,3641.4,5.78,2025-12-31T23:59:00
2025-10-22,19,MAIN,P008,D004,4743.9,7.53,2025-12-31T23:59:00
2025-10-22,15,MAIN,P018,D014,768.6,1.22,2025-12-31T23:59:00
2025-10-22,14,MAIN,P009,D001,806.4,1.28,2025-12-31T23:59:00
2025-10-22,12,MAIN,P021,D007,1058.4,1.68,2025-12-31T23:59:00
2025-10-22,22,MAIN,P022,D009,1562.4,2.48,2025-12-31T23:59:00
2025-10-22,21,MAIN,P025,D012,3792.6,6.02,2025-12-31T23:59:00
2025-10-22,20,CHAN5,P053,D006,2759.4,4.38,2025-12-31T23:59:00
2025-10-22,9,CHAN5,P061,D012,352.8,0.56,2025-12-31T23:59:00
2025-10-22,16,CHAN5,P042,D007,321.3,0.51,2025-12-31T23:59:00
2025-10-22,7,CHAN5,P053,D002,510.3,0.81,2025-12-31T23:59:00
2025-10-22,14,CHAN5,P027,D005,1190.7,1.89,2025-12-31T23:59:00
2025-10-22,17,CHAN5,P053,D005,976.5,1.55,2025-12-31T23:59:00
2025-10-22,21,CHAN5,P055,D014,3150.0,5.0,2025-12-31T23:59:00
2025-10-22,13,CHAN5,P054,D011,1140.3,1.81,2025-12-31T23:59:00
2025-10-22,23,CHAN5,P004,D011,1241.1,1.97,2025-12-31T23:59:00
2025-10-22,22,CHAN5,P060,D005,554.4,0.88,2025-12-31T23:59:00
2025-10-22,19,BBC1,P015,D013,6974.1,11.07,2025-12-31T23:59:00
2025-10-22,23,BBC1,P035,D003,2293.2,3.64,2025-12-31T23:59:00
2025-10-22,10,BBC1,P042,D009,1335.6,2.12,2025-12-31T23:59:00
2025-10-22,17,BBC1,P028,D015,3483.9,5.53,2025-12-31T23:59:00
2025-10-22,20,BBC1,P031,D006,7812.0,12.4,2025-12-31T23:59:00
2025-10-22,22,BBC1,P020,D002,3017.7,4.79,2025-12-31T23:59:00
2025-10-22,21,BBC1,P001,D001,7175.7,11.39,2025-12-31T23:59:00
2025-10-22,11,BBC1,P062,D009,1877.4,2.98,2025-12-31T23:59:00
2025-10-22,12,BBC1,P016,D007,2910.6,4.62,2025-12-31T23:59:00
2025-10-22,13,BBC1,P040,D006,2601.9,4.13,2025-12-31T23:59:00
2025-10-22,6,BBC1,P065,D002,3446.1,5.47,2025-12-31T23:59:00
2025-10-22,7,BBC1,P062,D008,3704.4,5.88,2025-12-31T23:59:00
2025-10-22,15,BBC1,P054,D009,3477.6,5.52,2025-12-31T23:59:00
2025-10-22,14,BBC1,P012,D004,3124.8,4.96,2025-12-31T23:59:00
2025-10-22,12,SKYATL,P042,D012,113.4,0.18,2025-12-31T23:59:00
2025-10-22,22,SKYATL,P018,D005,220.5,0.35,2025-12-31T23:59:00
2025-10-22,19,SKYATL,P055,D005,289.8,0.46,2025-12-31T23:59:00
2025-10-22,13,SKYATL,P038,D015,207.9,0.33,2025-12-31T23:59:00
2025-10-22,23,SKYATL,P018,D013,144.9,0.23,2025-12-31T23:59:00
2025-10-22,21,SKYATL,P063,D014,554.4,0.88,2025-12-31T23:59:00
2025-10-22,11,SKYATL,P065,D011,119.7,0.19,2025-12-31T23:59:00
2025-10-22,7,SKYATL,P045,D015,163.8,0.26,2025-12-31T23:59:00
2025-10-22,14,SKYATL,P011,D012,144.9,0.23,2025-12-31T23:59:00
2025-10-22,10,SKYATL,P061,D012,151.2,0.24,2025-12-31T23:59:00
2025-10-22,9,MOVIES,P020,D008,239.4,0.38,2025-12-31T23:59:00
2025-10-22,23,MOVIES,P008,D011,138.6,0.22,2025-12-31T23:59:00
2025-10-22,20,MOVIES,P021,D006,1077.3,1.71,2025-12-31T23:59:00
2025-10-22,19,MOVIES,P012,D006,1140.3,1.81,2025-12-31T23:59:00
2025-10-22,21,MOVIES,P011,D004,655.2,1.04,2025-12-31T23:59:00
2025-10-22,10,MOVIES,P018,D015,220.5,0.35,2025-12-31T23:59:00
2025-10-22,6,MOVIES,P014,D013,88.2,0.14,2025-12-31T23:59:00
2025-10-22,12,MOVIES,P012,D016,138.6,0.22,2025-12-31T23:59:00
2025-10-22,17,MOVIES,P018,D009,107.1,0.17,2025-12-31T23:59:00
2025-10-22,7,MOVIES,P025,D012,207.9,0.33,2025-12-31T23:59:00
2025-10-22,13,CATCHUP,P015,D016,69.3,0.11,2025-12-31T23:59:00
2025-10-22,6,CATCHUP,P001,D015,132.3,0.21,2025-12-31T23:59:00
2025-10-22,8,CATCHUP,P007,D013,94.5,0.15,2025-12-31T23:59:00
2025-10-22,15,CATCHUP,P013,D013,144.9,0.23,2025-12-31T23:59:00
2025-10-22,7,CATCHUP,P013,D012,113.4,0.18,2025-12-31T23:59:00
2025-10-22,9,CATCHUP,P030,D006,50.4,0.08,2025-12-31T23:59:00
2025-10-22,12,CATCHUP,P006,D003,157.5,0.25,2025-12-31T23:59:00
2025-10-22,18,CATCHUP,P015,D010,170.1,0.27,2025-12-31T23:59:00
2025-10-22,16,CATCHUP,P018,D013,113.4,0.18,2025-12-31T23:59:00
2025-10-22,19,CATCHUP,P030,D008,252.0,0.4,2025-12-31T23:59:00
2025-10-22,17,CATCHUP,P005,D004,88.2,0.14,2025-12-31T23:59:00
2025-10-22,20,CATCHUP,P017,D015,239.4,0.38,2025-12-31T23:59:00
2025-10-22,10,CATCHUP,P006,D007,56.7,0.09,2025-12-31T23:59:00
2025-10-22,23,SKYONE,P034,D008,176.4,0.28,2025-12-31T23:59:00
2025-10-22,16,SKYONE,P033,D009,163.8,0.26,2025-12-31T23:59:00
2025-10-22,8,SKYONE,P052,D012,107.1,0.17,2025-12-31T23:59:00
2025-10-22,17,SKYONE,P052,D015,270.9,0.43,2025-12-31T23:59:00
2025-10-22,19,SKYONE,P044,D015,850.5,1.35,2025-12-31T23:59:00
2025-10-22,20,SKYONE,P004,D002,907.2,1.44,2025-12-31T23:59:00
2025-10-22,13,SKYONE,P011,D002,308.7,0.49,2025-12-31T23:59:00
2025-10-22,7,SKYONE,P052,D006,144.9,0.23,2025-12-31T23:59:00
2025-10-22,22,SKYONE,P005,D002,157.5,0.25,2025-12-31T23:59:00
2025-10-22,14,SKYONE,P055,D010,277.2,0.44,2025-12-31T23:59:00
2025-10-29,20,ITV1,P064,D004,5525.1,8.77,2025-12-31T23:59:00
2025-10-29,7,ITV1,P045,D012,2564.1,4.07,2025-12-31T23:59:00
2025-10-29,12,ITV1,P059,D013,2028.6,3.22,2025-12-31T23:59:00
2025-10-29,11,ITV1,P053,D005,630.0,1.0,2025-12-31T23:59:00
2025-10-29,16,ITV1,P024,D003,1606.5,2.55,2025-12-31T23:59:00
2025-10-29,10,ITV1,P019,D006,900.9,1.43,2025-12-31T23:59:00
2025-10-29,19,ITV1,P040,D003,7093.8,11.26,2025-12-31T23:59:00
2025-10-29,8,ITV1,P027,D001,2268.0,3.6,2025-12-31T23:59:00
2025-10-29,20,EXTRA,P010,D012,2280.6,3.62,2025-12-31T23:59:00
2025-10-29,13,EXTRA,P027,D008,598.5,0.95,2025-12-31T23:59:00
2025-10-29,14,EXTRA,P005,D001,327.6,0.52,2025-12-31T23:59:00
2025-10-29,12,EXTRA,P030,D001,554.4,0.88,2025-12-31T23:59:00
2025-10-29,6,EXTRA,P006,D015,604.8,0.96,2025-12-31T23:59:00
2025-10-29,9,EXTRA,P013,D014,239.4,0.38,2025-12-31T23:59:00
2025-10-29,23,EXTRA,P011,D016,623.7,0.99,2025-12-31T23:59:00
2025-10-29,22,EXTRA,P018,D004,617.4,0.98,2025-12-31T23:59:00
2025-10-29,17,EXTRA,P001,D008,510.3,0.81,2025-12-31T23:59:00
2025-10-29,11,EXTRA,P024,D006,403.2,0.64,2025-12-31T23:59:00
2025-10-29,15,BBC1,P059,D004,3465.0,5.5,2025-12-31T23:59:00
2025-10-29,14,BBC1,P049,D016,1518.3,2.41,2025-12-31T23:59:00
2025-10-29,11,BBC1,P030,D013,3339.0,5.3,2025-12-31T23:59:00
2025-10-29,20,BBC1,P018,D004,6312.6,10.02,2025-12-31T23:59:00
2025-10-29,12,BBC1,P064,D013,2816.1,4.47,2025-12-31T23:59:00
2025-10-29,18,BBC1,P063,D002,2412.9,3.83,2025-12-31T23:59:00
2025-10-29,9,BBC1,P029,D004,1304.1,2.07,2025-12-31T23:59:00
2025-10-29,22,BBC1,P025,D009,2992.5,4.75,2025-12-31T23:59:00
2025-10-29,6,BBC1,P038,D009,2041.2,3.24,2025-12-31T23:59:00
2025-10-29,7,BBC1,P051,D006,1562.4,2.48,2025-12-31T23:59:00
2025-10-29,13,BBC1,P012,D014,1656.9,2.63,2025-12-31T23:59:00
2025-10-29,23,BBC1,P056,D002,2186.1,3.47,2025-12-31T23:59:00
2025-10-29,17,BBC1,P038,D008,3458.7,5.49,2025-12-31T23:59:00
2025-10-29,8,BBC1,P062,D016,3030.3,4.81,2025-12-31T23:59:00
2025-10-29,15,MAIN,P005,D013,718.2,1.14,2025-12-31T23:59:00
2025-10-29,16,MAIN,P011,D008,1096.2,1.74,2025-12-31T23:59:00
2025-10-29,17,MAIN,P024,D016,825.3,1.31,2025-12-31T23:59:00
2025-10-29,6,MAIN,P017,D012,1449.0,2.3,2025-12-31T23:59:00
2025-10-29,23,MAIN,P009,D003,1253.7,1.99,2025-12-31T23:59:00
2025-10-29,12,MAIN,P010,D003,900.9,1.43,2025-12-31T23:59:00
2025-10-29,10,MAIN,P028,D002,957.6,1.52,2025-12-31T23:59:00
2025-10-29,8,MAIN,P017,D009,825.3,1.31,2025-12-31T23:59:00
2025-10-29,13,CHAN5,P025,D012,1071.0,1.7,2025-12-31T23:59:00
2025-10-29,22,CHAN5,P022,D006,321.3,0.51,2025-12-31T23:59:00
2025-10-29,10,CHAN5,P014,D005,982.8,1.56,2025-12-31T23:59:00
2025-10-29,6,CHAN5,P024,D013,585.9,0.93,2025-12-31T23:59:00
2025-10-29,17,CHAN5,P034,D010,630.0,1.0,2025-12-31T23:59:00
2025-10-29,12,CHAN5,P003,D011,1071.0,1.7,2025-12-31T23:59:00
2025-10-29,7,CHAN5,P005,D014,693.0,1.1,2025-12-31T23:59:00
2025-10-29,23,CHAN5,P040,D014,963.9,1.53,2025-12-31T23:59:00
2025-10-29,18,CHAN5,P013,D009,1045.8,1.66,2025-12-31T23:59:00
2025-10-29,20,CHAN5,P027,D011,2595.6,4.12,2025-12-31T23:59:00
2025-10-29,11,CHAN5,P054,D013,982.8,1.56,2025-12-31T23:59:00
2025-10-29,16,CHAN5,P009,D009,730.8,1.16,2025-12-31T23:59:00
2025-10-29,18,FACTUAL,P022,D005,144.9,0.23,2025-12-31T23:59:00
2025-10-29,13,FACTUAL,P013,D006,258.3,0.41,2025-12-31T23:59:00
2025-10-29,17,FACTUAL,P019,D012,176.4,0.28,2025-12-31T23:59:00
2025-10-29,12,FACTUAL,P006,D001,176.4,0.28,2025-12-31T23:59:00
2025-10-29,21,FACTUAL,P025,D003,630.0,1.0,2025-12-31T23:59:00
2025-10-29,8,FACTUAL,P009,D006,88.2,0.14,2025-12-31T23:59:00
2025-10-29,9,FACTUAL,P008,D003,170.1,0.27,2025-12-31T23:59:00
2025-10-29,6,FACTUAL,P026,D014,289.8,0.46,2025-12-31T23:59:00
2025-10-29,16,FACTUAL,P017,D006,100.8,0.16,2025-12-31T23:59:00
2025-10-29,10,FACTUAL,P014,D001,195.3,0.31,2025-12-31T23:59:00
2025-10-29,23,FACTUAL,P021,D015,151.2,0.24,2025-12-31T23:59:00
2025-10-29,7,FACTUAL,P006,D005,245.7,0.39,2025-12-31T23:59:00
2025-10-29,20,BBC2,P003,D009,3729.6,5.92,2025-12-31T23:59:00
2025-10-29,23,BBC2,P056,D012,913.5,1.45,2025-12-31T23:59:00
2025-10-29,21,BBC2,P048,D015,3666.6,5.82,2025-12-31T23:59:00
2025-10-29,8,BBC2,P051,D007,409.5,0.65,2025-12-31T23:59:00
2025-10-29,17,BBC2,P028,D001,800.1,1.27,2025-12-31T23:59:00
2025-10-29,12,BBC2,P046,D015,907.2,1.44,2025-12-31T23:59:00
2025-10-29,9,BBC2,P001,D014,1215.9,1.93,2025-12-31T23:59:00
2025-10-29,10,BBC2,P011,D016,510.3,0.81,2025-12-31T23:59:00
2025-10-29,14,BBC2,P062,D008,837.9,1.33,2025-12-31T23:59:00
2025-10-29,22,BBC2,P043,D014,970.2,1.54,2025-12-31T23:59:00
2025-10-29,13,BBC2,P022,D010,504.0,0.8,2025-12-31T23:59:00
2025-10-29,19,BBC2,P009,D008,2242.8,3.56,2025-12-31T23:59:00
2025-10-29,18,BBC2,P064,D010,1228.5,1.95,2025-12-31T23:59:00
2025-10-29,15,BBC2,P051,D012,403.2,0.64,2025-12-31T23:59:00
2025-10-29,6,ITV2,P016,D006,667.8,1.06,2025-12-31T23:59:00
2025-10-29,22,ITV2,P060,D014,655.2,1.04,2025-12-31T23:59:00
2025-10-29,7,ITV2,P022,D016,630.0,1.0,2025-12-31T23:59:00
2025-10-29,18,ITV2,P035,D008,390.6,0.62,2025-12-31T23:59:00
2025-10-29,20,ITV2,P001,D008,2034.9,3.23,2025-12-31T23:59:00
2025-10-29,11,ITV2,P027,D012,699.3,1.11,2025-12-31T23:59:00
2025-10-29,17,ITV2,P043,D009,642.6,1.02,2025-12-31T23:59:00
2025-10-29,21,ITV2,P019,D005,2601.9,4.13,2025-12-31T23:59:00
2025-10-29,23,ITV2,P005,D011,598.5,0.95,2025-12-31T23:59:00
2025-10-29,10,ITV2,P053,D002,195.3,0.31,2025-12-31T23:59:00
2025-10-29,16,ITV2,P019,D013,661.5,1.05,2025-12-31T23:59:00
2025-11-05,7,SKYONE,P019,D005,296.1,0.47,2025-12-31T23:59:00
2025-11-05,8,SKYONE,P059,D013,201.6,0.32,2025-12-31T23:59:00
2025-11-05,19,SKYONE,P021,D016,844.2,1.34,2025-12-31T23:59:00
2025-11-05,15,SKYONE,P057,D004,69.3,0.11,2025-12-31T23:59:00
2025-11-05,17,SKYONE,P062,D005,81.9,0.13,2025-12-31T23:59:00
2025-11-05,14,SKYONE,P052,D002,214.2,0.34,2025-12-31T23:59:00
2025-11-05,21,SKYONE,P028,D008,1165.5,1.85,2025-12-31T23:59:00
2025-11-05,18,SKYONE,P060,D010,100.8,0.16,2025-12-31T23:59:00
2025-11-05,23,SKYONE,P016,D016,163.8,0.26,2025-12-31T23:59:00
2025-11-05,9,SKYONE,P022,D015,233.1,0.37,2025-12-31T23:59:00
2025-11-05,12,SKYONE,P037,D001,270.9,0.43,2025-12-31T23:59:00
2025-11-05,16,SKYONE,P050,D002,289.8,0.46,2025-12-31T23:59:00
2025-11-05,12,BBC1,P016,D001,2324.7,3.69,2025-12-31T23:59:00
2025-11-05,6,BBC1,P062,D002,1379.7,2.19,2025-12-31T23:59:00
2025-11-05,20,BBC1,P047,D010,10458.0,16.6,2025-12-31T23:59:00
2025-11-05,23,BBC1,P021,D012,1764.0,2.8,2025-12-31T23:59:00
2025-11-05,13,BBC1,P038,D004,2734.2,4.34,2025-12-31T23:59:00
2025-11-05,17,BBC1,P023,D015,3502.8,5.56,2025-12-31T23:59:00
2025-11-05,22,BBC1,P045,D015,1348.2,2.14,2025-12-31T23:59:00
2025-11-05,7,BBC1,P057,D007,3332.7,5.29,2025-12-31T23:59:00
2025-11-05,18,EXTRA,P024,D016,239.4,0.38,2025-12-31T23:59:00
2025-11-05,17,EXTRA,P009,D007,560.7,0.89,2025-12-31T23:59:00
2025-11-05,22,EXTRA,P008,D014,409.5,0.65,2025-12-31T23:59:00
2025-11-05,11,EXTRA,P011,D005,315.0,0.5,2025-12-31T23:59:00
2025-11-05,10,EXTRA,P018,D015,573.3,0.91,2025-12-31T23:59:00
2025-11-05,23,EXTRA,P025,D011,214.2,0.34,2025-12-31T23:59:00
2025-11-05,9,EXTRA,P025,D006,529.2,0.84,2025-12-31T23:59:00
2025-11-05,19,EXTRA,P008,D005,2242.8,3.56,2025-12-31T23:59:00
2025-11-05,7,EXTRA,P016,D005,264.6,0.42,2025-12-31T23:59:00
2025-11-05,20,EXTRA,P018,D007,1052.1,1.67,2025-12-31T23:59:00
2025-11-05,18,FACTUAL,P002,D009,75.6,0.12,2025-12-31T23:59:00
2025-11-05,6,FACTUAL,P007,D011,189.0,0.3,2025-12-31T23:59:00
2025-11-05,20,FACTUAL,P012,D008,522.9,0.83,2025-12-31T23:59:00
2025-11-05,17,FACTUAL,P009,D011,302.4,0.48,2025-12-31T23:59:00
2025-11-05,14,FACTUAL,P029,D002,176.4,0.28,2025-12-31T23:59:00
2025-11-05,9,FACTUAL,P020,D004,302.4,0.48,2025-12-31T23:59:00
2025-11-05,12,FACTUAL,P019,D011,258.3,0.41,2025-12-31T23:59:00
2025-11-05,19,FACTUAL,P006,D002,913.5,1.45,2025-12-31T23:59:00
2025-11-05,23,FACTUAL,P030,D008,270.9,0.43,2025-12-31T23:59:00
2025-11-05,15,FACTUAL,P014,D005,277.2,0.44,2025-12-31T23:59:00
2025-11-05,10,FACTUAL,P002,D005,239.4,0.38,2025-12-31T23:59:00
2025-11-05,13,FACTUAL,P016,D008,151.2,0.24,2025-12-31T23:59:00
2025-11-05,11,FACTUAL,P004,D006,100.8,0.16,2025-12-31T23:59:00
2025-11-05,8,FACTUAL,P014,D005,144.9,0.23,2025-12-31T23:59:00
2025-11-05,22,CHAN5,P035,D005,321.3,0.51,2025-12-31T23:59:00
2025-11-05,18,CHAN5,P014,D013,1121.4,1.78,2025-12-31T23:59:00
2025-11-05,7,CHAN5,P033,D009,982.8,1.56,2025-12-31T23:59:00
2025-11-05,11,CHAN5,P046,D003,850.5,1.35,2025-12-31T23:59:00
2025-11-05,14,CHAN5,P005,D007,705.6,1.12,2025-12-31T23:59:00
2025-11-05,12,CHAN5,P024,D009,667.8,1.06,2025-12-31T23:59:00
2025-11-05,6,CHAN5,P053,D003,604.8,0.96,2025-12-31T23:59:00
2025-11-05,9,CHAN5,P009,D015,1241.1,1.97,2025-12-31T23:59:00
2025-11-05,8,CHAN5,P065,D007,1096.2,1.74,2025-12-31T23:59:00
2025-11-05,19,CHAN5,P036,D016,4082.4,6.48,2025-12-31T23:59:00
2025-11-05,21,CHAN5,P046,D011,3357.9,5.33,2025-12-31T23:59:00
2025-11-05,16,CHAN5,P049,D009,1134.0,1.8,2025-12-31T23:59:00
2025-11-05,18,ITV1,P062,D003,945.0,1.5,2025-12-31T23:59:00
2025-11-05,14,ITV1,P037,D007,2664.9,4.23,2025-12-31T23:59:00
2025-11-05,23,ITV1,P047,D002,1297.8,2.06,2025-12-31T23:59:00
2025-11-05,21,ITV1,P003,D005,10924.2,17.34,2025-12-31T23:59:00
2025-11-05,11,ITV1,P042,D013,718.2,1.14,2025-12-31T23:59:00
2025-11-05,13,ITV1,P009,D015,900.9,1.43,2025-12-31T23:59:00
2025-11-05,22,ITV1,P006,D006,2236.5,3.55,2025-12-31T23:59:00
2025-11-05,9,ITV1,P056,D005,2822.4,4.48,2025-12-31T23:59:00
2025-11-05,10,ITV1,P029,D011,3068.1,4.87,2025-12-31T23:59:00
2025-11-05,12,ITV1,P019,D010,875.7,1.39,2025-12-31T23:59:00
2025-11-05,19,ITV1,P023,D005,7793.1,12.37,2025-12-31T23:59:00
2025-11-05,20,ITV1,P048,D013,10451.7,16.59,2025-12-31T23:59:00
2025-11-05,8,ITV1,P008,D014,2910.6,4.62,2025-12-31T23:59:00
2025-11-05,17,BBC2,P053,D014,856.8,1.36,2025-12-31T23:59:00
2025-11-05,16,BBC2,P054,D007,617.4,0.98,2025-12-31T23:59:00
2025-11-05,22,BBC2,P055,D015,787.5,1.25,2025-12-31T23:59:00
2025-11-05,19,BBC2,P030,D006,3175.2,5.04,2025-12-31T23:59:00
2025-11-05,23,BBC2,P033,D002,1064.7,1.69,2025-12-31T23:59:00
2025-11-05,11,BBC2,P031,D011,1121.4,1.78,2025-12-31T23:59:00
2025-11-05,9,BBC2,P056,D007,497.7,0.79,2025-12-31T23:59:00
2025-11-05,15,BBC2,P017,D014,1203.3,1.91,2025-12-31T23:59:00
2025-11-05,6,BBC2,P059,D013,737.1,1.17,2025-12-31T23:59:00
2025-11-05,12,BBC2,P043,D010,623.7,0.99,2025-12-31T23:59:00
2025-11-05,10,BBC2,P062,D007,718.2,1.14,2025-12-31T23:59:00
2025-11-05,13,BBC2,P006,D011,1089.9,1.73,2025-12-31T23:59:00
2025-11-05,21,BBC2,P063,D005,2160.9,3.43,2025-12-31T23:59:00
2025-11-05,8,BBC2,P034,D014,730.8,1.16,2025-12-31T23:59:00
2025-11-05,9,MAIN,P020,D013,781.2,1.24,2025-12-31T23:59:00
2025-11-05,16,MAIN,P006,D001,585.9,0.93,2025-12-31T23:59:00
2025-11-05,19,MAIN,P028,D013,2457.0,3.9,2025-12-31T23:59:00
2025-11-05,8,MAIN,P006,D014,900.9,1.43,2025-12-31T23:59:00
2025-11-05,17,MAIN,P006,D001,989.1,1.57,2025-12-31T23:59:00
2025-11-05,22,MAIN,P012,D009,932.4,1.48,2025-12-31T23:59:00
2025-11-05,23,MAIN,P024,D011,516.6,0.82,2025-12-31T23:59:00
2025-11-05,18,MAIN,P026,D011,1543.5,2.45,2025-12-31T23:59:00
2025-11-05,21,MAIN,P007,D003,2387.7,3.79,2025-12-31T23:59:00
2025-11-05,10,MAIN,P023,D015,1272.6,2.02,2025-12-31T23:59:00
2025-11-05,13,MAIN,P024,D008,1064.7,1.69,2025-12-31T23:59:00
2025-11-12,16,ITV2,P021,D016,611.1,0.97,2025-12-31T23:59:00
2025-11-12,20,ITV2,P039,D012,1398.6,2.22,2025-12-31T23:59:00
2025-11-12,15,ITV2,P011,D002,277.2,0.44,2025-12-31T23:59:00
2025-11-12,10,ITV2,P017,D007,642.6,1.02,2025-12-31T23:59:00
2025-11-12,21,ITV2,P060,D004,2627.1,4.17,2025-12-31T23:59:00
2025-11-12,9,ITV2,P027,D015,724.5,1.15,2025-12-31T23:59:00
2025-11-12,13,ITV2,P005,D010,252.0,0.4,2025-12-31T23:59:00
2025-11-12,7,ITV2,P062,D005,214.2,0.34,2025-12-31T23:59:00
2025-11-12,18,ITV2,P023,D014,604.8,0.96,2025-12-31T23:59:00
2025-11-12,23,ITV2,P019,D016,195.3,0.31,2025-12-31T23:59:00
2025-11-12,17,ITV2,P034,D015,264.6,0.42,2025-12-31T23:59:00
2025-11-12,12,ITV2,P044,D011,711.9,1.13,2025-12-31T23:59:00
2025-11-12,11,ITV2,P035,D011,327.6,0.52,2025-12-31T23:59:00
2025-11-12,19,ITV2,P031,D014,2419.2,3.84,2025-12-31T23:59:00
2025-11-12,16,FACTUAL,P016,D006,245.7,0.39,2025-12-31T23:59:00
2025-11-12,13,FACTUAL,P003,D004,176.4,0.28,2025-12-31T23:59:00
2025-11-12,9,FACTUAL,P001,D004,264.6,0.42,2025-12-31T23:59:00
2025-11-12,23,FACTUAL,P011,D008,157.5,0.25,2025-12-31T23:59:00
2025-11-12,15,FACTUAL,P016,D009,201.6,0.32,2025-12-31T23:59:00
2025-11-12,18,FACTUAL,P001,D001,220.5,0.35,2025-12-31T23:59:00
2025-11-12,6,FACTUAL,P017,D002,88.2,0.14,2025-12-31T23:59:00
2025-11-12,20,FACTUAL,P027,D004,1014.3,1.61,2025-12-31T23:59:00
2025-11-12,17,FACTUAL,P001,D015,170.1,0.27,2025-12-31T23:59:00
2025-11-12,11,FACTUAL,P024,D010,283.5,0.45,2025-12-31T23:59:00
2025-11-12,12,FACTUAL,P021,D001,283.5,0.45,2025-12-31T23:59:00
2025-11-12,21,MOVIES,P006,D011,516.6,0.82,2025-12-31T23:59:00
2025-11-12,14,MOVIES,P016,D013,144.9,0.23,2025-12-31T23:59:00
2025-11-12,11,MOVIES,P012,D001,176.4,0.28,2025-12-31T23:59:00
2025-11-12,15,MOVIES,P017,D011,201.6,0.32,2025-12-31T23:59:00
2025-11-12,12,MOVIES,P021,D014,113.4,0.18,2025-12-31T23:59:00
2025-11-12,13,MOVIES,P010,D005,132.3,0.21,2025-12-31T23:59:00
2025-11-12,17,MOVIES,P030,D001,245.7,0.39,2025-12-31T23:59:00
2025-11-12,22,MOVIES,P025,D009,189.0,0.3,2025-12-31T23:59:00
2025-11-12,8,MOVIES,P026,D016,233.1,0.37,2025-12-31T23:59:00
2025-11-12,6,MOVIES,P020,D006,119.7,0.19,2025-12-31T23:59:00
2025-11-12,16,MOVIES,P027,D008,113.4,0.18,2025-12-31T23:59:00
2025-11-12,10,MOVIES,P022,D015,151.2,0.24,2025-12-31T23:59:00
2025-11-12,19,MOVIES,P029,D011,1134.0,1.8,2025-12-31T23:59:00
2025-11-12,16,CHAN5,P012,D004,636.3,1.01,2025-12-31T23:59:00
2025-11-12,14,CHAN5,P005,D006,913.5,1.45,2025-12-31T23:59:00
2025-11-12,23,CHAN5,P026,D014,592.2,0.94,2025-12-31T23:59:00
2025-11-12,21,CHAN5,P026,D001,4019.4,6.38,2025-12-31T23:59:00
2025-11-12,15,CHAN5,P033,D002,882.0,1.4,2025-12-31T23:59:00
2025-11-12,13,CHAN5,P011,D015,598.5,0.95,2025-12-31T23:59:00
2025-11-12,12,CHAN5,P025,D016,510.3,0.81,2025-12-31T23:59:00
2025-11-12,19,CHAN5,P028,D015,2721.6,4.32,2025-12-31T23:59:00
2025-11-12,9,CHAN5,P008,D010,623.7,0.99,2025-12-31T23:59:00
2025-11-12,22,CHAN5,P003,D011,333.9,0.53,2025-12-31T23:59:00
2025-11-12,17,CHAN5,P056,D006,371.7,0.59,2025-12-31T23:59:00
2025-11-12,8,CHAN5,P056,D013,762.3,1.21,2025-12-31T23:59:00
2025-11-12,7,CHAN5,P002,D003,371.7,0.59,2025-12-31T23:59:00
2025-11-12,23,MAIN,P021,D005,1562.4,2.48,2025-12-31T23:59:00
2025-11-12,20,MAIN,P026,D008,2305.8,3.66,2025-12-31T23:59:00
2025-11-12,18,MAIN,P009,D011,1008.0,1.6,2025-12-31T23:59:00
2025-11-12,12,MAIN,P026,D003,661.5,1.05,2025-12-31T23:59:00
2025-11-12,11,MAIN,P025,D003,982.8,1.56,2025-12-31T23:59:00
2025-11-12,7,MAIN,P012,D001,699.3,1.11,2025-12-31T23:59:00
2025-11-12,8,MAIN,P008,D001,1071.0,1.7,2025-12-31T23:59:00
2025-11-12,10,MAIN,P022,D009,693.0,1.1,2025-12-31T23:59:00
2025-11-12,6,MAIN,P007,D011,1083.6,1.72,2025-12-31T23:59:00
2025-11-12,9,MAIN,P030,D007,863.1,1.37,2025-12-31T23:59:00
2025-11-12,16,MAIN,P023,D001,1493.1,2.37,2025-12-31T23:59:00
2025-11-12,15,BBC2,P058,D011,957.6,1.52,2025-12-31T23:59:00
2025-11-12,14,BBC2,P010,D003,724.5,1.15,2025-12-31T23:59:00
2025-11-12,9,BBC2,P055,D006,1215.9,1.93,2025-12-31T23:59:00
2025-11-12,7,BBC2,P028,D007,447.3,0.71,2025-12-31T23:59:00
2025-11-12,12,BBC2,P029,D009,1058.4,1.68,2025-12-31T23:59:00
2025-11-12,19,BBC2,P059,D003,3024.0,4.8,2025-12-31T23:59:00
2025-11-12,10,BBC2,P042,D003,384.3,0.61,2025-12-31T23:59:00
2025-11-12,16,BBC2,P021,D009,938.7,1.49,2025-12-31T23:59:00
2025-11-12,22,BBC2,P052,D006,938.7,1.49,2025-12-31T23:59:00
2025-11-12,6,BBC2,P062,D007,396.9,0.63,2025-12-31T23:59:00
2025-11-12,17,BBC2,P007,D015,680.4,1.08,2025-12-31T23:59:00
2025-11-12,16,ITV1,P021,D010,1682.1,2.67,2025-12-31T23:59:00
2025-11-12,20,ITV1,P052,D008,11050.2,17.54,2025-12-31T23:59:00
2025-11-12,7,ITV1,P014,D011,3055.5,4.85,2025-12-31T23:59:00
2025-11-12,15,ITV1,P047,D004,1833.3,2.91,2025-12-31T23:59:00
2025-11-12,8,ITV1,P058,D014,1839.6,2.92,2025-12-31T23:59:00
2025-11-12,18,ITV1,P030,D007,2072.7,3.29,2025-12-31T23:59:00
2025-11-12,12,ITV1,P063,D005,756.0,1.2,2025-12-31T23:59:00
2025-11-12,17,ITV1,P034,D001,1833.3,2.91,2025-12-31T23:59:00
2025-11-12,19,ITV1,P060,D005,11006.1,17.47,2025-12-31T23:59:00
2025-11-12,6,ITV1,P033,D001,1398.6,2.22,2025-12-31T23:59:00
2025-11-12,14,EXTRA,P022,D010,189.0,0.3,2025-12-31T23:59:00
2025-11-12,15,EXTRA,P028,D005,327.6,0.52,2025-12-31T23:59:00
2025-11-12,16,EXTRA,P012,D010,434.7,0.69,2025-12-31T23:59:00
2025-11-12,19,EXTRA,P029,D014,1215.9,1.93,2025-12-31T23:59:00
2025-11-12,11,EXTRA,P008,D007,340.2,0.54,2025-12-31T23:59:00
2025-11-12,7,EXTRA,P003,D006,548.1,0.87,2025-12-31T23:59:00
2025-11-12,12,EXTRA,P012,D009,396.9,0.63,2025-12-31T23:59:00
2025-11-12,21,EXTRA,P015,D011,1953.0,3.1,2025-12-31T23:59:00
2025-11-12,13,EXTRA,P016,D013,359.1,0.57,2025-12-31T23:59:00
2025-11-12,20,EXTRA,P019,D007,2513.7,3.99,2025-12-31T23:59:00
2025-11-12,9,EXTRA,P018,D001,459.9,0.73,2025-12-31T23:59:00
2025-11-12,23,EXTRA,P011,D016,491.4,0.78,2025-12-31T23:59:00
2025-11-19,12,ITV2,P030,D007,390.6,0.62,2025-12-31T23:59:00
2025-11-19,19,ITV2,P046,D016,2797.2,4.44,2025-12-31T23:59:00
2025-11-19,23,ITV2,P028,D015,415.8,0.66,2025-12-31T23:59:00
2025-11-19,21,ITV2,P042,D013,1770.3,2.81,2025-12-31T23:59:00
2025-11-19,15,ITV2,P030,D015,226.8,0.36,2025-12-31T23:59:00
2025-11-19,6,ITV2,P061,D014,346.5,0.55,2025-12-31T23:59:00
2025-11-19,17,ITV2,P024,D002,516.6,0.82,2025-12-31T23:59:00
2025-11-19,8,ITV2,P052,D007,516.6,0.82,2025-12-31T23:59:00
2025-11-19,14,ITV2,P057,D009,737.1,1.17,2025-12-31T23:59:00
2025-11-19,18,ITV2,P064,D005,693.0,1.1,2025-12-31T23:59:00
2025-11-19,10,ITV2,P014,D004,207.9,0.33,2025-12-31T23:59:00
2025-11-19,13,ITV2,P052,D003,390.6,0.62,2025-12-31T23:59:00
2025-11-19,16,ITV2,P004,D003,693.0,1.1,2025-12-31T23:59:00
2025-11-19,6,EXTRA,P020,D004,560.7,0.89,2025-12-31T23:59:00
2025-11-19,12,EXTRA,P013,D011,252.0,0.4,2025-12-31T23:59:00
2025-11-19,16,EXTRA,P022,D016,378.0,0.6,2025-12-31T23:59:00
2025-11-19,21,EXTRA,P027,D012,2463.3,3.91,2025-12-31T23:59:00
2025-11-19,17,EXTRA,P003,D008,270.9,0.43,2025-12-31T23:59:00
2025-11-19,22,EXTRA,P015,D016,585.9,0.93,2025-12-31T23:59:00
2025-11-19,8,EXTRA,P014,D008,264.6,0.42,2025-12-31T23:59:00
2025-11-19,14,EXTRA,P020,D008,189.0,0.3,2025-12-31T23:59:00
2025-11-19,18,EXTRA,P029,D001,302.4,0.48,2025-12-31T23:59:00
2025-11-19,13,EXTRA,P016,D007,396.9,0.63,2025-12-31T23:59:00
2025-11-19,20,EXTRA,P017,D008,2003.4,3.18,2025-12-31T23:59:00
2025-11-19,15,EXTRA,P018,D012,630.0,1.0,2025-12-31T23:59:00
2025-11-19,23,EXTRA,P023,D009,617.4,0.98,2025-12-31T23:59:00
2025-11-19,19,EXTRA,P030,D005,970.2,1.54,2025-12-31T23:59:00
2025-11-19,16,MAIN,P012,D012,1537.2,2.44,2025-12-31T23:59:00
2025-11-19,9,MAIN,P010,D014,1253.7,1.99,2025-12-31T23:59:00
2025-11-19,15,MAIN,P024,D008,636.3,1.01,2025-12-31T23:59:00
2025-11-19,14,MAIN,P020,D008,1474.2,2.34,2025-12-31T23:59:00
2025-11-19,19,MAIN,P002,D012,4939.2,7.84,2025-12-31T23:59:00
2025-11-19,18,MAIN,P011,D016,1241.1,1.97,2025-12-31T23:59:00
2025-11-19,6,MAIN,P010,D001,604.8,0.96,2025-12-31T23:59:00
2025-11-19,12,MAIN,P013,D010,541.8,0.86,2025-12-31T23:59:00
2025-11-19,20,MAIN,P010,D008,4731.3,7.51,2025-12-31T23:59:00
2025-11-19,8,MAIN,P004,D015,1253.7,1.99,2025-12-31T23:59:00
2025-11-19,12,MOVIES,P008,D011,239.4,0.38,2025-12-31T23:59:00
2025-11-19,20,MOVIES,P028,D014,636.3,1.01,2025-12-31T23:59:00
2025-11-19,22,MOVIES,P026,D013,214.2,0.34,2025-12-31T23:59:00
2025-11-19,19,MOVIES,P014,D016,989.1,1.57,2025-12-31T23:59:00
2025-11-19,9,MOVIES,P016,D007,239.4,0.38,2025-12-31T23:59:00
2025-11-19,8,MOVIES,P015,D013,182.7,0.29,2025-12-31T23:59:00
2025-11-19,11,MOVIES,P027,D002,94.5,0.15,2025-12-31T23:59:00
2025-11-19,7,MOVIES,P014,D003,151.2,0.24,2025-12-31T23:59:00
2025-11-19,13,SKYONE,P056,D015,119.7,0.19,2025-12-31T23:59:00
2025-11-19,20,SKYONE,P045,D007,1020.6,1.62,2025-12-31T23:59:00
2025-11-19,15,SKYONE,P052,D007,132.3,0.21,2025-12-31T23:59:00
2025-11-19,19,SKYONE,P023,D004,850.5,1.35,2025-12-31T23:59:00
2025-11-19,8,SKYONE,P056,D001,69.3,0.11,2025-12-31T23:59:00
2025-11-19,23,SKYONE,P017,D013,233.1,0.37,2025-12-31T23:59:00
2025-11-19,12,SKYONE,P044,D008,63.0,0.1,2025-12-31T23:59:00
2025-11-19,22,SKYONE,P040,D002,264.6,0.42,2025-12-31T23:59:00
2025-11-19,21,SKYONE,P006,D005,1234.8,1.96,2025-12-31T23:59:00
2025-11-19,6,SKYONE,P033,D015,239.4,0.38,2025-12-31T23:59:00
2025-11-19,16,SKYONE,P029,D003,107.1,0.17,2025-12-31T23:59:00
2025-11-19,7,SKYONE,P052,D014,264.6,0.42,2025-12-31T23:59:00
2025-11-19,9,SKYONE,P014,D014,100.8,0.16,2025-12-31T23:59:00
2025-11-19,17,SKYONE,P009,D005,69.3,0.11,2025-12-31T23:59:00
2025-11-19,10,CATCHUP,P005,D004,144.9,0.23,2025-12-31T23:59:00
2025-11-19,15,CATCHUP,P025,D010,100.8,0.16,2025-12-31T23:59:00
2025-11-19,19,CATCHUP,P027,D002,214.2,0.34,2025-12-31T23:59:00
2025-11-19,7,CATCHUP,P006,D011,88.2,0.14,2025-12-31T23:59:00
2025-11-19,16,CATCHUP,P029,D016,119.7,0.19,2025-12-31T23:59:00
2025-11-19,21,CATCHUP,P025,D009,302.4,0.48,2025-12-31T23:59:00
2025-11-19,12,CATCHUP,P011,D016,94.5,0.15,2025-12-31T23:59:00
2025-11-19,9,CATCHUP,P010,D001,63.0,0.1,2025-12-31T23:59:00
2025-11-19,23,BBC1,P020,D016,1656.9,2.63,2025-12-31T23:59:00
2025-11-19,10,BBC1,P022,D003,1770.3,2.81,2025-12-31T23:59:00
2025-11-19,12,BBC1,P059,D010,1751.4,2.78,2025-12-31T23:59:00
2025-11-19,6,BBC1,P029,D001,2702.7,4.29,2025-12-31T23:59:00
2025-11-19,18,BBC1,P042,D011,2230.2,3.54,2025-12-31T23:59:00
2025-11-19,17,BBC1,P023,D004,2740.5,4.35,2025-12-31T23:59:00
2025-11-19,9,BBC1,P043,D004,1650.6,2.62,2025-12-31T23:59:00
2025-11-19,14,BBC1,P061,D009,1581.3,2.51,2025-12-31T23:59:00
2025-11-19,15,BBC1,P024,D003,2595.6,4.12,2025-12-31T23:59:00
2025-11-19,21,BBC2,P006,D011,2116.8,3.36,2025-12-31T23:59:00
2025-11-19,22,BBC2,P058,D004,680.4,1.08,2025-12-31T23:59:00
2025-11-19,14,BBC2,P027,D011,882.0,1.4,2025-12-31T23:59:00
2025-11-19,9,BBC2,P011,D003,567.0,0.9,2025-12-31T23:59:00
2025-11-19,23,BBC2,P041,D005,365.4,0.58,2025-12-31T23:59:00
2025-11-19,20,BBC2,P027,D013,3654.0,5.8,2025-12-31T23:59:00
2025-11-19,13,BBC2,P034,D015,749.7,1.19,2025-12-31T23:59:00
2025-11-19,7,BBC2,P043,D004,882.0,1.4,2025-12-31T23:59:00
2025-11-19,17,BBC2,P052,D005,1102.5,1.75,2025-12-31T23:59:00
2025-11-19,12,BBC2,P029,D003,1209.6,1.92,2025-12-31T23:59:00
2025-11-19,10,BBC2,P058,D010,384.3,0.61,2025-12-31T23:59:00
2025-11-19,11,BBC2,P004,D002,781.2,1.24,2025-12-31T23:59:00
2025-11-19,18,BBC2,P048,D011,491.4,0.78,2025-12-31T23:59:00
2025-11-26,21,FACTUAL,P002,D015,1197.0,1.9,2025-12-31T23:59:00
2025-11-26,20,FACTUAL,P015,D011,592.2,0.94,2025-12-31T23:59:00
2025-11-26,8,FACTUAL,P015,D002,157.5,0.25,2025-12-31T23:59:00
2025-11-26,11,FACTUAL,P003,D003,176.4,0.28,2025-12-31T23:59:00
2025-11-26,16,FACTUAL,P030,D001,289.8,0.46,2025-12-31T23:59:00
2025-11-26,22,FACTUAL,P016,D012,157.5,0.25,2025-12-31T23:59:00
2025-11-26,13,FACTUAL,P003,D001,214.2,0.34,2025-12-31T23:59:00
2025-11-26,7,FACTUAL,P013,D007,239.4,0.38,2025-12-31T23:59:00
2025-11-26,12,FACTUAL,P019,D002,195.3,0.31,2025-12-31T23:59:00
2025-11-26,16,MOVIES,P012,D011,226.8,0.36,2025-12-31T23:59:00
2025-11-26,6,MOVIES,P006,D006,126.0,0.2,2025-12-31T23:59:00
2025-11-26,19,MOVIES,P005,D011,781.2,1.24,2025-12-31T23:59:00
2025-11-26,17,MOVIES,P006,D008,138.6,0.22,2025-12-31T23:59:00
2025-11-26,9,MOVIES,P028,D011,170.1,0.27,2025-12-31T23:59:00
2025-11-26,15,MOVIES,P028,D005,88.2,0.14,2025-12-31T23:59:00
2025-11-26,7,MOVIES,P008,D002,163.8,0.26,2025-12-31T23:59:00
2025-11-26,23,MOVIES,P022,D016,88.2,0.14,2025-12-31T23:59:00
2025-11-26,13,MOVIES,P028,D014,176.4,0.28,2025-12-31T23:59:00
2025-11-26,16,MAIN,P027,D013,1077.3,1.71,2025-12-31T23:59:00
2025-11-26,9,MAIN,P012,D009,1467.9,2.33,2025-12-31T23:59:00
2025-11-26,8,MAIN,P008,D004,655.2,1.04,2025-12-31T23:59:00
2025-11-26,11,MAIN,P007,D002,1165.5,1.85,2025-12-31T23:59:00
2025-11-26,21,MAIN,P017,D009,4995.9,7.93,2025-12-31T23:59:00
2025-11-26,6,MAIN,P021,D011,1234.8,1.96,2025-12-31T23:59:00
2025-11-26,13,MAIN,P029,D001,1272.6,2.02,2025-12-31T23:59:00
2025-11-26,20,MAIN,P015,D007,2727.9,4.33,2025-12-31T23:59:00
2025-11-26,22,CHAN5,P018,D012,1165.5,1.85,2025-12-31T23:59:00
2025-11-26,20,CHAN5,P016,D009,3861.9,6.13,2025-12-31T23:59:00
2025-11-26,19,CHAN5,P044,D001,2230.2,3.54,2025-12-31T23:59:00
2025-11-26,17,CHAN5,P031,D016,1152.9,1.83,2025-12-31T23:59:00
2025-11-26,10,CHAN5,P046,D007,1033.2,1.64,2025-12-31T23:59:00
2025-11-26,18,CHAN5,P001,D016,1146.6,1.82,2025-12-31T23:59:00
2025-11-26,11,CHAN5,P026,D011,636.3,1.01,2025-12-31T23:59:00
2025-11-26,15,CHAN5,P041,D012,1127.7,1.79,2025-12-31T23:59:00
2025-11-26,21,CHAN5,P002,D005,3987.9,6.33,2025-12-31T23:59:00
2025-11-26,14,CHAN5,P029,D016,932.4,1.48,2025-12-31T23:59:00
2025-11-26,20,EXTRA,P021,D015,1215.9,1.93,2025-12-31T23:59:00
2025-11-26,16,EXTRA,P018,D004,573.3,0.91,2025-12-31T23:59:00
2025-11-26,21,EXTRA,P027,D011,2242.8,3.56,2025-12-31T23:59:00
2025-11-26,9,EXTRA,P001,D009,346.5,0.55,2025-12-31T23:59:00
2025-11-26,8,EXTRA,P023,D004,623.7,0.99,2025-12-31T23:59:00
2025-11-26,11,EXTRA,P007,D004,264.6,0.42,2025-12-31T23:59:00
2025-11-26,19,EXTRA,P029,D003,951.3,1.51,2025-12-31T23:59:00
2025-11-26,23,EXTRA,P022,D002,441.0,0.7,2025-12-31T23:59:00
2025-11-26,10,EXTRA,P014,D010,207.9,0.33,2025-12-31T23:59:00
2025-11-26,12,SKYATL,P041,D004,119.7,0.19,2025-12-31T23:59:00
2025-11-26,23,SKYATL,P034,D007,157.5,0.25,2025-12-31T23:59:00
2025-11-26,7,SKYATL,P001,D003,107.1,0.17,2025-12-31T23:59:00
2025-11-26,13,SKYATL,P041,D005,176.4,0.28,2025-12-31T23:59:00
2025-11-26,19,SKYATL,P005,D007,510.3,0.81,2025-12-31T23:59:00
2025-11-26,14,SKYATL,P054,D005,233.1,0.37,2025-12-31T23:59:00
2025-11-26,11,SKYATL,P059,D007,126.0,0.2,2025-12-31T23:59:00
2025-11-26,17,SKYATL,P036,D011,100.8,0.16,2025-12-31T23:59:00
2025-11-26,6,SKYATL,P018,D004,195.3,0.31,2025-12-31T23:59:00
2025-11-26,21,SKYATL,P050,D011,617.4,0.98,2025-12-31T23:59:00
2025-11-26,15,SKYATL,P060,D007,195.3,0.31,2025-12-31T23:59:00
2025-11-26,16,SKYATL,P037,D001,113.4,0.18,2025-12-31T23:59:00
2025-11-26,13,SKYONE,P016,D007,226.8,0.36,2025-12-31T23:59:00
2025-11-26,12,SKYONE,P039,D013,270.9,0.43,2025-12-31T23:59:00
2025-11-26,16,SKYONE,P044,D012,296.1,0.47,2025-12-31T23:59:00
2025-11-26,8,SKYONE,P003,D010,170.1,0.27,2025-12-31T23:59:00
2025-11-26,20,SKYONE,P017,D004,989.1,1.57,2025-12-31T23:59:00
2025-11-26,9,SKYONE,P041,D006,226.8,0.36,2025-12-31T23:59:00
2025-11-26,6,SKYONE,P004,D004,63.0,0.1,2025-12-31T23:59:00
2025-11-26,17,SKYONE,P034,D012,264.6,0.42,2025-12-31T23:59:00
2025-11-26,23,SKYONE,P028,D011,270.9,0.43,2025-12-31T23:59:00
2025-11-26,7,SKYONE,P014,D006,126.0,0.2,2025-12-31T23:59:00
2025-11-26,19,SKYONE,P048,D001,831.6,1.32,2025-12-31T23:59:00
2025-11-26,14,SKYONE,P061,D014,245.7,0.39,2025-12-31T23:59:00
2025-11-26,10,SKYONE,P036,D004,170.1,0.27,2025-12-31T23:59:00
2025-11-26,11,SKYONE,P016,D014,277.2,0.44,2025-12-31T23:59:00
2025-11-26,16,BBC1,P015,D009,1430.1,2.27,2025-12-31T23:59:00
2025-11-26,6,BBC1,P060,D013,3150.0,5.0,2025-12-31T23:59:00
2025-11-26,18,BBC1,P051,D003,3446.1,5.47,2025-12-31T23:59:00
2025-11-26,23,BBC1,P025,D001,1953.0,3.1,2025-12-31T23:59:00
2025-11-26,7,BBC1,P058,D014,1461.6,2.32,2025-12-31T23:59:00
2025-11-26,21,BBC1,P050,D015,7093.8,11.26,2025-12-31T23:59:00
2025-11-26,15,BBC1,P020,D005,1827.0,2.9,2025-12-31T23:59:00
2025-11-26,17,BBC1,P018,D007,2677.5,4.25,2025-12-31T23:59:00
2025-12-03,20,MAIN,P030,D008,2223.9,3.53,2025-12-31T23:59:00
2025-12-03,14,MAIN,P004,D002,963.9,1.53,2025-12-31T23:59:00
2025-12-03,16,MAIN,P017,D001,548.1,0.87,2025-12-31T23:59:00
2025-12-03,23,MAIN,P020,D016,655.2,1.04,2025-12-31T23:59:00
2025-12-03,18,MAIN,P016,D001,699.3,1.11,2025-12-31T23:59:00
2025-12-03,19,MAIN,P022,D004,4706.1,7.47,2025-12-31T23:59:00
2025-12-03,9,MAIN,P003,D014,630.0,1.0,2025-12-31T23:59:00
2025-12-03,21,MAIN,P005,D008,2438.1,3.87,2025-12-31T23:59:00
2025-12-03,15,MAIN,P026,D004,1348.2,2.14,2025-12-31T23:59:00
2025-12-03,12,MAIN,P004,D004,850.5,1.35,2025-12-31T23:59:00
2025-12-03,7,MAIN,P022,D002,756.0,1.2,2025-12-31T23:59:00
2025-12-03,17,MAIN,P018,D008,1379.7,2.19,2025-12-31T23:59:00
2025-12-03,13,EXTRA,P010,D008,359.1,0.57,2025-12-31T23:59:00
2025-12-03,6,EXTRA,P024,D010,245.7,0.39,2025-12-31T23:59:00
2025-12-03,14,EXTRA,P010,D006,497.7,0.79,2025-12-31T23:59:00
2025-12-03,23,EXTRA,P015,D012,245.7,0.39,2025-12-31T23:59:00
2025-12-03,9,EXTRA,P004,D009,535.5,0.85,2025-12-31T23:59:00
2025-12-03,8,EXTRA,P027,D008,585.9,0.93,2025-12-31T23:59:00
2025-12-03,7,EXTRA,P022,D011,522.9,0.83,2025-12-31T23:59:00
2025-12-03,12,EXTRA,P023,D007,315.0,0.5,2025-12-31T23:59:00
2025-12-03,20,FACTUAL,P007,D010,856.8,1.36,2025-12-31T23:59:00
2025-12-03,7,FACTUAL,P005,D009,239.4,0.38,2025-12-31T23:59:00
2025-12-03,6,FACTUAL,P025,D001,207.9,0.33,2025-12-31T23:59:00
2025-12-03,16,FACTUAL,P023,D009,308.7,0.49,2025-12-31T23:59:00
2025-12-03,19,FACTUAL,P018,D006,585.9,0.93,2025-12-31T23:59:00
2025-12-03,9,FACTUAL,P023,D006,315.0,0.5,2025-12-31T23:59:00
2025-12-03,13,FACTUAL,P001,D014,88.2,0.14,2025-12-31T23:59:00
2025-12-03,8,FACTUAL,P023,D014,63.0,0.1,2025-12-31T23:59:00
2025-12-03,23,FACTUAL,P004,D001,100.8,0.16,2025-12-31T23:59:00
2025-12-03,17,FACTUAL,P004,D001,270.9,0.43,2025-12-31T23:59:00
2025-12-03,11,FACTUAL,P028,D004,75.6,0.12,2025-12-31T23:59:00
2025-12-03,15,FACTUAL,P003,D001,264.6,0.42,2025-12-31T23:59:00
2025-12-03,22,FACTUAL,P008,D015,151.2,0.24,2025-12-31T23:59:00
2025-12-03,7,MOVIES,P024,D008,182.7,0.29,2025-12-31T23:59:00
2025-12-03,17,MOVIES,P001,D003,239.4,0.38,2025-12-31T23:59:00
2025-12-03,18,MOVIES,P018,D001,132.3,0.21,2025-12-31T23:59:00
2025-12-03,13,MOVIES,P016,D010,163.8,0.26,2025-12-31T23:59:00
2025-12-03,23,MOVIES,P008,D012,107.1,0.17,2025-12-31T23:59:00
2025-12-03,15,MOVIES,P023,D002,119.7,0.19,2025-12-31T23:59:00
2025-12-03,8,MOVIES,P007,D011,94.5,0.15,2025-12-31T23:59:00
2025-12-03,22,MOVIES,P017,D008,100.8,0.16,2025-12-31T23:59:00
2025-12-03,6,MOVIES,P010,D005,163.8,0.26,2025-12-31T23:59:00
2025-12-03,15,ITV1,P054,D012,2986.2,4.74,2025-12-31T23:59:00
2025-12-03,12,ITV1,P033,D011,2009.7,3.19,2025-12-31T23:59:00
2025-12-03,18,ITV1,P035,D014,2929.5,4.65,2025-12-31T23:59:00
2025-12-03,19,ITV1,P048,D015,6161.4,9.78,2025-12-31T23:59:00
2025-12-03,21,ITV1,P062,D014,9431.1,14.97,2025-12-31T23:59:00
2025-12-03,16,ITV1,P016,D002,2961.0,4.7,2025-12-31T23:59:00
2025-12-03,13,ITV1,P007,D010,2589.3,4.11,2025-12-31T23:59:00
2025-12-03,10,ITV1,P059,D007,2343.6,3.72,2025-12-31T23:59:00
2025-12-03,6,SKYATL,P016,D009,170.1,0.27,2025-12-31T23:59:00
2025-12-03,13,SKYATL,P058,D016,100.8,0.16,2025-12-31T23:59:00
2025-12-03,15,SKYATL,P012,D014,100.8,0.16,2025-12-31T23:59:00
2025-12-03,17,SKYATL,P022,D008,107.1,0.17,2025-12-31T23:59:00
2025-12-03,22,SKYATL,P001,D008,69.3,0.11,2025-12-31T23:59:00
2025-12-03,14,SKYATL,P011,D001,252.0,0.4,2025-12-31T23:59:00
2025-12-03,9,SKYATL,P015,D005,151.2,0.24,2025-12-31T23:59:00
2025-12-03,23,SKYATL,P017,D015,119.7,0.19,2025-12-31T23:59:00
2025-12-03,21,SKYATL,P036,D015,516.6,0.82,2025-12-31T23:59:00
2025-12-03,7,SKYATL,P023,D008,88.2,0.14,2025-12-31T23:59:00
2025-12-03,18,SKYATL,P029,D008,94.5,0.15,2025-12-31T23:59:00
2025-12-03,19,SKYATL,P021,D013,422.1,0.67,2025-12-31T23:59:00
2025-12-03,16,SKYATL,P032,D014,239.4,0.38,2025-12-31T23:59:00
2025-12-03,11,CHAN5,P028,D016,1203.3,1.91,2025-12-31T23:59:00
2025-12-03,19,CHAN5,P052,D013,2576.7,4.09,2025-12-31T23:59:00
2025-12-03,13,CHAN5,P038,D007,1146.6,1.82,2025-12-31T23:59:00
2025-12-03,16,CHAN5,P002,D005,1215.9,1.93,2025-12-31T23:59:00
2025-12-03,17,CHAN5,P061,D002,705.6,1.12,2025-12-31T23:59:00
2025-12-03,9,CHAN5,P033,D001,837.9,1.33,2025-12-31T23:59:00
2025-12-03,14,CHAN5,P040,D003,699.3,1.11,2025-12-31T23:59:00
2025-12-03,21,CHAN5,P011,D013,3924.9,6.23,2025-12-31T23:59:00
2025-12-03,23,CHAN5,P048,D015,630.0,1.0,2025-12-31T23:59:00
2025-12-03,15,SKYONE,P054,D015,170.1,0.27,2025-12-31T23:59:00
2025-12-03,7,SKYONE,P019,D012,226.8,0.36,2025-12-31T23:59:00
2025-12-03,9,SKYONE,P036,D003,315.0,0.5,2025-12-31T23:59:00
2025-12-03,6,SKYONE,P020,D008,195.3,0.31,2025-12-31T23:59:00
2025-12-03,13,SKYONE,P019,D008,157.5,0.25,2025-12-31T23:59:00
2025-12-03,18,SKYONE,P031,D006,201.6,0.32,2025-12-31T23:59:00
2025-12-03,8,SKYONE,P006,D008,264.6,0.42,2025-12-31T23:59:00
2025-12-03,16,SKYONE,P043,D007,163.8,0.26,2025-12-31T23:59:00
2025-12-03,20,SKYONE,P009,D001,957.6,1.52,2025-12-31T23:59:00
2025-12-03,12,SKYONE,P055,D011,277.2,0.44,2025-12-31T23:59:00
2025-12-03,23,SKYONE,P028,D009,189.0,0.3,2025-12-31T23:59:00
2025-12-03,17,SKYONE,P030,D002,277.2,0.44,2025-12-31T23:59:00
2025-12-10,16,MOVIES,P010,D005,113.4,0.18,2025-12-31T23:59:00
2025-12-10,13,MOVIES,P018,D007,163.8,0.26,2025-12-31T23:59:00
2025-12-10,11,MOVIES,P010,D015,81.9,0.13,2025-12-31T23:59:00
2025-12-10,6,MOVIES,P026,D014,220.5,0.35,2025-12-31T23:59:00
2025-12-10,7,MOVIES,P026,D008,189.0,0.3,2025-12-31T23:59:00
2025-12-10,17,MOVIES,P027,D007,144.9,0.23,2025-12-31T23:59:00
2025-12-10,20,MOVIES,P020,D008,1260.0,2.0,2025-12-31T23:59:00
2025-12-10,9,MOVIES,P001,D006,201.6,0.32,2025-12-31T23:59:00
2025-12-10,19,MOVIES,P029,D003,837.9,1.33,2025-12-31T23:59:00
2025-12-10,12,MOVIES,P027,D014,207.9,0.33,2025-12-31T23:59:00
2025-12-10,18,BBC1,P025,D002,1764.0,2.8,2025-12-31T23:59:00
2025-12-10,17,BBC1,P014,D013,3036.6,4.82,2025-12-31T23:59:00
2025-12-10,6,BBC1,P044,D003,1360.8,2.16,2025-12-31T23:59:00
2025-12-10,11,BBC1,P010,D015,3093.3,4.91,2025-12-31T23:59:00
2025-12-10,10,BBC1,P025,D011,1984.5,3.15,2025-12-31T23:59:00
2025-12-10,21,BBC1,P047,D008,8870.4,14.08,2025-12-31T23:59:00
2025-12-10,15,BBC1,P010,D010,1543.5,2.45,2025-12-31T23:59:00
2025-12-10,14,BBC1,P038,D016,3578.4,5.68,2025-12-31T23:59:00
2025-12-10,7,BBC1,P002,D001,2381.4,3.78,2025-12-31T23:59:00
2025-12-10,22,BBC1,P037,D012,1751.4,2.78,2025-12-31T23:59:00
2025-12-10,14,SKYONE,P049,D012,170.1,0.27,2025-12-31T23:59:00
2025-12-10,8,SKYONE,P045,D012,75.6,0.12,2025-12-31T23:59:00
2025-12-10,22,SKYONE,P011,D009,144.9,0.23,2025-12-31T23:59:00
2025-12-10,9,SKYONE,P030,D001,315.0,0.5,2025-12-31T23:59:00
2025-12-10,10,SKYONE,P027,D012,195.3,0.31,2025-12-31T23:59:00
2025-12-10,12,SKYONE,P007,D001,289.8,0.46,2025-12-31T23:59:00
2025-12-10,16,SKYONE,P050,D012,239.4,0.38,2025-12-31T23:59:00
2025-12-10,7,SKYONE,P034,D016,195.3,0.31,2025-12-31T23:59:00
2025-12-10,20,SKYONE,P052,D014,1020.6,1.62,2025-12-31T23:59:00
2025-12-10,21,SKYONE,P011,D002,1241.1,1.97,2025-12-31T23:59:00
2025-12-10,23,SKYONE,P064,D003,189.0,0.3,2025-12-31T23:59:00
2025-12-10,15,SKYONE,P010,D015,81.9,0.13,2025-12-31T23:59:00
2025-12-10,12,MAIN,P001,D011,1203.3,1.91,2025-12-31T23:59:00
2025-12-10,19,MAIN,P010,D004,4624.2,7.34,2025-12-31T23:59:00
2025-12-10,7,MAIN,P013,D003,1360.8,2.16,2025-12-31T23:59:00
2025-12-10,17,MAIN,P009,D010,560.7,0.89,2025-12-31T23:59:00
2025-12-10,8,MAIN,P020,D015,1058.4,1.68,2025-12-31T23:59:00
2025-12-10,15,MAIN,P024,D003,1203.3,1.91,2025-12-31T23:59:00
2025-12-10,18,MAIN,P005,D006,1165.5,1.85,2025-12-31T23:59:00
2025-12-10,22,MAIN,P015,D001,1480.5,2.35,2025-12-31T23:59:00
2025-12-10,11,MAIN,P022,D007,1209.6,1.92,2025-12-31T23:59:00
2025-12-10,10,MAIN,P010,D005,756.0,1.2,2025-12-31T23:59:00
2025-12-10,6,MAIN,P014,D001,522.9,0.83,2025-12-31T23:59:00
2025-12-10,16,MAIN,P006,D001,611.1,0.97,2025-12-31T23:59:00
2025-12-10,14,MAIN,P001,D005,1423.8,2.26,2025-12-31T23:59:00
2025-12-10,13,MAIN,P027,D007,522.9,0.83,2025-12-31T23:59:00
2025-12-10,15,CHAN5,P032,D016,422.1,0.67,2025-12-31T23:59:00
2025-12-10,10,CHAN5,P020,D011,661.5,1.05,2025-12-31T23:59:00
2025-12-10,9,CHAN5,P032,D004,900.9,1.43,2025-12-31T23:59:00
2025-12-10,22,CHAN5,P038,D012,774.9,1.23,2025-12-31T23:59:00
2025-12-10,12,CHAN5,P041,D004,403.2,0.64,2025-12-31T23:59:00
2025-12-10,20,CHAN5,P009,D010,3105.9,4.93,2025-12-31T23:59:00
2025-12-10,7,CHAN5,P053,D007,560.7,0.89,2025-12-31T23:59:00
2025-12-10,8,CHAN5,P027,D013,819.0,1.3,2025-12-31T23:59:00
2025-12-10,16,CHAN5,P050,D005,327.6,0.52,2025-12-31T23:59:00
2025-12-10,17,CHAN5,P022,D006,724.5,1.15,2025-12-31T23:59:00
2025-12-10,6,CHAN5,P002,D001,617.4,0.98,2025-12-31T23:59:00
2025-12-10,21,CHAN5,P017,D004,1612.8,2.56,2025-12-31T23:59:00
2025-12-10,14,CHAN5,P024,D011,800.1,1.27,2025-12-31T23:59:00
2025-12-10,17,SKYATL,P046,D007,113.4,0.18,2025-12-31T23:59:00
2025-12-10,14,SKYATL,P002,D007,201.6,0.32,2025-12-31T23:59:00
2025-12-10,18,SKYATL,P054,D005,107.1,0.17,2025-12-31T23:59:00
2025-12-10,23,SKYATL,P035,D010,214.2,0.34,2025-12-31T23:59:00
2025-12-10,16,SKYATL,P004,D013,176.4,0.28,2025-12-31T23:59:00
2025-12-10,7,SKYATL,P042,D016,214.2,0.34,2025-12-31T23:59:00
2025-12-10,10,SKYATL,P061,D005,170.1,0.27,2025-12-31T23:59:00
2025-12-10,6,SKYATL,P019,D008,100.8,0.16,2025-12-31T23:59:00
2025-12-10,20,SKYATL,P059,D002,655.2,1.04,2025-12-31T23:59:00
2025-12-10,22,SKYATL,P006,D002,94.5,0.15,2025-12-31T23:59:00
2025-12-10,12,FACTUAL,P017,D014,302.4,0.48,2025-12-31T23:59:00
2025-12-10,17,FACTUAL,P027,D016,195.3,0.31,2025-12-31T23:59:00
2025-12-10,9,FACTUAL,P019,D001,94.5,0.15,2025-12-31T23:59:00
2025-12-10,10,FACTUAL,P024,D006,138.6,0.22,2025-12-31T23:59:00
2025-12-10,6,FACTUAL,P020,D016,176.4,0.28,2025-12-31T23:59:00
2025-12-10,13,FACTUAL,P030,D003,100.8,0.16,2025-12-31T23:59:00
2025-12-10,14,FACTUAL,P024,D013,189.0,0.3,2025-12-31T23:59:00
2025-12-10,22,FACTUAL,P008,D015,176.4,0.28,2025-12-31T23:59:00
2025-12-10,16,FACTUAL,P017,D012,94.5,0.15,2025-12-31T23:59:00
2025-12-10,23,FACTUAL,P026,D011,201.6,0.32,2025-12-31T23:59:00
2025-12-10,7,FACTUAL,P004,D002,182.7,0.29,2025-12-31T23:59:00
2025-12-10,11,FACTUAL,P011,D006,252.0,0.4,2025-12-31T23:59:00
2025-12-10,8,FACTUAL,P007,D014,277.2,0.44,2025-12-31T23:59:00
2025-12-10,19,FACTUAL,P023,D009,711.9,1.13,2025-12-31T23:59:00
2025-12-10,11,CATCHUP,P022,D014,63.0,0.1,2025-12-31T23:59:00
2025-12-10,14,CATCHUP,P004,D010,157.5,0.25,2025-12-31T23:59:00
2025-12-10,15,CATCHUP,P004,D012,157.5,0.25,2025-12-31T23:59:00
2025-12-10,22,CATCHUP,P005,D016,170.1,0.27,2025-12-31T23:59:00
2025-12-10,20,CATCHUP,P009,D010,233.1,0.37,2025-12-31T23:59:00
2025-12-10,18,CATCHUP,P014,D003,88.2,0.14,2025-12-31T23:59:00
2025-12-10,16,CATCHUP,P026,D010,170.1,0.27,2025-12-31T23:59:00
2025-12-10,13,CATCHUP,P003,D011,37.8,0.06,2025-12-31T23:59:00
2025-12-17,6,MOVIES,P006,D014,94.5,0.15,2025-12-31T23:59:00
2025-12-17,9,MOVIES,P018,D002,220.5,0.35,2025-12-31T23:59:00
2025-12-17,11,MOVIES,P021,D015,75.6,0.12,2025-12-31T23:59:00
2025-12-17,15,MOVIES,P010,D008,214.2,0.34,2025-12-31T23:59:00
2025-12-17,19,MOVIES,P027,D015,800.1,1.27,2025-12-31T23:59:00
2025-12-17,18,MOVIES,P017,D008,245.7,0.39,2025-12-31T23:59:00
2025-12-17,16,MOVIES,P013,D011,151.2,0.24,2025-12-31T23:59:00
2025-12-17,20,MOVIES,P011,D005,1247.4,1.98,2025-12-31T23:59:00
2025-12-17,10,CHAN5,P053,D016,636.3,1.01,2025-12-31T23:59:00
2025-12-17,14,CHAN5,P044,D007,737.1,1.17,2025-12-31T23:59:00
2025-12-17,11,CHAN5,P008,D005,1083.6,1.72,2025-12-31T23:59:00
2025-12-17,15,CHAN5,P049,D004,472.5,0.75,2025-12-31T23:59:00
2025-12-17,21,CHAN5,P014,D006,2135.7,3.39,2025-12-31T23:59:00
2025-12-17,8,CHAN5,P016,D002,1039.5,1.65,2025-12-31T23:59:00
2025-12-17,17,CHAN5,P021,D015,611.1,0.97,2025-12-31T23:59:00
2025-12-17,19,CHAN5,P027,D009,2457.0,3.9,2025-12-31T23:59:00
2025-12-17,20,CHAN5,P037,D002,2961.0,4.7,2025-12-31T23:59:00
2025-12-17,6,CHAN5,P034,D005,1203.3,1.91,2025-12-31T23:59:00
2025-12-17,12,CHAN5,P034,D006,447.3,0.71,2025-12-31T23:59:00
2025-12-17,23,CHAN5,P024,D013,352.8,0.56,2025-12-31T23:59:00
2025-12-17,7,CHAN5,P039,D016,957.6,1.52,2025-12-31T23:59:00
2025-12-17,9,CHAN5,P023,D002,623.7,0.99,2025-12-31T23:59:00
2025-12-17,18,EXTRA,P025,D005,422.1,0.67,2025-12-31T23:59:00
2025-12-17,23,EXTRA,P023,D008,239.4,0.38,2025-12-31T23:59:00
2025-12-17,6,EXTRA,P024,D012,447.3,0.71,2025-12-31T23:59:00
2025-12-17,15,EXTRA,P010,D010,434.7,0.69,2025-12-31T23:59:00
2025-12-17,19,EXTRA,P026,D006,1461.6,2.32,2025-12-31T23:59:00
2025-12-17,14,EXTRA,P013,D015,327.6,0.52,2025-12-31T23:59:00
2025-12-17,11,EXTRA,P029,D006,252.0,0.4,2025-12-31T23:59:00
2025-12-17,17,EXTRA,P013,D006,371.7,0.59,2025-12-31T23:59:00
2025-12-17,22,EXTRA,P003,D014,359.1,0.57,2025-12-31T23:59:00
2025-12-17,21,EXTRA,P006,D004,1593.9,2.53,2025-12-31T23:59:00
2025-12-17,7,EXTRA,P001,D011,201.6,0.32,2025-12-31T23:59:00
2025-12-17,16,EXTRA,P028,D004,315.0,0.5,2025-12-31T23:59:00
2025-12-17,13,EXTRA,P015,D009,396.9,0.63,2025-12-31T23:59:00
2025-12-17,7,SKYONE,P060,D012,126.0,0.2,2025-12-31T23:59:00
2025-12-17,14,SKYONE,P047,D007,163.8,0.26,2025-12-31T23:59:00
2025-12-17,21,SKYONE,P016,D005,907.2,1.44,2025-12-31T23:59:00
2025-12-17,9,SKYONE,P030,D015,220.5,0.35,2025-12-31T23:59:00
2025-12-17,8,SKYONE,P006,D013,113.4,0.18,2025-12-31T23:59:00
2025-12-17,15,SKYONE,P028,D002,189.0,0.3,2025-12-31T23:59:00
2025-12-17,11,SKYONE,P014,D016,88.2,0.14,2025-12-31T23:59:00
2025-12-17,23,SKYONE,P019,D009,138.6,0.22,2025-12-31T23:59:00
2025-12-17,13,ITV1,P037,D001,2160.9,3.43,2025-12-31T23:59:00
2025-12-17,21,ITV1,P009,D006,11289.6,17.92,2025-12-31T23:59:00
2025-12-17,17,ITV1,P065,D014,1997.1,3.17,2025-12-31T23:59:00
2025-12-17,15,ITV1,P003,D001,2318.4,3.68,2025-12-31T23:59:00
2025-12-17,22,ITV1,P018,D015,2003.4,3.18,2025-12-31T23:59:00
2025-12-17,19,ITV1,P050,D015,10842.3,17.21,2025-12-31T23:59:00
2025-12-17,18,ITV1,P052,D015,781.2,1.24,2025-12-31T23:59:00
2025-12-17,8,ITV1,P033,D002,1997.1,3.17,2025-12-31T23:59:00
2025-12-17,20,ITV1,P037,D002,6860.7,10.89,2025-12-31T23:59:00
2025-12-17,9,ITV1,P036,D003,1682.1,2.67,2025-12-31T23:59:00
2025-12-17,23,MAIN,P006,D004,1014.3,1.61,2025-12-31T23:59:00
2025-12-17,6,MAIN,P010,D011,724.5,1.15,2025-12-31T23:59:00
2025-12-17,17,MAIN,P003,D009,1033.2,1.64,2025-12-31T23:59:00
2025-12-17,9,MAIN,P030,D006,1146.6,1.82,2025-12-31T23:59:00
2025-12-17,18,MAIN,P015,D005,793.8,1.26,2025-12-31T23:59:00
2025-12-17,14,MAIN,P012,D011,1209.6,1.92,2025-12-31T23:59:00
2025-12-17,13,MAIN,P024,D013,957.6,1.52,2025-12-31T23:59:00
2025-12-17,19,MAIN,P020,D001,4725.0,7.5,2025-12-31T23:59:00
2025-12-17,22,MAIN,P012,D011,844.2,1.34,2025-12-31T23:59:00
2025-12-17,19,ITV2,P031,D016,1934.1,3.07,2025-12-31T23:59:00
2025-12-17,17,ITV2,P047,D008,737.1,1.17,2025-12-31T23:59:00
2025-12-17,7,ITV2,P004,D015,258.3,0.41,2025-12-31T23:59:00
2025-12-17,6,ITV2,P043,D003,718.2,1.14,2025-12-31T23:59:00
2025-12-17,21,ITV2,P024,D012,3017.7,4.79,2025-12-31T23:59:00
2025-12-17,9,ITV2,P057,D012,270.9,0.43,2025-12-31T23:59:00
2025-12-17,12,ITV2,P002,D006,554.4,0.88,2025-12-31T23:59:00
2025-12-17,11,ITV2,P055,D013,466.2,0.74,2025-12-31T23:59:00
2025-12-17,11,BBC1,P020,D001,2545.2,4.04,2025-12-31T23:59:00
2025-12-17,10,BBC1,P011,D007,3565.8,5.66,2025-12-31T23:59:00
2025-12-17,23,BBC1,P048,D010,2992.5,4.75,2025-12-31T23:59:00
2025-12-17,14,BBC1,P006,D014,1512.0,2.4,2025-12-31T23:59:00
2025-12-17,18,BBC1,P028,D006,3357.9,5.33,2025-12-31T23:59:00
2025-12-17,9,BBC1,P035,D013,2620.8,4.16,2025-12-31T23:59:00
2025-12-17,7,BBC1,P065,D007,3616.2,5.74,2025-12-31T23:59:00
2025-12-17,6,BBC1,P001,D010,1896.3,3.01,2025-12-31T23:59:00
2025-12-24,21,FACTUAL,P026,D010,837.9,1.33,2025-12-31T23:59:00
2025-12-24,19,FACTUAL,P022,D015,636.3,1.01,2025-12-31T23:59:00
2025-12-24,17,FACTUAL,P026,D012,289.8,0.46,2025-12-31T23:59:00
2025-12-24,9,FACTUAL,P028,D015,189.0,0.3,2025-12-31T23:59:00
2025-12-24,15,FACTUAL,P026,D004,88.2,0.14,2025-12-31T23:59:00
2025-12-24,7,FACTUAL,P013,D012,138.6,0.22,2025-12-31T23:59:00
2025-12-24,10,FACTUAL,P021,D004,239.4,0.38,2025-12-31T23:59:00
2025-12-24,23,FACTUAL,P002,D008,100.8,0.16,2025-12-31T23:59:00
2025-12-24,22,FACTUAL,P022,D005,189.0,0.3,2025-12-31T23:59:00
2025-12-24,11,FACTUAL,P028,D005,258.3,0.41,2025-12-31T23:59:00
2025-12-24,18,FACTUAL,P013,D011,308.7,0.49,2025-12-31T23:59:00
2025-12-24,6,FACTUAL,P027,D010,113.4,0.18,2025-12-31T23:59:00
2025-12-24,14,FACTUAL,P017,D014,308.7,0.49,2025-12-31T23:59:00
2025-12-24,19,MAIN,P030,D012,3937.5,6.25,2025-12-31T23:59:00
2025-12-24,9,MAIN,P028,D015,648.9,1.03,2025-12-31T23:59:00
2025-12-24,18,MAIN,P008,D014,976.5,1.55,2025-12-31T23:59:00
2025-12-24,16,MAIN,P012,D009,907.2,1.44,2025-12-31T23:59:00
2025-12-24,12,MAIN,P015,D010,1052.1,1.67,2025-12-31T23:59:00
2025-12-24,21,MAIN,P003,D014,2784.6,4.42,2025-12-31T23:59:00
2025-12-24,8,MAIN,P007,D005,900.9,1.43,2025-12-31T23:59:00
2025-12-24,14,MAIN,P017,D003,1203.3,1.91,2025-12-31T23:59:00
2025-12-24,19,BBC1,P034,D004,6759.9,10.73,2025-12-31T23:59:00
2025-12-24,14,BBC1,P048,D011,1493.1,2.37,2025-12-31T23:59:00
2025-12-24,7,BBC1,P059,D010,1480.5,2.35,2025-12-31T23:59:00
2025-12-24,23,BBC1,P062,D009,2639.7,4.19,2025-12-31T23:59:00
2025-12-24,8,BBC1,P041,D016,2759.4,4.38,2025-12-31T23:59:00
2025-12-24,13,BBC1,P042,D014,3150.0,5.0,2025-12-31T23:59:00
2025-12-24,9,BBC1,P021,D002,1404.9,2.23,2025-12-31T23:59:00
2025-12-24,16,BBC1,P009,D011,3250.8,5.16,2025-12-31T23:59:00
2025-12-24,22,BBC1,P017,D015,1449.0,2.3,2025-12-31T23:59:00
2025-12-24,12,BBC1,P018,D007,3666.6,5.82,2025-12-31T23:59:00
2025-12-24,17,BBC1,P007,D012,2381.4,3.78,2025-12-31T23:59:00
2025-12-24,15,BBC1,P039,D003,2545.2,4.04,2025-12-31T23:59:00
2025-12-24,10,BBC1,P032,D004,1474.2,2.34,2025-12-31T23:59:00
2025-12-24,16,CATCHUP,P004,D010,151.2,0.24,2025-12-31T23:59:00
2025-12-24,15,CATCHUP,P009,D008,44.1,0.07,2025-12-31T23:59:00
2025-12-24,10,CATCHUP,P025,D011,163.8,0.26,2025-12-31T23:59:00
2025-12-24,13,CATCHUP,P017,D015,144.9,0.23,2025-12-31T23:59:00
2025-12-24,12,CATCHUP,P014,D012,63.0,0.1,2025-12-31T23:59:00
2025-12-24,21,CATCHUP,P014,D009,592.2,0.94,2025-12-31T23:59:00
2025-12-24,11,CATCHUP,P026,D009,119.7,0.19,2025-12-31T23:59:00
2025-12-24,6,CATCHUP,P020,D005,56.7,0.09,2025-12-31T23:59:00
2025-12-24,20,CATCHUP,P012,D005,447.3,0.71,2025-12-31T23:59:00
2025-12-24,7,ITV1,P002,D004,1518.3,2.41,2025-12-31T23:59:00
2025-12-24,13,ITV1,P019,D015,1493.1,2.37,2025-12-31T23:59:00
2025-12-24,8,ITV1,P044,D009,1896.3,3.01,2025-12-31T23:59:00
2025-12-24,22,ITV1,P018,D014,2097.9,3.33,2025-12-31T23:59:00
2025-12-24,19,ITV1,P041,D005,6936.3,11.01,2025-12-31T23:59:00
2025-12-24,14,ITV1,P024,D011,2734.2,4.34,2025-12-31T23:59:00
2025-12-24,6,ITV1,P005,D010,2501.1,3.97,2025-12-31T23:59:00
2025-12-24,16,ITV1,P014,D001,982.8,1.56,2025-12-31T23:59:00
2025-12-24,9,ITV2,P052,D001,623.7,0.99,2025-12-31T23:59:00
2025-12-24,6,ITV2,P027,D010,315.0,0.5,2025-12-31T23:59:00
2025-12-24,15,ITV2,P043,D010,674.1,1.07,2025-12-31T23:59:00
2025-12-24,19,ITV2,P005,D002,1638.0,2.6,2025-12-31T23:59:00
2025-12-24,20,ITV2,P023,D012,1625.4,2.58,2025-12-31T23:59:00
2025-12-24,7,ITV2,P008,D005,365.4,0.58,2025-12-31T23:59:00
2025-12-24,17,ITV2,P021,D014,743.4,1.18,2025-12-31T23:59:00
2025-12-24,8,ITV2,P034,D010,579.6,0.92,2025-12-31T23:59:00
2025-12-24,11,ITV2,P041,D002,447.3,0.71,2025-12-31T23:59:00
2025-12-24,22,ITV2,P041,D016,302.4,0.48,2025-12-31T23:59:00
2025-12-24,21,ITV2,P061,D006,1367.1,2.17,2025-12-31T23:59:00
2025-12-24,7,SKYATL,P011,D012,81.9,0.13,2025-12-31T23:59:00
2025-12-24,23,SKYATL,P034,D011,245.7,0.39,2025-12-31T23:59:00
2025-12-24,20,SKYATL,P025,D002,680.4,1.08,2025-12-31T23:59:00
2025-12-24,15,SKYATL,P053,D005,170.1,0.27,2025-12-31T23:59:00
2025-12-24,14,SKYATL,P020,D007,220.5,0.35,2025-12-31T23:59:00
2025-12-24,16,SKYATL,P063,D010,119.7,0.19,2025-12-31T23:59:00
2025-12-24,11,SKYATL,P030,D012,170.1,0.27,2025-12-31T23:59:00
2025-12-24,19,SKYATL,P035,D013,592.2,0.94,2025-12-31T23:59:00
2025-12-24,9,SKYATL,P049,D001,94.5,0.15,2025-12-31T23:59:00
2025-12-24,17,SKYATL,P007,D003,201.6,0.32,2025-12-31T23:59:00
2025-12-24,6,SKYATL,P043,D016,214.2,0.34,2025-12-31T23:59:00
2025-12-24,8,SKYATL,P023,D015,151.2,0.24,2025-12-31T23:59:00
2025-12-24,18,EXTRA,P005,D003,504.0,0.8,2025-12-31T23:59:00
2025-12-24,15,EXTRA,P014,D006,365.4,0.58,2025-12-31T23:59:00
2025-12-24,10,EXTRA,P023,D002,415.8,0.66,2025-12-31T23:59:00
2025-12-24,20,EXTRA,P016,D015,1864.8,2.96,2025-12-31T23:59:00
2025-12-24,19,EXTRA,P028,D013,1858.5,2.95,2025-12-31T23:59:00
2025-12-24,16,EXTRA,P018,D003,573.3,0.91,2025-12-31T23:59:00
2025-12-24,11,EXTRA,P024,D010,453.6,0.72,2025-12-31T23:59:00
2025-12-24,23,EXTRA,P018,D014,504.0,0.8,2025-12-31T23:59:00
2025-12-24,12,EXTRA,P013,D011,195.3,0.31,2025-12-31T23:59:00
2025-12-24,22,EXTRA,P010,D009,220.5,0.35,2025-12-31T23:59:00
2025-12-24,8,EXTRA,P011,D011,617.4,0.98,2025-12-31T23:59:00
2025-12-24,14,EXTRA,P022,D012,623.7,0.99,2025-12-31T23:59:00
2025-12-24,13,EXTRA,P001,D001,592.2,0.94,2025-12-31T23:59:00
2025-12-31,12,ITV2,P036,D003,573.3,0.91,2025-12-31T23:59:00
2025-12-31,17,ITV2,P061,D008,409.5,0.65,2025-12-31T23:59:00
2025-12-31,9,ITV2,P009,D007,655.2,1.04,2025-12-31T23:59:00
2025-12-31,11,ITV2,P012,D003,289.8,0.46,2025-12-31T23:59:00
2025-12-31,16,ITV2,P042,D002,327.6,0.52,2025-12-31T23:59:00
2025-12-31,15,ITV2,P059,D001,655.2,1.04,2025-12-31T23:59:00
2025-12-31,8,ITV2,P053,D002,554.4,0.88,2025-12-31T23:59:00
2025-12-31,13,ITV2,P029,D004,485.1,0.77,2025-12-31T23:59:00
2025-12-31,10,ITV2,P032,D014,478.8,0.76,2025-12-31T23:59:00
2025-12-31,20,ITV2,P009,D006,3055.5,4.85,2025-12-31T23:59:00
2025-12-31,6,ITV2,P026,D005,340.2,0.54,2025-12-31T23:59:00
2025-12-31,14,ITV2,P018,D005,428.4,0.68,2025-12-31T23:59:00
2025-12-31,20,BBC1,P017,D008,10508.4,16.68,2025-12-31T23:59:00
2025-12-31,10,BBC1,P011,D010,1959.3,3.11,2025-12-31T23:59:00
2025-12-31,19,BBC1,P009,D014,12026.7,19.09,2025-12-31T23:59:00
2025-12-31,17,BBC1,P017,D003,1877.4,2.98,2025-12-31T23:59:00
2025-12-31,18,BBC1,P027,D010,3168.9,5.03,2025-12-31T23:59:00
2025-12-31,14,BBC1,P061,D013,2349.9,3.73,2025-12-31T23:59:00
2025-12-31,7,BBC1,P003,D009,2564.1,4.07,2025-12-31T23:59:00
2025-12-31,11,BBC1,P060,D016,2841.3,4.51,2025-12-31T23:59:00
2025-12-31,15,BBC1,P016,D012,2501.1,3.97,2025-12-31T23:59:00
2025-12-31,16,BBC1,P036,D012,1266.3,2.01,2025-12-31T23:59:00
2025-12-31,12,BBC1,P019,D006,2148.3,3.41,2025-12-31T23:59:00
2025-12-31,9,BBC1,P056,D004,2885.4,4.58,2025-12-31T23:59:00
2025-12-31,6,BBC1,P038,D002,2192.4,3.48,2025-12-31T23:59:00
2025-12-31,23,BBC1,P024,D008,2702.7,4.29,2025-12-31T23:59:00
2025-12-31,13,CHAN5,P047,D006,863.1,1.37,2025-12-31T23:59:00
2025-12-31,21,CHAN5,P028,D015,1801.8,2.86,2025-12-31T23:59:00
2025-12-31,23,CHAN5,P063,D003,1171.8,1.86,2025-12-31T23:59:00
2025-12-31,20,CHAN5,P006,D014,4044.6,6.42,2025-12-31T23:59:00
2025-12-31,18,CHAN5,P059,D011,491.4,0.78,2025-12-31T23:59:00
2025-12-31,9,CHAN5,P044,D001,1165.5,1.85,2025-12-31T23:59:00
2025-12-31,10,CHAN5,P025,D006,674.1,1.07,2025-12-31T23:59:00
2025-12-31,11,CHAN5,P060,D016,1197.0,1.9,2025-12-31T23:59:00
2025-12-31,15,CHAN5,P026,D014,831.6,1.32,2025-12-31T23:59:00
2025-12-31,16,CHAN5,P057,D011,1026.9,1.63,2025-12-31T23:59:00
2025-12-31,12,CHAN5,P035,D006,900.9,1.43,2025-12-31T23:59:00
2025-12-31,19,CHAN5,P008,D001,2381.4,3.78,2025-12-31T23:59:00
2025-12-31,17,CHAN5,P037,D002,850.5,1.35,2025-12-31T23:59:00
2025-12-31,7,CHAN5,P009,D002,957.6,1.52,2025-12-31T23:59:00
2025-12-31,9,EXTRA,P006,D002,611.1,0.97,2025-12-31T23:59:00
2025-12-31,19,EXTRA,P014,D001,1436.4,2.28,2025-12-31T23:59:00
2025-12-31,20,EXTRA,P011,D004,1367.1,2.17,2025-12-31T23:59:00
2025-12-31,14,EXTRA,P025,D010,522.9,0.83,2025-12-31T23:59:00
2025-12-31,6,EXTRA,P020,D016,352.8,0.56,2025-12-31T23:59:00
2025-12-31,11,EXTRA,P001,D005,252.0,0.4,2025-12-31T23:59:00
2025-12-31,21,EXTRA,P004,D006,2419.2,3.84,2025-12-31T23:59:00
2025-12-31,23,EXTRA,P030,D002,459.9,0.73,2025-12-31T23:59:00
2025-12-31,10,EXTRA,P006,D010,245.7,0.39,2025-12-31T23:59:00
2025-12-31,12,EXTRA,P013,D002,378.0,0.6,2025-12-31T23:59:00
2025-12-31,11,FACTUAL,P028,D002,126.0,0.2,2025-12-31T23:59:00
2025-12-31,15,FACTUAL,P003,D007,100.8,0.16,2025-12-31T23:59:00
2025-12-31,21,FACTUAL,P029,D008,844.2,1.34,2025-12-31T23:59:00
2025-12-31,22,FACTUAL,P011,D002,220.5,0.35,2025-12-31T23:59:00
2025-12-31,20,FACTUAL,P001,D016,1241.1,1.97,2025-12-31T23:59:00
2025-12-31,14,FACTUAL,P016,D014,88.2,0.14,2025-12-31T23:59:00
2025-12-31,23,FACTUAL,P005,D003,182.7,0.29,2025-12-31T23:59:00
2025-12-31,18,FACTUAL,P002,D009,163.8,0.26,2025-12-31T23:59:00
2025-12-31,10,FACTUAL,P022,D003,170.1,0.27,2025-12-31T23:59:00
2025-12-31,6,FACTUAL,P020,D015,239.4,0.38,2025-12-31T23:59:00
2025-12-31,12,FACTUAL,P004,D008,195.3,0.31,2025-12-31T23:59:00
2025-12-31,9,BBC2,P022,D006,1045.8,1.66,2025-12-31T23:59:00
2025-12-31,16,BBC2,P054,D005,743.4,1.18,2025-12-31T23:59:00
2025-12-31,8,BBC2,P025,D001,491.4,0.78,2025-12-31T23:59:00
2025-12-31,22,BBC2,P017,D005,1134.0,1.8,2025-12-31T23:59:00
2025-12-31,20,BBC2,P038,D010,1940.4,3.08,2025-12-31T23:59:00
2025-12-31,17,BBC2,P017,D010,938.7,1.49,2025-12-31T23:59:00
2025-12-31,12,BBC2,P048,D004,409.5,0.65,2025-12-31T23:59:00
2025-12-31,18,BBC2,P048,D004,787.5,1.25,2025-12-31T23:59:00
2025-12-31,10,BBC2,P038,D016,970.2,1.54,2025-12-31T23:59:00
2025-12-31,15,BBC2,P056,D002,970.2,1.54,2025-12-31T23:59:00
2025-12-31,21,SKYONE,P003,D009,674.1,1.07,2025-12-31T23:59:00
2025-12-31,9,SKYONE,P063,D013,75.6,0.12,2025-12-31T23:59:00
2025-12-31,22,SKYONE,P061,D006,157.5,0.25,2025-12-31T23:59:00
2025-12-31,23,SKYONE,P032,D011,107.1,0.17,2025-12-31T23:59:00
2025-12-31,15,SKYONE,P021,D011,107.1,0.17,2025-12-31T23:59:00
2025-12-31,6,SKYONE,P015,D001,270.9,0.43,2025-12-31T23:59:00
2025-12-31,12,SKYONE,P060,D010,75.6,0.12,2025-12-31T23:59:00
2025-12-31,13,SKYONE,P029,D010,195.3,0.31,2025-12-31T23:59:00
2025-12-31,8,SKYONE,P003,D008,245.7,0.39,2025-12-31T23:59:00
2025-12-31,14,SKYONE,P051,D014,302.4,0.48,2025-12-31T23:59:00
2025-12-31,19,SKYONE,P003,D009,806.4,1.28,2025-12-31T23:59:00
2025-12-31,6,MAIN,P027,D001,894.6,1.42,2025-12-31T23:59:00
2025-12-31,16,MAIN,P024,D005,768.6,1.22,2025-12-31T23:59:00
2025-12-31,11,MAIN,P024,D013,1241.1,1.97,2025-12-31T23:59:00
2025-12-31,22,MAIN,P007,D008,1045.8,1.66,2025-12-31T23:59:00
2025-12-31,19,MAIN,P010,D016,2513.7,3.99,2025-12-31T23:59:00
2025-12-31,18,MAIN,P019,D014,932.4,1.48,2025-12-31T23:59:00
2025-12-31,15,MAIN,P007,D006,837.9,1.33,2025-12-31T23:59:00
2025-12-31,14,MAIN,P015,D016,724.5,1.15,2025-12-31T23:59:00
2025-12-31,8,MAIN,P004,D015,1108.8,1.76,2025-12-31T23:59:00
2025-12-31,12,MAIN,P024,D001,1442.7,2.29,2025-12-31T23:59:00
2025-12-31,7,MAIN,P023,D003,1348.2,2.14,2025-12-31T23:59:00
2025-12-31,9,MAIN,P013,D009,1228.5,1.95,2025-12-31T23:59:00
2025-12-31,20,MAIN,P027,D009,4460.4,7.08,2025-12-31T23:59:00
