broadcast_date,channel_id,start_time,end_time,programme_id,episode_id
2025-01-06,MAIN,2025-01-06T06:00:00,2025-01-06T06:25:00,P024,E00243
2025-01-06,MAIN,2025-01-06T06:00:00,2025-01-06T06:30:00,P038,E00328
2025-01-06,MAIN,2025-01-06T07:00:00,2025-01-06T07:55:00,P060,E00535
2025-01-06,MAIN,2025-01-06T08:00:00,2025-01-06T08:25:00,P017,E00168
2025-01-06,MAIN,2025-01-06T09:00:00,2025-01-06T09:45:00,P058,E00525
2025-01-06,MAIN,2025-01-06T10:00:00,2025-01-06T10:45:00,P054,E00493
2025-01-06,MAIN,2025-01-06T12:00:00,2025-01-06T13:00:00,P058,E00523
2025-01-06,MAIN,2025-01-06T13:00:00,2025-01-06T13:30:00,P030,E00303
2025-01-06,MAIN,2025-01-06T14:00:00,2025-01-06T14:30:00,P010,E00107
2025-01-06,MAIN,2025-01-06T15:00:00,2025-01-06T15:30:00,P062,E00558
2025-01-06,MAIN,2025-01-06T16:00:00,2025-01-06T16:30:00,P061,E00549
2025-01-06,MAIN,2025-01-06T17:00:00,2025-01-06T17:55:00,P024,E00229
2025-01-06,MAIN,2025-01-06T19:00:00,2025-01-06T19:55:00,P057,E00519
2025-01-06,MAIN,2025-01-06T20:00:00,2025-01-06T21:00:00,P001,E00003
2025-01-06,MAIN,2025-01-06T21:00:00,2025-01-06T22:00:00,P040,E00344
2025-01-06,MAIN,2025-01-06T22:00:00,2025-01-06T22:55:00,P030,E00305
2025-01-06,MAIN,2025-01-06T23:00:00,2025-01-06T23:55:00,P050,E00443
2025-01-06,EXTRA,2025-01-06T07:00:00,2025-01-06T07:25:00,P007,E00084
2025-01-06,EXTRA,2025-01-06T07:00:00,2025-01-06T07:30:00,P025,E00247
2025-01-06,EXTRA,2025-01-06T08:00:00,2025-01-06T08:25:00,P027,E00266
2025-01-06,EXTRA,2025-01-06T09:00:00,2025-01-06T09:50:00,P029,E00298
2025-01-06,EXTRA,2025-01-06T10:00:00,2025-01-06T10:50:00,P026,E00255
2025-01-06,EXTRA,2025-01-06T12:00:00,2025-01-06T12:50:00,P006,E00062
2025-01-06,EXTRA,2025-01-06T13:00:00,2025-01-06T13:25:00,P007,E00079
2025-01-06,EXTRA,2025-01-06T14:00:00,2025-01-06T14:25:00,P025,E00245
2025-01-06,EXTRA,2025-01-06T15:00:00,2025-01-06T15:25:00,P025,E00248
2025-01-06,EXTRA,2025-01-06T16:00:00,2025-01-06T16:25:00,P030,E00305
2025-01-06,EXTRA,2025-01-06T17:00:00,2025-01-06T17:50:00,P025,E00248
2025-01-06,EXTRA,2025-01-06T18:00:00,2025-01-06T18:25:00,P027,E00258
2025-01-06,EXTRA,2025-01-06T19:00:00,2025-01-06T19:25:00,P026,E00251
2025-01-06,EXTRA,2025-01-06T20:00:00,2025-01-06T21:00:00,P042,E00370
2025-01-06,EXTRA,2025-01-06T21:00:00,2025-01-06T22:00:00,P027,E00257
2025-01-06,EXTRA,2025-01-06T22:00:00,2025-01-06T22:25:00,P029,E00299
2025-01-06,FACTUAL,2025-01-06T08:00:00,2025-01-06T09:00:00,P038,E00330
2025-01-06,FACTUAL,2025-01-06T09:00:00,2025-01-06T10:00:00,P057,E00518
2025-01-06,FACTUAL,2025-01-06T10:00:00,2025-01-06T11:00:00,P058,E00526
2025-01-06,FACTUAL,2025-01-06T12:00:00,2025-01-06T13:00:00,P009,E00097
2025-01-06,FACTUAL,2025-01-06T14:00:00,2025-01-06T15:00:00,P056,E00509
2025-01-06,FACTUAL,2025-01-06T16:00:00,2025-01-06T17:00:00,P057,E00520
2025-01-06,FACTUAL,2025-01-06T18:00:00,2025-01-06T19:00:00,P056,E00512
2025-01-06,FACTUAL,2025-01-06T20:00:00,2025-01-06T21:00:00,P036,E00314
2025-01-06,FACTUAL,2025-01-06T21:00:00,2025-01-06T22:00:00,P039,E00341
2025-01-06,FACTUAL,2025-01-06T22:00:00,2025-01-06T23:00:00,P057,E00517
2025-01-06,MOVIES,2025-01-06T09:00:00,2025-01-06T11:00:00,P033,E00309
2025-01-06,MOVIES,2025-01-06T12:00:00,2025-01-06T14:08:00,P033,E00309
2025-01-06,MOVIES,2025-01-06T15:00:00,2025-01-06T16:56:00,P031,E00307
2025-01-06,MOVIES,2025-01-06T18:00:00,2025-01-06T20:28:00,P033,E00309
2025-01-06,MOVIES,2025-01-06T21:00:00,2025-01-06T23:12:00,P031,E00307
2025-01-06,MOVIES,2025-01-06T23:00:00,2025-01-07T00:35:00,P031,E00307
2025-01-06,CATCHUP,2025-01-06T08:00:00,2025-01-06T09:00:00,P013,E00140
2025-01-06,CATCHUP,2025-01-06T10:00:00,2025-01-06T11:00:00,P061,E00541
2025-01-06,CATCHUP,2025-01-06T12:00:00,2025-01-06T13:00:00,P012,E00124
2025-01-06,CATCHUP,2025-01-06T14:00:00,2025-01-06T15:00:00,P062,E00554
2025-01-06,CATCHUP,2025-01-06T16:00:00,2025-01-06T17:00:00,P012,E00128
2025-01-06,CATCHUP,2025-01-06T18:00:00,2025-01-06T19:00:00,P062,E00553
2025-01-06,CATCHUP,2025-01-06T20:00:00,2025-01-06T21:00:00,P012,E00127
2025-01-06,CATCHUP,2025-01-06T21:00:00,2025-01-06T22:00:00,P062,E00555
2025-01-06,CATCHUP,2025-01-06T22:00:00,2025-01-06T23:00:00,P012,E00122
2025-01-07,MAIN,2025-01-07T06:00:00,2025-01-07T06:25:00,P022,E00205
2025-01-07,MAIN,2025-01-07T06:00:00,2025-01-07T06:30:00,P057,E00520
2025-01-07,MAIN,2025-01-07T07:00:00,2025-01-07T07:55:00,P001,E00003
2025-01-07,MAIN,2025-01-07T08:00:00,2025-01-07T08:25:00,P061,E00543
2025-01-07,MAIN,2025-01-07T09:00:00,2025-01-07T09:45:00,P009,E00103
2025-01-07,MAIN,2025-01-07T10:00:00,2025-01-07T10:45:00,P017,E00163
2025-01-07,MAIN,2025-01-07T12:00:00,2025-01-07T13:00:00,P008,E00093
2025-01-07,MAIN,2025-01-07T13:00:00,2025-01-07T13:30:00,P062,E00552
2025-01-07,MAIN,2025-01-07T14:00:00,2025-01-07T14:30:00,P009,E00095
2025-01-07,MAIN,2025-01-07T15:00:00,2025-01-07T15:30:00,P023,E00216
2025-01-07,MAIN,2025-01-07T16:00:00,2025-01-07T16:30:00,P044,E00401
2025-01-07,MAIN,2025-01-07T17:00:00,2025-01-07T17:55:00,P002,E00007
2025-01-07,MAIN,2025-01-07T19:00:00,2025-01-07T19:55:00,P017,E00161
2025-01-07,MAIN,2025-01-07T20:00:00,2025-01-07T21:00:00,P009,E00101
2025-01-07,MAIN,2025-01-07T21:00:00,2025-01-07T22:00:00,P039,E00335
2025-01-07,MAIN,2025-01-07T22:00:00,2025-01-07T22:55:00,P054,E00489
2025-01-07,MAIN,2025-01-07T23:00:00,2025-01-07T23:55:00,P036,E00315
2025-01-07,EXTRA,2025-01-07T07:00:00,2025-01-07T07:25:00,P043,E00394
2025-01-07,EXTRA,2025-01-07T07:00:00,2025-01-07T07:30:00,P007,E00075
2025-01-07,EXTRA,2025-01-07T08:00:00,2025-01-07T08:25:00,P045,E00412
2025-01-07,EXTRA,2025-01-07T09:00:00,2025-01-07T09:50:00,P029,E00300
2025-01-07,EXTRA,2025-01-07T10:00:00,2025-01-07T10:50:00,P026,E00255
2025-01-07,EXTRA,2025-01-07T12:00:00,2025-01-07T12:50:00,P042,E00370
2025-01-07,EXTRA,2025-01-07T13:00:00,2025-01-07T13:25:00,P025,E00245
2025-01-07,EXTRA,2025-01-07T14:00:00,2025-01-07T14:25:00,P026,E00254
2025-01-07,EXTRA,2025-01-07T15:00:00,2025-01-07T15:25:00,P044,E00402
2025-01-07,EXTRA,2025-01-07T16:00:00,2025-01-07T16:25:00,P025,E00245
2025-01-07,EXTRA,2025-01-07T17:00:00,2025-01-07T17:50:00,P045,E00411
2025-01-07,EXTRA,2025-01-07T18:00:00,2025-01-07T18:25:00,P027,E00257
2025-01-07,EXTRA,2025-01-07T19:00:00,2025-01-07T19:25:00,P043,E00382
2025-01-07,EXTRA,2025-01-07T20:00:00,2025-01-07T21:00:00,P027,E00258
2025-01-07,EXTRA,2025-01-07T21:00:00,2025-01-07T22:00:00,P042,E00372
2025-01-07,EXTRA,2025-01-07T22:00:00,2025-01-07T22:25:00,P025,E00249
2025-01-07,FACTUAL,2025-01-07T08:00:00,2025-01-07T09:00:00,P058,E00525
2025-01-07,FACTUAL,2025-01-07T09:00:00,2025-01-07T10:00:00,P056,E00512
2025-01-07,FACTUAL,2025-01-07T10:00:00,2025-01-07T11:00:00,P057,E00520
2025-01-07,FACTUAL,2025-01-07T12:00:00,2025-01-07T13:00:00,P009,E00101
2025-01-07,FACTUAL,2025-01-07T14:00:00,2025-01-07T15:00:00,P037,E00323
2025-01-07,FACTUAL,2025-01-07T16:00:00,2025-01-07T17:00:00,P037,E00323
2025-01-07,FACTUAL,2025-01-07T18:00:00,2025-01-07T19:00:00,P058,E00524
2025-01-07,FACTUAL,2025-01-07T20:00:00,2025-01-07T21:00:00,P056,E00515
2025-01-07,FACTUAL,2025-01-07T21:00:00,2025-01-07T22:00:00,P039,E00340
2025-01-07,FACTUAL,2025-01-07T22:00:00,2025-01-07T23:00:00,P055,E00505
2025-01-07,MOVIES,2025-01-07T09:00:00,2025-01-07T11:00:00,P034,E00310
2025-01-07,MOVIES,2025-01-07T12:00:00,2025-01-07T14:08:00,P031,E00307
2025-01-07,MOVIES,2025-01-07T15:00:00,2025-01-07T16:56:00,P034,E00310
2025-01-07,MOVIES,2025-01-07T18:00:00,2025-01-07T20:28:00,P033,E00309
2025-01-07,MOVIES,2025-01-07T21:00:00,2025-01-07T23:12:00,P032,E00308
2025-01-07,MOVIES,2025-01-07T23:00:00,2025-01-08T00:35:00,P031,E00307
2025-01-07,CATCHUP,2025-01-07T08:00:00,2025-01-07T09:00:00,P012,E00120
2025-01-07,CATCHUP,2025-01-07T10:00:00,2025-01-07T11:00:00,P061,E00547
2025-01-07,CATCHUP,2025-01-07T12:00:00,2025-01-07T13:00:00,P061,E00546
2025-01-07,CATCHUP,2025-01-07T14:00:00,2025-01-07T15:00:00,P012,E00121
2025-01-07,CATCHUP,2025-01-07T16:00:00,2025-01-07T17:00:00,P003,E00011
2025-01-07,CATCHUP,2025-01-07T18:00:00,2025-01-07T19:00:00,P003,E00027
2025-01-07,CATCHUP,2025-01-07T20:00:00,2025-01-07T21:00:00,P003,E00020
2025-01-07,CATCHUP,2025-01-07T21:00:00,2025-01-07T22:00:00,P013,E00132
2025-01-07,CATCHUP,2025-01-07T22:00:00,2025-01-07T23:00:00,P002,E00008
2025-01-08,MAIN,2025-01-08T06:00:00,2025-01-08T06:25:00,P062,E00558
2025-01-08,MAIN,2025-01-08T06:00:00,2025-01-08T06:30:00,P062,E00552
2025-01-08,MAIN,2025-01-08T07:00:00,2025-01-08T07:55:00,P019,E00190
2025-01-08,MAIN,2025-01-08T08:00:00,2025-01-08T08:25:00,P020,E00194
2025-01-08,MAIN,2025-01-08T09:00:00,2025-01-08T09:45:00,P007,E00078
2025-01-08,MAIN,2025-01-08T10:00:00,2025-01-08T10:45:00,P010,E00111
2025-01-08,MAIN,2025-01-08T12:00:00,2025-01-08T13:00:00,P015,E00149
2025-01-08,MAIN,2025-01-08T13:00:00,2025-01-08T13:30:00,P023,E00226
2025-01-08,MAIN,2025-01-08T14:00:00,2025-01-08T14:30:00,P024,E00230
2025-01-08,MAIN,2025-01-08T15:00:00,2025-01-08T15:30:00,P055,E00502
2025-01-08,MAIN,2025-01-08T16:00:00,2025-01-08T16:30:00,P043,E00385
2025-01-08,MAIN,2025-01-08T17:00:00,2025-01-08T17:55:00,P058,E00526
2025-01-08,MAIN,2025-01-08T19:00:00,2025-01-08T19:55:00,P061,E00549
2025-01-08,MAIN,2025-01-08T20:00:00,2025-01-08T21:00:00,P056,E00508
2025-01-08,MAIN,2025-01-08T21:00:00,2025-01-08T22:00:00,P045,E00410
2025-01-08,MAIN,2025-01-08T22:00:00,2025-01-08T22:55:00,P002,E00007
2025-01-08,MAIN,2025-01-08T23:00:00,2025-01-08T23:55:00,P018,E00176
2025-01-08,EXTRA,2025-01-08T07:00:00,2025-01-08T07:25:00,P043,E00389
2025-01-08,EXTRA,2025-01-08T07:00:00,2025-01-08T07:30:00,P026,E00252
2025-01-08,EXTRA,2025-01-08T08:00:00,2025-01-08T08:25:00,P028,E00288
2025-01-08,EXTRA,2025-01-08T09:00:00,2025-01-08T09:50:00,P025,E00248
2025-01-08,EXTRA,2025-01-08T10:00:00,2025-01-08T10:50:00,P027,E00258
2025-01-08,EXTRA,2025-01-08T12:00:00,2025-01-08T12:50:00,P030,E00303
2025-01-08,EXTRA,2025-01-08T13:00:00,2025-01-08T13:25:00,P027,E00267
2025-01-08,EXTRA,2025-01-08T14:00:00,2025-01-08T14:25:00,P006,E00060
2025-01-08,EXTRA,2025-01-08T15:00:00,2025-01-08T15:25:00,P044,E00402
2025-01-08,EXTRA,2025-01-08T16:00:00,2025-01-08T16:25:00,P045,E00410
2025-01-08,EXTRA,2025-01-08T17:00:00,2025-01-08T17:50:00,P028,E00281
2025-01-08,EXTRA,2025-01-08T18:00:00,2025-01-08T18:25:00,P042,E00374
2025-01-08,EXTRA,2025-01-08T19:00:00,2025-01-08T19:25:00,P043,E00380
2025-01-08,EXTRA,2025-01-08T20:00:00,2025-01-08T21:00:00,P026,E00252
2025-01-08,EXTRA,2025-01-08T21:00:00,2025-01-08T22:00:00,P028,E00289
2025-01-08,EXTRA,2025-01-08T22:00:00,2025-01-08T22:25:00,P026,E00251
2025-01-08,FACTUAL,2025-01-08T08:00:00,2025-01-08T09:00:00,P040,E00350
2025-01-08,FACTUAL,2025-01-08T09:00:00,2025-01-08T10:00:00,P056,E00515
2025-01-08,FACTUAL,2025-01-08T10:00:00,2025-01-08T11:00:00,P009,E00102
2025-01-08,FACTUAL,2025-01-08T12:00:00,2025-01-08T13:00:00,P056,E00512
2025-01-08,FACTUAL,2025-01-08T14:00:00,2025-01-08T15:00:00,P039,E00342
2025-01-08,FACTUAL,2025-01-08T16:00:00,2025-01-08T17:00:00,P037,E00319
2025-01-08,FACTUAL,2025-01-08T18:00:00,2025-01-08T19:00:00,P056,E00509
2025-01-08,FACTUAL,2025-01-08T20:00:00,2025-01-08T21:00:00,P040,E00350
2025-01-08,FACTUAL,2025-01-08T21:00:00,2025-01-08T22:00:00,P058,E00525
2025-01-08,FACTUAL,2025-01-08T22:00:00,2025-01-08T23:00:00,P036,E00313
2025-01-08,MOVIES,2025-01-08T09:00:00,2025-01-08T11:00:00,P034,E00310
2025-01-08,MOVIES,2025-01-08T12:00:00,2025-01-08T14:08:00,P031,E00307
2025-01-08,MOVIES,2025-01-08T15:00:00,2025-01-08T16:56:00,P033,E00309
2025-01-08,MOVIES,2025-01-08T18:00:00,2025-01-08T20:28:00,P032,E00308
2025-01-08,MOVIES,2025-01-08T21:00:00,2025-01-08T23:12:00,P033,E00309
2025-01-08,MOVIES,2025-01-08T23:00:00,2025-01-09T00:35:00,P031,E00307
2025-01-08,CATCHUP,2025-01-08T08:00:00,2025-01-08T09:00:00,P002,E00009
2025-01-08,CATCHUP,2025-01-08T10:00:00,2025-01-08T11:00:00,P062,E00554
2025-01-08,CATCHUP,2025-01-08T12:00:00,2025-01-08T13:00:00,P002,E00007
2025-01-08,CATCHUP,2025-01-08T14:00:00,2025-01-08T15:00:00,P003,E00027
2025-01-08,CATCHUP,2025-01-08T16:00:00,2025-01-08T17:00:00,P012,E00129
2025-01-08,CATCHUP,2025-01-08T18:00:00,2025-01-08T19:00:00,P012,E00124
2025-01-08,CATCHUP,2025-01-08T20:00:00,2025-01-08T21:00:00,P061,E00547
2025-01-08,CATCHUP,2025-01-08T21:00:00,2025-01-08T22:00:00,P012,E00130
2025-01-08,CATCHUP,2025-01-08T22:00:00,2025-01-08T23:00:00,P061,E00547
2025-01-09,MAIN,2025-01-09T06:00:00,2025-01-09T06:25:00,P002,E00009
2025-01-09,MAIN,2025-01-09T06:00:00,2025-01-09T06:30:00,P005,E00051
2025-01-09,MAIN,2025-01-09T07:00:00,2025-01-09T07:55:00,P043,E00391
2025-01-09,MAIN,2025-01-09T08:00:00,2025-01-09T08:25:00,P043,E00390
2025-01-09,MAIN,2025-01-09T09:00:00,2025-01-09T09:45:00,P052,E00470
2025-01-09,MAIN,2025-01-09T10:00:00,2025-01-09T10:45:00,P027,E00260
2025-01-09,MAIN,2025-01-09T12:00:00,2025-01-09T13:00:00,P008,E00091
2025-01-09,MAIN,2025-01-09T13:00:00,2025-01-09T13:30:00,P002,E00008
2025-01-09,MAIN,2025-01-09T14:00:00,2025-01-09T14:30:00,P011,E00118
2025-01-09,MAIN,2025-01-09T15:00:00,2025-01-09T15:30:00,P030,E00305
2025-01-09,MAIN,2025-01-09T16:00:00,2025-01-09T16:30:00,P006,E00063
2025-01-09,MAIN,2025-01-09T17:00:00,2025-01-09T17:55:00,P061,E00542
2025-01-09,MAIN,2025-01-09T19:00:00,2025-01-09T19:55:00,P016,E00159
2025-01-09,MAIN,2025-01-09T20:00:00,2025-01-09T21:00:00,P044,E00402
2025-01-09,MAIN,2025-01-09T21:00:00,2025-01-09T22:00:00,P039,E00335
2025-01-09,MAIN,2025-01-09T22:00:00,2025-01-09T22:55:00,P026,E00253
2025-01-09,MAIN,2025-01-09T23:00:00,2025-01-09T23:55:00,P054,E00493
2025-01-09,EXTRA,2025-01-09T07:00:00,2025-01-09T07:25:00,P029,E00296
2025-01-09,EXTRA,2025-01-09T07:00:00,2025-01-09T07:30:00,P028,E00272
2025-01-09,EXTRA,2025-01-09T08:00:00,2025-01-09T08:25:00,P006,E00067
2025-01-09,EXTRA,2025-01-09T09:00:00,2025-01-09T09:50:00,P027,E00264
2025-01-09,EXTRA,2025-01-09T10:00:00,2025-01-09T10:50:00,P006,E00060
2025-01-09,EXTRA,2025-01-09T12:00:00,2025-01-09T12:50:00,P043,E00389
2025-01-09,EXTRA,2025-01-09T13:00:00,2025-01-09T13:25:00,P030,E00304
2025-01-09,EXTRA,2025-01-09T14:00:00,2025-01-09T14:25:00,P029,E00292
2025-01-09,EXTRA,2025-01-09T15:00:00,2025-01-09T15:25:00,P028,E00278
2025-01-09,EXTRA,2025-01-09T16:00:00,2025-01-09T16:25:00,P029,E00293
2025-01-09,EXTRA,2025-01-09T17:00:00,2025-01-09T17:50:00,P007,E00076
2025-01-09,EXTRA,2025-01-09T18:00:00,2025-01-09T18:25:00,P025,E00245
2025-01-09,EXTRA,2025-01-09T19:00:00,2025-01-09T19:25:00,P028,E00290
2025-01-09,EXTRA,2025-01-09T20:00:00,2025-01-09T21:00:00,P045,E00411
2025-01-09,EXTRA,2025-01-09T21:00:00,2025-01-09T22:00:00,P007,E00086
2025-01-09,EXTRA,2025-01-09T22:00:00,2025-01-09T22:25:00,P025,E00249
2025-01-09,FACTUAL,2025-01-09T08:00:00,2025-01-09T09:00:00,P009,E00100
2025-01-09,FACTUAL,2025-01-09T09:00:00,2025-01-09T10:00:00,P055,E00500
2025-01-09,FACTUAL,2025-01-09T10:00:00,2025-01-09T11:00:00,P057,E00516
2025-01-09,FACTUAL,2025-01-09T12:00:00,2025-01-09T13:00:00,P057,E00519
2025-01-09,FACTUAL,2025-01-09T14:00:00,2025-01-09T15:00:00,P040,E00347
2025-01-09,FACTUAL,2025-01-09T16:00:00,2025-01-09T17:00:00,P009,E00095
2025-01-09,FACTUAL,2025-01-09T18:00:00,2025-01-09T19:00:00,P055,E00506
2025-01-09,FACTUAL,2025-01-09T20:00:00,2025-01-09T21:00:00,P037,E00319
2025-01-09,FACTUAL,2025-01-09T21:00:00,2025-01-09T22:00:00,P057,E00519
2025-01-09,FACTUAL,2025-01-09T22:00:00,2025-01-09T23:00:00,P036,E00312
2025-01-09,MOVIES,2025-01-09T09:00:00,2025-01-09T11:00:00,P033,E00309
2025-01-09,MOVIES,2025-01-09T12:00:00,2025-01-09T14:08:00,P031,E00307
2025-01-09,MOVIES,2025-01-09T15:00:00,2025-01-09T16:56:00,P035,E00311
2025-01-09,MOVIES,2025-01-09T18:00:00,2025-01-09T20:28:00,P034,E00310
2025-01-09,MOVIES,2025-01-09T21:00:00,2025-01-09T23:12:00,P034,E00310
2025-01-09,MOVIES,2025-01-09T23:00:00,2025-01-10T00:35:00,P033,E00309
2025-01-09,CATCHUP,2025-01-09T08:00:00,2025-01-09T09:00:00,P003,E00014
2025-01-09,CATCHUP,2025-01-09T10:00:00,2025-01-09T11:00:00,P061,E00548
2025-01-09,CATCHUP,2025-01-09T12:00:00,2025-01-09T13:00:00,P061,E00546
2025-01-09,CATCHUP,2025-01-09T14:00:00,2025-01-09T15:00:00,P013,E00132
2025-01-09,CATCHUP,2025-01-09T16:00:00,2025-01-09T17:00:00,P003,E00030
2025-01-09,CATCHUP,2025-01-09T18:00:00,2025-01-09T19:00:00,P062,E00552
2025-01-09,CATCHUP,2025-01-09T20:00:00,2025-01-09T21:00:00,P062,E00559
2025-01-09,CATCHUP,2025-01-09T21:00:00,2025-01-09T22:00:00,P002,E00007
2025-01-09,CATCHUP,2025-01-09T22:00:00,2025-01-09T23:00:00,P001,E00003
2025-01-10,MAIN,2025-01-10T06:00:00,2025-01-10T06:25:00,P019,E00187
2025-01-10,MAIN,2025-01-10T06:00:00,2025-01-10T06:30:00,P027,E00268
2025-01-10,MAIN,2025-01-10T07:00:00,2025-01-10T07:55:00,P022,E00208
2025-01-10,MAIN,2025-01-10T08:00:00,2025-01-10T08:25:00,P004,E00044
2025-01-10,MAIN,2025-01-10T09:00:00,2025-01-10T09:45:00,P048,E00429
2025-01-10,MAIN,2025-01-10T10:00:00,2025-01-10T10:45:00,P005,E00051
2025-01-10,MAIN,2025-01-10T12:00:00,2025-01-10T13:00:00,P007,E00084
2025-01-10,MAIN,2025-01-10T13:00:00,2025-01-10T13:30:00,P019,E00185
2025-01-10,MAIN,2025-01-10T14:00:00,2025-01-10T14:30:00,P053,E00486
2025-01-10,MAIN,2025-01-10T15:00:00,2025-01-10T15:30:00,P049,E00438
2025-01-10,MAIN,2025-01-10T16:00:00,2025-01-10T16:30:00,P062,E00554
2025-01-10,MAIN,2025-01-10T17:00:00,2025-01-10T17:55:00,P022,E00204
2025-01-10,MAIN,2025-01-10T19:00:00,2025-01-10T19:55:00,P044,E00406
2025-01-10,MAIN,2025-01-10T20:00:00,2025-01-10T21:00:00,P010,E00109
2025-01-10,MAIN,2025-01-10T21:00:00,2025-01-10T22:00:00,P020,E00195
2025-01-10,MAIN,2025-01-10T22:00:00,2025-01-10T22:55:00,P009,E00096
2025-01-10,MAIN,2025-01-10T23:00:00,2025-01-10T23:55:00,P020,E00195
2025-01-10,EXTRA,2025-01-10T07:00:00,2025-01-10T07:25:00,P025,E00247
2025-01-10,EXTRA,2025-01-10T07:00:00,2025-01-10T07:30:00,P028,E00286
2025-01-10,EXTRA,2025-01-10T08:00:00,2025-01-10T08:25:00,P027,E00266
2025-01-10,EXTRA,2025-01-10T09:00:00,2025-01-10T09:50:00,P025,E00248
2025-01-10,EXTRA,2025-01-10T10:00:00,2025-01-10T10:50:00,P006,E00062
2025-01-10,EXTRA,2025-01-10T12:00:00,2025-01-10T12:50:00,P026,E00253
2025-01-10,EXTRA,2025-01-10T13:00:00,2025-01-10T13:25:00,P042,E00365
2025-01-10,EXTRA,2025-01-10T14:00:00,2025-01-10T14:25:00,P029,E00296
2025-01-10,EXTRA,2025-01-10T15:00:00,2025-01-10T15:25:00,P045,E00409
2025-01-10,EXTRA,2025-01-10T16:00:00,2025-01-10T16:25:00,P029,E00293
2025-01-10,EXTRA,2025-01-10T17:00:00,2025-01-10T17:50:00,P028,E00272
2025-01-10,EXTRA,2025-01-10T18:00:00,2025-01-10T18:25:00,P042,E00376
2025-01-10,EXTRA,2025-01-10T19:00:00,2025-01-10T19:25:00,P027,E00264
2025-01-10,EXTRA,2025-01-10T20:00:00,2025-01-10T21:00:00,P006,E00070
2025-01-10,EXTRA,2025-01-10T21:00:00,2025-01-10T22:00:00,P030,E00303
2025-01-10,EXTRA,2025-01-10T22:00:00,2025-01-10T22:25:00,P025,E00247
2025-01-10,FACTUAL,2025-01-10T08:00:00,2025-01-10T09:00:00,P009,E00097
2025-01-10,FACTUAL,2025-01-10T09:00:00,2025-01-10T10:00:00,P009,E00101
2025-01-10,FACTUAL,2025-01-10T10:00:00,2025-01-10T11:00:00,P038,E00326
2025-01-10,FACTUAL,2025-01-10T12:00:00,2025-01-10T13:00:00,P038,E00333
2025-01-10,FACTUAL,2025-01-10T14:00:00,2025-01-10T15:00:00,P038,E00331
2025-01-10,FACTUAL,2025-01-10T16:00:00,2025-01-10T17:00:00,P036,E00315
2025-01-10,FACTUAL,2025-01-10T18:00:00,2025-01-10T19:00:00,P055,E00501
2025-01-10,FACTUAL,2025-01-10T20:00:00,2025-01-10T21:00:00,P057,E00520
2025-01-10,FACTUAL,2025-01-10T21:00:00,2025-01-10T22:00:00,P040,E00350
2025-01-10,FACTUAL,2025-01-10T22:00:00,2025-01-10T23:00:00,P039,E00342
2025-01-10,MOVIES,2025-01-10T09:00:00,2025-01-10T11:00:00,P032,E00308
2025-01-10,MOVIES,2025-01-10T12:00:00,2025-01-10T14:08:00,P034,E00310
2025-01-10,MOVIES,2025-01-10T15:00:00,2025-01-10T16:56:00,P033,E00309
2025-01-10,MOVIES,2025-01-10T18:00:00,2025-01-10T20:28:00,P034,E00310
2025-01-10,MOVIES,2025-01-10T21:00:00,2025-01-10T23:12:00,P034,E00310
2025-01-10,MOVIES,2025-01-10T23:00:00,2025-01-11T00:35:00,P032,E00308
2025-01-10,CATCHUP,2025-01-10T08:00:00,2025-01-10T09:00:00,P012,E00128
2025-01-10,CATCHUP,2025-01-10T10:00:00,2025-01-10T11:00:00,P062,E00556
2025-01-10,CATCHUP,2025-01-10T12:00:00,2025-01-10T13:00:00,P061,E00551
2025-01-10,CATCHUP,2025-01-10T14:00:00,2025-01-10T15:00:00,P002,E00008
2025-01-10,CATCHUP,2025-01-10T16:00:00,2025-01-10T17:00:00,P003,E00013
2025-01-10,CATCHUP,2025-01-10T18:00:00,2025-01-10T19:00:00,P013,E00139
2025-01-10,CATCHUP,2025-01-10T20:00:00,2025-01-10T21:00:00,P012,E00120
2025-01-10,CATCHUP,2025-01-10T21:00:00,2025-01-10T22:00:00,P001,E00001
2025-01-10,CATCHUP,2025-01-10T22:00:00,2025-01-10T23:00:00,P012,E00121
2025-01-11,MAIN,2025-01-11T06:00:00,2025-01-11T06:25:00,P018,E00179
2025-01-11,MAIN,2025-01-11T06:00:00,2025-01-11T06:30:00,P038,E00326
2025-01-11,MAIN,2025-01-11T07:00:00,2025-01-11T07:55:00,P060,E00539
2025-01-11,MAIN,2025-01-11T08:00:00,2025-01-11T08:25:00,P006,E00071
2025-01-11,MAIN,2025-01-11T09:00:00,2025-01-11T09:45:00,P015,E00155
2025-01-11,MAIN,2025-01-11T10:00:00,2025-01-11T10:45:00,P023,E00209
2025-01-11,MAIN,2025-01-11T12:00:00,2025-01-11T13:00:00,P027,E00256
2025-01-11,MAIN,2025-01-11T13:00:00,2025-01-11T13:30:00,P026,E00255
2025-01-11,MAIN,2025-01-11T14:00:00,2025-01-11T14:30:00,P024,E00234
2025-01-11,MAIN,2025-01-11T15:00:00,2025-01-11T15:30:00,P025,E00245
2025-01-11,MAIN,2025-01-11T16:00:00,2025-01-11T16:30:00,P024,E00234
2025-01-11,MAIN,2025-01-11T17:00:00,2025-01-11T17:55:00,P002,E00008
2025-01-11,MAIN,2025-01-11T19:00:00,2025-01-11T19:55:00,P007,E00082
2025-01-11,MAIN,2025-01-11T20:00:00,2025-01-11T21:00:00,P057,E00517
2025-01-11,MAIN,2025-01-11T21:00:00,2025-01-11T22:00:00,P009,E00095
2025-01-11,MAIN,2025-01-11T22:00:00,2025-01-11T22:55:00,P019,E00188
2025-01-11,MAIN,2025-01-11T23:00:00,2025-01-11T23:55:00,P051,E00458
2025-01-11,EXTRA,2025-01-11T07:00:00,2025-01-11T07:25:00,P028,E00285
2025-01-11,EXTRA,2025-01-11T07:00:00,2025-01-11T07:30:00,P045,E00412
2025-01-11,EXTRA,2025-01-11T08:00:00,2025-01-11T08:25:00,P026,E00251
2025-01-11,EXTRA,2025-01-11T09:00:00,2025-01-11T09:50:00,P026,E00253
2025-01-11,EXTRA,2025-01-11T10:00:00,2025-01-11T10:50:00,P029,E00293
2025-01-11,EXTRA,2025-01-11T12:00:00,2025-01-11T12:50:00,P006,E00068
2025-01-11,EXTRA,2025-01-11T13:00:00,2025-01-11T13:25:00,P007,E00085
2025-01-11,EXTRA,2025-01-11T14:00:00,2025-01-11T14:25:00,P027,E00268
2025-01-11,EXTRA,2025-01-11T15:00:00,2025-01-11T15:25:00,P042,E00366
2025-01-11,EXTRA,2025-01-11T16:00:00,2025-01-11T16:25:00,P042,E00364
2025-01-11,EXTRA,2025-01-11T17:00:00,2025-01-11T17:50:00,P026,E00252
2025-01-11,EXTRA,2025-01-11T18:00:00,2025-01-11T18:25:00,P044,E00406
2025-01-11,EXTRA,2025-01-11T19:00:00,2025-01-11T19:25:00,P007,E00086
2025-01-11,EXTRA,2025-01-11T20:00:00,2025-01-11T21:00:00,P027,E00257
2025-01-11,EXTRA,2025-01-11T21:00:00,2025-01-11T22:00:00,P045,E00412
2025-01-11,EXTRA,2025-01-11T22:00:00,2025-01-11T22:25:00,P006,E00057
2025-01-11,FACTUAL,2025-01-11T08:00:00,2025-01-11T09:00:00,P058,E00524
2025-01-11,FACTUAL,2025-01-11T09:00:00,2025-01-11T10:00:00,P038,E00328
2025-01-11,FACTUAL,2025-01-11T10:00:00,2025-01-11T11:00:00,P056,E00508
2025-01-11,FACTUAL,2025-01-11T12:00:00,2025-01-11T13:00:00,P009,E00100
2025-01-11,FACTUAL,2025-01-11T14:00:00,2025-01-11T15:00:00,P039,E00340
2025-01-11,FACTUAL,2025-01-11T16:00:00,2025-01-11T17:00:00,P038,E00325
2025-01-11,FACTUAL,2025-01-11T18:00:00,2025-01-11T19:00:00,P058,E00525
2025-01-11,FACTUAL,2025-01-11T20:00:00,2025-01-11T21:00:00,P037,E00321
2025-01-11,FACTUAL,2025-01-11T21:00:00,2025-01-11T22:00:00,P058,E00523
2025-01-11,FACTUAL,2025-01-11T22:00:00,2025-01-11T23:00:00,P056,E00515
2025-01-11,MOVIES,2025-01-11T09:00:00,2025-01-11T11:00:00,P031,E00307
2025-01-11,MOVIES,2025-01-11T12:00:00,2025-01-11T14:08:00,P033,E00309
2025-01-11,MOVIES,2025-01-11T15:00:00,2025-01-11T16:56:00,P031,E00307
2025-01-11,MOVIES,2025-01-11T18:00:00,2025-01-11T20:28:00,P031,E00307
2025-01-11,MOVIES,2025-01-11T21:00:00,2025-01-11T23:12:00,P032,E00308
2025-01-11,MOVIES,2025-01-11T23:00:00,2025-01-12T00:35:00,P035,E00311
2025-01-11,CATCHUP,2025-01-11T08:00:00,2025-01-11T09:00:00,P062,E00552
2025-01-11,CATCHUP,2025-01-11T10:00:00,2025-01-11T11:00:00,P001,E00005
2025-01-11,CATCHUP,2025-01-11T12:00:00,2025-01-11T13:00:00,P001,E00002
2025-01-11,CATCHUP,2025-01-11T14:00:00,2025-01-11T15:00:00,P012,E00129
2025-01-11,CATCHUP,2025-01-11T16:00:00,2025-01-11T17:00:00,P002,E00009
2025-01-11,CATCHUP,2025-01-11T18:00:00,2025-01-11T19:00:00,P013,E00133
2025-01-11,CATCHUP,2025-01-11T20:00:00,2025-01-11T21:00:00,P012,E00121
2025-01-11,CATCHUP,2025-01-11T21:00:00,2025-01-11T22:00:00,P061,E00548
2025-01-11,CATCHUP,2025-01-11T22:00:00,2025-01-11T23:00:00,P061,E00545
2025-01-12,MAIN,2025-01-12T06:00:00,2025-01-12T06:25:00,P013,E00131
2025-01-12,MAIN,2025-01-12T06:00:00,2025-01-12T06:30:00,P057,E00517
2025-01-12,MAIN,2025-01-12T07:00:00,2025-01-12T07:55:00,P003,E00020
2025-01-12,MAIN,2025-01-12T08:00:00,2025-01-12T08:25:00,P020,E00195
2025-01-12,MAIN,2025-01-12T09:00:00,2025-01-12T09:45:00,P059,E00531
2025-01-12,MAIN,2025-01-12T10:00:00,2025-01-12T10:45:00,P036,E00314
2025-01-12,MAIN,2025-01-12T12:00:00,2025-01-12T13:00:00,P003,E00030
2025-01-12,MAIN,2025-01-12T13:00:00,2025-01-12T13:30:00,P013,E00135
2025-01-12,MAIN,2025-01-12T14:00:00,2025-01-12T14:30:00,P023,E00210
2025-01-12,MAIN,2025-01-12T15:00:00,2025-01-12T15:30:00,P062,E00557
2025-01-12,MAIN,2025-01-12T16:00:00,2025-01-12T16:30:00,P018,E00173
2025-01-12,MAIN,2025-01-12T17:00:00,2025-01-12T17:55:00,P058,E00525
2025-01-12,MAIN,2025-01-12T19:00:00,2025-01-12T19:55:00,P028,E00282
2025-01-12,MAIN,2025-01-12T20:00:00,2025-01-12T21:00:00,P054,E00495
2025-01-12,MAIN,2025-01-12T21:00:00,2025-01-12T22:00:00,P025,E00247
2025-01-12,MAIN,2025-01-12T22:00:00,2025-01-12T22:55:00,P012,E00126
2025-01-12,MAIN,2025-01-12T23:00:00,2025-01-12T23:55:00,P051,E00452
2025-01-12,EXTRA,2025-01-12T07:00:00,2025-01-12T07:25:00,P043,E00394
2025-01-12,EXTRA,2025-01-12T07:00:00,2025-01-12T07:30:00,P042,E00375
2025-01-12,EXTRA,2025-01-12T08:00:00,2025-01-12T08:25:00,P027,E00267
2025-01-12,EXTRA,2025-01-12T09:00:00,2025-01-12T09:50:00,P044,E00397
2025-01-12,EXTRA,2025-01-12T10:00:00,2025-01-12T10:50:00,P044,E00405
2025-01-12,EXTRA,2025-01-12T12:00:00,2025-01-12T12:50:00,P028,E00287
2025-01-12,EXTRA,2025-01-12T13:00:00,2025-01-12T13:25:00,P042,E00368
2025-01-12,EXTRA,2025-01-12T14:00:00,2025-01-12T14:25:00,P027,E00257
2025-01-12,EXTRA,2025-01-12T15:00:00,2025-01-12T15:25:00,P043,E00387
2025-01-12,EXTRA,2025-01-12T16:00:00,2025-01-12T16:25:00,P042,E00370
2025-01-12,EXTRA,2025-01-12T17:00:00,2025-01-12T17:50:00,P007,E00085
2025-01-12,EXTRA,2025-01-12T18:00:00,2025-01-12T18:25:00,P028,E00284
2025-01-12,EXTRA,2025-01-12T19:00:00,2025-01-12T19:25:00,P043,E00392
2025-01-12,EXTRA,2025-01-12T20:00:00,2025-01-12T21:00:00,P026,E00253
2025-01-12,EXTRA,2025-01-12T21:00:00,2025-01-12T22:00:00,P007,E00085
2025-01-12,EXTRA,2025-01-12T22:00:00,2025-01-12T22:25:00,P042,E00373
2025-01-12,FACTUAL,2025-01-12T08:00:00,2025-01-12T09:00:00,P036,E00312
2025-01-12,FACTUAL,2025-01-12T09:00:00,2025-01-12T10:00:00,P056,E00513
2025-01-12,FACTUAL,2025-01-12T10:00:00,2025-01-12T11:00:00,P058,E00524
2025-01-12,FACTUAL,2025-01-12T12:00:00,2025-01-12T13:00:00,P036,E00313
2025-01-12,FACTUAL,2025-01-12T14:00:00,2025-01-12T15:00:00,P009,E00102
2025-01-12,FACTUAL,2025-01-12T16:00:00,2025-01-12T17:00:00,P036,E00313
2025-01-12,FACTUAL,2025-01-12T18:00:00,2025-01-12T19:00:00,P037,E00318
2025-01-12,FACTUAL,2025-01-12T20:00:00,2025-01-12T21:00:00,P055,E00503
2025-01-12,FACTUAL,2025-01-12T21:00:00,2025-01-12T22:00:00,P056,E00508
2025-01-12,FACTUAL,2025-01-12T22:00:00,2025-01-12T23:00:00,P009,E00097
2025-01-12,MOVIES,2025-01-12T09:00:00,2025-01-12T11:00:00,P034,E00310
2025-01-12,MOVIES,2025-01-12T12:00:00,2025-01-12T14:08:00,P033,E00309
2025-01-12,MOVIES,2025-01-12T15:00:00,2025-01-12T16:56:00,P031,E00307
2025-01-12,MOVIES,2025-01-12T18:00:00,2025-01-12T20:28:00,P035,E00311
2025-01-12,MOVIES,2025-01-12T21:00:00,2025-01-12T23:12:00,P034,E00310
2025-01-12,MOVIES,2025-01-12T23:00:00,2025-01-13T00:35:00,P033,E00309
2025-01-12,CATCHUP,2025-01-12T08:00:00,2025-01-12T09:00:00,P061,E00541
2025-01-12,CATCHUP,2025-01-12T10:00:00,2025-01-12T11:00:00,P013,E00133
2025-01-12,CATCHUP,2025-01-12T12:00:00,2025-01-12T13:00:00,P002,E00009
2025-01-12,CATCHUP,2025-01-12T14:00:00,2025-01-12T15:00:00,P003,E00013
2025-01-12,CATCHUP,2025-01-12T16:00:00,2025-01-12T17:00:00,P001,E00003
2025-01-12,CATCHUP,2025-01-12T18:00:00,2025-01-12T19:00:00,P013,E00138
2025-01-12,CATCHUP,2025-01-12T20:00:00,2025-01-12T21:00:00,P062,E00556
2025-01-12,CATCHUP,2025-01-12T21:00:00,2025-01-12T22:00:00,P013,E00138
2025-01-12,CATCHUP,2025-01-12T22:00:00,2025-01-12T23:00:00,P062,E00553
2025-04-07,MAIN,2025-04-07T06:00:00,2025-04-07T06:25:00,P009,E00096
2025-04-07,MAIN,2025-04-07T06:00:00,2025-04-07T06:30:00,P029,E00293
2025-04-07,MAIN,2025-04-07T07:00:00,2025-04-07T07:55:00,P052,E00467
2025-04-07,MAIN,2025-04-07T08:00:00,2025-04-07T08:25:00,P006,E00069
2025-04-07,MAIN,2025-04-07T09:00:00,2025-04-07T09:45:00,P050,E00443
2025-04-07,MAIN,2025-04-07T10:00:00,2025-04-07T10:45:00,P049,E00436
2025-04-07,MAIN,2025-04-07T12:00:00,2025-04-07T13:00:00,P052,E00461
2025-04-07,MAIN,2025-04-07T13:00:00,2025-04-07T13:30:00,P042,E00371
2025-04-07,MAIN,2025-04-07T14:00:00,2025-04-07T14:30:00,P019,E00185
2025-04-07,MAIN,2025-04-07T15:00:00,2025-04-07T15:30:00,P061,E00543
2025-04-07,MAIN,2025-04-07T16:00:00,2025-04-07T16:30:00,P052,E00471
2025-04-07,MAIN,2025-04-07T17:00:00,2025-04-07T17:55:00,P051,E00455
2025-04-07,MAIN,2025-04-07T19:00:00,2025-04-07T19:55:00,P012,E00124
2025-04-07,MAIN,2025-04-07T20:00:00,2025-04-07T21:00:00,P038,E00327
2025-04-07,MAIN,2025-04-07T21:00:00,2025-04-07T22:00:00,P008,E00089
2025-04-07,MAIN,2025-04-07T22:00:00,2025-04-07T22:55:00,P057,E00517
2025-04-07,MAIN,2025-04-07T23:00:00,2025-04-07T23:55:00,P016,E00159
2025-04-07,EXTRA,2025-04-07T07:00:00,2025-04-07T07:25:00,P026,E00253
2025-04-07,EXTRA,2025-04-07T07:00:00,2025-04-07T07:30:00,P006,E00066
2025-04-07,EXTRA,2025-04-07T08:00:00,2025-04-07T08:25:00,P043,E00392
2025-04-07,EXTRA,2025-04-07T09:00:00,2025-04-07T09:50:00,P006,E00059
2025-04-07,EXTRA,2025-04-07T10:00:00,2025-04-07T10:50:00,P007,E00074
2025-04-07,EXTRA,2025-04-07T12:00:00,2025-04-07T12:50:00,P027,E00260
2025-04-07,EXTRA,2025-04-07T13:00:00,2025-04-07T13:25:00,P044,E00407
2025-04-07,EXTRA,2025-04-07T14:00:00,2025-04-07T14:25:00,P030,E00306
2025-04-07,EXTRA,2025-04-07T15:00:00,2025-04-07T15:25:00,P006,E00063
2025-04-07,EXTRA,2025-04-07T16:00:00,2025-04-07T16:25:00,P044,E00405
2025-04-07,EXTRA,2025-04-07T17:00:00,2025-04-07T17:50:00,P027,E00258
2025-04-07,EXTRA,2025-04-07T18:00:00,2025-04-07T18:25:00,P043,E00380
2025-04-07,EXTRA,2025-04-07T19:00:00,2025-04-07T19:25:00,P045,E00411
2025-04-07,EXTRA,2025-04-07T20:00:00,2025-04-07T21:00:00,P025,E00249
2025-04-07,EXTRA,2025-04-07T21:00:00,2025-04-07T22:00:00,P043,E00382
2025-04-07,EXTRA,2025-04-07T22:00:00,2025-04-07T22:25:00,P006,E00067
2025-04-07,FACTUAL,2025-04-07T08:00:00,2025-04-07T09:00:00,P009,E00097
2025-04-07,FACTUAL,2025-04-07T09:00:00,2025-04-07T10:00:00,P038,E00330
2025-04-07,FACTUAL,2025-04-07T10:00:00,2025-04-07T11:00:00,P058,E00523
2025-04-07,FACTUAL,2025-04-07T12:00:00,2025-04-07T13:00:00,P037,E00321
2025-04-07,FACTUAL,2025-04-07T14:00:00,2025-04-07T15:00:00,P038,E00328
2025-04-07,FACTUAL,2025-04-07T16:00:00,2025-04-07T17:00:00,P038,E00326
2025-04-07,FACTUAL,2025-04-07T18:00:00,2025-04-07T19:00:00,P055,E00501
2025-04-07,FACTUAL,2025-04-07T20:00:00,2025-04-07T21:00:00,P055,E00506
2025-04-07,FACTUAL,2025-04-07T21:00:00,2025-04-07T22:00:00,P040,E00344
2025-04-07,FACTUAL,2025-04-07T22:00:00,2025-04-07T23:00:00,P040,E00346
2025-04-07,MOVIES,2025-04-07T09:00:00,2025-04-07T11:00:00,P035,E00311
2025-04-07,MOVIES,2025-04-07T12:00:00,2025-04-07T14:08:00,P032,E00308
2025-04-07,MOVIES,2025-04-07T15:00:00,2025-04-07T16:56:00,P035,E00311
2025-04-07,MOVIES,2025-04-07T18:00:00,2025-04-07T20:28:00,P035,E00311
2025-04-07,MOVIES,2025-04-07T21:00:00,2025-04-07T23:12:00,P035,E00311
2025-04-07,MOVIES,2025-04-07T23:00:00,2025-04-08T00:35:00,P032,E00308
2025-04-07,CATCHUP,2025-04-07T08:00:00,2025-04-07T09:00:00,P012,E00128
2025-04-07,CATCHUP,2025-04-07T10:00:00,2025-04-07T11:00:00,P061,E00541
2025-04-07,CATCHUP,2025-04-07T12:00:00,2025-04-07T13:00:00,P061,E00541
2025-04-07,CATCHUP,2025-04-07T14:00:00,2025-04-07T15:00:00,P013,E00140
2025-04-07,CATCHUP,2025-04-07T16:00:00,2025-04-07T17:00:00,P001,E00002
2025-04-07,CATCHUP,2025-04-07T18:00:00,2025-04-07T19:00:00,P012,E00128
2025-04-07,CATCHUP,2025-04-07T20:00:00,2025-04-07T21:00:00,P002,E00006
2025-04-07,CATCHUP,2025-04-07T21:00:00,2025-04-07T22:00:00,P002,E00008
2025-04-07,CATCHUP,2025-04-07T22:00:00,2025-04-07T23:00:00,P013,E00135
2025-04-08,MAIN,2025-04-08T06:00:00,2025-04-08T06:25:00,P036,E00313
2025-04-08,MAIN,2025-04-08T06:00:00,2025-04-08T06:30:00,P058,E00526
2025-04-08,MAIN,2025-04-08T07:00:00,2025-04-08T07:55:00,P020,E00195
2025-04-08,MAIN,2025-04-08T08:00:00,2025-04-08T08:25:00,P005,E00046
2025-04-08,MAIN,2025-04-08T09:00:00,2025-04-08T09:45:00,P011,E00117
2025-04-08,MAIN,2025-04-08T10:00:00,2025-04-08T10:45:00,P027,E00263
2025-04-08,MAIN,2025-04-08T12:00:00,2025-04-08T13:00:00,P030,E00304
2025-04-08,MAIN,2025-04-08T13:00:00,2025-04-08T13:30:00,P022,E00208
2025-04-08,MAIN,2025-04-08T14:00:00,2025-04-08T14:30:00,P010,E00109
2025-04-08,MAIN,2025-04-08T15:00:00,2025-04-08T15:30:00,P062,E00557
2025-04-08,MAIN,2025-04-08T16:00:00,2025-04-08T16:30:00,P053,E00486
2025-04-08,MAIN,2025-04-08T17:00:00,2025-04-08T17:55:00,P023,E00221
2025-04-08,MAIN,2025-04-08T19:00:00,2025-04-08T19:55:00,P009,E00100
2025-04-08,MAIN,2025-04-08T20:00:00,2025-04-08T21:00:00,P038,E00332
2025-04-08,MAIN,2025-04-08T21:00:00,2025-04-08T22:00:00,P007,E00082
2025-04-08,MAIN,2025-04-08T22:00:00,2025-04-08T22:55:00,P016,E00159
2025-04-08,MAIN,2025-04-08T23:00:00,2025-04-08T23:55:00,P008,E00090
2025-04-08,EXTRA,2025-04-08T07:00:00,2025-04-08T07:25:00,P045,E00409
2025-04-08,EXTRA,2025-04-08T07:00:00,2025-04-08T07:30:00,P028,E00273
2025-04-08,EXTRA,2025-04-08T08:00:00,2025-04-08T08:25:00,P026,E00253
2025-04-08,EXTRA,2025-04-08T09:00:00,2025-04-08T09:50:00,P044,E00405
2025-04-08,EXTRA,2025-04-08T10:00:00,2025-04-08T10:50:00,P044,E00399
2025-04-08,EXTRA,2025-04-08T12:00:00,2025-04-08T12:50:00,P028,E00280
2025-04-08,EXTRA,2025-04-08T13:00:00,2025-04-08T13:25:00,P007,E00082
2025-04-08,EXTRA,2025-04-08T14:00:00,2025-04-08T14:25:00,P029,E00293
2025-04-08,EXTRA,2025-04-08T15:00:00,2025-04-08T15:25:00,P045,E00412
2025-04-08,EXTRA,2025-04-08T16:00:00,2025-04-08T16:25:00,P045,E00411
2025-04-08,EXTRA,2025-04-08T17:00:00,2025-04-08T17:50:00,P042,E00370
2025-04-08,EXTRA,2025-04-08T18:00:00,2025-04-08T18:25:00,P026,E00251
2025-04-08,EXTRA,2025-04-08T19:00:00,2025-04-08T19:25:00,P044,E00404
2025-04-08,EXTRA,2025-04-08T20:00:00,2025-04-08T21:00:00,P045,E00409
2025-04-08,EXTRA,2025-04-08T21:00:00,2025-04-08T22:00:00,P029,E00300
2025-04-08,EXTRA,2025-04-08T22:00:00,2025-04-08T22:25:00,P043,E00379
2025-04-08,FACTUAL,2025-04-08T08:00:00,2025-04-08T09:00:00,P036,E00314
2025-04-08,FACTUAL,2025-04-08T09:00:00,2025-04-08T10:00:00,P057,E00520
2025-04-08,FACTUAL,2025-04-08T10:00:00,2025-04-08T11:00:00,P057,E00518
2025-04-08,FACTUAL,2025-04-08T12:00:00,2025-04-08T13:00:00,P058,E00523
2025-04-08,FACTUAL,2025-04-08T14:00:00,2025-04-08T15:00:00,P037,E00320
2025-04-08,FACTUAL,2025-04-08T16:00:00,2025-04-08T17:00:00,P038,E00328
2025-04-08,FACTUAL,2025-04-08T18:00:00,2025-04-08T19:00:00,P055,E00504
2025-04-08,FACTUAL,2025-04-08T20:00:00,2025-04-08T21:00:00,P055,E00498
2025-04-08,FACTUAL,2025-04-08T21:00:00,2025-04-08T22:00:00,P056,E00508
2025-04-08,FACTUAL,2025-04-08T22:00:00,2025-04-08T23:00:00,P009,E00103
2025-04-08,MOVIES,2025-04-08T09:00:00,2025-04-08T11:00:00,P032,E00308
2025-04-08,MOVIES,2025-04-08T12:00:00,2025-04-08T14:08:00,P035,E00311
2025-04-08,MOVIES,2025-04-08T15:00:00,2025-04-08T16:56:00,P031,E00307
2025-04-08,MOVIES,2025-04-08T18:00:00,2025-04-08T20:28:00,P035,E00311
2025-04-08,MOVIES,2025-04-08T21:00:00,2025-04-08T23:12:00,P035,E00311
2025-04-08,MOVIES,2025-04-08T23:00:00,2025-04-09T00:35:00,P035,E00311
2025-04-08,CATCHUP,2025-04-08T08:00:00,2025-04-08T09:00:00,P062,E00553
2025-04-08,CATCHUP,2025-04-08T10:00:00,2025-04-08T11:00:00,P002,E00008
2025-04-08,CATCHUP,2025-04-08T12:00:00,2025-04-08T13:00:00,P012,E00124
2025-04-08,CATCHUP,2025-04-08T14:00:00,2025-04-08T15:00:00,P003,E00021
2025-04-08,CATCHUP,2025-04-08T16:00:00,2025-04-08T17:00:00,P012,E00121
2025-04-08,CATCHUP,2025-04-08T18:00:00,2025-04-08T19:00:00,P062,E00560
2025-04-08,CATCHUP,2025-04-08T20:00:00,2025-04-08T21:00:00,P002,E00006
2025-04-08,CATCHUP,2025-04-08T21:00:00,2025-04-08T22:00:00,P061,E00541
2025-04-08,CATCHUP,2025-04-08T22:00:00,2025-04-08T23:00:00,P062,E00557
2025-04-09,MAIN,2025-04-09T06:00:00,2025-04-09T06:25:00,P058,E00526
2025-04-09,MAIN,2025-04-09T06:00:00,2025-04-09T06:30:00,P039,E00341
2025-04-09,MAIN,2025-04-09T07:00:00,2025-04-09T07:55:00,P010,E00113
2025-04-09,MAIN,2025-04-09T08:00:00,2025-04-09T08:25:00,P038,E00326
2025-04-09,MAIN,2025-04-09T09:00:00,2025-04-09T09:45:00,P021,E00201
2025-04-09,MAIN,2025-04-09T10:00:00,2025-04-09T10:45:00,P011,E00117
2025-04-09,MAIN,2025-04-09T12:00:00,2025-04-09T13:00:00,P046,E00418
2025-04-09,MAIN,2025-04-09T13:00:00,2025-04-09T13:30:00,P060,E00537
2025-04-09,MAIN,2025-04-09T14:00:00,2025-04-09T14:30:00,P044,E00401
2025-04-09,MAIN,2025-04-09T15:00:00,2025-04-09T15:30:00,P038,E00332
2025-04-09,MAIN,2025-04-09T16:00:00,2025-04-09T16:30:00,P040,E00350
2025-04-09,MAIN,2025-04-09T17:00:00,2025-04-09T17:55:00,P052,E00469
2025-04-09,MAIN,2025-04-09T19:00:00,2025-04-09T19:55:00,P020,E00195
2025-04-09,MAIN,2025-04-09T20:00:00,2025-04-09T21:00:00,P059,E00527
2025-04-09,MAIN,2025-04-09T21:00:00,2025-04-09T22:00:00,P024,E00237
2025-04-09,MAIN,2025-04-09T22:00:00,2025-04-09T22:55:00,P050,E00441
2025-04-09,MAIN,2025-04-09T23:00:00,2025-04-09T23:55:00,P027,E00265
2025-04-09,EXTRA,2025-04-09T07:00:00,2025-04-09T07:25:00,P042,E00375
2025-04-09,EXTRA,2025-04-09T07:00:00,2025-04-09T07:30:00,P030,E00303
2025-04-09,EXTRA,2025-04-09T08:00:00,2025-04-09T08:25:00,P007,E00087
2025-04-09,EXTRA,2025-04-09T09:00:00,2025-04-09T09:50:00,P042,E00373
2025-04-09,EXTRA,2025-04-09T10:00:00,2025-04-09T10:50:00,P007,E00079
2025-04-09,EXTRA,2025-04-09T12:00:00,2025-04-09T12:50:00,P030,E00303
2025-04-09,EXTRA,2025-04-09T13:00:00,2025-04-09T13:25:00,P007,E00087
2025-04-09,EXTRA,2025-04-09T14:00:00,2025-04-09T14:25:00,P028,E00286
2025-04-09,EXTRA,2025-04-09T15:00:00,2025-04-09T15:25:00,P025,E00250
2025-04-09,EXTRA,2025-04-09T16:00:00,2025-04-09T16:25:00,P007,E00084
2025-04-09,EXTRA,2025-04-09T17:00:00,2025-04-09T17:50:00,P028,E00277
2025-04-09,EXTRA,2025-04-09T18:00:00,2025-04-09T18:25:00,P026,E00255
2025-04-09,EXTRA,2025-04-09T19:00:00,2025-04-09T19:25:00,P030,E00303
2025-04-09,EXTRA,2025-04-09T20:00:00,2025-04-09T21:00:00,P029,E00291
2025-04-09,EXTRA,2025-04-09T21:00:00,2025-04-09T22:00:00,P045,E00410
2025-04-09,EXTRA,2025-04-09T22:00:00,2025-04-09T22:25:00,P044,E00398
2025-04-09,FACTUAL,2025-04-09T08:00:00,2025-04-09T09:00:00,P056,E00511
2025-04-09,FACTUAL,2025-04-09T09:00:00,2025-04-09T10:00:00,P056,E00515
2025-04-09,FACTUAL,2025-04-09T10:00:00,2025-04-09T11:00:00,P036,E00313
2025-04-09,FACTUAL,2025-04-09T12:00:00,2025-04-09T13:00:00,P058,E00524
2025-04-09,FACTUAL,2025-04-09T14:00:00,2025-04-09T15:00:00,P058,E00525
2025-04-09,FACTUAL,2025-04-09T16:00:00,2025-04-09T17:00:00,P057,E00520
2025-04-09,FACTUAL,2025-04-09T18:00:00,2025-04-09T19:00:00,P056,E00513
2025-04-09,FACTUAL,2025-04-09T20:00:00,2025-04-09T21:00:00,P038,E00331
2025-04-09,FACTUAL,2025-04-09T21:00:00,2025-04-09T22:00:00,P058,E00525
2025-04-09,FACTUAL,2025-04-09T22:00:00,2025-04-09T23:00:00,P058,E00525
2025-04-09,MOVIES,2025-04-09T09:00:00,2025-04-09T11:00:00,P033,E00309
2025-04-09,MOVIES,2025-04-09T12:00:00,2025-04-09T14:08:00,P032,E00308
2025-04-09,MOVIES,2025-04-09T15:00:00,2025-04-09T16:56:00,P033,E00309
2025-04-09,MOVIES,2025-04-09T18:00:00,2025-04-09T20:28:00,P032,E00308
2025-04-09,MOVIES,2025-04-09T21:00:00,2025-04-09T23:12:00,P033,E00309
2025-04-09,MOVIES,2025-04-09T23:00:00,2025-04-10T00:35:00,P034,E00310
2025-04-09,CATCHUP,2025-04-09T08:00:00,2025-04-09T09:00:00,P002,E00008
2025-04-09,CATCHUP,2025-04-09T10:00:00,2025-04-09T11:00:00,P003,E00033
2025-04-09,CATCHUP,2025-04-09T12:00:00,2025-04-09T13:00:00,P001,E00003
2025-04-09,CATCHUP,2025-04-09T14:00:00,2025-04-09T15:00:00,P061,E00550
2025-04-09,CATCHUP,2025-04-09T16:00:00,2025-04-09T17:00:00,P013,E00139
2025-04-09,CATCHUP,2025-04-09T18:00:00,2025-04-09T19:00:00,P002,E00009
2025-04-09,CATCHUP,2025-04-09T20:00:00,2025-04-09T21:00:00,P012,E00124
2025-04-09,CATCHUP,2025-04-09T21:00:00,2025-04-09T22:00:00,P012,E00121
2025-04-09,CATCHUP,2025-04-09T22:00:00,2025-04-09T23:00:00,P001,E00001
2025-04-10,MAIN,2025-04-10T06:00:00,2025-04-10T06:25:00,P019,E00182
2025-04-10,MAIN,2025-04-10T06:00:00,2025-04-10T06:30:00,P023,E00223
2025-04-10,MAIN,2025-04-10T07:00:00,2025-04-10T07:55:00,P048,E00429
2025-04-10,MAIN,2025-04-10T08:00:00,2025-04-10T08:25:00,P054,E00495
2025-04-10,MAIN,2025-04-10T09:00:00,2025-04-10T09:45:00,P014,E00142
2025-04-10,MAIN,2025-04-10T10:00:00,2025-04-10T10:45:00,P059,E00531
2025-04-10,MAIN,2025-04-10T12:00:00,2025-04-10T13:00:00,P018,E00180
2025-04-10,MAIN,2025-04-10T13:00:00,2025-04-10T13:30:00,P051,E00449
2025-04-10,MAIN,2025-04-10T14:00:00,2025-04-10T14:30:00,P009,E00096
2025-04-10,MAIN,2025-04-10T15:00:00,2025-04-10T15:30:00,P046,E00418
2025-04-10,MAIN,2025-04-10T16:00:00,2025-04-10T16:30:00,P044,E00399
2025-04-10,MAIN,2025-04-10T17:00:00,2025-04-10T17:55:00,P016,E00156
2025-04-10,MAIN,2025-04-10T19:00:00,2025-04-10T19:55:00,P049,E00438
2025-04-10,MAIN,2025-04-10T20:00:00,2025-04-10T21:00:00,P015,E00151
2025-04-10,MAIN,2025-04-10T21:00:00,2025-04-10T22:00:00,P004,E00035
2025-04-10,MAIN,2025-04-10T22:00:00,2025-04-10T22:55:00,P027,E00261
2025-04-10,MAIN,2025-04-10T23:00:00,2025-04-10T23:55:00,P052,E00467
2025-04-10,EXTRA,2025-04-10T07:00:00,2025-04-10T07:25:00,P027,E00266
2025-04-10,EXTRA,2025-04-10T07:00:00,2025-04-10T07:30:00,P028,E00270
2025-04-10,EXTRA,2025-04-10T08:00:00,2025-04-10T08:25:00,P006,E00071
2025-04-10,EXTRA,2025-04-10T09:00:00,2025-04-10T09:50:00,P028,E00283
2025-04-10,EXTRA,2025-04-10T10:00:00,2025-04-10T10:50:00,P025,E00248
2025-04-10,EXTRA,2025-04-10T12:00:00,2025-04-10T12:50:00,P045,E00409
2025-04-10,EXTRA,2025-04-10T13:00:00,2025-04-10T13:25:00,P042,E00368
2025-04-10,EXTRA,2025-04-10T14:00:00,2025-04-10T14:25:00,P042,E00373
2025-04-10,EXTRA,2025-04-10T15:00:00,2025-04-10T15:25:00,P026,E00251
2025-04-10,EXTRA,2025-04-10T16:00:00,2025-04-10T16:25:00,P025,E00249
2025-04-10,EXTRA,2025-04-10T17:00:00,2025-04-10T17:50:00,P029,E00299
2025-04-10,EXTRA,2025-04-10T18:00:00,2025-04-10T18:25:00,P030,E00303
2025-04-10,EXTRA,2025-04-10T19:00:00,2025-04-10T19:25:00,P028,E00283
2025-04-10,EXTRA,2025-04-10T20:00:00,2025-04-10T21:00:00,P028,E00271
2025-04-10,EXTRA,2025-04-10T21:00:00,2025-04-10T22:00:00,P044,E00403
2025-04-10,EXTRA,2025-04-10T22:00:00,2025-04-10T22:25:00,P028,E00279
2025-04-10,FACTUAL,2025-04-10T08:00:00,2025-04-10T09:00:00,P036,E00312
2025-04-10,FACTUAL,2025-04-10T09:00:00,2025-04-10T10:00:00,P040,E00344
2025-04-10,FACTUAL,2025-04-10T10:00:00,2025-04-10T11:00:00,P055,E00502
2025-04-10,FACTUAL,2025-04-10T12:00:00,2025-04-10T13:00:00,P057,E00521
2025-04-10,FACTUAL,2025-04-10T14:00:00,2025-04-10T15:00:00,P058,E00526
2025-04-10,FACTUAL,2025-04-10T16:00:00,2025-04-10T17:00:00,P038,E00332
2025-04-10,FACTUAL,2025-04-10T18:00:00,2025-04-10T19:00:00,P057,E00518
2025-04-10,FACTUAL,2025-04-10T20:00:00,2025-04-10T21:00:00,P039,E00335
2025-04-10,FACTUAL,2025-04-10T21:00:00,2025-04-10T22:00:00,P055,E00500
2025-04-10,FACTUAL,2025-04-10T22:00:00,2025-04-10T23:00:00,P057,E00521
2025-04-10,MOVIES,2025-04-10T09:00:00,2025-04-10T11:00:00,P033,E00309
2025-04-10,MOVIES,2025-04-10T12:00:00,2025-04-10T14:08:00,P031,E00307
2025-04-10,MOVIES,2025-04-10T15:00:00,2025-04-10T16:56:00,P033,E00309
2025-04-10,MOVIES,2025-04-10T18:00:00,2025-04-10T20:28:00,P032,E00308
2025-04-10,MOVIES,2025-04-10T21:00:00,2025-04-10T23:12:00,P034,E00310
2025-04-10,MOVIES,2025-04-10T23:00:00,2025-04-11T00:35:00,P031,E00307
2025-04-10,CATCHUP,2025-04-10T08:00:00,2025-04-10T09:00:00,P013,E00132
2025-04-10,CATCHUP,2025-04-10T10:00:00,2025-04-10T11:00:00,P062,E00554
2025-04-10,CATCHUP,2025-04-10T12:00:00,2025-04-10T13:00:00,P002,E00008
2025-04-10,CATCHUP,2025-04-10T14:00:00,2025-04-10T15:00:00,P062,E00552
2025-04-10,CATCHUP,2025-04-10T16:00:00,2025-04-10T17:00:00,P001,E00004
2025-04-10,CATCHUP,2025-04-10T18:00:00,2025-04-10T19:00:00,P062,E00559
2025-04-10,CATCHUP,2025-04-10T20:00:00,2025-04-10T21:00:00,P012,E00123
2025-04-10,CATCHUP,2025-04-10T21:00:00,2025-04-10T22:00:00,P001,E00003
2025-04-10,CATCHUP,2025-04-10T22:00:00,2025-04-10T23:00:00,P003,E00033
2025-04-11,MAIN,2025-04-11T06:00:00,2025-04-11T06:25:00,P043,E00378
2025-04-11,MAIN,2025-04-11T06:00:00,2025-04-11T06:30:00,P017,E00171
2025-04-11,MAIN,2025-04-11T07:00:00,2025-04-11T07:55:00,P024,E00234
2025-04-11,MAIN,2025-04-11T08:00:00,2025-04-11T08:25:00,P004,E00044
2025-04-11,MAIN,2025-04-11T09:00:00,2025-04-11T09:45:00,P008,E00091
2025-04-11,MAIN,2025-04-11T10:00:00,2025-04-11T10:45:00,P020,E00193
2025-04-11,MAIN,2025-04-11T12:00:00,2025-04-11T13:00:00,P026,E00255
2025-04-11,MAIN,2025-04-11T13:00:00,2025-04-11T13:30:00,P052,E00472
2025-04-11,MAIN,2025-04-11T14:00:00,2025-04-11T14:30:00,P020,E00192
2025-04-11,MAIN,2025-04-11T15:00:00,2025-04-11T15:30:00,P047,E00423
2025-04-11,MAIN,2025-04-11T16:00:00,2025-04-11T16:30:00,P024,E00234
2025-04-11,MAIN,2025-04-11T17:00:00,2025-04-11T17:55:00,P015,E00150
2025-04-11,MAIN,2025-04-11T19:00:00,2025-04-11T19:55:00,P036,E00313
2025-04-11,MAIN,2025-04-11T20:00:00,2025-04-11T21:00:00,P030,E00305
2025-04-11,MAIN,2025-04-11T21:00:00,2025-04-11T22:00:00,P027,E00267
2025-04-11,MAIN,2025-04-11T22:00:00,2025-04-11T22:55:00,P042,E00377
2025-04-11,MAIN,2025-04-11T23:00:00,2025-04-11T23:55:00,P036,E00316
2025-04-11,EXTRA,2025-04-11T07:00:00,2025-04-11T07:25:00,P025,E00246
2025-04-11,EXTRA,2025-04-11T07:00:00,2025-04-11T07:30:00,P029,E00301
2025-04-11,EXTRA,2025-04-11T08:00:00,2025-04-11T08:25:00,P007,E00074
2025-04-11,EXTRA,2025-04-11T09:00:00,2025-04-11T09:50:00,P006,E00064
2025-04-11,EXTRA,2025-04-11T10:00:00,2025-04-11T10:50:00,P006,E00068
2025-04-11,EXTRA,2025-04-11T12:00:00,2025-04-11T12:50:00,P043,E00380
2025-04-11,EXTRA,2025-04-11T13:00:00,2025-04-11T13:25:00,P007,E00075
2025-04-11,EXTRA,2025-04-11T14:00:00,2025-04-11T14:25:00,P026,E00255
2025-04-11,EXTRA,2025-04-11T15:00:00,2025-04-11T15:25:00,P006,E00060
2025-04-11,EXTRA,2025-04-11T16:00:00,2025-04-11T16:25:00,P007,E00076
2025-04-11,EXTRA,2025-04-11T17:00:00,2025-04-11T17:50:00,P028,E00280
2025-04-11,EXTRA,2025-04-11T18:00:00,2025-04-11T18:25:00,P006,E00064
2025-04-11,EXTRA,2025-04-11T19:00:00,2025-04-11T19:25:00,P027,E00266
2025-04-11,EXTRA,2025-04-11T20:00:00,2025-04-11T21:00:00,P029,E00302
2025-04-11,EXTRA,2025-04-11T21:00:00,2025-04-11T22:00:00,P007,E00087
2025-04-11,EXTRA,2025-04-11T22:00:00,2025-04-11T22:25:00,P027,E00264
2025-04-11,FACTUAL,2025-04-11T08:00:00,2025-04-11T09:00:00,P057,E00522
2025-04-11,FACTUAL,2025-04-11T09:00:00,2025-04-11T10:00:00,P036,E00315
2025-04-11,FACTUAL,2025-04-11T10:00:00,2025-04-11T11:00:00,P038,E00332
2025-04-11,FACTUAL,2025-04-11T12:00:00,2025-04-11T13:00:00,P056,E00515
2025-04-11,FACTUAL,2025-04-11T14:00:00,2025-04-11T15:00:00,P009,E00095
2025-04-11,FACTUAL,2025-04-11T16:00:00,2025-04-11T17:00:00,P058,E00526
2025-04-11,FACTUAL,2025-04-11T18:00:00,2025-04-11T19:00:00,P040,E00343
2025-04-11,FACTUAL,2025-04-11T20:00:00,2025-04-11T21:00:00,P056,E00512
2025-04-11,FACTUAL,2025-04-11T21:00:00,2025-04-11T22:00:00,P036,E00313
2025-04-11,FACTUAL,2025-04-11T22:00:00,2025-04-11T23:00:00,P009,E00096
2025-04-11,MOVIES,2025-04-11T09:00:00,2025-04-11T11:00:00,P031,E00307
2025-04-11,MOVIES,2025-04-11T12:00:00,2025-04-11T14:08:00,P033,E00309
2025-04-11,MOVIES,2025-04-11T15:00:00,2025-04-11T16:56:00,P035,E00311
2025-04-11,MOVIES,2025-04-11T18:00:00,2025-04-11T20:28:00,P031,E00307
2025-04-11,MOVIES,2025-04-11T21:00:00,2025-04-11T23:12:00,P031,E00307
2025-04-11,MOVIES,2025-04-11T23:00:00,2025-04-12T00:35:00,P034,E00310
2025-04-11,CATCHUP,2025-04-11T08:00:00,2025-04-11T09:00:00,P012,E00121
2025-04-11,CATCHUP,2025-04-11T10:00:00,2025-04-11T11:00:00,P012,E00129
2025-04-11,CATCHUP,2025-04-11T12:00:00,2025-04-11T13:00:00,P013,E00137
2025-04-11,CATCHUP,2025-04-11T14:00:00,2025-04-11T15:00:00,P001,E00004
2025-04-11,CATCHUP,2025-04-11T16:00:00,2025-04-11T17:00:00,P002,E00009
2025-04-11,CATCHUP,2025-04-11T18:00:00,2025-04-11T19:00:00,P002,E00006
2025-04-11,CATCHUP,2025-04-11T20:00:00,2025-04-11T21:00:00,P013,E00139
2025-04-11,CATCHUP,2025-04-11T21:00:00,2025-04-11T22:00:00,P062,E00557
2025-04-11,CATCHUP,2025-04-11T22:00:00,2025-04-11T23:00:00,P061,E00543
2025-04-12,MAIN,2025-04-12T06:00:00,2025-04-12T06:25:00,P040,E00349
2025-04-12,MAIN,2025-04-12T06:00:00,2025-04-12T06:30:00,P039,E00336
2025-04-12,MAIN,2025-04-12T07:00:00,2025-04-12T07:55:00,P053,E00476
2025-04-12,MAIN,2025-04-12T08:00:00,2025-04-12T08:25:00,P060,E00533
2025-04-12,MAIN,2025-04-12T09:00:00,2025-04-12T09:45:00,P055,E00498
2025-04-12,MAIN,2025-04-12T10:00:00,2025-04-12T10:45:00,P020,E00195
2025-04-12,MAIN,2025-04-12T12:00:00,2025-04-12T13:00:00,P050,E00444
2025-04-12,MAIN,2025-04-12T13:00:00,2025-04-12T13:30:00,P040,E00349
2025-04-12,MAIN,2025-04-12T14:00:00,2025-04-12T14:30:00,P059,E00528
2025-04-12,MAIN,2025-04-12T15:00:00,2025-04-12T15:30:00,P016,E00159
2025-04-12,MAIN,2025-04-12T16:00:00,2025-04-12T16:30:00,P023,E00213
2025-04-12,MAIN,2025-04-12T17:00:00,2025-04-12T17:55:00,P018,E00175
2025-04-12,MAIN,2025-04-12T19:00:00,2025-04-12T19:55:00,P053,E00485
2025-04-12,MAIN,2025-04-12T20:00:00,2025-04-12T21:00:00,P008,E00088
2025-04-12,MAIN,2025-04-12T21:00:00,2025-04-12T22:00:00,P058,E00526
2025-04-12,MAIN,2025-04-12T22:00:00,2025-04-12T22:55:00,P046,E00413
2025-04-12,MAIN,2025-04-12T23:00:00,2025-04-12T23:55:00,P016,E00157
2025-04-12,EXTRA,2025-04-12T07:00:00,2025-04-12T07:25:00,P027,E00257
2025-04-12,EXTRA,2025-04-12T07:00:00,2025-04-12T07:30:00,P007,E00073
2025-04-12,EXTRA,2025-04-12T08:00:00,2025-04-12T08:25:00,P045,E00412
2025-04-12,EXTRA,2025-04-12T09:00:00,2025-04-12T09:50:00,P025,E00250
2025-04-12,EXTRA,2025-04-12T10:00:00,2025-04-12T10:50:00,P026,E00252
2025-04-12,EXTRA,2025-04-12T12:00:00,2025-04-12T12:50:00,P030,E00303
2025-04-12,EXTRA,2025-04-12T13:00:00,2025-04-12T13:25:00,P044,E00403
2025-04-12,EXTRA,2025-04-12T14:00:00,2025-04-12T14:25:00,P029,E00299
2025-04-12,EXTRA,2025-04-12T15:00:00,2025-04-12T15:25:00,P029,E00291
2025-04-12,EXTRA,2025-04-12T16:00:00,2025-04-12T16:25:00,P028,E00286
2025-04-12,EXTRA,2025-04-12T17:00:00,2025-04-12T17:50:00,P042,E00366
2025-04-12,EXTRA,2025-04-12T18:00:00,2025-04-12T18:25:00,P030,E00305
2025-04-12,EXTRA,2025-04-12T19:00:00,2025-04-12T19:25:00,P007,E00082
2025-04-12,EXTRA,2025-04-12T20:00:00,2025-04-12T21:00:00,P029,E00295
2025-04-12,EXTRA,2025-04-12T21:00:00,2025-04-12T22:00:00,P028,E00286
2025-04-12,EXTRA,2025-04-12T22:00:00,2025-04-12T22:25:00,P029,E00297
2025-04-12,FACTUAL,2025-04-12T08:00:00,2025-04-12T09:00:00,P040,E00347
2025-04-12,FACTUAL,2025-04-12T09:00:00,2025-04-12T10:00:00,P036,E00316
2025-04-12,FACTUAL,2025-04-12T10:00:00,2025-04-12T11:00:00,P009,E00097
2025-04-12,FACTUAL,2025-04-12T12:00:00,2025-04-12T13:00:00,P056,E00515
2025-04-12,FACTUAL,2025-04-12T14:00:00,2025-04-12T15:00:00,P036,E00314
2025-04-12,FACTUAL,2025-04-12T16:00:00,2025-04-12T17:00:00,P056,E00513
2025-04-12,FACTUAL,2025-04-12T18:00:00,2025-04-12T19:00:00,P056,E00514
2025-04-12,FACTUAL,2025-04-12T20:00:00,2025-04-12T21:00:00,P038,E00328
2025-04-12,FACTUAL,2025-04-12T21:00:00,2025-04-12T22:00:00,P056,E00510
2025-04-12,FACTUAL,2025-04-12T22:00:00,2025-04-12T23:00:00,P058,E00526
2025-04-12,MOVIES,2025-04-12T09:00:00,2025-04-12T11:00:00,P032,E00308
2025-04-12,MOVIES,2025-04-12T12:00:00,2025-04-12T14:08:00,P033,E00309
2025-04-12,MOVIES,2025-04-12T15:00:00,2025-04-12T16:56:00,P034,E00310
2025-04-12,MOVIES,2025-04-12T18:00:00,2025-04-12T20:28:00,P035,E00311
2025-04-12,MOVIES,2025-04-12T21:00:00,2025-04-12T23:12:00,P034,E00310
2025-04-12,MOVIES,2025-04-12T23:00:00,2025-04-13T00:35:00,P034,E00310
2025-04-12,CATCHUP,2025-04-12T08:00:00,2025-04-12T09:00:00,P001,E00002
2025-04-12,CATCHUP,2025-04-12T10:00:00,2025-04-12T11:00:00,P001,E00001
2025-04-12,CATCHUP,2025-04-12T12:00:00,2025-04-12T13:00:00,P002,E00008
2025-04-12,CATCHUP,2025-04-12T14:00:00,2025-04-12T15:00:00,P061,E00549
2025-04-12,CATCHUP,2025-04-12T16:00:00,2025-04-12T17:00:00,P013,E00134
2025-04-12,CATCHUP,2025-04-12T18:00:00,2025-04-12T19:00:00,P061,E00545
2025-04-12,CATCHUP,2025-04-12T20:00:00,2025-04-12T21:00:00,P002,E00006
2025-04-12,CATCHUP,2025-04-12T21:00:00,2025-04-12T22:00:00,P012,E00120
2025-04-12,CATCHUP,2025-04-12T22:00:00,2025-04-12T23:00:00,P062,E00560
2025-04-13,MAIN,2025-04-13T06:00:00,2025-04-13T06:25:00,P014,E00144
2025-04-13,MAIN,2025-04-13T06:00:00,2025-04-13T06:30:00,P014,E00147
2025-04-13,MAIN,2025-04-13T07:00:00,2025-04-13T07:55:00,P022,E00206
2025-04-13,MAIN,2025-04-13T08:00:00,2025-04-13T08:25:00,P001,E00002
2025-04-13,MAIN,2025-04-13T09:00:00,2025-04-13T09:45:00,P013,E00132
2025-04-13,MAIN,2025-04-13T10:00:00,2025-04-13T10:45:00,P054,E00495
2025-04-13,MAIN,2025-04-13T12:00:00,2025-04-13T13:00:00,P016,E00160
2025-04-13,MAIN,2025-04-13T13:00:00,2025-04-13T13:30:00,P052,E00463
2025-04-13,MAIN,2025-04-13T14:00:00,2025-04-13T14:30:00,P026,E00252
2025-04-13,MAIN,2025-04-13T15:00:00,2025-04-13T15:30:00,P042,E00368
2025-04-13,MAIN,2025-04-13T16:00:00,2025-04-13T16:30:00,P056,E00512
2025-04-13,MAIN,2025-04-13T17:00:00,2025-04-13T17:55:00,P025,E00248
2025-04-13,MAIN,2025-04-13T19:00:00,2025-04-13T19:55:00,P040,E00348
2025-04-13,MAIN,2025-04-13T20:00:00,2025-04-13T21:00:00,P020,E00194
2025-04-13,MAIN,2025-04-13T21:00:00,2025-04-13T22:00:00,P024,E00243
2025-04-13,MAIN,2025-04-13T22:00:00,2025-04-13T22:55:00,P037,E00320
2025-04-13,MAIN,2025-04-13T23:00:00,2025-04-13T23:55:00,P007,E00087
2025-04-13,EXTRA,2025-04-13T07:00:00,2025-04-13T07:25:00,P043,E00384
2025-04-13,EXTRA,2025-04-13T07:00:00,2025-04-13T07:30:00,P043,E00388
2025-04-13,EXTRA,2025-04-13T08:00:00,2025-04-13T08:25:00,P044,E00396
2025-04-13,EXTRA,2025-04-13T09:00:00,2025-04-13T09:50:00,P007,E00079
2025-04-13,EXTRA,2025-04-13T10:00:00,2025-04-13T10:50:00,P030,E00304
2025-04-13,EXTRA,2025-04-13T12:00:00,2025-04-13T12:50:00,P026,E00253
2025-04-13,EXTRA,2025-04-13T13:00:00,2025-04-13T13:25:00,P006,E00071
2025-04-13,EXTRA,2025-04-13T14:00:00,2025-04-13T14:25:00,P007,E00085
2025-04-13,EXTRA,2025-04-13T15:00:00,2025-04-13T15:25:00,P042,E00365
2025-04-13,EXTRA,2025-04-13T16:00:00,2025-04-13T16:25:00,P029,E00296
2025-04-13,EXTRA,2025-04-13T17:00:00,2025-04-13T17:50:00,P029,E00297
2025-04-13,EXTRA,2025-04-13T18:00:00,2025-04-13T18:25:00,P007,E00079
2025-04-13,EXTRA,2025-04-13T19:00:00,2025-04-13T19:25:00,P045,E00412
2025-04-13,EXTRA,2025-04-13T20:00:00,2025-04-13T21:00:00,P025,E00250
2025-04-13,EXTRA,2025-04-13T21:00:00,2025-04-13T22:00:00,P043,E00386
2025-04-13,EXTRA,2025-04-13T22:00:00,2025-04-13T22:25:00,P045,E00411
2025-04-13,FACTUAL,2025-04-13T08:00:00,2025-04-13T09:00:00,P057,E00517
2025-04-13,FACTUAL,2025-04-13T09:00:00,2025-04-13T10:00:00,P055,E00500
2025-04-13,FACTUAL,2025-04-13T10:00:00,2025-04-13T11:00:00,P038,E00332
2025-04-13,FACTUAL,2025-04-13T12:00:00,2025-04-13T13:00:00,P057,E00517
2025-04-13,FACTUAL,2025-04-13T14:00:00,2025-04-13T15:00:00,P058,E00523
2025-04-13,FACTUAL,2025-04-13T16:00:00,2025-04-13T17:00:00,P058,E00523
2025-04-13,FACTUAL,2025-04-13T18:00:00,2025-04-13T19:00:00,P037,E00323
2025-04-13,FACTUAL,2025-04-13T20:00:00,2025-04-13T21:00:00,P036,E00312
2025-04-13,FACTUAL,2025-04-13T21:00:00,2025-04-13T22:00:00,P056,E00510
2025-04-13,FACTUAL,2025-04-13T22:00:00,2025-04-13T23:00:00,P039,E00335
2025-04-13,MOVIES,2025-04-13T09:00:00,2025-04-13T11:00:00,P032,E00308
2025-04-13,MOVIES,2025-04-13T12:00:00,2025-04-13T14:08:00,P032,E00308
2025-04-13,MOVIES,2025-04-13T15:00:00,2025-04-13T16:56:00,P033,E00309
2025-04-13,MOVIES,2025-04-13T18:00:00,2025-04-13T20:28:00,P035,E00311
2025-04-13,MOVIES,2025-04-13T21:00:00,2025-04-13T23:12:00,P034,E00310
2025-04-13,MOVIES,2025-04-13T23:00:00,2025-04-14T00:35:00,P031,E00307
2025-04-13,CATCHUP,2025-04-13T08:00:00,2025-04-13T09:00:00,P061,E00541
2025-04-13,CATCHUP,2025-04-13T10:00:00,2025-04-13T11:00:00,P003,E00033
2025-04-13,CATCHUP,2025-04-13T12:00:00,2025-04-13T13:00:00,P001,E00005
2025-04-13,CATCHUP,2025-04-13T14:00:00,2025-04-13T15:00:00,P001,E00001
2025-04-13,CATCHUP,2025-04-13T16:00:00,2025-04-13T17:00:00,P003,E00032
2025-04-13,CATCHUP,2025-04-13T18:00:00,2025-04-13T19:00:00,P013,E00137
2025-04-13,CATCHUP,2025-04-13T20:00:00,2025-04-13T21:00:00,P012,E00121
2025-04-13,CATCHUP,2025-04-13T21:00:00,2025-04-13T22:00:00,P061,E00542
2025-04-13,CATCHUP,2025-04-13T22:00:00,2025-04-13T23:00:00,P003,E00014
2025-07-07,MAIN,2025-07-07T06:00:00,2025-07-07T06:25:00,P016,E00157
2025-07-07,MAIN,2025-07-07T06:00:00,2025-07-07T06:30:00,P046,E00417
2025-07-07,MAIN,2025-07-07T07:00:00,2025-07-07T07:55:00,P017,E00166
2025-07-07,MAIN,2025-07-07T08:00:00,2025-07-07T08:25:00,P018,E00178
2025-07-07,MAIN,2025-07-07T09:00:00,2025-07-07T09:45:00,P006,E00062
2025-07-07,MAIN,2025-07-07T10:00:00,2025-07-07T10:45:00,P026,E00254
2025-07-07,MAIN,2025-07-07T12:00:00,2025-07-07T13:00:00,P043,E00385
2025-07-07,MAIN,2025-07-07T13:00:00,2025-07-07T13:30:00,P051,E00448
2025-07-07,MAIN,2025-07-07T14:00:00,2025-07-07T14:30:00,P020,E00192
2025-07-07,MAIN,2025-07-07T15:00:00,2025-07-07T15:30:00,P048,E00433
2025-07-07,MAIN,2025-07-07T16:00:00,2025-07-07T16:30:00,P048,E00433
2025-07-07,MAIN,2025-07-07T17:00:00,2025-07-07T17:55:00,P003,E00012
2025-07-07,MAIN,2025-07-07T19:00:00,2025-07-07T19:55:00,P026,E00254
2025-07-07,MAIN,2025-07-07T20:00:00,2025-07-07T21:00:00,P025,E00249
2025-07-07,MAIN,2025-07-07T21:00:00,2025-07-07T22:00:00,P036,E00312
2025-07-07,MAIN,2025-07-07T22:00:00,2025-07-07T22:55:00,P047,E00419
2025-07-07,MAIN,2025-07-07T23:00:00,2025-07-07T23:55:00,P051,E00447
2025-07-07,EXTRA,2025-07-07T07:00:00,2025-07-07T07:25:00,P027,E00263
2025-07-07,EXTRA,2025-07-07T07:00:00,2025-07-07T07:30:00,P044,E00406
2025-07-07,EXTRA,2025-07-07T08:00:00,2025-07-07T08:25:00,P043,E00381
2025-07-07,EXTRA,2025-07-07T09:00:00,2025-07-07T09:50:00,P006,E00071
2025-07-07,EXTRA,2025-07-07T10:00:00,2025-07-07T10:50:00,P026,E00252
2025-07-07,EXTRA,2025-07-07T12:00:00,2025-07-07T12:50:00,P029,E00302
2025-07-07,EXTRA,2025-07-07T13:00:00,2025-07-07T13:25:00,P007,E00087
2025-07-07,EXTRA,2025-07-07T14:00:00,2025-07-07T14:25:00,P042,E00363
2025-07-07,EXTRA,2025-07-07T15:00:00,2025-07-07T15:25:00,P027,E00266
2025-07-07,EXTRA,2025-07-07T16:00:00,2025-07-07T16:25:00,P042,E00377
2025-07-07,EXTRA,2025-07-07T17:00:00,2025-07-07T17:50:00,P006,E00066
2025-07-07,EXTRA,2025-07-07T18:00:00,2025-07-07T18:25:00,P025,E00245
2025-07-07,EXTRA,2025-07-07T19:00:00,2025-07-07T19:25:00,P028,E00280
2025-07-07,EXTRA,2025-07-07T20:00:00,2025-07-07T21:00:00,P026,E00252
2025-07-07,EXTRA,2025-07-07T21:00:00,2025-07-07T22:00:00,P007,E00076
2025-07-07,EXTRA,2025-07-07T22:00:00,2025-07-07T22:25:00,P030,E00306
2025-07-07,FACTUAL,2025-07-07T08:00:00,2025-07-07T09:00:00,P037,E00319
2025-07-07,FACTUAL,2025-07-07T09:00:00,2025-07-07T10:00:00,P038,E00333
2025-07-07,FACTUAL,2025-07-07T10:00:00,2025-07-07T11:00:00,P039,E00340
2025-07-07,FACTUAL,2025-07-07T12:00:00,2025-07-07T13:00:00,P058,E00525
2025-07-07,FACTUAL,2025-07-07T14:00:00,2025-07-07T15:00:00,P056,E00510
2025-07-07,FACTUAL,2025-07-07T16:00:00,2025-07-07T17:00:00,P037,E00321
2025-07-07,FACTUAL,2025-07-07T18:00:00,2025-07-07T19:00:00,P055,E00498
2025-07-07,FACTUAL,2025-07-07T20:00:00,2025-07-07T21:00:00,P037,E00320
2025-07-07,FACTUAL,2025-07-07T21:00:00,2025-07-07T22:00:00,P039,E00335
2025-07-07,FACTUAL,2025-07-07T22:00:00,2025-07-07T23:00:00,P055,E00507
2025-07-07,MOVIES,2025-07-07T09:00:00,2025-07-07T11:00:00,P035,E00311
2025-07-07,MOVIES,2025-07-07T12:00:00,2025-07-07T14:08:00,P033,E00309
2025-07-07,MOVIES,2025-07-07T15:00:00,2025-07-07T16:56:00,P033,E00309
2025-07-07,MOVIES,2025-07-07T18:00:00,2025-07-07T20:28:00,P034,E00310
2025-07-07,MOVIES,2025-07-07T21:00:00,2025-07-07T23:12:00,P033,E00309
2025-07-07,MOVIES,2025-07-07T23:00:00,2025-07-08T00:35:00,P034,E00310
2025-07-07,CATCHUP,2025-07-07T08:00:00,2025-07-07T09:00:00,P013,E00140
2025-07-07,CATCHUP,2025-07-07T10:00:00,2025-07-07T11:00:00,P013,E00137
2025-07-07,CATCHUP,2025-07-07T12:00:00,2025-07-07T13:00:00,P061,E00550
2025-07-07,CATCHUP,2025-07-07T14:00:00,2025-07-07T15:00:00,P001,E00002
2025-07-07,CATCHUP,2025-07-07T16:00:00,2025-07-07T17:00:00,P013,E00132
2025-07-07,CATCHUP,2025-07-07T18:00:00,2025-07-07T19:00:00,P061,E00545
2025-07-07,CATCHUP,2025-07-07T20:00:00,2025-07-07T21:00:00,P062,E00558
2025-07-07,CATCHUP,2025-07-07T21:00:00,2025-07-07T22:00:00,P013,E00133
2025-07-07,CATCHUP,2025-07-07T22:00:00,2025-07-07T23:00:00,P013,E00137
2025-07-08,MAIN,2025-07-08T06:00:00,2025-07-08T06:25:00,P021,E00201
2025-07-08,MAIN,2025-07-08T06:00:00,2025-07-08T06:30:00,P007,E00074
2025-07-08,MAIN,2025-07-08T07:00:00,2025-07-08T07:55:00,P001,E00003
2025-07-08,MAIN,2025-07-08T08:00:00,2025-07-08T08:25:00,P029,E00296
2025-07-08,MAIN,2025-07-08T09:00:00,2025-07-08T09:45:00,P055,E00502
2025-07-08,MAIN,2025-07-08T10:00:00,2025-07-08T10:45:00,P007,E00076
2025-07-08,MAIN,2025-07-08T12:00:00,2025-07-08T13:00:00,P006,E00059
2025-07-08,MAIN,2025-07-08T13:00:00,2025-07-08T13:30:00,P028,E00284
2025-07-08,MAIN,2025-07-08T14:00:00,2025-07-08T14:30:00,P042,E00371
2025-07-08,MAIN,2025-07-08T15:00:00,2025-07-08T15:30:00,P038,E00330
2025-07-08,MAIN,2025-07-08T16:00:00,2025-07-08T16:30:00,P007,E00072
2025-07-08,MAIN,2025-07-08T17:00:00,2025-07-08T17:55:00,P006,E00062
2025-07-08,MAIN,2025-07-08T19:00:00,2025-07-08T19:55:00,P042,E00364
2025-07-08,MAIN,2025-07-08T20:00:00,2025-07-08T21:00:00,P045,E00412
2025-07-08,MAIN,2025-07-08T21:00:00,2025-07-08T22:00:00,P057,E00518
2025-07-08,MAIN,2025-07-08T22:00:00,2025-07-08T22:55:00,P062,E00558
2025-07-08,MAIN,2025-07-08T23:00:00,2025-07-08T23:55:00,P001,E00003
2025-07-08,EXTRA,2025-07-08T07:00:00,2025-07-08T07:25:00,P044,E00402
2025-07-08,EXTRA,2025-07-08T07:00:00,2025-07-08T07:30:00,P027,E00267
2025-07-08,EXTRA,2025-07-08T08:00:00,2025-07-08T08:25:00,P006,E00071
2025-07-08,EXTRA,2025-07-08T09:00:00,2025-07-08T09:50:00,P029,E00300
2025-07-08,EXTRA,2025-07-08T10:00:00,2025-07-08T10:50:00,P006,E00059
2025-07-08,EXTRA,2025-07-08T12:00:00,2025-07-08T12:50:00,P025,E00248
2025-07-08,EXTRA,2025-07-08T13:00:00,2025-07-08T13:25:00,P028,E00274
2025-07-08,EXTRA,2025-07-08T14:00:00,2025-07-08T14:25:00,P042,E00367
2025-07-08,EXTRA,2025-07-08T15:00:00,2025-07-08T15:25:00,P042,E00370
2025-07-08,EXTRA,2025-07-08T16:00:00,2025-07-08T16:25:00,P028,E00272
2025-07-08,EXTRA,2025-07-08T17:00:00,2025-07-08T17:50:00,P028,E00283
2025-07-08,EXTRA,2025-07-08T18:00:00,2025-07-08T18:25:00,P042,E00369
2025-07-08,EXTRA,2025-07-08T19:00:00,2025-07-08T19:25:00,P042,E00370
2025-07-08,EXTRA,2025-07-08T20:00:00,2025-07-08T21:00:00,P027,E00261
2025-07-08,EXTRA,2025-07-08T21:00:00,2025-07-08T22:00:00,P042,E00366
2025-07-08,EXTRA,2025-07-08T22:00:00,2025-07-08T22:25:00,P030,E00306
2025-07-08,FACTUAL,2025-07-08T08:00:00,2025-07-08T09:00:00,P009,E00098
2025-07-08,FACTUAL,2025-07-08T09:00:00,2025-07-08T10:00:00,P057,E00516
2025-07-08,FACTUAL,2025-07-08T10:00:00,2025-07-08T11:00:00,P038,E00328
2025-07-08,FACTUAL,2025-07-08T12:00:00,2025-07-08T13:00:00,P036,E00315
2025-07-08,FACTUAL,2025-07-08T14:00:00,2025-07-08T15:00:00,P055,E00507
2025-07-08,FACTUAL,2025-07-08T16:00:00,2025-07-08T17:00:00,P056,E00513
2025-07-08,FACTUAL,2025-07-08T18:00:00,2025-07-08T19:00:00,P057,E00518
2025-07-08,FACTUAL,2025-07-08T20:00:00,2025-07-08T21:00:00,P056,E00510
2025-07-08,FACTUAL,2025-07-08T21:00:00,2025-07-08T22:00:00,P040,E00348
2025-07-08,FACTUAL,2025-07-08T22:00:00,2025-07-08T23:00:00,P009,E00098
2025-07-08,MOVIES,2025-07-08T09:00:00,2025-07-08T11:00:00,P034,E00310
2025-07-08,MOVIES,2025-07-08T12:00:00,2025-07-08T14:08:00,P032,E00308
2025-07-08,MOVIES,2025-07-08T15:00:00,2025-07-08T16:56:00,P033,E00309
2025-07-08,MOVIES,2025-07-08T18:00:00,2025-07-08T20:28:00,P034,E00310
2025-07-08,MOVIES,2025-07-08T21:00:00,2025-07-08T23:12:00,P033,E00309
2025-07-08,MOVIES,2025-07-08T23:00:00,2025-07-09T00:35:00,P033,E00309
2025-07-08,CATCHUP,2025-07-08T08:00:00,2025-07-08T09:00:00,P001,E00001
2025-07-08,CATCHUP,2025-07-08T10:00:00,2025-07-08T11:00:00,P003,E00016
2025-07-08,CATCHUP,2025-07-08T12:00:00,2025-07-08T13:00:00,P003,E00027
2025-07-08,CATCHUP,2025-07-08T14:00:00,2025-07-08T15:00:00,P062,E00560
2025-07-08,CATCHUP,2025-07-08T16:00:00,2025-07-08T17:00:00,P061,E00548
2025-07-08,CATCHUP,2025-07-08T18:00:00,2025-07-08T19:00:00,P013,E00134
2025-07-08,CATCHUP,2025-07-08T20:00:00,2025-07-08T21:00:00,P002,E00008
2025-07-08,CATCHUP,2025-07-08T21:00:00,2025-07-08T22:00:00,P012,E00130
2025-07-08,CATCHUP,2025-07-08T22:00:00,2025-07-08T23:00:00,P061,E00547
2025-07-09,MAIN,2025-07-09T06:00:00,2025-07-09T06:25:00,P050,E00444
2025-07-09,MAIN,2025-07-09T06:00:00,2025-07-09T06:30:00,P009,E00099
2025-07-09,MAIN,2025-07-09T07:00:00,2025-07-09T07:55:00,P016,E00158
2025-07-09,MAIN,2025-07-09T08:00:00,2025-07-09T08:25:00,P049,E00435
2025-07-09,MAIN,2025-07-09T09:00:00,2025-07-09T09:45:00,P052,E00466
2025-07-09,MAIN,2025-07-09T10:00:00,2025-07-09T10:45:00,P057,E00519
2025-07-09,MAIN,2025-07-09T12:00:00,2025-07-09T13:00:00,P005,E00053
2025-07-09,MAIN,2025-07-09T13:00:00,2025-07-09T13:30:00,P045,E00411
2025-07-09,MAIN,2025-07-09T14:00:00,2025-07-09T14:30:00,P044,E00402
2025-07-09,MAIN,2025-07-09T15:00:00,2025-07-09T15:30:00,P040,E00349
2025-07-09,MAIN,2025-07-09T16:00:00,2025-07-09T16:30:00,P040,E00343
2025-07-09,MAIN,2025-07-09T17:00:00,2025-07-09T17:55:00,P057,E00518
2025-07-09,MAIN,2025-07-09T19:00:00,2025-07-09T19:55:00,P051,E00459
2025-07-09,MAIN,2025-07-09T20:00:00,2025-07-09T21:00:00,P058,E00523
2025-07-09,MAIN,2025-07-09T21:00:00,2025-07-09T22:00:00,P007,E00079
2025-07-09,MAIN,2025-07-09T22:00:00,2025-07-09T22:55:00,P049,E00439
2025-07-09,MAIN,2025-07-09T23:00:00,2025-07-09T23:55:00,P023,E00214
2025-07-09,EXTRA,2025-07-09T07:00:00,2025-07-09T07:25:00,P025,E00249
2025-07-09,EXTRA,2025-07-09T07:00:00,2025-07-09T07:30:00,P026,E00255
2025-07-09,EXTRA,2025-07-09T08:00:00,2025-07-09T08:25:00,P025,E00250
2025-07-09,EXTRA,2025-07-09T09:00:00,2025-07-09T09:50:00,P025,E00248
2025-07-09,EXTRA,2025-07-09T10:00:00,2025-07-09T10:50:00,P043,E00391
2025-07-09,EXTRA,2025-07-09T12:00:00,2025-07-09T12:50:00,P027,E00256
2025-07-09,EXTRA,2025-07-09T13:00:00,2025-07-09T13:25:00,P027,E00260
2025-07-09,EXTRA,2025-07-09T14:00:00,2025-07-09T14:25:00,P029,E00299
2025-07-09,EXTRA,2025-07-09T15:00:00,2025-07-09T15:25:00,P030,E00304
2025-07-09,EXTRA,2025-07-09T16:00:00,2025-07-09T16:25:00,P045,E00410
2025-07-09,EXTRA,2025-07-09T17:00:00,2025-07-09T17:50:00,P044,E00403
2025-07-09,EXTRA,2025-07-09T18:00:00,2025-07-09T18:25:00,P025,E00249
2025-07-09,EXTRA,2025-07-09T19:00:00,2025-07-09T19:25:00,P030,E00304
2025-07-09,EXTRA,2025-07-09T20:00:00,2025-07-09T21:00:00,P043,E00378
2025-07-09,EXTRA,2025-07-09T21:00:00,2025-07-09T22:00:00,P045,E00408
2025-07-09,EXTRA,2025-07-09T22:00:00,2025-07-09T22:25:00,P042,E00369
2025-07-09,FACTUAL,2025-07-09T08:00:00,2025-07-09T09:00:00,P037,E00317
2025-07-09,FACTUAL,2025-07-09T09:00:00,2025-07-09T10:00:00,P038,E00329
2025-07-09,FACTUAL,2025-07-09T10:00:00,2025-07-09T11:00:00,P040,E00348
2025-07-09,FACTUAL,2025-07-09T12:00:00,2025-07-09T13:00:00,P057,E00522
2025-07-09,FACTUAL,2025-07-09T14:00:00,2025-07-09T15:00:00,P039,E00342
2025-07-09,FACTUAL,2025-07-09T16:00:00,2025-07-09T17:00:00,P057,E00518
2025-07-09,FACTUAL,2025-07-09T18:00:00,2025-07-09T19:00:00,P057,E00516
2025-07-09,FACTUAL,2025-07-09T20:00:00,2025-07-09T21:00:00,P057,E00521
2025-07-09,FACTUAL,2025-07-09T21:00:00,2025-07-09T22:00:00,P057,E00518
2025-07-09,FACTUAL,2025-07-09T22:00:00,2025-07-09T23:00:00,P037,E00319
2025-07-09,MOVIES,2025-07-09T09:00:00,2025-07-09T11:00:00,P031,E00307
2025-07-09,MOVIES,2025-07-09T12:00:00,2025-07-09T14:08:00,P031,E00307
2025-07-09,MOVIES,2025-07-09T15:00:00,2025-07-09T16:56:00,P031,E00307
2025-07-09,MOVIES,2025-07-09T18:00:00,2025-07-09T20:28:00,P032,E00308
2025-07-09,MOVIES,2025-07-09T21:00:00,2025-07-09T23:12:00,P035,E00311
2025-07-09,MOVIES,2025-07-09T23:00:00,2025-07-10T00:35:00,P033,E00309
2025-07-09,CATCHUP,2025-07-09T08:00:00,2025-07-09T09:00:00,P002,E00007
2025-07-09,CATCHUP,2025-07-09T10:00:00,2025-07-09T11:00:00,P012,E00125
2025-07-09,CATCHUP,2025-07-09T12:00:00,2025-07-09T13:00:00,P013,E00133
2025-07-09,CATCHUP,2025-07-09T14:00:00,2025-07-09T15:00:00,P062,E00558
2025-07-09,CATCHUP,2025-07-09T16:00:00,2025-07-09T17:00:00,P002,E00006
2025-07-09,CATCHUP,2025-07-09T18:00:00,2025-07-09T19:00:00,P013,E00140
2025-07-09,CATCHUP,2025-07-09T20:00:00,2025-07-09T21:00:00,P062,E00559
2025-07-09,CATCHUP,2025-07-09T21:00:00,2025-07-09T22:00:00,P003,E00023
2025-07-09,CATCHUP,2025-07-09T22:00:00,2025-07-09T23:00:00,P002,E00006
2025-07-10,MAIN,2025-07-10T06:00:00,2025-07-10T06:25:00,P052,E00463
2025-07-10,MAIN,2025-07-10T06:00:00,2025-07-10T06:30:00,P014,E00143
2025-07-10,MAIN,2025-07-10T07:00:00,2025-07-10T07:55:00,P055,E00499
2025-07-10,MAIN,2025-07-10T08:00:00,2025-07-10T08:25:00,P043,E00381
2025-07-10,MAIN,2025-07-10T09:00:00,2025-07-10T09:45:00,P058,E00524
2025-07-10,MAIN,2025-07-10T10:00:00,2025-07-10T10:45:00,P024,E00237
2025-07-10,MAIN,2025-07-10T12:00:00,2025-07-10T13:00:00,P013,E00138
2025-07-10,MAIN,2025-07-10T13:00:00,2025-07-10T13:30:00,P008,E00090
2025-07-10,MAIN,2025-07-10T14:00:00,2025-07-10T14:30:00,P049,E00440
2025-07-10,MAIN,2025-07-10T15:00:00,2025-07-10T15:30:00,P037,E00321
2025-07-10,MAIN,2025-07-10T16:00:00,2025-07-10T16:30:00,P047,E00424
2025-07-10,MAIN,2025-07-10T17:00:00,2025-07-10T17:55:00,P045,E00411
2025-07-10,MAIN,2025-07-10T19:00:00,2025-07-10T19:55:00,P046,E00416
2025-07-10,MAIN,2025-07-10T20:00:00,2025-07-10T21:00:00,P044,E00397
2025-07-10,MAIN,2025-07-10T21:00:00,2025-07-10T22:00:00,P023,E00220
2025-07-10,MAIN,2025-07-10T22:00:00,2025-07-10T22:55:00,P061,E00548
2025-07-10,MAIN,2025-07-10T23:00:00,2025-07-10T23:55:00,P046,E00414
2025-07-10,EXTRA,2025-07-10T07:00:00,2025-07-10T07:25:00,P025,E00250
2025-07-10,EXTRA,2025-07-10T07:00:00,2025-07-10T07:30:00,P042,E00377
2025-07-10,EXTRA,2025-07-10T08:00:00,2025-07-10T08:25:00,P007,E00074
2025-07-10,EXTRA,2025-07-10T09:00:00,2025-07-10T09:50:00,P025,E00246
2025-07-10,EXTRA,2025-07-10T10:00:00,2025-07-10T10:50:00,P043,E00381
2025-07-10,EXTRA,2025-07-10T12:00:00,2025-07-10T12:50:00,P029,E00295
2025-07-10,EXTRA,2025-07-10T13:00:00,2025-07-10T13:25:00,P027,E00258
2025-07-10,EXTRA,2025-07-10T14:00:00,2025-07-10T14:25:00,P043,E00382
2025-07-10,EXTRA,2025-07-10T15:00:00,2025-07-10T15:25:00,P006,E00063
2025-07-10,EXTRA,2025-07-10T16:00:00,2025-07-10T16:25:00,P044,E00405
2025-07-10,EXTRA,2025-07-10T17:00:00,2025-07-10T17:50:00,P028,E00288
2025-07-10,EXTRA,2025-07-10T18:00:00,2025-07-10T18:25:00,P044,E00402
2025-07-10,EXTRA,2025-07-10T19:00:00,2025-07-10T19:25:00,P028,E00285
2025-07-10,EXTRA,2025-07-10T20:00:00,2025-07-10T21:00:00,P025,E00249
2025-07-10,EXTRA,2025-07-10T21:00:00,2025-07-10T22:00:00,P030,E00304
2025-07-10,EXTRA,2025-07-10T22:00:00,2025-07-10T22:25:00,P006,E00059
2025-07-10,FACTUAL,2025-07-10T08:00:00,2025-07-10T09:00:00,P057,E00518
2025-07-10,FACTUAL,2025-07-10T09:00:00,2025-07-10T10:00:00,P038,E00326
2025-07-10,FACTUAL,2025-07-10T10:00:00,2025-07-10T11:00:00,P055,E00505
2025-07-10,FACTUAL,2025-07-10T12:00:00,2025-07-10T13:00:00,P009,E00095
2025-07-10,FACTUAL,2025-07-10T14:00:00,2025-07-10T15:00:00,P055,E00498
2025-07-10,FACTUAL,2025-07-10T16:00:00,2025-07-10T17:00:00,P057,E00517
2025-07-10,FACTUAL,2025-07-10T18:00:00,2025-07-10T19:00:00,P039,E00340
2025-07-10,FACTUAL,2025-07-10T20:00:00,2025-07-10T21:00:00,P058,E00526
2025-07-10,FACTUAL,2025-07-10T21:00:00,2025-07-10T22:00:00,P056,E00515
2025-07-10,FACTUAL,2025-07-10T22:00:00,2025-07-10T23:00:00,P056,E00515
2025-07-10,MOVIES,2025-07-10T09:00:00,2025-07-10T11:00:00,P034,E00310
2025-07-10,MOVIES,2025-07-10T12:00:00,2025-07-10T14:08:00,P031,E00307
2025-07-10,MOVIES,2025-07-10T15:00:00,2025-07-10T16:56:00,P032,E00308
2025-07-10,MOVIES,2025-07-10T18:00:00,2025-07-10T20:28:00,P031,E00307
2025-07-10,MOVIES,2025-07-10T21:00:00,2025-07-10T23:12:00,P032,E00308
2025-07-10,MOVIES,2025-07-10T23:00:00,2025-07-11T00:35:00,P032,E00308
2025-07-10,CATCHUP,2025-07-10T08:00:00,2025-07-10T09:00:00,P003,E00033
2025-07-10,CATCHUP,2025-07-10T10:00:00,2025-07-10T11:00:00,P012,E00126
2025-07-10,CATCHUP,2025-07-10T12:00:00,2025-07-10T13:00:00,P003,E00026
2025-07-10,CATCHUP,2025-07-10T14:00:00,2025-07-10T15:00:00,P061,E00550
2025-07-10,CATCHUP,2025-07-10T16:00:00,2025-07-10T17:00:00,P061,E00545
2025-07-10,CATCHUP,2025-07-10T18:00:00,2025-07-10T19:00:00,P012,E00127
2025-07-10,CATCHUP,2025-07-10T20:00:00,2025-07-10T21:00:00,P012,E00124
2025-07-10,CATCHUP,2025-07-10T21:00:00,2025-07-10T22:00:00,P003,E00011
2025-07-10,CATCHUP,2025-07-10T22:00:00,2025-07-10T23:00:00,P012,E00130
2025-07-11,MAIN,2025-07-11T06:00:00,2025-07-11T06:25:00,P029,E00299
2025-07-11,MAIN,2025-07-11T06:00:00,2025-07-11T06:30:00,P014,E00144
2025-07-11,MAIN,2025-07-11T07:00:00,2025-07-11T07:55:00,P007,E00079
2025-07-11,MAIN,2025-07-11T08:00:00,2025-07-11T08:25:00,P020,E00192
2025-07-11,MAIN,2025-07-11T09:00:00,2025-07-11T09:45:00,P029,E00295
2025-07-11,MAIN,2025-07-11T10:00:00,2025-07-11T10:45:00,P023,E00211
2025-07-11,MAIN,2025-07-11T12:00:00,2025-07-11T13:00:00,P029,E00292
2025-07-11,MAIN,2025-07-11T13:00:00,2025-07-11T13:30:00,P056,E00511
2025-07-11,MAIN,2025-07-11T14:00:00,2025-07-11T14:30:00,P014,E00147
2025-07-11,MAIN,2025-07-11T15:00:00,2025-07-11T15:30:00,P054,E00497
2025-07-11,MAIN,2025-07-11T16:00:00,2025-07-11T16:30:00,P051,E00450
2025-07-11,MAIN,2025-07-11T17:00:00,2025-07-11T17:55:00,P062,E00558
2025-07-11,MAIN,2025-07-11T19:00:00,2025-07-11T19:55:00,P011,E00118
2025-07-11,MAIN,2025-07-11T20:00:00,2025-07-11T21:00:00,P009,E00098
2025-07-11,MAIN,2025-07-11T21:00:00,2025-07-11T22:00:00,P059,E00528
2025-07-11,MAIN,2025-07-11T22:00:00,2025-07-11T22:55:00,P058,E00523
2025-07-11,MAIN,2025-07-11T23:00:00,2025-07-11T23:55:00,P043,E00389
2025-07-11,EXTRA,2025-07-11T07:00:00,2025-07-11T07:25:00,P006,E00061
2025-07-11,EXTRA,2025-07-11T07:00:00,2025-07-11T07:30:00,P007,E00077
2025-07-11,EXTRA,2025-07-11T08:00:00,2025-07-11T08:25:00,P043,E00387
2025-07-11,EXTRA,2025-07-11T09:00:00,2025-07-11T09:50:00,P042,E00372
2025-07-11,EXTRA,2025-07-11T10:00:00,2025-07-11T10:50:00,P042,E00376
2025-07-11,EXTRA,2025-07-11T12:00:00,2025-07-11T12:50:00,P006,E00071
2025-07-11,EXTRA,2025-07-11T13:00:00,2025-07-11T13:25:00,P025,E00245
2025-07-11,EXTRA,2025-07-11T14:00:00,2025-07-11T14:25:00,P028,E00283
2025-07-11,EXTRA,2025-07-11T15:00:00,2025-07-11T15:25:00,P026,E00253
2025-07-11,EXTRA,2025-07-11T16:00:00,2025-07-11T16:25:00,P025,E00246
2025-07-11,EXTRA,2025-07-11T17:00:00,2025-07-11T17:50:00,P030,E00304
2025-07-11,EXTRA,2025-07-11T18:00:00,2025-07-11T18:25:00,P029,E00293
2025-07-11,EXTRA,2025-07-11T19:00:00,2025-07-11T19:25:00,P030,E00305
2025-07-11,EXTRA,2025-07-11T20:00:00,2025-07-11T21:00:00,P029,E00301
2025-07-11,EXTRA,2025-07-11T21:00:00,2025-07-11T22:00:00,P044,E00403
2025-07-11,EXTRA,2025-07-11T22:00:00,2025-07-11T22:25:00,P028,E00288
2025-07-11,FACTUAL,2025-07-11T08:00:00,2025-07-11T09:00:00,P040,E00349
2025-07-11,FACTUAL,2025-07-11T09:00:00,2025-07-11T10:00:00,P056,E00515
2025-07-11,FACTUAL,2025-07-11T10:00:00,2025-07-11T11:00:00,P037,E00322
2025-07-11,FACTUAL,2025-07-11T12:00:00,2025-07-11T13:00:00,P037,E00320
2025-07-11,FACTUAL,2025-07-11T14:00:00,2025-07-11T15:00:00,P058,E00525
2025-07-11,FACTUAL,2025-07-11T16:00:00,2025-07-11T17:00:00,P055,E00505
2025-07-11,FACTUAL,2025-07-11T18:00:00,2025-07-11T19:00:00,P057,E00518
2025-07-11,FACTUAL,2025-07-11T20:00:00,2025-07-11T21:00:00,P009,E00095
2025-07-11,FACTUAL,2025-07-11T21:00:00,2025-07-11T22:00:00,P037,E00322
2025-07-11,FACTUAL,2025-07-11T22:00:00,2025-07-11T23:00:00,P057,E00521
2025-07-11,MOVIES,2025-07-11T09:00:00,2025-07-11T11:00:00,P033,E00309
2025-07-11,MOVIES,2025-07-11T12:00:00,2025-07-11T14:08:00,P035,E00311
2025-07-11,MOVIES,2025-07-11T15:00:00,2025-07-11T16:56:00,P032,E00308
2025-07-11,MOVIES,2025-07-11T18:00:00,2025-07-11T20:28:00,P032,E00308
2025-07-11,MOVIES,2025-07-11T21:00:00,2025-07-11T23:12:00,P033,E00309
2025-07-11,MOVIES,2025-07-11T23:00:00,2025-07-12T00:35:00,P033,E00309
2025-07-11,CATCHUP,2025-07-11T08:00:00,2025-07-11T09:00:00,P003,E00028
2025-07-11,CATCHUP,2025-07-11T10:00:00,2025-07-11T11:00:00,P062,E00559
2025-07-11,CATCHUP,2025-07-11T12:00:00,2025-07-11T13:00:00,P012,E00124
2025-07-11,CATCHUP,2025-07-11T14:00:00,2025-07-11T15:00:00,P013,E00131
2025-07-11,CATCHUP,2025-07-11T16:00:00,2025-07-11T17:00:00,P061,E00542
2025-07-11,CATCHUP,2025-07-11T18:00:00,2025-07-11T19:00:00,P013,E00138
2025-07-11,CATCHUP,2025-07-11T20:00:00,2025-07-11T21:00:00,P061,E00542
2025-07-11,CATCHUP,2025-07-11T21:00:00,2025-07-11T22:00:00,P012,E00121
2025-07-11,CATCHUP,2025-07-11T22:00:00,2025-07-11T23:00:00,P002,E00009
2025-07-12,MAIN,2025-07-12T06:00:00,2025-07-12T06:25:00,P001,E00004
2025-07-12,MAIN,2025-07-12T06:00:00,2025-07-12T06:30:00,P013,E00133
2025-07-12,MAIN,2025-07-12T07:00:00,2025-07-12T07:55:00,P048,E00429
2025-07-12,MAIN,2025-07-12T08:00:00,2025-07-12T08:25:00,P011,E00116
2025-07-12,MAIN,2025-07-12T09:00:00,2025-07-12T09:45:00,P006,E00067
2025-07-12,MAIN,2025-07-12T10:00:00,2025-07-12T10:45:00,P024,E00235
2025-07-12,MAIN,2025-07-12T12:00:00,2025-07-12T13:00:00,P006,E00062
2025-07-12,MAIN,2025-07-12T13:00:00,2025-07-12T13:30:00,P049,E00439
2025-07-12,MAIN,2025-07-12T14:00:00,2025-07-12T14:30:00,P011,E00114
2025-07-12,MAIN,2025-07-12T15:00:00,2025-07-12T15:30:00,P026,E00253
2025-07-12,MAIN,2025-07-12T16:00:00,2025-07-12T16:30:00,P053,E00484
2025-07-12,MAIN,2025-07-12T17:00:00,2025-07-12T17:55:00,P055,E00501
2025-07-12,MAIN,2025-07-12T19:00:00,2025-07-12T19:55:00,P028,E00290
2025-07-12,MAIN,2025-07-12T20:00:00,2025-07-12T21:00:00,P006,E00068
2025-07-12,MAIN,2025-07-12T21:00:00,2025-07-12T22:00:00,P007,E00072
2025-07-12,MAIN,2025-07-12T22:00:00,2025-07-12T22:55:00,P014,E00144
2025-07-12,MAIN,2025-07-12T23:00:00,2025-07-12T23:55:00,P005,E00048
2025-07-12,EXTRA,2025-07-12T07:00:00,2025-07-12T07:25:00,P007,E00079
2025-07-12,EXTRA,2025-07-12T07:00:00,2025-07-12T07:30:00,P006,E00067
2025-07-12,EXTRA,2025-07-12T08:00:00,2025-07-12T08:25:00,P045,E00408
2025-07-12,EXTRA,2025-07-12T09:00:00,2025-07-12T09:50:00,P026,E00253
2025-07-12,EXTRA,2025-07-12T10:00:00,2025-07-12T10:50:00,P027,E00269
2025-07-12,EXTRA,2025-07-12T12:00:00,2025-07-12T12:50:00,P044,E00407
2025-07-12,EXTRA,2025-07-12T13:00:00,2025-07-12T13:25:00,P028,E00285
2025-07-12,EXTRA,2025-07-12T14:00:00,2025-07-12T14:25:00,P027,E00259
2025-07-12,EXTRA,2025-07-12T15:00:00,2025-07-12T15:25:00,P044,E00397
2025-07-12,EXTRA,2025-07-12T16:00:00,2025-07-12T16:25:00,P030,E00303
2025-07-12,EXTRA,2025-07-12T17:00:00,2025-07-12T17:50:00,P027,E00261
2025-07-12,EXTRA,2025-07-12T18:00:00,2025-07-12T18:25:00,P043,E00387
2025-07-12,EXTRA,2025-07-12T19:00:00,2025-07-12T19:25:00,P028,E00282
2025-07-12,EXTRA,2025-07-12T20:00:00,2025-07-12T21:00:00,P028,E00290
2025-07-12,EXTRA,2025-07-12T21:00:00,2025-07-12T22:00:00,P025,E00246
2025-07-12,EXTRA,2025-07-12T22:00:00,2025-07-12T22:25:00,P027,E00264
2025-07-12,FACTUAL,2025-07-12T08:00:00,2025-07-12T09:00:00,P009,E00095
2025-07-12,FACTUAL,2025-07-12T09:00:00,2025-07-12T10:00:00,P009,E00097
2025-07-12,FACTUAL,2025-07-12T10:00:00,2025-07-12T11:00:00,P057,E00518
2025-07-12,FACTUAL,2025-07-12T12:00:00,2025-07-12T13:00:00,P039,E00336
2025-07-12,FACTUAL,2025-07-12T14:00:00,2025-07-12T15:00:00,P056,E00515
2025-07-12,FACTUAL,2025-07-12T16:00:00,2025-07-12T17:00:00,P039,E00335
2025-07-12,FACTUAL,2025-07-12T18:00:00,2025-07-12T19:00:00,P037,E00318
2025-07-12,FACTUAL,2025-07-12T20:00:00,2025-07-12T21:00:00,P037,E00321
2025-07-12,FACTUAL,2025-07-12T21:00:00,2025-07-12T22:00:00,P056,E00513
2025-07-12,FACTUAL,2025-07-12T22:00:00,2025-07-12T23:00:00,P056,E00513
2025-07-12,MOVIES,2025-07-12T09:00:00,2025-07-12T11:00:00,P032,E00308
2025-07-12,MOVIES,2025-07-12T12:00:00,2025-07-12T14:08:00,P033,E00309
2025-07-12,MOVIES,2025-07-12T15:00:00,2025-07-12T16:56:00,P032,E00308
2025-07-12,MOVIES,2025-07-12T18:00:00,2025-07-12T20:28:00,P031,E00307
2025-07-12,MOVIES,2025-07-12T21:00:00,2025-07-12T23:12:00,P032,E00308
2025-07-12,MOVIES,2025-07-12T23:00:00,2025-07-13T00:35:00,P034,E00310
2025-07-12,CATCHUP,2025-07-12T08:00:00,2025-07-12T09:00:00,P013,E00131
2025-07-12,CATCHUP,2025-07-12T10:00:00,2025-07-12T11:00:00,P012,E00122
2025-07-12,CATCHUP,2025-07-12T12:00:00,2025-07-12T13:00:00,P002,E00009
2025-07-12,CATCHUP,2025-07-12T14:00:00,2025-07-12T15:00:00,P061,E00544
2025-07-12,CATCHUP,2025-07-12T16:00:00,2025-07-12T17:00:00,P002,E00006
2025-07-12,CATCHUP,2025-07-12T18:00:00,2025-07-12T19:00:00,P003,E00010
2025-07-12,CATCHUP,2025-07-12T20:00:00,2025-07-12T21:00:00,P001,E00003
2025-07-12,CATCHUP,2025-07-12T21:00:00,2025-07-12T22:00:00,P062,E00558
2025-07-12,CATCHUP,2025-07-12T22:00:00,2025-07-12T23:00:00,P012,E00128
2025-07-13,MAIN,2025-07-13T06:00:00,2025-07-13T06:25:00,P027,E00261
2025-07-13,MAIN,2025-07-13T06:00:00,2025-07-13T06:30:00,P040,E00345
2025-07-13,MAIN,2025-07-13T07:00:00,2025-07-13T07:55:00,P055,E00505
2025-07-13,MAIN,2025-07-13T08:00:00,2025-07-13T08:25:00,P056,E00509
2025-07-13,MAIN,2025-07-13T09:00:00,2025-07-13T09:45:00,P002,E00006
2025-07-13,MAIN,2025-07-13T10:00:00,2025-07-13T10:45:00,P001,E00003
2025-07-13,MAIN,2025-07-13T12:00:00,2025-07-13T13:00:00,P014,E00141
2025-07-13,MAIN,2025-07-13T13:00:00,2025-07-13T13:30:00,P004,E00040
2025-07-13,MAIN,2025-07-13T14:00:00,2025-07-13T14:30:00,P038,E00328
2025-07-13,MAIN,2025-07-13T15:00:00,2025-07-13T15:30:00,P047,E00425
2025-07-13,MAIN,2025-07-13T16:00:00,2025-07-13T16:30:00,P028,E00282
2025-07-13,MAIN,2025-07-13T17:00:00,2025-07-13T17:55:00,P006,E00067
2025-07-13,MAIN,2025-07-13T19:00:00,2025-07-13T19:55:00,P040,E00345
2025-07-13,MAIN,2025-07-13T20:00:00,2025-07-13T21:00:00,P018,E00173
2025-07-13,MAIN,2025-07-13T21:00:00,2025-07-13T22:00:00,P020,E00192
2025-07-13,MAIN,2025-07-13T22:00:00,2025-07-13T22:55:00,P038,E00327
2025-07-13,MAIN,2025-07-13T23:00:00,2025-07-13T23:55:00,P058,E00524
2025-07-13,EXTRA,2025-07-13T07:00:00,2025-07-13T07:25:00,P006,E00062
2025-07-13,EXTRA,2025-07-13T07:00:00,2025-07-13T07:30:00,P044,E00405
2025-07-13,EXTRA,2025-07-13T08:00:00,2025-07-13T08:25:00,P025,E00250
2025-07-13,EXTRA,2025-07-13T09:00:00,2025-07-13T09:50:00,P025,E00250
2025-07-13,EXTRA,2025-07-13T10:00:00,2025-07-13T10:50:00,P027,E00260
2025-07-13,EXTRA,2025-07-13T12:00:00,2025-07-13T12:50:00,P030,E00306
2025-07-13,EXTRA,2025-07-13T13:00:00,2025-07-13T13:25:00,P030,E00304
2025-07-13,EXTRA,2025-07-13T14:00:00,2025-07-13T14:25:00,P026,E00252
2025-07-13,EXTRA,2025-07-13T15:00:00,2025-07-13T15:25:00,P027,E00262
2025-07-13,EXTRA,2025-07-13T16:00:00,2025-07-13T16:25:00,P027,E00263
2025-07-13,EXTRA,2025-07-13T17:00:00,2025-07-13T17:50:00,P007,E00073
2025-07-13,EXTRA,2025-07-13T18:00:00,2025-07-13T18:25:00,P042,E00373
2025-07-13,EXTRA,2025-07-13T19:00:00,2025-07-13T19:25:00,P030,E00304
2025-07-13,EXTRA,2025-07-13T20:00:00,2025-07-13T21:00:00,P027,E00256
2025-07-13,EXTRA,2025-07-13T21:00:00,2025-07-13T22:00:00,P030,E00304
2025-07-13,EXTRA,2025-07-13T22:00:00,2025-07-13T22:25:00,P030,E00303
2025-07-13,FACTUAL,2025-07-13T08:00:00,2025-07-13T09:00:00,P038,E00331
2025-07-13,FACTUAL,2025-07-13T09:00:00,2025-07-13T10:00:00,P055,E00506
2025-07-13,FACTUAL,2025-07-13T10:00:00,2025-07-13T11:00:00,P058,E00525
2025-07-13,FACTUAL,2025-07-13T12:00:00,2025-07-13T13:00:00,P038,E00329
2025-07-13,FACTUAL,2025-07-13T14:00:00,2025-07-13T15:00:00,P038,E00328
2025-07-13,FACTUAL,2025-07-13T16:00:00,2025-07-13T17:00:00,P037,E00323
2025-07-13,FACTUAL,2025-07-13T18:00:00,2025-07-13T19:00:00,P036,E00314
2025-07-13,FACTUAL,2025-07-13T20:00:00,2025-07-13T21:00:00,P056,E00512
2025-07-13,FACTUAL,2025-07-13T21:00:00,2025-07-13T22:00:00,P058,E00523
2025-07-13,FACTUAL,2025-07-13T22:00:00,2025-07-13T23:00:00,P040,E00344
2025-07-13,MOVIES,2025-07-13T09:00:00,2025-07-13T11:00:00,P034,E00310
2025-07-13,MOVIES,2025-07-13T12:00:00,2025-07-13T14:08:00,P035,E00311
2025-07-13,MOVIES,2025-07-13T15:00:00,2025-07-13T16:56:00,P031,E00307
2025-07-13,MOVIES,2025-07-13T18:00:00,2025-07-13T20:28:00,P035,E00311
2025-07-13,MOVIES,2025-07-13T21:00:00,2025-07-13T23:12:00,P033,E00309
2025-07-13,MOVIES,2025-07-13T23:00:00,2025-07-14T00:35:00,P033,E00309
2025-07-13,CATCHUP,2025-07-13T08:00:00,2025-07-13T09:00:00,P003,E00031
2025-07-13,CATCHUP,2025-07-13T10:00:00,2025-07-13T11:00:00,P013,E00132
2025-07-13,CATCHUP,2025-07-13T12:00:00,2025-07-13T13:00:00,P062,E00560
2025-07-13,CATCHUP,2025-07-13T14:00:00,2025-07-13T15:00:00,P061,E00541
2025-07-13,CATCHUP,2025-07-13T16:00:00,2025-07-13T17:00:00,P012,E00119
2025-07-13,CATCHUP,2025-07-13T18:00:00,2025-07-13T19:00:00,P062,E00552
2025-07-13,CATCHUP,2025-07-13T20:00:00,2025-07-13T21:00:00,P002,E00008
2025-07-13,CATCHUP,2025-07-13T21:00:00,2025-07-13T22:00:00,P002,E00007
2025-07-13,CATCHUP,2025-07-13T22:00:00,2025-07-13T23:00:00,P062,E00552
2025-10-06,MAIN,2025-10-06T06:00:00,2025-10-06T06:25:00,P042,E00375
2025-10-06,MAIN,2025-10-06T06:00:00,2025-10-06T06:30:00,P052,E00471
2025-10-06,MAIN,2025-10-06T07:00:00,2025-10-06T07:55:00,P048,E00430
2025-10-06,MAIN,2025-10-06T08:00:00,2025-10-06T08:25:00,P015,E00153
2025-10-06,MAIN,2025-10-06T09:00:00,2025-10-06T09:45:00,P016,E00159
2025-10-06,MAIN,2025-10-06T10:00:00,2025-10-06T10:45:00,P053,E00478
2025-10-06,MAIN,2025-10-06T12:00:00,2025-10-06T13:00:00,P018,E00173
2025-10-06,MAIN,2025-10-06T13:00:00,2025-10-06T13:30:00,P043,E00389
2025-10-06,MAIN,2025-10-06T14:00:00,2025-10-06T14:30:00,P008,E00092
2025-10-06,MAIN,2025-10-06T15:00:00,2025-10-06T15:30:00,P050,E00441
2025-10-06,MAIN,2025-10-06T16:00:00,2025-10-06T16:30:00,P012,E00122
2025-10-06,MAIN,2025-10-06T17:00:00,2025-10-06T17:55:00,P058,E00523
2025-10-06,MAIN,2025-10-06T19:00:00,2025-10-06T19:55:00,P026,E00251
2025-10-06,MAIN,2025-10-06T20:00:00,2025-10-06T21:00:00,P030,E00305
2025-10-06,MAIN,2025-10-06T21:00:00,2025-10-06T22:00:00,P056,E00512
2025-10-06,MAIN,2025-10-06T22:00:00,2025-10-06T22:55:00,P021,E00197
2025-10-06,MAIN,2025-10-06T23:00:00,2025-10-06T23:55:00,P042,E00370
2025-10-06,EXTRA,2025-10-06T07:00:00,2025-10-06T07:25:00,P026,E00253
2025-10-06,EXTRA,2025-10-06T07:00:00,2025-10-06T07:30:00,P029,E00295
2025-10-06,EXTRA,2025-10-06T08:00:00,2025-10-06T08:25:00,P007,E00081
2025-10-06,EXTRA,2025-10-06T09:00:00,2025-10-06T09:50:00,P030,E00304
2025-10-06,EXTRA,2025-10-06T10:00:00,2025-10-06T10:50:00,P045,E00410
2025-10-06,EXTRA,2025-10-06T12:00:00,2025-10-06T12:50:00,P007,E00087
2025-10-06,EXTRA,2025-10-06T13:00:00,2025-10-06T13:25:00,P029,E00302
2025-10-06,EXTRA,2025-10-06T14:00:00,2025-10-06T14:25:00,P006,E00069
2025-10-06,EXTRA,2025-10-06T15:00:00,2025-10-06T15:25:00,P029,E00293
2025-10-06,EXTRA,2025-10-06T16:00:00,2025-10-06T16:25:00,P026,E00254
2025-10-06,EXTRA,2025-10-06T17:00:00,2025-10-06T17:50:00,P026,E00252
2025-10-06,EXTRA,2025-10-06T18:00:00,2025-10-06T18:25:00,P006,E00062
2025-10-06,EXTRA,2025-10-06T19:00:00,2025-10-06T19:25:00,P025,E00250
2025-10-06,EXTRA,2025-10-06T20:00:00,2025-10-06T21:00:00,P026,E00253
2025-10-06,EXTRA,2025-10-06T21:00:00,2025-10-06T22:00:00,P026,E00254
2025-10-06,EXTRA,2025-10-06T22:00:00,2025-10-06T22:25:00,P030,E00305
2025-10-06,FACTUAL,2025-10-06T08:00:00,2025-10-06T09:00:00,P037,E00318
2025-10-06,FACTUAL,2025-10-06T09:00:00,2025-10-06T10:00:00,P058,E00524
2025-10-06,FACTUAL,2025-10-06T10:00:00,2025-10-06T11:00:00,P056,E00515
2025-10-06,FACTUAL,2025-10-06T12:00:00,2025-10-06T13:00:00,P036,E00313
2025-10-06,FACTUAL,2025-10-06T14:00:00,2025-10-06T15:00:00,P040,E00344
2025-10-06,FACTUAL,2025-10-06T16:00:00,2025-10-06T17:00:00,P036,E00313
2025-10-06,FACTUAL,2025-10-06T18:00:00,2025-10-06T19:00:00,P058,E00526
2025-10-06,FACTUAL,2025-10-06T20:00:00,2025-10-06T21:00:00,P055,E00505
2025-10-06,FACTUAL,2025-10-06T21:00:00,2025-10-06T22:00:00,P037,E00321
2025-10-06,FACTUAL,2025-10-06T22:00:00,2025-10-06T23:00:00,P037,E00321
2025-10-06,MOVIES,2025-10-06T09:00:00,2025-10-06T11:00:00,P032,E00308
2025-10-06,MOVIES,2025-10-06T12:00:00,2025-10-06T14:08:00,P031,E00307
2025-10-06,MOVIES,2025-10-06T15:00:00,2025-10-06T16:56:00,P034,E00310
2025-10-06,MOVIES,2025-10-06T18:00:00,2025-10-06T20:28:00,P032,E00308
2025-10-06,MOVIES,2025-10-06T21:00:00,2025-10-06T23:12:00,P033,E00309
2025-10-06,MOVIES,2025-10-06T23:00:00,2025-10-07T00:35:00,P034,E00310
2025-10-06,CATCHUP,2025-10-06T08:00:00,2025-10-06T09:00:00,P001,E00004
2025-10-06,CATCHUP,2025-10-06T10:00:00,2025-10-06T11:00:00,P001,E00002
2025-10-06,CATCHUP,2025-10-06T12:00:00,2025-10-06T13:00:00,P061,E00544
2025-10-06,CATCHUP,2025-10-06T14:00:00,2025-10-06T15:00:00,P062,E00553
2025-10-06,CATCHUP,2025-10-06T16:00:00,2025-10-06T17:00:00,P062,E00553
2025-10-06,CATCHUP,2025-10-06T18:00:00,2025-10-06T19:00:00,P062,E00559
2025-10-06,CATCHUP,2025-10-06T20:00:00,2025-10-06T21:00:00,P002,E00008
2025-10-06,CATCHUP,2025-10-06T21:00:00,2025-10-06T22:00:00,P002,E00006
2025-10-06,CATCHUP,2025-10-06T22:00:00,2025-10-06T23:00:00,P003,E00021
2025-10-07,MAIN,2025-10-07T06:00:00,2025-10-07T06:25:00,P056,E00511
2025-10-07,MAIN,2025-10-07T06:00:00,2025-10-07T06:30:00,P029,E00295
2025-10-07,MAIN,2025-10-07T07:00:00,2025-10-07T07:55:00,P030,E00305
2025-10-07,MAIN,2025-10-07T08:00:00,2025-10-07T08:25:00,P061,E00542
2025-10-07,MAIN,2025-10-07T09:00:00,2025-10-07T09:45:00,P006,E00059
2025-10-07,MAIN,2025-10-07T10:00:00,2025-10-07T10:45:00,P058,E00525
2025-10-07,MAIN,2025-10-07T12:00:00,2025-10-07T13:00:00,P059,E00532
2025-10-07,MAIN,2025-10-07T13:00:00,2025-10-07T13:30:00,P051,E00454
2025-10-07,MAIN,2025-10-07T14:00:00,2025-10-07T14:30:00,P003,E00016
2025-10-07,MAIN,2025-10-07T15:00:00,2025-10-07T15:30:00,P060,E00538
2025-10-07,MAIN,2025-10-07T16:00:00,2025-10-07T16:30:00,P010,E00105
2025-10-07,MAIN,2025-10-07T17:00:00,2025-10-07T17:55:00,P052,E00463
2025-10-07,MAIN,2025-10-07T19:00:00,2025-10-07T19:55:00,P023,E00221
2025-10-07,MAIN,2025-10-07T20:00:00,2025-10-07T21:00:00,P038,E00324
2025-10-07,MAIN,2025-10-07T21:00:00,2025-10-07T22:00:00,P050,E00443
2025-10-07,MAIN,2025-10-07T22:00:00,2025-10-07T22:55:00,P017,E00163
2025-10-07,MAIN,2025-10-07T23:00:00,2025-10-07T23:55:00,P002,E00009
2025-10-07,EXTRA,2025-10-07T07:00:00,2025-10-07T07:25:00,P045,E00412
2025-10-07,EXTRA,2025-10-07T07:00:00,2025-10-07T07:30:00,P030,E00304
2025-10-07,EXTRA,2025-10-07T08:00:00,2025-10-07T08:25:00,P027,E00263
2025-10-07,EXTRA,2025-10-07T09:00:00,2025-10-07T09:50:00,P027,E00268
2025-10-07,EXTRA,2025-10-07T10:00:00,2025-10-07T10:50:00,P028,E00273
2025-10-07,EXTRA,2025-10-07T12:00:00,2025-10-07T12:50:00,P026,E00251
2025-10-07,EXTRA,2025-10-07T13:00:00,2025-10-07T13:25:00,P029,E00293
2025-10-07,EXTRA,2025-10-07T14:00:00,2025-10-07T14:25:00,P029,E00297
2025-10-07,EXTRA,2025-10-07T15:00:00,2025-10-07T15:25:00,P043,E00380
2025-10-07,EXTRA,2025-10-07T16:00:00,2025-10-07T16:25:00,P007,E00080
2025-10-07,EXTRA,2025-10-07T17:00:00,2025-10-07T17:50:00,P027,E00256
2025-10-07,EXTRA,2025-10-07T18:00:00,2025-10-07T18:25:00,P027,E00259
2025-10-07,EXTRA,2025-10-07T19:00:00,2025-10-07T19:25:00,P025,E00248
2025-10-07,EXTRA,2025-10-07T20:00:00,2025-10-07T21:00:00,P028,E00272
2025-10-07,EXTRA,2025-10-07T21:00:00,2025-10-07T22:00:00,P043,E00381
2025-10-07,EXTRA,2025-10-07T22:00:00,2025-10-07T22:25:00,P026,E00254
2025-10-07,FACTUAL,2025-10-07T08:00:00,2025-10-07T09:00:00,P036,E00313
2025-10-07,FACTUAL,2025-10-07T09:00:00,2025-10-07T10:00:00,P009,E00101
2025-10-07,FACTUAL,2025-10-07T10:00:00,2025-10-07T11:00:00,P056,E00515
2025-10-07,FACTUAL,2025-10-07T12:00:00,2025-10-07T13:00:00,P036,E00315
2025-10-07,FACTUAL,2025-10-07T14:00:00,2025-10-07T15:00:00,P056,E00510
2025-10-07,FACTUAL,2025-10-07T16:00:00,2025-10-07T17:00:00,P055,E00501
2025-10-07,FACTUAL,2025-10-07T18:00:00,2025-10-07T19:00:00,P038,E00328
2025-10-07,FACTUAL,2025-10-07T20:00:00,2025-10-07T21:00:00,P040,E00350
2025-10-07,FACTUAL,2025-10-07T21:00:00,2025-10-07T22:00:00,P038,E00324
2025-10-07,FACTUAL,2025-10-07T22:00:00,2025-10-07T23:00:00,P009,E00098
2025-10-07,MOVIES,2025-10-07T09:00:00,2025-10-07T11:00:00,P033,E00309
2025-10-07,MOVIES,2025-10-07T12:00:00,2025-10-07T14:08:00,P034,E00310
2025-10-07,MOVIES,2025-10-07T15:00:00,2025-10-07T16:56:00,P031,E00307
2025-10-07,MOVIES,2025-10-07T18:00:00,2025-10-07T20:28:00,P033,E00309
2025-10-07,MOVIES,2025-10-07T21:00:00,2025-10-07T23:12:00,P032,E00308
2025-10-07,MOVIES,2025-10-07T23:00:00,2025-10-08T00:35:00,P032,E00308
2025-10-07,CATCHUP,2025-10-07T08:00:00,2025-10-07T09:00:00,P013,E00139
2025-10-07,CATCHUP,2025-10-07T10:00:00,2025-10-07T11:00:00,P012,E00119
2025-10-07,CATCHUP,2025-10-07T12:00:00,2025-10-07T13:00:00,P002,E00008
2025-10-07,CATCHUP,2025-10-07T14:00:00,2025-10-07T15:00:00,P002,E00009
2025-10-07,CATCHUP,2025-10-07T16:00:00,2025-10-07T17:00:00,P001,E00005
2025-10-07,CATCHUP,2025-10-07T18:00:00,2025-10-07T19:00:00,P003,E00020
2025-10-07,CATCHUP,2025-10-07T20:00:00,2025-10-07T21:00:00,P002,E00008
2025-10-07,CATCHUP,2025-10-07T21:00:00,2025-10-07T22:00:00,P062,E00552
2025-10-07,CATCHUP,2025-10-07T22:00:00,2025-10-07T23:00:00,P001,E00005
2025-10-08,MAIN,2025-10-08T06:00:00,2025-10-08T06:25:00,P015,E00148
2025-10-08,MAIN,2025-10-08T06:00:00,2025-10-08T06:30:00,P058,E00525
2025-10-08,MAIN,2025-10-08T07:00:00,2025-10-08T07:55:00,P004,E00041
2025-10-08,MAIN,2025-10-08T08:00:00,2025-10-08T08:25:00,P039,E00339
2025-10-08,MAIN,2025-10-08T09:00:00,2025-10-08T09:45:00,P056,E00511
2025-10-08,MAIN,2025-10-08T10:00:00,2025-10-08T10:45:00,P011,E00114
2025-10-08,MAIN,2025-10-08T12:00:00,2025-10-08T13:00:00,P016,E00157
2025-10-08,MAIN,2025-10-08T13:00:00,2025-10-08T13:30:00,P018,E00180
2025-10-08,MAIN,2025-10-08T14:00:00,2025-10-08T14:30:00,P059,E00532
2025-10-08,MAIN,2025-10-08T15:00:00,2025-10-08T15:30:00,P004,E00037
2025-10-08,MAIN,2025-10-08T16:00:00,2025-10-08T16:30:00,P043,E00390
2025-10-08,MAIN,2025-10-08T17:00:00,2025-10-08T17:55:00,P023,E00214
2025-10-08,MAIN,2025-10-08T19:00:00,2025-10-08T19:55:00,P012,E00122
2025-10-08,MAIN,2025-10-08T20:00:00,2025-10-08T21:00:00,P044,E00401
2025-10-08,MAIN,2025-10-08T21:00:00,2025-10-08T22:00:00,P058,E00525
2025-10-08,MAIN,2025-10-08T22:00:00,2025-10-08T22:55:00,P044,E00396
2025-10-08,MAIN,2025-10-08T23:00:00,2025-10-08T23:55:00,P052,E00471
2025-10-08,EXTRA,2025-10-08T07:00:00,2025-10-08T07:25:00,P043,E00382
2025-10-08,EXTRA,2025-10-08T07:00:00,2025-10-08T07:30:00,P007,E00078
2025-10-08,EXTRA,2025-10-08T08:00:00,2025-10-08T08:25:00,P045,E00412
2025-10-08,EXTRA,2025-10-08T09:00:00,2025-10-08T09:50:00,P042,E00365
2025-10-08,EXTRA,2025-10-08T10:00:00,2025-10-08T10:50:00,P045,E00408
2025-10-08,EXTRA,2025-10-08T12:00:00,2025-10-08T12:50:00,P027,E00256
2025-10-08,EXTRA,2025-10-08T13:00:00,2025-10-08T13:25:00,P029,E00300
2025-10-08,EXTRA,2025-10-08T14:00:00,2025-10-08T14:25:00,P029,E00291
2025-10-08,EXTRA,2025-10-08T15:00:00,2025-10-08T15:25:00,P006,E00064
2025-10-08,EXTRA,2025-10-08T16:00:00,2025-10-08T16:25:00,P026,E00253
2025-10-08,EXTRA,2025-10-08T17:00:00,2025-10-08T17:50:00,P007,E00078
2025-10-08,EXTRA,2025-10-08T18:00:00,2025-10-08T18:25:00,P028,E00280
2025-10-08,EXTRA,2025-10-08T19:00:00,2025-10-08T19:25:00,P030,E00304
2025-10-08,EXTRA,2025-10-08T20:00:00,2025-10-08T21:00:00,P043,E00379
2025-10-08,EXTRA,2025-10-08T21:00:00,2025-10-08T22:00:00,P026,E00252
2025-10-08,EXTRA,2025-10-08T22:00:00,2025-10-08T22:25:00,P007,E00076
2025-10-08,FACTUAL,2025-10-08T08:00:00,2025-10-08T09:00:00,P037,E00323
2025-10-08,FACTUAL,2025-10-08T09:00:00,2025-10-08T10:00:00,P058,E00525
2025-10-08,FACTUAL,2025-10-08T10:00:00,2025-10-08T11:00:00,P037,E00319
2025-10-08,FACTUAL,2025-10-08T12:00:00,2025-10-08T13:00:00,P056,E00509
2025-10-08,FACTUAL,2025-10-08T14:00:00,2025-10-08T15:00:00,P055,E00502
2025-10-08,FACTUAL,2025-10-08T16:00:00,2025-10-08T17:00:00,P055,E00500
2025-10-08,FACTUAL,2025-10-08T18:00:00,2025-10-08T19:00:00,P038,E00330
2025-10-08,FACTUAL,2025-10-08T20:00:00,2025-10-08T21:00:00,P057,E00521
2025-10-08,FACTUAL,2025-10-08T21:00:00,2025-10-08T22:00:00,P055,E00500
2025-10-08,FACTUAL,2025-10-08T22:00:00,2025-10-08T23:00:00,P058,E00525
2025-10-08,MOVIES,2025-10-08T09:00:00,2025-10-08T11:00:00,P032,E00308
2025-10-08,MOVIES,2025-10-08T12:00:00,2025-10-08T14:08:00,P034,E00310
2025-10-08,MOVIES,2025-10-08T15:00:00,2025-10-08T16:56:00,P033,E00309
2025-10-08,MOVIES,2025-10-08T18:00:00,2025-10-08T20:28:00,P032,E00308
2025-10-08,MOVIES,2025-10-08T21:00:00,2025-10-08T23:12:00,P035,E00311
2025-10-08,MOVIES,2025-10-08T23:00:00,2025-10-09T00:35:00,P035,E00311
2025-10-08,CATCHUP,2025-10-08T08:00:00,2025-10-08T09:00:00,P062,E00557
2025-10-08,CATCHUP,2025-10-08T10:00:00,2025-10-08T11:00:00,P012,E00128
2025-10-08,CATCHUP,2025-10-08T12:00:00,2025-10-08T13:00:00,P062,E00553
2025-10-08,CATCHUP,2025-10-08T14:00:00,2025-10-08T15:00:00,P002,E00007
2025-10-08,CATCHUP,2025-10-08T16:00:00,2025-10-08T17:00:00,P001,E00001
2025-10-08,CATCHUP,2025-10-08T18:00:00,2025-10-08T19:00:00,P062,E00557
2025-10-08,CATCHUP,2025-10-08T20:00:00,2025-10-08T21:00:00,P001,E00002
2025-10-08,CATCHUP,2025-10-08T21:00:00,2025-10-08T22:00:00,P013,E00132
2025-10-08,CATCHUP,2025-10-08T22:00:00,2025-10-08T23:00:00,P012,E00130
2025-10-09,MAIN,2025-10-09T06:00:00,2025-10-09T06:25:00,P049,E00439
2025-10-09,MAIN,2025-10-09T06:00:00,2025-10-09T06:30:00,P053,E00487
2025-10-09,MAIN,2025-10-09T07:00:00,2025-10-09T07:55:00,P022,E00207
2025-10-09,MAIN,2025-10-09T08:00:00,2025-10-09T08:25:00,P001,E00003
2025-10-09,MAIN,2025-10-09T09:00:00,2025-10-09T09:45:00,P014,E00142
2025-10-09,MAIN,2025-10-09T10:00:00,2025-10-09T10:45:00,P051,E00446
2025-10-09,MAIN,2025-10-09T12:00:00,2025-10-09T13:00:00,P023,E00217
2025-10-09,MAIN,2025-10-09T13:00:00,2025-10-09T13:30:00,P057,E00516
2025-10-09,MAIN,2025-10-09T14:00:00,2025-10-09T14:30:00,P053,E00473
2025-10-09,MAIN,2025-10-09T15:00:00,2025-10-09T15:30:00,P004,E00040
2025-10-09,MAIN,2025-10-09T16:00:00,2025-10-09T16:30:00,P029,E00302
2025-10-09,MAIN,2025-10-09T17:00:00,2025-10-09T17:55:00,P027,E00258
2025-10-09,MAIN,2025-10-09T19:00:00,2025-10-09T19:55:00,P027,E00263
2025-10-09,MAIN,2025-10-09T20:00:00,2025-10-09T21:00:00,P025,E00247
2025-10-09,MAIN,2025-10-09T21:00:00,2025-10-09T22:00:00,P040,E00349
2025-10-09,MAIN,2025-10-09T22:00:00,2025-10-09T22:55:00,P007,E00087
2025-10-09,MAIN,2025-10-09T23:00:00,2025-10-09T23:55:00,P057,E00522
2025-10-09,EXTRA,2025-10-09T07:00:00,2025-10-09T07:25:00,P007,E00079
2025-10-09,EXTRA,2025-10-09T07:00:00,2025-10-09T07:30:00,P028,E00284
2025-10-09,EXTRA,2025-10-09T08:00:00,2025-10-09T08:25:00,P027,E00268
2025-10-09,EXTRA,2025-10-09T09:00:00,2025-10-09T09:50:00,P026,E00253
2025-10-09,EXTRA,2025-10-09T10:00:00,2025-10-09T10:50:00,P026,E00253
2025-10-09,EXTRA,2025-10-09T12:00:00,2025-10-09T12:50:00,P042,E00364
2025-10-09,EXTRA,2025-10-09T13:00:00,2025-10-09T13:25:00,P027,E00261
2025-10-09,EXTRA,2025-10-09T14:00:00,2025-10-09T14:25:00,P028,E00282
2025-10-09,EXTRA,2025-10-09T15:00:00,2025-10-09T15:25:00,P028,E00272
2025-10-09,EXTRA,2025-10-09T16:00:00,2025-10-09T16:25:00,P006,E00071
2025-10-09,EXTRA,2025-10-09T17:00:00,2025-10-09T17:50:00,P027,E00261
2025-10-09,EXTRA,2025-10-09T18:00:00,2025-10-09T18:25:00,P007,E00087
2025-10-09,EXTRA,2025-10-09T19:00:00,2025-10-09T19:25:00,P030,E00303
2025-10-09,EXTRA,2025-10-09T20:00:00,2025-10-09T21:00:00,P044,E00406
2025-10-09,EXTRA,2025-10-09T21:00:00,2025-10-09T22:00:00,P028,E00289
2025-10-09,EXTRA,2025-10-09T22:00:00,2025-10-09T22:25:00,P044,E00398
2025-10-09,FACTUAL,2025-10-09T08:00:00,2025-10-09T09:00:00,P036,E00312
2025-10-09,FACTUAL,2025-10-09T09:00:00,2025-10-09T10:00:00,P055,E00501
2025-10-09,FACTUAL,2025-10-09T10:00:00,2025-10-09T11:00:00,P039,E00340
2025-10-09,FACTUAL,2025-10-09T12:00:00,2025-10-09T13:00:00,P058,E00525
2025-10-09,FACTUAL,2025-10-09T14:00:00,2025-10-09T15:00:00,P040,E00347
2025-10-09,FACTUAL,2025-10-09T16:00:00,2025-10-09T17:00:00,P039,E00335
2025-10-09,FACTUAL,2025-10-09T18:00:00,2025-10-09T19:00:00,P036,E00315
2025-10-09,FACTUAL,2025-10-09T20:00:00,2025-10-09T21:00:00,P009,E00103
2025-10-09,FACTUAL,2025-10-09T21:00:00,2025-10-09T22:00:00,P057,E00517
2025-10-09,FACTUAL,2025-10-09T22:00:00,2025-10-09T23:00:00,P036,E00314
2025-10-09,MOVIES,2025-10-09T09:00:00,2025-10-09T11:00:00,P031,E00307
2025-10-09,MOVIES,2025-10-09T12:00:00,2025-10-09T14:08:00,P031,E00307
2025-10-09,MOVIES,2025-10-09T15:00:00,2025-10-09T16:56:00,P035,E00311
2025-10-09,MOVIES,2025-10-09T18:00:00,2025-10-09T20:28:00,P032,E00308
2025-10-09,MOVIES,2025-10-09T21:00:00,2025-10-09T23:12:00,P031,E00307
2025-10-09,MOVIES,2025-10-09T23:00:00,2025-10-10T00:35:00,P032,E00308
2025-10-09,CATCHUP,2025-10-09T08:00:00,2025-10-09T09:00:00,P061,E00548
2025-10-09,CATCHUP,2025-10-09T10:00:00,2025-10-09T11:00:00,P012,E00120
2025-10-09,CATCHUP,2025-10-09T12:00:00,2025-10-09T13:00:00,P001,E00004
2025-10-09,CATCHUP,2025-10-09T14:00:00,2025-10-09T15:00:00,P002,E00009
2025-10-09,CATCHUP,2025-10-09T16:00:00,2025-10-09T17:00:00,P013,E00135
2025-10-09,CATCHUP,2025-10-09T18:00:00,2025-10-09T19:00:00,P061,E00551
2025-10-09,CATCHUP,2025-10-09T20:00:00,2025-10-09T21:00:00,P003,E00022
2025-10-09,CATCHUP,2025-10-09T21:00:00,2025-10-09T22:00:00,P062,E00557
2025-10-09,CATCHUP,2025-10-09T22:00:00,2025-10-09T23:00:00,P002,E00008
2025-10-10,MAIN,2025-10-10T06:00:00,2025-10-10T06:25:00,P012,E00126
2025-10-10,MAIN,2025-10-10T06:00:00,2025-10-10T06:30:00,P003,E00018
2025-10-10,MAIN,2025-10-10T07:00:00,2025-10-10T07:55:00,P029,E00298
2025-10-10,MAIN,2025-10-10T08:00:00,2025-10-10T08:25:00,P017,E00164
2025-10-10,MAIN,2025-10-10T09:00:00,2025-10-10T09:45:00,P060,E00537
2025-10-10,MAIN,2025-10-10T10:00:00,2025-10-10T10:45:00,P043,E00379
2025-10-10,MAIN,2025-10-10T12:00:00,2025-10-10T13:00:00,P010,E00105
2025-10-10,MAIN,2025-10-10T13:00:00,2025-10-10T13:30:00,P006,E00067
2025-10-10,MAIN,2025-10-10T14:00:00,2025-10-10T14:30:00,P023,E00226
2025-10-10,MAIN,2025-10-10T15:00:00,2025-10-10T15:30:00,P027,E00268
2025-10-10,MAIN,2025-10-10T16:00:00,2025-10-10T16:30:00,P044,E00399
2025-10-10,MAIN,2025-10-10T17:00:00,2025-10-10T17:55:00,P042,E00363
2025-10-10,MAIN,2025-10-10T19:00:00,2025-10-10T19:55:00,P060,E00539
2025-10-10,MAIN,2025-10-10T20:00:00,2025-10-10T21:00:00,P059,E00531
2025-10-10,MAIN,2025-10-10T21:00:00,2025-10-10T22:00:00,P027,E00264
2025-10-10,MAIN,2025-10-10T22:00:00,2025-10-10T22:55:00,P050,E00444
2025-10-10,MAIN,2025-10-10T23:00:00,2025-10-10T23:55:00,P043,E00385
2025-10-10,EXTRA,2025-10-10T07:00:00,2025-10-10T07:25:00,P045,E00410
2025-10-10,EXTRA,2025-10-10T07:00:00,2025-10-10T07:30:00,P027,E00262
2025-10-10,EXTRA,2025-10-10T08:00:00,2025-10-10T08:25:00,P030,E00303
2025-10-10,EXTRA,2025-10-10T09:00:00,2025-10-10T09:50:00,P006,E00066
2025-10-10,EXTRA,2025-10-10T10:00:00,2025-10-10T10:50:00,P006,E00069
2025-10-10,EXTRA,2025-10-10T12:00:00,2025-10-10T12:50:00,P007,E00076
2025-10-10,EXTRA,2025-10-10T13:00:00,2025-10-10T13:25:00,P027,E00268
2025-10-10,EXTRA,2025-10-10T14:00:00,2025-10-10T14:25:00,P045,E00409
2025-10-10,EXTRA,2025-10-10T15:00:00,2025-10-10T15:25:00,P028,E00276
2025-10-10,EXTRA,2025-10-10T16:00:00,2025-10-10T16:25:00,P029,E00293
2025-10-10,EXTRA,2025-10-10T17:00:00,2025-10-10T17:50:00,P026,E00254
2025-10-10,EXTRA,2025-10-10T18:00:00,2025-10-10T18:25:00,P027,E00266
2025-10-10,EXTRA,2025-10-10T19:00:00,2025-10-10T19:25:00,P044,E00399
2025-10-10,EXTRA,2025-10-10T20:00:00,2025-10-10T21:00:00,P025,E00246
2025-10-10,EXTRA,2025-10-10T21:00:00,2025-10-10T22:00:00,P007,E00080
2025-10-10,EXTRA,2025-10-10T22:00:00,2025-10-10T22:25:00,P043,E00380
2025-10-10,FACTUAL,2025-10-10T08:00:00,2025-10-10T09:00:00,P037,E00320
2025-10-10,FACTUAL,2025-10-10T09:00:00,2025-10-10T10:00:00,P058,E00526
2025-10-10,FACTUAL,2025-10-10T10:00:00,2025-10-10T11:00:00,P058,E00525
2025-10-10,FACTUAL,2025-10-10T12:00:00,2025-10-10T13:00:00,P040,E00350
2025-10-10,FACTUAL,2025-10-10T14:00:00,2025-10-10T15:00:00,P036,E00316
2025-10-10,FACTUAL,2025-10-10T16:00:00,2025-10-10T17:00:00,P009,E00103
2025-10-10,FACTUAL,2025-10-10T18:00:00,2025-10-10T19:00:00,P056,E00509
2025-10-10,FACTUAL,2025-10-10T20:00:00,2025-10-10T21:00:00,P056,E00510
2025-10-10,FACTUAL,2025-10-10T21:00:00,2025-10-10T22:00:00,P038,E00333
2025-10-10,FACTUAL,2025-10-10T22:00:00,2025-10-10T23:00:00,P009,E00096
2025-10-10,MOVIES,2025-10-10T09:00:00,2025-10-10T11:00:00,P031,E00307
2025-10-10,MOVIES,2025-10-10T12:00:00,2025-10-10T14:08:00,P033,E00309
2025-10-10,MOVIES,2025-10-10T15:00:00,2025-10-10T16:56:00,P034,E00310
2025-10-10,MOVIES,2025-10-10T18:00:00,2025-10-10T20:28:00,P034,E00310
2025-10-10,MOVIES,2025-10-10T21:00:00,2025-10-10T23:12:00,P035,E00311
2025-10-10,MOVIES,2025-10-10T23:00:00,2025-10-11T00:35:00,P031,E00307
2025-10-10,CATCHUP,2025-10-10T08:00:00,2025-10-10T09:00:00,P001,E00004
2025-10-10,CATCHUP,2025-10-10T10:00:00,2025-10-10T11:00:00,P062,E00558
2025-10-10,CATCHUP,2025-10-10T12:00:00,2025-10-10T13:00:00,P061,E00547
2025-10-10,CATCHUP,2025-10-10T14:00:00,2025-10-10T15:00:00,P001,E00002
2025-10-10,CATCHUP,2025-10-10T16:00:00,2025-10-10T17:00:00,P061,E00548
2025-10-10,CATCHUP,2025-10-10T18:00:00,2025-10-10T19:00:00,P001,E00003
2025-10-10,CATCHUP,2025-10-10T20:00:00,2025-10-10T21:00:00,P061,E00546
2025-10-10,CATCHUP,2025-10-10T21:00:00,2025-10-10T22:00:00,P012,E00123
2025-10-10,CATCHUP,2025-10-10T22:00:00,2025-10-10T23:00:00,P001,E00003
2025-10-11,MAIN,2025-10-11T06:00:00,2025-10-11T06:25:00,P060,E00540
2025-10-11,MAIN,2025-10-11T06:00:00,2025-10-11T06:30:00,P061,E00551
2025-10-11,MAIN,2025-10-11T07:00:00,2025-10-11T07:55:00,P007,E00079
2025-10-11,MAIN,2025-10-11T08:00:00,2025-10-11T08:25:00,P009,E00099
2025-10-11,MAIN,2025-10-11T09:00:00,2025-10-11T09:45:00,P054,E00495
2025-10-11,MAIN,2025-10-11T10:00:00,2025-10-11T10:45:00,P056,E00513
2025-10-11,MAIN,2025-10-11T12:00:00,2025-10-11T13:00:00,P018,E00178
2025-10-11,MAIN,2025-10-11T13:00:00,2025-10-11T13:30:00,P045,E00408
2025-10-11,MAIN,2025-10-11T14:00:00,2025-10-11T14:30:00,P013,E00138
2025-10-11,MAIN,2025-10-11T15:00:00,2025-10-11T15:30:00,P014,E00147
2025-10-11,MAIN,2025-10-11T16:00:00,2025-10-11T16:30:00,P027,E00267
2025-10-11,MAIN,2025-10-11T17:00:00,2025-10-11T17:55:00,P037,E00323
2025-10-11,MAIN,2025-10-11T19:00:00,2025-10-11T19:55:00,P039,E00339
2025-10-11,MAIN,2025-10-11T20:00:00,2025-10-11T21:00:00,P059,E00527
2025-10-11,MAIN,2025-10-11T21:00:00,2025-10-11T22:00:00,P038,E00326
2025-10-11,MAIN,2025-10-11T22:00:00,2025-10-11T22:55:00,P005,E00050
2025-10-11,MAIN,2025-10-11T23:00:00,2025-10-11T23:55:00,P052,E00468
2025-10-11,EXTRA,2025-10-11T07:00:00,2025-10-11T07:25:00,P044,E00398
2025-10-11,EXTRA,2025-10-11T07:00:00,2025-10-11T07:30:00,P006,E00071
2025-10-11,EXTRA,2025-10-11T08:00:00,2025-10-11T08:25:00,P007,E00072
2025-10-11,EXTRA,2025-10-11T09:00:00,2025-10-11T09:50:00,P028,E00276
2025-10-11,EXTRA,2025-10-11T10:00:00,2025-10-11T10:50:00,P029,E00291
2025-10-11,EXTRA,2025-10-11T12:00:00,2025-10-11T12:50:00,P029,E00291
2025-10-11,EXTRA,2025-10-11T13:00:00,2025-10-11T13:25:00,P045,E00408
2025-10-11,EXTRA,2025-10-11T14:00:00,2025-10-11T14:25:00,P043,E00384
2025-10-11,EXTRA,2025-10-11T15:00:00,2025-10-11T15:25:00,P042,E00368
2025-10-11,EXTRA,2025-10-11T16:00:00,2025-10-11T16:25:00,P045,E00412
2025-10-11,EXTRA,2025-10-11T17:00:00,2025-10-11T17:50:00,P044,E00406
2025-10-11,EXTRA,2025-10-11T18:00:00,2025-10-11T18:25:00,P027,E00266
2025-10-11,EXTRA,2025-10-11T19:00:00,2025-10-11T19:25:00,P026,E00252
2025-10-11,EXTRA,2025-10-11T20:00:00,2025-10-11T21:00:00,P043,E00393
2025-10-11,EXTRA,2025-10-11T21:00:00,2025-10-11T22:00:00,P007,E00086
2025-10-11,EXTRA,2025-10-11T22:00:00,2025-10-11T22:25:00,P028,E00285
2025-10-11,FACTUAL,2025-10-11T08:00:00,2025-10-11T09:00:00,P009,E00103
2025-10-11,FACTUAL,2025-10-11T09:00:00,2025-10-11T10:00:00,P055,E00503
2025-10-11,FACTUAL,2025-10-11T10:00:00,2025-10-11T11:00:00,P038,E00328
2025-10-11,FACTUAL,2025-10-11T12:00:00,2025-10-11T13:00:00,P037,E00319
2025-10-11,FACTUAL,2025-10-11T14:00:00,2025-10-11T15:00:00,P036,E00315
2025-10-11,FACTUAL,2025-10-11T16:00:00,2025-10-11T17:00:00,P036,E00313
2025-10-11,FACTUAL,2025-10-11T18:00:00,2025-10-11T19:00:00,P009,E00098
2025-10-11,FACTUAL,2025-10-11T20:00:00,2025-10-11T21:00:00,P039,E00337
2025-10-11,FACTUAL,2025-10-11T21:00:00,2025-10-11T22:00:00,P039,E00338
2025-10-11,FACTUAL,2025-10-11T22:00:00,2025-10-11T23:00:00,P056,E00508
2025-10-11,MOVIES,2025-10-11T09:00:00,2025-10-11T11:00:00,P031,E00307
2025-10-11,MOVIES,2025-10-11T12:00:00,2025-10-11T14:08:00,P032,E00308
2025-10-11,MOVIES,2025-10-11T15:00:00,2025-10-11T16:56:00,P035,E00311
2025-10-11,MOVIES,2025-10-11T18:00:00,2025-10-11T20:28:00,P032,E00308
2025-10-11,MOVIES,2025-10-11T21:00:00,2025-10-11T23:12:00,P035,E00311
2025-10-11,MOVIES,2025-10-11T23:00:00,2025-10-12T00:35:00,P033,E00309
2025-10-11,CATCHUP,2025-10-11T08:00:00,2025-10-11T09:00:00,P002,E00008
2025-10-11,CATCHUP,2025-10-11T10:00:00,2025-10-11T11:00:00,P002,E00008
2025-10-11,CATCHUP,2025-10-11T12:00:00,2025-10-11T13:00:00,P062,E00559
2025-10-11,CATCHUP,2025-10-11T14:00:00,2025-10-11T15:00:00,P001,E00005
2025-10-11,CATCHUP,2025-10-11T16:00:00,2025-10-11T17:00:00,P012,E00128
2025-10-11,CATCHUP,2025-10-11T18:00:00,2025-10-11T19:00:00,P002,E00006
2025-10-11,CATCHUP,2025-10-11T20:00:00,2025-10-11T21:00:00,P061,E00549
2025-10-11,CATCHUP,2025-10-11T21:00:00,2025-10-11T22:00:00,P013,E00136
2025-10-11,CATCHUP,2025-10-11T22:00:00,2025-10-11T23:00:00,P003,E00030
2025-10-12,MAIN,2025-10-12T06:00:00,2025-10-12T06:25:00,P045,E00412
2025-10-12,MAIN,2025-10-12T06:00:00,2025-10-12T06:30:00,P019,E00185
2025-10-12,MAIN,2025-10-12T07:00:00,2025-10-12T07:55:00,P050,E00441
2025-10-12,MAIN,2025-10-12T08:00:00,2025-10-12T08:25:00,P036,E00312
2025-10-12,MAIN,2025-10-12T09:00:00,2025-10-12T09:45:00,P022,E00206
2025-10-12,MAIN,2025-10-12T10:00:00,2025-10-12T10:45:00,P047,E00424
2025-10-12,MAIN,2025-10-12T12:00:00,2025-10-12T13:00:00,P062,E00556
2025-10-12,MAIN,2025-10-12T13:00:00,2025-10-12T13:30:00,P017,E00171
2025-10-12,MAIN,2025-10-12T14:00:00,2025-10-12T14:30:00,P052,E00470
2025-10-12,MAIN,2025-10-12T15:00:00,2025-10-12T15:30:00,P020,E00193
2025-10-12,MAIN,2025-10-12T16:00:00,2025-10-12T16:30:00,P010,E00112
2025-10-12,MAIN,2025-10-12T17:00:00,2025-10-12T17:55:00,P055,E00501
2025-10-12,MAIN,2025-10-12T19:00:00,2025-10-12T19:55:00,P004,E00043
2025-10-12,MAIN,2025-10-12T20:00:00,2025-10-12T21:00:00,P026,E00253
2025-10-12,MAIN,2025-10-12T21:00:00,2025-10-12T22:00:00,P050,E00442
2025-10-12,MAIN,2025-10-12T22:00:00,2025-10-12T22:55:00,P053,E00473
2025-10-12,MAIN,2025-10-12T23:00:00,2025-10-12T23:55:00,P048,E00430
2025-10-12,EXTRA,2025-10-12T07:00:00,2025-10-12T07:25:00,P042,E00367
2025-10-12,EXTRA,2025-10-12T07:00:00,2025-10-12T07:30:00,P044,E00402
2025-10-12,EXTRA,2025-10-12T08:00:00,2025-10-12T08:25:00,P044,E00407
2025-10-12,EXTRA,2025-10-12T09:00:00,2025-10-12T09:50:00,P026,E00255
2025-10-12,EXTRA,2025-10-12T10:00:00,2025-10-12T10:50:00,P030,E00304
2025-10-12,EXTRA,2025-10-12T12:00:00,2025-10-12T12:50:00,P043,E00385
2025-10-12,EXTRA,2025-10-12T13:00:00,2025-10-12T13:25:00,P025,E00249
2025-10-12,EXTRA,2025-10-12T14:00:00,2025-10-12T14:25:00,P025,E00248
2025-10-12,EXTRA,2025-10-12T15:00:00,2025-10-12T15:25:00,P025,E00247
2025-10-12,EXTRA,2025-10-12T16:00:00,2025-10-12T16:25:00,P006,E00061
2025-10-12,EXTRA,2025-10-12T17:00:00,2025-10-12T17:50:00,P028,E00287
2025-10-12,EXTRA,2025-10-12T18:00:00,2025-10-12T18:25:00,P028,E00279
2025-10-12,EXTRA,2025-10-12T19:00:00,2025-10-12T19:25:00,P027,E00263
2025-10-12,EXTRA,2025-10-12T20:00:00,2025-10-12T21:00:00,P028,E00278
2025-10-12,EXTRA,2025-10-12T21:00:00,2025-10-12T22:00:00,P030,E00304
2025-10-12,EXTRA,2025-10-12T22:00:00,2025-10-12T22:25:00,P025,E00247
2025-10-12,FACTUAL,2025-10-12T08:00:00,2025-10-12T09:00:00,P037,E00318
2025-10-12,FACTUAL,2025-10-12T09:00:00,2025-10-12T10:00:00,P055,E00501
2025-10-12,FACTUAL,2025-10-12T10:00:00,2025-10-12T11:00:00,P040,E00349
2025-10-12,FACTUAL,2025-10-12T12:00:00,2025-10-12T13:00:00,P055,E00503
2025-10-12,FACTUAL,2025-10-12T14:00:00,2025-10-12T15:00:00,P040,E00347
2025-10-12,FACTUAL,2025-10-12T16:00:00,2025-10-12T17:00:00,P057,E00522
2025-10-12,FACTUAL,2025-10-12T18:00:00,2025-10-12T19:00:00,P037,E00320
2025-10-12,FACTUAL,2025-10-12T20:00:00,2025-10-12T21:00:00,P036,E00316
2025-10-12,FACTUAL,2025-10-12T21:00:00,2025-10-12T22:00:00,P009,E00096
2025-10-12,FACTUAL,2025-10-12T22:00:00,2025-10-12T23:00:00,P057,E00517
2025-10-12,MOVIES,2025-10-12T09:00:00,2025-10-12T11:00:00,P035,E00311
2025-10-12,MOVIES,2025-10-12T12:00:00,2025-10-12T14:08:00,P034,E00310
2025-10-12,MOVIES,2025-10-12T15:00:00,2025-10-12T16:56:00,P034,E00310
2025-10-12,MOVIES,2025-10-12T18:00:00,2025-10-12T20:28:00,P032,E00308
2025-10-12,MOVIES,2025-10-12T21:00:00,2025-10-12T23:12:00,P032,E00308
2025-10-12,MOVIES,2025-10-12T23:00:00,2025-10-13T00:35:00,P034,E00310
2025-10-12,CATCHUP,2025-10-12T08:00:00,2025-10-12T09:00:00,P062,E00557
2025-10-12,CATCHUP,2025-10-12T10:00:00,2025-10-12T11:00:00,P012,E00130
2025-10-12,CATCHUP,2025-10-12T12:00:00,2025-10-12T13:00:00,P062,E00553
2025-10-12,CATCHUP,2025-10-12T14:00:00,2025-10-12T15:00:00,P002,E00008
2025-10-12,CATCHUP,2025-10-12T16:00:00,2025-10-12T17:00:00,P013,E00133
2025-10-12,CATCHUP,2025-10-12T18:00:00,2025-10-12T19:00:00,P001,E00001
2025-10-12,CATCHUP,2025-10-12T20:00:00,2025-10-12T21:00:00,P061,E00548
2025-10-12,CATCHUP,2025-10-12T21:00:00,2025-10-12T22:00:00,P001,E00002
2025-10-12,CATCHUP,2025-10-12T22:00:00,2025-10-12T23:00:00,P012,E00121
