user_id,registration_date,demographic_id,is_active
U000001,2023-06-22,D006,True
U000002,2023-06-12,D015,True
U000003,2024-08-02,D012,True
U000004,2023-07-02,D011,True
U000005,2025-09-24,D006,True
U000006,2025-05-27,D012,True
U000007,2024-12-14,D003,True
U000008,2025-06-10,D010,True
U000009,2023-01-19,D010,True
U000010,2023-07-31,D002,True
U000011,2024-09-22,D013,True
U000012,2024-12-08,D008,True
U000013,2023-10-12,D016,True
U000014,2023-03-02,D010,True
U000015,2025-01-04,D001,True
U000016,2024-05-26,D015,True
U000017,2024-02-22,D008,True
U000018,2023-12-08,D010,True
U000019,2023-06-30,D016,True
U000020,2025-09-08,D013,True
U000021,2024-08-18,D006,True
U000022,2023-01-19,D011,True
U000023,2024-08-24,D005,True
U000024,2025-09-11,D005,True
U000025,2024-03-22,D010,True
U000026,2023-09-19,D003,True
U000027,2023-08-25,D016,True
U000028,2024-05-17,D014,True
U000029,2023-07-04,D015,True
U000030,2023-01-21,D003,True
U000031,2023-02-01,D014,True
U000032,2024-10-17,D014,True
U000033,2025-07-24,D008,True
U000034,2024-03-05,D010,True
U000035,2024-02-29,D005,True
U000036,2025-08-21,D004,True
U000037,2024-02-14,D015,True
U000038,2025-01-11,D008,True
U000039,2024-02-20,D002,True
U000040,2025-07-06,D009,True
U000041,2023-06-02,D007,True
U000042,2023-03-25,D016,True
U000043,2023-08-19,D005,True
U000044,2023-10-02,D007,True
U000045,2023-03-03,D013,True
U000046,2024-01-08,D010,True
U000047,2023-03-27,D015,True
U000048,2025-07-09,D016,True
U000049,2025-02-20,D005,True
U000050,2025-11-20,D002,True
U000051,2025-04-23,D001,True
U000052,2025-10-31,D004,True
U000053,2024-07-26,D006,True
U000054,2023-03-04,D014,True
U000055,2023-09-01,D002,True
U000056,2023-10-14,D006,True
U000057,2024-03-17,D003,True
U000058,2024-03-12,D016,True
U000059,2024-03-09,D011,True
U000060,2025-05-25,D009,True
U000061,2025-10-05,D013,True
U000062,2023-07-04,D004,True
U000063,2025-12-03,D001,True
U000064,2025-12-28,D009,True
U000065,2024-01-08,D016,True
U000066,2024-12-21,D009,True
U000067,2025-02-14,D006,True
U000068,2023-04-16,D010,True
U000069,2023-10-16,D014,True
U000070,2024-01-16,D005,True
U000071,2024-05-01,D007,True
U000072,2025-10-01,D012,True
U000073,2025-05-10,D015,True
U000074,2025-04-21,D015,True
U000075,2025-02-16,D011,True
U000076,2025-08-23,D006,True
U000077,2024-10-13,D009,True
U000078,2024-11-05,D008,True
U000079,2024-03-01,D008,True
U000080,2023-07-31,D015,True
U000081,2023-11-28,D015,True
U000082,2023-04-15,D016,True
U000083,2023-07-06,D007,True
U000084,2024-08-05,D005,True
U000085,2023-10-29,D011,True
U000086,2023-01-07,D016,True
U000087,2024-03-11,D002,True
U000088,2024-11-03,D003,True
U000089,2025-12-13,D010,True
U000090,2023-07-19,D003,True
U000091,2024-07-24,D001,True
U000092,2023-05-13,D016,True
U000093,2025-07-31,D006,True
U000094,2023-02-21,D001,True
U000095,2023-09-08,D003,True
U000096,2025-10-20,D016,True
U000097,2024-07-08,D013,True
U000098,2023-10-19,D014,True
U000099,2023-03-19,D009,True
U000100,2023-05-05,D005,True
U000101,2025-06-30,D015,True
U000102,2025-04-30,D006,True
U000103,2024-05-17,D008,True
U000104,2023-12-08,D013,True
U000105,2023-08-18,D008,True
U000106,2025-09-19,D007,True
U000107,2025-02-20,D012,True
U000108,2024-11-23,D013,True
U000109,2023-12-01,D005,True
U000110,2023-12-20,D011,True
U000111,2023-01-07,D015,True
U000112,2023-11-15,D016,True
U000113,2024-11-03,D011,True
U000114,2025-12-10,D016,True
U000115,2025-06-23,D002,True
U000116,2023-03-15,D006,True
U000117,2023-01-26,D008,True
U000118,2024-05-01,D015,True
U000119,2023-11-02,D009,True
U000120,2023-09-03,D003,True
U000121,2024-12-21,D013,True
U000122,2025-07-04,D009,True
U000123,2024-11-07,D013,True
U000124,2024-09-03,D004,True
U000125,2023-10-15,D006,True
U000126,2023-07-12,D011,True
U000127,2023-10-16,D010,True
U000128,2024-07-26,D008,True
U000129,2025-10-14,D011,True
U000130,2025-08-23,D011,True
U000131,2023-10-18,D013,True
U000132,2024-10-12,D001,True
U000133,2025-08-27,D013,True
U000134,2024-11-15,D013,True
U000135,2025-03-09,D004,True
U000136,2025-09-12,D012,True
U000137,2025-07-26,D013,True
U000138,2024-07-19,D002,True
U000139,2023-07-03,D015,True
U000140,2025-09-09,D010,True
U000141,2023-03-11,D004,True
U000142,2025-06-29,D007,True
U000143,2023-12-17,D007,True
U000144,2023-05-01,D008,True
U000145,2023-09-02,D012,True
U000146,2025-02-07,D016,True
U000147,2025-01-31,D011,True
U000148,2023-10-20,D015,True
U000149,2023-06-02,D016,True
U000150,2025-08-28,D011,True
U000151,2023-12-24,D010,True
U000152,2023-02-07,D002,True
U000153,2023-05-05,D003,True
U000154,2024-12-23,D013,True
U000155,2025-06-18,D011,True
U000156,2024-05-12,D006,True
U000157,2023-04-27,D001,True
U000158,2025-09-21,D005,True
U000159,2024-08-12,D007,True
U000160,2025-05-31,D007,True
U000161,2025-04-12,D013,True
U000162,2023-02-22,D007,True
U000163,2023-05-12,D009,True
U000164,2023-08-23,D001,True
U000165,2025-02-14,D003,True
U000166,2024-08-07,D014,True
U000167,2024-05-22,D003,True
U000168,2023-12-26,D016,True
U000169,2023-04-19,D003,True
U000170,2025-03-29,D003,True
U000171,2023-01-19,D009,True
U000172,2025-01-12,D012,True
U000173,2025-08-24,D012,True
U000174,2023-09-06,D003,True
U000175,2023-05-08,D014,True
U000176,2023-12-16,D011,True
U000177,2025-02-14,D005,True
U000178,2024-10-07,D012,True
U000179,2023-12-22,D005,True
U000180,2024-03-10,D016,True
U000181,2025-11-09,D014,True
U000182,2024-11-27,D001,True
U000183,2025-02-25,D005,True
U000184,2025-01-02,D008,True
U000185,2024-09-05,D012,True
U000186,2025-03-12,D015,True
U000187,2023-01-17,D016,True
U000188,2025-06-02,D012,True
U000189,2024-11-29,D012,True
U000190,2023-09-14,D010,True
U000191,2023-04-14,D006,True
U000192,2023-09-13,D010,True
U000193,2023-03-16,D009,True
U000194,2023-09-09,D009,True
U000195,2023-12-25,D011,True
U000196,2025-10-23,D015,True
U000197,2025-02-25,D008,True
U000198,2025-06-04,D001,True
U000199,2025-04-24,D012,True
U000200,2025-09-22,D002,True
U000201,2023-04-23,D011,True
U000202,2023-09-28,D010,True
U000203,2024-01-13,D001,True
U000204,2024-02-07,D004,True
U000205,2025-12-07,D011,True
U000206,2023-01-12,D001,True
U000207,2025-05-23,D001,True
U000208,2023-08-23,D016,True
U000209,2023-03-30,D009,True
U000210,2024-07-30,D016,True
U000211,2023-07-24,D003,True
U000212,2024-10-23,D015,True
U000213,2023-01-08,D014,True
U000214,2023-11-21,D007,True
U000215,2023-11-06,D010,True
U000216,2023-10-28,D011,True
U000217,2024-08-22,D008,True
U000218,2024-09-08,D010,True
U000219,2023-07-06,D015,True
U000220,2024-06-13,D014,True
U000221,2024-09-19,D007,True
U000222,2023-04-24,D005,True
U000223,2025-02-15,D014,True
U000224,2025-01-17,D004,True
U000225,2025-08-01,D012,True
U000226,2025-12-30,D006,True
U000227,2024-10-10,D016,True
U000228,2024-05-16,D007,True
U000229,2023-03-16,D008,True
U000230,2024-05-20,D011,True
U000231,2025-09-20,D011,True
U000232,2025-01-28,D004,True
U000233,2024-05-17,D001,True
U000234,2024-03-17,D001,True
U000235,2024-08-01,D016,True
U000236,2025-04-08,D014,True
U000237,2025-11-07,D016,True
U000238,2023-08-10,D006,True
U000239,2025-07-29,D009,True
U000240,2024-01-04,D016,True
U000241,2023-06-22,D008,True
U000242,2023-09-14,D013,True
U000243,2025-11-29,D011,True
U000244,2025-05-10,D003,True
U000245,2023-07-16,D010,True
U000246,2023-04-14,D008,True
U000247,2023-10-27,D014,True
U000248,2023-12-15,D007,True
U000249,2023-07-12,D012,True
U000250,2023-01-23,D015,True
U000251,2024-04-27,D012,True
U000252,2023-12-21,D015,True
U000253,2025-05-07,D008,True
U000254,2025-05-14,D009,True
U000255,2024-07-12,D009,True
U000256,2023-10-24,D003,True
U000257,2023-07-24,D008,True
U000258,2024-03-16,D006,True
U000259,2024-02-06,D016,True
U000260,2024-08-05,D016,True
U000261,2023-04-30,D016,True
U000262,2024-06-11,D008,True
U000263,2023-07-17,D006,True
U000264,2025-07-22,D005,True
U000265,2024-10-02,D009,True
U000266,2023-02-10,D015,True
U000267,2023-07-05,D012,True
U000268,2023-11-07,D003,True
U000269,2025-07-18,D016,True
U000270,2024-02-20,D012,True
U000271,2023-03-28,D008,True
U000272,2025-04-16,D006,True
U000273,2025-10-10,D001,True
U000274,2025-08-31,D011,True
U000275,2025-12-06,D011,True
U000276,2024-05-23,D012,True
U000277,2025-05-13,D015,True
U000278,2024-09-16,D013,True
U000279,2024-03-12,D012,True
U000280,2024-05-28,D002,True
U000281,2024-03-11,D003,True
U000282,2024-09-29,D009,True
U000283,2024-04-20,D006,True
U000284,2024-05-16,D014,True
U000285,2025-04-18,D016,True
U000286,2025-06-03,D005,True
U000287,2024-12-11,D008,True
U000288,2024-08-13,D002,True
U000289,2023-09-21,D011,True
U000290,2024-09-03,D007,True
U000291,2023-12-01,D007,True
U000292,2023-12-08,D016,True
U000293,2024-03-29,D001,True
U000294,2023-10-13,D006,True
U000295,2023-03-06,D006,True
U000296,2025-04-30,D013,True
U000297,2025-12-31,D016,True
U000298,2023-04-05,D011,True
U000299,2023-05-13,D005,True
U000300,2023-05-01,D007,True
U000301,2023-05-24,D014,True
U000302,2024-08-12,D002,True
U000303,2023-05-16,D015,True
U000304,2024-10-08,D008,True
U000305,2023-07-20,D013,True
U000306,2023-09-10,D001,True
U000307,2023-03-14,D016,True
U000308,2023-03-07,D011,True
U000309,2024-02-14,D001,True
U000310,2025-09-09,D010,True
U000311,2024-06-11,D012,True
U000312,2025-09-28,D015,True
U000313,2025-03-19,D013,True
U000314,2025-02-13,D001,True
U000315,2025-07-17,D001,True
U000316,2023-07-11,D008,True
U000317,2024-12-24,D005,True
U000318,2023-09-25,D012,True
U000319,2025-03-04,D015,True
U000320,2023-02-07,D006,True
U000321,2024-01-24,D010,True
U000322,2023-11-02,D008,True
U000323,2025-11-29,D011,True
U000324,2024-04-17,D003,True
U000325,2024-01-12,D014,True
U000326,2023-03-14,D004,True
U000327,2025-08-15,D015,True
U000328,2023-07-10,D011,True
U000329,2024-11-10,D015,True
U000330,2025-01-28,D009,True
U000331,2024-03-25,D003,True
U000332,2023-06-03,D002,True
U000333,2023-03-01,D010,True
U000334,2025-12-17,D016,True
U000335,2024-02-26,D011,True
U000336,2024-11-16,D001,True
U000337,2023-12-16,D007,True
U000338,2023-10-21,D011,True
U000339,2023-04-29,D005,True
U000340,2023-07-20,D007,True
U000341,2023-12-03,D002,True
U000342,2023-06-17,D001,True
U000343,2024-01-16,D003,True
U000344,2024-12-08,D002,True
U000345,2023-09-16,D014,True
U000346,2023-06-27,D006,True
U000347,2025-08-21,D005,True
U000348,2023-01-01,D004,True
U000349,2024-03-21,D013,True
U000350,2024-08-22,D015,True
U000351,2025-11-04,D006,True
U000352,2023-04-16,D011,True
U000353,2024-09-28,D015,True
U000354,2025-02-16,D004,True
U000355,2024-05-19,D006,True
U000356,2024-04-05,D003,True
U000357,2024-10-01,D016,True
U000358,2025-06-03,D016,True
U000359,2024-08-24,D001,True
U000360,2023-08-12,D007,True
U000361,2025-10-20,D012,True
U000362,2023-01-10,D007,True
U000363,2025-10-24,D014,True
U000364,2024-07-15,D007,True
U000365,2023-08-14,D004,True
U000366,2023-08-17,D015,True
U000367,2025-02-03,D007,True
U000368,2023-10-15,D014,True
U000369,2024-02-12,D014,True
U000370,2025-09-28,D013,True
U000371,2023-05-04,D016,True
U000372,2023-12-02,D012,True
U000373,2024-01-03,D015,True
U000374,2024-08-20,D011,True
U000375,2024-05-15,D004,True
U000376,2025-12-25,D011,True
U000377,2023-07-10,D016,True
U000378,2025-04-08,D012,True
U000379,2025-12-07,D010,True
U000380,2025-10-12,D006,True
U000381,2024-02-28,D003,True
U000382,2025-11-09,D011,True
U000383,2024-03-05,D015,True
U000384,2025-02-25,D007,True
U000385,2024-01-30,D016,True
U000386,2023-03-06,D010,True
U000387,2023-12-26,D016,True
U000388,2025-03-01,D002,True
U000389,2023-01-18,D001,True
U000390,2025-02-21,D010,True
U000391,2025-05-12,D001,True
U000392,2024-05-24,D003,True
U000393,2023-12-05,D002,True
U000394,2023-05-20,D010,True
U000395,2024-08-17,D004,True
U000396,2023-09-22,D013,True
U000397,2025-12-03,D004,True
U000398,2023-08-08,D004,True
U000399,2025-07-08,D011,True
U000400,2023-12-11,D013,True
U000401,2023-07-21,D003,True
U000402,2024-09-14,D010,True
U000403,2025-11-27,D009,True
U000404,2023-07-13,D012,True
U000405,2025-09-30,D002,True
U000406,2025-10-08,D010,True
U000407,2024-02-13,D010,True
U000408,2025-10-23,D005,True
U000409,2025-04-09,D016,True
U000410,2025-11-14,D013,True
U000411,2025-10-16,D013,True
U000412,2024-04-05,D010,True
U000413,2024-08-23,D011,True
U000414,2023-07-20,D012,True
U000415,2023-03-01,D002,True
U000416,2024-09-26,D013,True
U000417,2024-10-25,D007,True
U000418,2023-09-27,D010,True
U000419,2023-04-09,D005,True
U000420,2025-01-28,D010,True
U000421,2023-12-19,D011,True
U000422,2023-02-21,D004,True
U000423,2023-04-14,D002,True
U000424,2023-01-23,D008,True
U000425,2024-09-05,D012,True
U000426,2025-08-21,D010,True
U000427,2024-12-20,D009,True
U000428,2024-06-22,D014,True
U000429,2023-10-01,D008,True
U000430,2025-10-20,D002,True
U000431,2025-10-21,D009,True
U000432,2023-12-31,D007,True
U000433,2025-11-24,D009,True
U000434,2023-08-30,D016,True
U000435,2025-01-26,D011,True
U000436,2025-06-01,D010,True
U000437,2025-12-11,D013,True
U000438,2025-05-21,D015,True
U000439,2025-09-18,D015,True
U000440,2024-10-26,D003,True
U000441,2023-03-18,D001,True
U000442,2023-03-11,D004,True
U000443,2023-10-08,D014,True
U000444,2023-01-04,D004,True
U000445,2024-10-01,D001,True
U000446,2024-09-17,D010,True
U000447,2023-11-15,D004,True
U000448,2024-12-27,D004,True
U000449,2023-12-15,D002,True
U000450,2025-06-07,D013,True
U000451,2024-08-02,D011,True
U000452,2024-07-15,D014,True
U000453,2023-11-04,D005,True
U000454,2023-12-05,D015,True
U000455,2024-09-13,D004,True
U000456,2025-02-17,D012,True
U000457,2024-10-09,D014,True
U000458,2025-05-24,D005,True
U000459,2023-07-12,D013,True
U000460,2023-03-12,D015,True
U000461,2023-10-15,D006,True
U000462,2025-02-03,D012,True
U000463,2023-03-17,D010,True
U000464,2023-04-06,D009,True
U000465,2023-12-17,D002,True
U000466,2025-08-31,D015,True
U000467,2025-04-30,D015,True
U000468,2024-09-13,D008,True
U000469,2025-07-01,D011,True
U000470,2023-03-22,D004,True
U000471,2023-08-16,D002,True
U000472,2024-06-11,D006,True
U000473,2023-11-09,D003,True
U000474,2024-07-07,D009,True
U000475,2023-06-28,D003,True
U000476,2023-08-30,D011,True
U000477,2025-10-17,D009,True
U000478,2024-07-12,D004,True
U000479,2023-12-05,D006,True
U000480,2023-08-04,D009,True
U000481,2024-05-29,D012,True
U000482,2023-03-13,D005,True
U000483,2023-09-05,D010,True
U000484,2023-12-07,D009,True
U000485,2025-07-08,D004,True
U000486,2024-10-09,D015,True
U000487,2025-10-01,D009,True
U000488,2023-03-01,D016,True
U000489,2023-08-07,D005,True
U000490,2025-11-19,D007,True
U000491,2024-12-03,D015,True
U000492,2024-08-14,D013,True
U000493,2024-03-05,D006,True
U000494,2024-04-01,D006,True
U000495,2023-05-03,D014,True
U000496,2025-12-27,D016,True
U000497,2024-06-03,D004,True
U000498,2024-04-04,D014,True
U000499,2024-07-14,D009,True
U000500,2025-12-25,D006,True
U000501,2023-07-24,D004,True
U000502,2024-12-07,D012,True
U000503,2024-12-05,D010,True
U000504,2025-02-17,D011,True
U000505,2024-01-08,D011,True
U000506,2023-11-03,D003,True
U000507,2024-11-22,D005,True
U000508,2023-08-03,D005,True
U000509,2025-07-04,D007,True
U000510,2023-01-04,D009,True
U000511,2025-04-24,D012,True
U000512,2024-01-26,D003,True
U000513,2025-12-13,D012,True
U000514,2024-06-20,D005,True
U000515,2023-12-21,D005,True
U000516,2023-04-21,D011,True
U000517,2025-12-18,D012,True
U000518,2023-09-30,D002,True
U000519,2023-02-20,D009,True
U000520,2023-01-20,D006,True
U000521,2025-12-04,D015,True
U000522,2025-02-14,D016,True
U000523,2025-08-06,D005,True
U000524,2023-10-22,D007,True
U000525,2024-11-06,D010,True
U000526,2025-10-26,D006,True
U000527,2024-10-24,D016,True
U000528,2023-01-12,D004,True
U000529,2024-08-10,D005,True
U000530,2023-09-21,D016,True
U000531,2025-02-10,D015,True
U000532,2024-08-12,D008,True
U000533,2025-02-18,D014,True
U000534,2025-04-19,D015,True
U000535,2023-06-30,D014,True
U000536,2023-07-16,D010,True
U000537,2023-07-26,D011,True
U000538,2023-02-28,D004,True
U000539,2024-05-11,D013,True
U000540,2023-07-01,D015,True
U000541,2024-05-08,D005,True
U000542,2024-05-18,D009,True
U000543,2024-11-29,D003,True
U000544,2024-11-14,D014,True
U000545,2023-04-05,D012,True
U000546,2023-03-24,D006,True
U000547,2023-09-28,D014,True
U000548,2023-03-04,D009,True
U000549,2025-12-22,D011,True
U000550,2024-09-17,D013,True
U000551,2023-08-19,D015,True
U000552,2023-03-11,D007,True
U000553,2024-12-14,D002,True
U000554,2024-12-05,D003,True
U000555,2023-10-11,D004,True
U000556,2024-11-04,D004,True
U000557,2023-04-16,D015,True
U000558,2025-12-01,D011,True
U000559,2024-08-20,D010,True
U000560,2025-10-08,D007,True
U000561,2023-01-03,D008,True
U000562,2024-12-09,D007,True
U000563,2025-06-06,D011,True
U000564,2025-06-18,D001,True
U000565,2025-05-30,D013,True
U000566,2023-09-29,D009,True
U000567,2025-12-08,D006,True
U000568,2024-08-07,D014,True
U000569,2025-03-30,D002,True
U000570,2025-05-01,D008,True
U000571,2023-03-12,D012,True
U000572,2024-11-29,D003,True
U000573,2025-05-20,D012,True
U000574,2024-06-14,D008,True
U000575,2023-04-15,D004,True
U000576,2023-12-26,D016,True
U000577,2024-08-15,D009,True
U000578,2025-07-07,D011,True
U000579,2025-07-12,D001,True
U000580,2023-11-19,D014,True
U000581,2025-12-06,D014,True
U000582,2024-12-21,D008,True
U000583,2023-11-14,D012,True
U000584,2025-08-31,D010,True
U000585,2023-10-10,D002,True
U000586,2025-03-17,D014,True
U000587,2025-01-08,D005,True
U000588,2024-04-04,D016,True
U000589,2025-04-06,D005,True
U000590,2024-02-11,D004,True
U000591,2025-03-07,D014,True
U000592,2025-06-11,D008,True
U000593,2024-02-10,D002,True
U000594,2023-09-02,D005,True
U000595,2025-08-20,D002,True
U000596,2023-01-12,D010,True
U000597,2025-10-25,D003,True
U000598,2024-03-10,D016,True
U000599,2023-03-21,D001,True
U000600,2023-10-15,D005,True
U000601,2023-01-24,D003,True
U000602,2025-10-16,D016,True
U000603,2024-01-07,D006,True
U000604,2023-08-19,D013,True
U000605,2023-08-28,D012,True
U000606,2025-09-21,D007,True
U000607,2023-08-27,D003,True
U000608,2023-10-22,D006,True
U000609,2025-05-13,D010,True
U000610,2025-10-07,D015,True
U000611,2024-09-25,D016,True
U000612,2024-11-25,D002,True
U000613,2023-01-20,D015,True
U000614,2025-07-15,D009,True
U000615,2024-11-22,D001,True
U000616,2024-11-27,D001,True
U000617,2025-02-17,D001,True
U000618,2025-09-16,D011,True
U000619,2023-10-22,D006,True
U000620,2023-10-09,D002,True
U000621,2023-04-19,D001,True
U000622,2025-01-02,D010,True
U000623,2023-03-29,D010,True
U000624,2023-02-14,D011,True
U000625,2023-06-26,D006,True
U000626,2025-08-24,D008,True
U000627,2025-01-21,D015,True
U000628,2024-09-20,D004,True
U000629,2024-02-24,D006,True
U000630,2025-02-22,D007,True
U000631,2025-01-11,D005,True
U000632,2023-06-17,D006,True
U000633,2024-02-29,D009,True
U000634,2025-10-16,D004,True
U000635,2024-05-03,D008,True
U000636,2024-05-05,D016,True
U000637,2023-12-09,D010,True
U000638,2024-09-07,D003,True
U000639,2023-03-01,D013,True
U000640,2024-04-03,D012,True
U000641,2024-06-30,D015,True
U000642,2025-09-16,D002,True
U000643,2023-05-03,D006,True
U000644,2024-06-27,D014,True
U000645,2024-10-14,D013,True
U000646,2023-09-12,D008,True
U000647,2023-04-27,D012,True
U000648,2023-12-26,D012,True
U000649,2025-11-27,D009,True
U000650,2024-02-12,D008,True
U000651,2023-03-28,D012,True
U000652,2025-10-13,D001,True
U000653,2023-03-14,D015,True
U000654,2025-10-28,D002,True
U000655,2024-12-11,D004,True
U000656,2023-07-07,D005,True
U000657,2025-06-20,D003,True
U000658,2024-09-23,D012,True
U000659,2023-03-13,D001,True
U000660,2024-05-31,D007,True
U000661,2024-10-28,D008,True
U000662,2025-05-20,D012,True
U000663,2023-08-23,D014,True
U000664,2024-07-08,D001,True
U000665,2025-05-09,D002,True
U000666,2025-07-14,D010,True
U000667,2023-09-23,D001,True
U000668,2025-06-29,D007,True
U000669,2024-10-30,D011,True
U000670,2024-12-16,D001,True
U000671,2023-07-25,D006,True
U000672,2025-01-09,D013,True
U000673,2025-09-11,D007,True
U000674,2025-07-26,D013,True
U000675,2024-06-14,D005,True
U000676,2023-11-01,D013,True
U000677,2024-09-23,D008,True
U000678,2025-05-06,D013,True
U000679,2025-06-21,D010,True
U000680,2025-09-15,D005,True
U000681,2024-12-07,D004,True
U000682,2025-12-16,D003,True
U000683,2023-05-03,D003,True
U000684,2023-06-26,D004,True
U000685,2024-05-06,D011,True
U000686,2023-05-24,D009,True
U000687,2025-09-28,D011,True
U000688,2025-05-20,D012,True
U000689,2025-11-02,D003,True
U000690,2025-12-08,D001,True
U000691,2024-02-19,D014,True
U000692,2023-07-12,D008,True
U000693,2023-12-29,D006,True
U000694,2023-08-30,D008,True
U000695,2023-12-15,D012,True
U000696,2025-07-06,D016,True
U000697,2023-07-30,D008,True
U000698,2023-12-22,D006,True
U000699,2024-07-09,D004,True
U000700,2024-08-27,D001,True
U000701,2025-02-27,D006,True
U000702,2023-01-17,D013,True
U000703,2023-04-26,D004,True
U000704,2025-09-11,D013,True
U000705,2023-09-05,D011,True
U000706,2023-08-17,D001,True
U000707,2025-01-20,D010,True
U000708,2025-01-22,D007,True
U000709,2023-12-12,D015,True
U000710,2023-07-14,D015,True
U000711,2024-05-22,D003,True
U000712,2024-04-24,D002,True
U000713,2023-12-10,D016,True
U000714,2025-07-09,D016,True
U000715,2024-02-10,D007,True
U000716,2025-02-25,D005,True
U000717,2023-03-22,D016,True
U000718,2024-01-19,D006,True
U000719,2023-10-17,D004,True
U000720,2024-03-25,D015,True
U000721,2023-01-26,D004,True
U000722,2023-10-02,D008,True
U000723,2025-06-12,D016,True
U000724,2025-05-29,D011,True
U000725,2025-05-13,D003,True
U000726,2025-08-17,D009,True
U000727,2025-02-02,D009,True
U000728,2025-05-08,D006,True
U000729,2024-05-11,D010,True
U000730,2023-12-16,D010,True
U000731,2023-09-01,D015,True
U000732,2024-10-13,D003,True
U000733,2024-11-09,D015,True
U000734,2025-08-01,D016,True
U000735,2024-07-09,D003,True
U000736,2025-12-30,D014,True
U000737,2023-09-30,D011,True
U000738,2024-04-05,D011,True
U000739,2025-09-13,D012,True
U000740,2023-05-02,D001,True
U000741,2024-12-03,D009,True
U000742,2025-12-16,D004,True
U000743,2025-06-29,D016,True
U000744,2023-09-28,D003,True
U000745,2023-05-31,D001,True
U000746,2023-10-31,D004,True
U000747,2024-11-04,D002,True
U000748,2025-05-13,D004,True
U000749,2025-04-18,D015,True
U000750,2024-10-21,D008,True
U000751,2025-06-29,D003,True
U000752,2023-06-14,D006,True
U000753,2025-11-01,D008,True
U000754,2024-03-20,D016,True
U000755,2023-11-13,D012,True
U000756,2023-08-20,D009,True
U000757,2025-12-06,D001,True
U000758,2025-08-23,D003,True
U000759,2024-03-22,D010,True
U000760,2025-04-10,D013,True
U000761,2025-09-05,D015,True
U000762,2025-03-02,D010,True
U000763,2025-07-31,D004,True
U000764,2023-08-22,D009,True
U000765,2024-11-05,D009,True
U000766,2025-01-12,D010,True
U000767,2025-08-11,D004,True
U000768,2024-07-30,D016,True
U000769,2024-03-22,D010,True
U000770,2023-10-13,D014,True
U000771,2025-03-11,D009,True
U000772,2023-01-15,D005,True
U000773,2025-04-16,D008,True
U000774,2025-08-26,D014,True
U000775,2024-05-09,D005,True
U000776,2025-08-03,D003,True
U000777,2023-08-19,D009,True
U000778,2023-10-04,D002,True
U000779,2024-09-28,D012,True
U000780,2025-06-14,D011,True
U000781,2025-03-02,D008,True
U000782,2024-06-08,D014,True
U000783,2023-10-23,D011,True
U000784,2025-03-06,D003,True
U000785,2023-03-23,D010,True
U000786,2023-08-15,D009,True
U000787,2024-03-06,D007,True
U000788,2024-09-09,D004,True
U000789,2023-07-28,D009,True
U000790,2024-03-27,D001,True
U000791,2023-08-04,D002,True
U000792,2024-03-09,D010,True
U000793,2025-06-03,D004,True
U000794,2024-10-21,D016,True
U000795,2025-06-01,D008,True
U000796,2024-05-15,D014,True
U000797,2024-08-23,D004,True
U000798,2025-12-07,D016,True
U000799,2025-09-29,D016,True
U000800,2023-08-07,D011,True
U000801,2023-06-18,D013,True
U000802,2025-09-13,D004,True
U000803,2023-01-17,D008,True
U000804,2025-12-03,D009,True
U000805,2025-05-27,D011,True
U000806,2024-06-10,D010,True
U000807,2023-04-06,D010,True
U000808,2023-03-17,D008,True
U000809,2024-08-31,D009,True
U000810,2024-10-01,D012,True
U000811,2023-05-16,D008,True
U000812,2023-07-31,D016,True
U000813,2025-10-22,D004,True
U000814,2023-08-11,D012,True
U000815,2025-02-15,D012,True
U000816,2024-08-24,D003,True
U000817,2023-04-16,D011,True
U000818,2025-09-23,D009,True
U000819,2025-12-23,D007,True
U000820,2023-05-06,D001,True
U000821,2025-07-15,D004,True
U000822,2023-02-04,D011,True
U000823,2023-10-09,D015,True
U000824,2024-06-29,D001,True
U000825,2023-12-28,D006,True
U000826,2025-11-18,D011,True
U000827,2024-01-06,D002,True
U000828,2024-01-14,D016,True
U000829,2025-02-21,D003,True
U000830,2023-01-10,D009,True
U000831,2023-06-30,D005,True
U000832,2023-10-24,D013,True
U000833,2023-03-03,D002,True
U000834,2023-10-11,D007,True
U000835,2025-01-13,D010,True
U000836,2025-07-27,D014,True
U000837,2025-06-20,D003,True
U000838,2024-01-22,D009,True
U000839,2025-10-20,D013,True
U000840,2025-01-02,D016,True
U000841,2023-02-15,D001,True
U000842,2023-02-20,D002,True
U000843,2023-10-17,D007,True
U000844,2025-07-02,D004,True
U000845,2025-02-27,D004,True
U000846,2023-06-03,D011,True
U000847,2025-03-21,D005,True
U000848,2025-02-06,D007,True
U000849,2024-08-24,D003,True
U000850,2024-12-17,D011,True
U000851,2023-10-24,D016,True
U000852,2023-03-17,D005,True
U000853,2024-01-22,D001,True
U000854,2024-10-19,D012,True
U000855,2023-08-06,D004,True
U000856,2023-08-15,D006,True
U000857,2023-06-02,D004,True
U000858,2024-07-15,D003,True
U000859,2024-12-08,D009,True
U000860,2025-01-08,D016,True
U000861,2023-03-25,D007,True
U000862,2025-03-12,D007,True
U000863,2024-03-25,D016,True
U000864,2024-09-11,D016,True
U000865,2024-07-29,D006,True
U000866,2025-06-07,D010,True
U000867,2025-02-25,D001,True
U000868,2024-08-01,D006,True
U000869,2025-10-21,D015,True
U000870,2024-08-30,D016,True
U000871,2024-07-15,D004,True
U000872,2023-12-06,D015,True
U000873,2025-08-19,D010,True
U000874,2025-03-13,D011,True
U000875,2025-09-19,D011,True
U000876,2025-03-28,D011,True
U000877,2024-09-24,D001,True
U000878,2023-12-17,D012,True
U000879,2023-03-31,D016,True
U000880,2024-09-29,D013,True
U000881,2024-05-06,D006,True
U000882,2023-04-06,D007,True
U000883,2023-06-03,D012,True
U000884,2023-06-16,D005,True
U000885,2024-10-02,D004,True
U000886,2023-08-20,D003,True
U000887,2025-04-14,D005,True
U000888,2025-07-10,D008,True
U000889,2024-03-15,D004,True
U000890,2025-06-06,D003,True
U000891,2024-08-28,D007,True
U000892,2025-09-19,D004,True
U000893,2025-11-01,D016,True
U000894,2024-02-28,D007,True
U000895,2023-11-29,D002,True
U000896,2025-01-01,D009,True
U000897,2023-09-24,D009,True
U000898,2023-01-21,D010,True
U000899,2025-06-02,D006,True
U000900,2024-10-25,D005,True
U000901,2025-04-17,D006,True
U000902,2024-09-20,D006,True
U000903,2025-10-24,D016,True
U000904,2024-08-08,D011,True
U000905,2023-05-05,D002,True
U000906,2024-04-17,D007,True
U000907,2025-05-31,D008,True
U000908,2023-04-23,D001,True
U000909,2023-01-18,D012,True
U000910,2023-07-15,D007,True
U000911,2023-04-24,D006,True
U000912,2025-04-22,D008,True
U000913,2025-05-17,D014,True
U000914,2024-12-16,D005,True
U000915,2023-11-23,D002,True
U000916,2023-02-09,D001,True
U000917,2024-10-29,D015,True
U000918,2025-08-15,D012,True
U000919,2025-05-27,D008,True
U000920,2025-08-01,D015,True
U000921,2024-04-23,D009,True
U000922,2024-08-14,D001,True
U000923,2024-11-22,D015,True
U000924,2024-06-10,D015,True
U000925,2024-09-14,D004,True
U000926,2025-06-18,D008,True
U000927,2024-10-30,D015,True
U000928,2025-08-28,D009,True
U000929,2024-07-04,D013,True
U000930,2025-01-19,D010,True
U000931,2023-12-12,D011,True
U000932,2024-04-09,D001,True
U000933,2023-07-15,D016,True
U000934,2025-11-30,D001,True
U000935,2024-03-14,D008,True
U000936,2024-01-02,D011,True
U000937,2023-02-26,D005,True
U000938,2024-11-08,D009,True
U000939,2025-06-07,D004,True
U000940,2023-02-19,D001,True
U000941,2024-12-30,D008,True
U000942,2023-02-06,D011,True
U000943,2025-09-04,D005,True
U000944,2023-01-01,D009,True
U000945,2023-03-30,D016,True
U000946,2025-01-26,D011,True
U000947,2023-02-10,D016,True
U000948,2024-01-06,D008,True
U000949,2023-05-25,D003,True
U000950,2023-12-02,D014,True
U000951,2024-05-07,D004,True
U000952,2024-03-14,D008,True
U000953,2024-10-14,D002,True
U000954,2023-07-02,D001,True
U000955,2023-11-12,D014,True
U000956,2023-09-01,D016,True
U000957,2025-08-29,D013,True
U000958,2024-10-21,D008,True
U000959,2025-06-29,D004,True
U000960,2025-08-12,D014,True
U000961,2025-06-23,D004,True
U000962,2024-02-20,D011,True
U000963,2024-10-06,D001,True
U000964,2024-08-17,D016,True
U000965,2024-11-06,D004,True
U000966,2024-12-07,D009,True
U000967,2025-09-06,D008,True
U000968,2023-04-08,D016,True
U000969,2025-07-26,D015,True
U000970,2025-12-14,D007,True
U000971,2023-04-12,D007,True
U000972,2025-11-05,D014,True
U000973,2025-06-15,D005,True
U000974,2025-09-18,D001,True
U000975,2024-05-23,D012,True
U000976,2023-02-06,D005,True
U000977,2025-09-30,D016,True
U000978,2025-03-12,D004,True
U000979,2023-10-22,D006,True
U000980,2024-06-26,D015,True
U000981,2024-04-29,D005,True
U000982,2024-04-29,D014,True
U000983,2024-06-27,D016,True
U000984,2024-08-19,D005,True
U000985,2023-12-25,D011,True
U000986,2025-08-29,D014,True
U000987,2024-02-28,D005,True
U000988,2025-11-12,D011,True
U000989,2024-10-09,D013,True
U000990,2023-07-12,D004,True
U000991,2025-04-11,D001,True
U000992,2023-06-23,D006,True
U000993,2025-10-22,D012,True
U000994,2023-04-30,D001,True
U000995,2024-09-08,D011,True
U000996,2024-03-14,D001,True
U000997,2025-06-12,D014,True
U000998,2024-07-11,D009,True
U000999,2024-03-12,D014,True
U001000,2024-03-03,D015,True
U001001,2025-07-22,D015,True
U001002,2024-07-10,D010,True
U001003,2024-12-17,D002,True
U001004,2024-03-27,D009,True
U001005,2025-09-09,D012,True
U001006,2025-07-11,D012,True
U001007,2024-03-04,D014,True
U001008,2023-04-15,D009,True
U001009,2025-12-12,D006,True
U001010,2025-09-23,D004,True
U001011,2023-10-17,D016,True
U001012,2024-03-24,D008,True
U001013,2025-10-20,D001,True
U001014,2025-08-07,D008,True
U001015,2024-07-22,D003,True
U001016,2024-04-20,D002,True
U001017,2024-01-17,D002,True
U001018,2023-10-30,D016,True
U001019,2025-11-22,D003,True
U001020,2024-07-28,D009,True
U001021,2023-07-28,D012,True
U001022,2024-04-07,D009,True
U001023,2025-12-20,D002,True
U001024,2025-12-04,D002,True
U001025,2024-05-09,D002,True
U001026,2025-11-15,D010,True
U001027,2023-09-09,D009,True
U001028,2023-12-28,D009,True
U001029,2023-05-30,D013,True
U001030,2023-01-14,D007,True
U001031,2024-05-05,D015,True
U001032,2024-01-13,D006,True
U001033,2023-12-23,D014,True
U001034,2025-11-23,D010,True
U001035,2025-03-16,D010,True
U001036,2023-10-12,D014,True
U001037,2025-03-31,D011,True
U001038,2023-07-07,D014,True
U001039,2025-08-30,D003,True
U001040,2024-12-02,D002,True
U001041,2023-05-13,D011,True
U001042,2025-07-22,D003,True
U001043,2023-02-27,D004,True
U001044,2025-01-16,D004,True
U001045,2023-11-06,D012,True
U001046,2025-01-03,D012,True
U001047,2025-08-31,D004,True
U001048,2023-12-09,D011,True
U001049,2025-11-15,D010,True
U001050,2024-08-26,D004,True
U001051,2024-02-08,D001,True
U001052,2023-07-16,D003,True
U001053,2023-03-19,D009,True
U001054,2025-08-08,D014,True
U001055,2024-06-17,D016,True
U001056,2023-04-15,D013,True
U001057,2024-12-10,D004,True
U001058,2025-10-11,D008,True
U001059,2025-02-14,D008,True
U001060,2025-04-26,D015,True
U001061,2023-09-30,D016,True
U001062,2025-09-04,D006,True
U001063,2023-12-21,D010,True
U001064,2023-11-23,D004,True
U001065,2023-09-07,D009,True
U001066,2024-05-11,D009,True
U001067,2023-11-15,D014,True
U001068,2024-05-31,D012,True
U001069,2023-03-03,D006,True
U001070,2024-08-04,D010,True
U001071,2025-07-12,D008,True
U001072,2024-12-17,D003,True
U001073,2025-07-04,D008,True
U001074,2023-07-06,D005,True
U001075,2024-06-23,D009,True
U001076,2023-03-28,D006,True
U001077,2023-06-08,D011,True
U001078,2025-06-25,D009,True
U001079,2024-04-27,D010,True
U001080,2025-11-21,D001,True
U001081,2024-04-07,D013,True
U001082,2024-02-05,D009,True
U001083,2023-09-24,D008,True
U001084,2025-02-18,D010,True
U001085,2023-03-07,D016,True
U001086,2025-11-24,D016,True
U001087,2024-08-19,D016,True
U001088,2023-10-10,D016,True
U001089,2023-08-28,D009,True
U001090,2023-05-14,D007,True
U001091,2023-06-18,D002,True
U001092,2024-03-13,D008,True
U001093,2024-06-18,D005,True
U001094,2024-01-13,D004,True
U001095,2025-06-10,D015,True
U001096,2025-04-24,D014,True
U001097,2025-04-16,D015,True
U001098,2024-04-13,D015,True
U001099,2023-07-24,D015,True
U001100,2023-07-30,D014,True
U001101,2023-10-04,D002,True
U001102,2025-07-17,D004,True
U001103,2024-12-08,D012,True
U001104,2025-01-30,D013,True
U001105,2024-07-31,D005,True
U001106,2024-01-30,D007,True
U001107,2025-05-14,D015,True
U001108,2023-07-24,D016,True
U001109,2025-11-30,D012,True
U001110,2023-08-23,D015,True
U001111,2024-03-19,D004,True
U001112,2025-11-08,D012,True
U001113,2023-07-22,D007,True
U001114,2023-09-02,D016,True
U001115,2025-09-27,D010,True
U001116,2024-06-11,D015,True
U001117,2023-04-29,D016,True
U001118,2025-05-18,D009,True
U001119,2025-10-23,D012,True
U001120,2023-06-23,D015,True
U001121,2025-09-09,D005,True
U001122,2023-12-15,D001,True
U001123,2025-07-09,D012,True
U001124,2023-12-08,D010,True
U001125,2024-07-25,D010,True
U001126,2025-10-19,D011,True
U001127,2023-06-07,D011,True
U001128,2025-04-05,D012,True
U001129,2023-10-26,D007,True
U001130,2023-04-02,D009,True
U001131,2024-07-02,D009,True
U001132,2023-12-31,D011,True
U001133,2024-02-11,D016,True
U001134,2023-10-24,D014,True
U001135,2024-10-26,D008,True
U001136,2024-02-08,D009,True
U001137,2024-12-20,D001,True
U001138,2024-02-17,D001,True
U001139,2024-02-01,D007,True
U001140,2025-12-11,D015,True
U001141,2025-02-06,D016,True
U001142,2023-05-14,D005,True
U001143,2023-01-15,D005,True
U001144,2023-05-04,D013,True
U001145,2024-03-02,D016,True
U001146,2025-08-30,D009,True
U001147,2025-02-12,D014,True
U001148,2023-09-28,D001,True
U001149,2024-09-07,D014,True
U001150,2023-08-17,D001,True
U001151,2024-12-13,D015,True
U001152,2023-07-24,D010,True
U001153,2024-07-08,D006,True
U001154,2024-05-26,D007,True
U001155,2023-12-24,D002,True
U001156,2025-09-07,D016,True
U001157,2023-10-08,D004,True
U001158,2023-07-30,D012,True
U001159,2024-09-29,D016,True
U001160,2023-03-22,D015,True
U001161,2023-01-20,D009,True
U001162,2025-03-21,D009,True
U001163,2023-04-01,D004,True
U001164,2023-08-24,D010,True
U001165,2025-08-21,D004,True
U001166,2023-10-26,D007,True
U001167,2023-08-07,D011,True
U001168,2025-11-17,D016,True
U001169,2025-01-10,D011,True
U001170,2025-01-05,D012,True
U001171,2025-10-19,D004,True
U001172,2023-10-28,D003,True
U001173,2024-01-17,D014,True
U001174,2023-05-01,D002,True
U001175,2023-04-23,D005,True
U001176,2024-10-31,D002,True
U001177,2023-04-27,D002,True
U001178,2025-11-18,D003,True
U001179,2024-11-24,D007,True
U001180,2024-04-10,D001,True
U001181,2025-03-17,D007,True
U001182,2023-04-23,D010,True
U001183,2024-09-13,D006,True
U001184,2023-07-30,D006,True
U001185,2024-06-09,D010,True
U001186,2025-06-14,D001,True
U001187,2025-06-30,D013,True
U001188,2024-01-10,D004,True
U001189,2025-05-04,D006,True
U001190,2024-04-25,D014,True
U001191,2024-07-11,D002,True
U001192,2024-08-12,D003,True
U001193,2025-05-26,D005,True
U001194,2023-05-30,D004,True
U001195,2024-07-11,D014,True
U001196,2023-12-31,D012,True
U001197,2025-06-18,D003,True
U001198,2025-03-09,D001,True
U001199,2024-12-10,D008,True
U001200,2025-09-01,D012,True
U001201,2023-11-04,D014,True
U001202,2023-07-29,D009,True
U001203,2025-02-19,D007,True
U001204,2024-05-16,D007,True
U001205,2024-11-01,D016,True
U001206,2023-12-31,D010,True
U001207,2025-02-09,D010,True
U001208,2023-11-04,D008,True
U001209,2023-05-06,D016,True
U001210,2024-08-24,D010,True
U001211,2024-03-07,D002,True
U001212,2024-08-20,D001,True
U001213,2024-12-29,D015,True
U001214,2023-05-04,D005,True
U001215,2025-07-22,D015,True
U001216,2024-11-08,D003,True
U001217,2023-10-02,D006,True
U001218,2023-12-30,D002,True
U001219,2024-02-25,D012,True
U001220,2024-11-21,D006,True
U001221,2023-08-15,D015,True
U001222,2025-03-08,D009,True
U001223,2024-04-15,D008,True
U001224,2023-05-22,D005,True
U001225,2023-10-15,D015,True
U001226,2023-04-08,D008,True
U001227,2023-02-21,D009,True
U001228,2025-07-22,D006,True
U001229,2023-01-18,D014,True
U001230,2023-07-09,D006,True
U001231,2023-02-28,D016,True
U001232,2023-04-23,D009,True
U001233,2023-03-18,D013,True
U001234,2025-07-14,D002,True
U001235,2024-05-07,D001,True
U001236,2023-07-08,D013,True
U001237,2025-01-27,D013,True
U001238,2023-11-12,D011,True
U001239,2024-12-22,D010,True
U001240,2025-06-09,D011,True
U001241,2023-04-11,D008,True
U001242,2025-08-01,D002,True
U001243,2025-03-18,D001,True
U001244,2024-05-25,D001,True
U001245,2024-07-09,D003,True
U001246,2025-12-15,D015,True
U001247,2025-06-05,D003,True
U001248,2025-03-31,D009,True
U001249,2024-08-08,D008,True
U001250,2023-06-11,D002,True
U001251,2024-12-28,D014,True
U001252,2023-12-16,D015,True
U001253,2023-01-13,D004,True
U001254,2024-05-14,D013,True
U001255,2024-10-03,D012,True
U001256,2024-03-21,D001,True
U001257,2025-07-23,D007,True
U001258,2023-12-05,D007,True
U001259,2025-08-24,D003,True
U001260,2025-10-30,D004,True
U001261,2024-03-09,D010,True
U001262,2023-12-06,D013,True
U001263,2023-07-08,D008,True
U001264,2025-06-27,D008,True
U001265,2023-04-29,D002,True
U001266,2025-09-28,D003,True
U001267,2023-06-01,D009,True
U001268,2024-12-06,D003,True
U001269,2023-06-22,D012,True
U001270,2023-09-04,D001,True
U001271,2023-03-14,D008,True
U001272,2025-12-18,D006,True
U001273,2025-06-02,D015,True
U001274,2024-10-21,D015,True
U001275,2024-10-21,D008,True
U001276,2023-04-21,D002,True
U001277,2025-07-14,D001,True
U001278,2025-06-14,D010,True
U001279,2025-01-14,D014,True
U001280,2025-02-14,D003,True
U001281,2025-02-11,D006,True
U001282,2024-07-15,D001,True
U001283,2025-12-31,D014,True
U001284,2025-07-26,D007,True
U001285,2023-01-23,D013,True
U001286,2024-02-15,D009,True
U001287,2023-08-11,D013,True
U001288,2025-09-14,D006,True
U001289,2024-03-30,D003,True
U001290,2024-06-25,D008,True
U001291,2024-02-01,D002,True
U001292,2024-06-13,D016,True
U001293,2025-07-14,D003,True
U001294,2025-10-29,D002,True
U001295,2024-04-20,D011,True
U001296,2025-09-15,D003,True
U001297,2024-03-25,D008,True
U001298,2025-08-10,D004,True
U001299,2024-02-29,D014,True
U001300,2025-09-03,D005,True
U001301,2023-04-20,D013,True
U001302,2024-12-06,D009,True
U001303,2023-03-25,D016,True
U001304,2023-07-20,D014,True
U001305,2025-09-21,D011,True
U001306,2024-07-24,D011,True
U001307,2023-11-22,D005,True
U001308,2024-03-23,D016,True
U001309,2024-01-15,D001,True
U001310,2024-06-20,D006,True
U001311,2024-12-29,D010,True
U001312,2023-10-03,D009,True
U001313,2025-09-06,D013,True
U001314,2024-07-10,D014,True
U001315,2025-05-21,D016,True
U001316,2024-02-09,D009,True
U001317,2025-05-29,D006,True
U001318,2023-03-16,D016,True
U001319,2025-05-22,D004,True
U001320,2024-04-26,D004,True
U001321,2023-11-09,D002,True
U001322,2023-12-07,D001,True
U001323,2025-07-30,D016,True
U001324,2024-02-24,D012,True
U001325,2023-04-03,D002,True
U001326,2025-01-17,D013,True
U001327,2023-03-30,D013,True
U001328,2024-03-04,D002,True
U001329,2024-07-12,D009,True
U001330,2024-05-17,D003,True
U001331,2024-04-28,D009,True
U001332,2025-03-25,D009,True
U001333,2025-03-10,D013,True
U001334,2023-03-26,D001,True
U001335,2023-01-11,D002,True
U001336,2024-01-22,D002,True
U001337,2025-08-21,D011,True
U001338,2025-04-22,D008,True
U001339,2023-07-18,D014,True
U001340,2025-01-03,D014,True
U001341,2023-02-21,D009,True
U001342,2023-07-06,D002,True
U001343,2024-05-10,D005,True
U001344,2024-07-28,D003,True
U001345,2023-09-12,D004,True
U001346,2024-05-07,D005,True
U001347,2025-12-20,D015,True
U001348,2023-11-10,D003,True
U001349,2023-07-16,D001,True
U001350,2025-10-02,D014,True
U001351,2023-01-01,D003,True
U001352,2024-07-07,D008,True
U001353,2023-08-12,D012,True
U001354,2023-05-09,D005,True
U001355,2024-09-25,D015,True
U001356,2023-10-22,D014,True
U001357,2025-05-31,D002,True
U001358,2024-03-31,D009,True
U001359,2025-04-27,D015,True
U001360,2025-07-13,D011,True
U001361,2025-10-15,D001,True
U001362,2023-03-25,D014,True
U001363,2025-12-03,D003,True
U001364,2023-06-09,D012,True
U001365,2025-05-18,D001,True
U001366,2025-12-20,D015,True
U001367,2023-05-07,D009,True
U001368,2024-12-30,D010,True
U001369,2023-12-09,D012,True
U001370,2023-06-10,D014,True
U001371,2025-06-04,D014,True
U001372,2023-04-17,D016,True
U001373,2025-09-29,D014,True
U001374,2023-08-08,D016,True
U001375,2025-04-07,D003,True
U001376,2025-02-08,D006,True
U001377,2024-09-11,D010,True
U001378,2025-05-05,D009,True
U001379,2024-11-06,D001,True
U001380,2025-02-25,D004,True
U001381,2023-12-20,D006,True
U001382,2023-06-19,D006,True
U001383,2023-12-18,D016,True
U001384,2023-01-01,D008,True
U001385,2024-11-25,D014,True
U001386,2023-05-27,D009,True
U001387,2025-09-11,D004,True
U001388,2025-01-16,D002,True
U001389,2024-01-24,D009,True
U001390,2024-05-24,D015,True
U001391,2023-10-23,D001,True
U001392,2025-06-29,D006,True
U001393,2025-01-27,D011,True
U001394,2023-09-24,D005,True
U001395,2025-08-29,D007,True
U001396,2023-09-04,D004,True
U001397,2025-12-02,D002,True
U001398,2025-03-02,D012,True
U001399,2023-04-01,D002,True
U001400,2025-08-10,D013,True
U001401,2025-01-21,D002,True
U001402,2023-10-08,D008,True
U001403,2023-06-08,D002,True
U001404,2024-09-24,D012,True
U001405,2024-02-10,D012,True
U001406,2025-05-29,D011,True
U001407,2025-04-23,D013,True
U001408,2023-07-18,D013,True
U001409,2025-07-27,D014,True
U001410,2023-09-07,D005,True
U001411,2023-09-22,D012,True
U001412,2023-10-11,D007,True
U001413,2023-11-02,D002,True
U001414,2025-04-04,D012,True
U001415,2024-08-20,D013,True
U001416,2023-02-14,D016,True
U001417,2024-12-11,D005,True
U001418,2025-08-29,D005,True
U001419,2025-01-01,D011,True
U001420,2024-06-14,D012,True
U001421,2025-09-28,D001,True
U001422,2023-10-30,D009,True
U001423,2025-11-24,D015,True
U001424,2023-05-28,D007,True
U001425,2023-03-18,D004,True
U001426,2024-11-17,D010,True
U001427,2025-05-05,D002,True
U001428,2025-09-18,D001,True
U001429,2023-07-20,D013,True
U001430,2024-03-11,D010,True
U001431,2023-02-10,D010,True
U001432,2024-08-25,D008,True
U001433,2025-11-06,D001,True
U001434,2024-06-13,D014,True
U001435,2025-08-27,D008,True
U001436,2024-03-30,D014,True
U001437,2025-12-29,D016,True
U001438,2025-10-14,D013,True
U001439,2024-06-14,D008,True
U001440,2023-05-13,D012,True
U001441,2025-12-21,D010,True
U001442,2024-06-01,D015,True
U001443,2025-09-18,D011,True
U001444,2024-08-22,D002,True
U001445,2024-07-11,D016,True
U001446,2025-12-01,D005,True
U001447,2023-04-06,D001,True
U001448,2025-02-07,D015,True
U001449,2023-08-13,D009,True
U001450,2023-12-08,D004,True
U001451,2024-12-11,D001,True
U001452,2025-09-25,D011,True
U001453,2025-09-20,D004,True
U001454,2024-02-29,D016,True
U001455,2024-02-28,D010,True
U001456,2023-04-19,D007,True
U001457,2023-02-25,D001,True
U001458,2024-05-31,D006,True
U001459,2023-04-14,D010,True
U001460,2025-11-12,D013,True
U001461,2025-02-07,D006,True
U001462,2023-03-11,D011,True
U001463,2025-12-26,D015,True
U001464,2025-01-30,D012,True
U001465,2024-03-27,D008,True
U001466,2024-12-20,D001,True
U001467,2023-12-04,D005,True
U001468,2023-12-24,D003,True
U001469,2024-03-17,D012,True
U001470,2025-09-08,D004,True
U001471,2024-12-10,D011,True
U001472,2025-02-13,D009,True
U001473,2023-05-18,D003,True
U001474,2025-06-26,D015,True
U001475,2023-02-21,D016,True
U001476,2024-01-24,D001,True
U001477,2023-12-22,D004,True
U001478,2024-10-31,D004,True
U001479,2023-01-10,D009,True
U001480,2025-07-05,D001,True
U001481,2023-12-28,D003,True
U001482,2024-05-18,D004,True
U001483,2025-04-15,D001,True
U001484,2025-12-25,D016,True
U001485,2024-07-21,D002,True
U001486,2024-06-17,D012,True
U001487,2025-08-15,D011,True
U001488,2023-08-08,D007,True
U001489,2024-10-15,D005,True
U001490,2023-05-08,D014,True
U001491,2025-03-09,D013,True
U001492,2024-07-06,D015,True
U001493,2024-09-24,D015,True
U001494,2024-11-11,D002,True
U001495,2025-02-26,D012,True
U001496,2025-01-01,D007,True
U001497,2025-09-23,D013,True
U001498,2025-09-18,D012,True
U001499,2023-09-08,D007,True
U001500,2023-09-11,D002,True
U001501,2023-07-17,D003,True
U001502,2025-03-02,D010,True
U001503,2025-04-23,D007,True
U001504,2023-04-29,D007,True
U001505,2024-05-02,D003,True
U001506,2025-03-26,D011,True
U001507,2025-08-11,D008,True
U001508,2023-08-03,D013,True
U001509,2024-05-22,D007,True
U001510,2023-08-02,D010,True
U001511,2024-11-01,D014,True
U001512,2024-01-15,D007,True
U001513,2025-07-12,D010,True
U001514,2024-03-26,D009,True
U001515,2023-11-29,D014,True
U001516,2025-05-05,D012,True
U001517,2025-10-28,D011,True
U001518,2025-05-23,D010,True
U001519,2023-11-11,D008,True
U001520,2025-05-25,D015,True
U001521,2023-04-26,D014,True
U001522,2024-09-20,D008,True
U001523,2025-09-28,D005,True
U001524,2024-11-20,D001,True
U001525,2024-06-04,D005,True
U001526,2024-10-27,D008,True
U001527,2024-10-03,D008,True
U001528,2025-06-02,D013,True
U001529,2025-12-23,D005,True
U001530,2024-03-07,D001,True
U001531,2025-02-20,D016,True
U001532,2025-11-28,D009,True
U001533,2025-12-20,D001,True
U001534,2024-04-05,D008,True
U001535,2023-07-24,D013,True
U001536,2023-08-06,D010,True
U001537,2023-05-19,D002,True
U001538,2023-03-14,D005,True
U001539,2023-10-27,D002,True
U001540,2025-02-06,D015,True
U001541,2024-03-27,D016,True
U001542,2023-03-01,D014,True
U001543,2023-08-11,D007,True
U001544,2023-09-07,D001,True
U001545,2024-01-01,D007,True
U001546,2023-04-12,D007,True
U001547,2023-01-11,D002,True
U001548,2023-01-20,D005,True
U001549,2024-11-14,D007,True
U001550,2025-10-04,D015,True
U001551,2025-11-01,D003,True
U001552,2025-01-18,D010,True
U001553,2023-05-26,D016,True
U001554,2025-09-19,D015,True
U001555,2023-12-21,D004,True
U001556,2023-01-24,D013,True
U001557,2025-03-23,D004,True
U001558,2025-12-25,D014,True
U001559,2024-12-11,D013,True
U001560,2023-06-03,D006,True
U001561,2023-03-02,D003,True
U001562,2023-08-17,D013,True
U001563,2025-12-08,D001,True
U001564,2023-11-18,D013,True
U001565,2023-03-05,D003,True
U001566,2025-02-08,D016,True
U001567,2025-09-26,D010,True
U001568,2025-01-31,D012,True
U001569,2025-01-14,D009,True
U001570,2023-11-20,D011,True
U001571,2023-03-06,D001,True
U001572,2023-08-20,D003,True
U001573,2023-06-25,D005,True
U001574,2025-02-13,D010,True
U001575,2025-06-08,D015,True
U001576,2023-07-09,D001,True
U001577,2024-10-13,D004,True
U001578,2025-10-08,D002,True
U001579,2023-01-09,D007,True
U001580,2024-07-08,D001,True
U001581,2024-01-23,D009,True
U001582,2024-07-22,D015,True
U001583,2025-10-01,D009,True
U001584,2023-01-03,D008,True
U001585,2024-12-02,D009,True
U001586,2023-09-01,D011,True
U001587,2023-11-20,D015,True
U001588,2025-03-29,D013,True
U001589,2025-08-31,D006,True
U001590,2025-06-10,D007,True
U001591,2025-08-10,D001,True
U001592,2023-08-20,D014,True
U001593,2023-09-04,D010,True
U001594,2025-09-08,D011,True
U001595,2023-05-01,D010,True
U001596,2024-10-02,D001,True
U001597,2023-01-09,D016,True
U001598,2025-12-14,D007,True
U001599,2023-07-04,D006,True
U001600,2024-02-16,D008,True
U001601,2023-07-17,D004,True
U001602,2025-04-16,D014,True
U001603,2023-01-19,D016,True
U001604,2025-11-14,D010,True
U001605,2025-07-20,D011,True
U001606,2024-03-16,D016,True
U001607,2025-06-13,D008,True
U001608,2023-07-15,D007,True
U001609,2025-07-25,D010,True
U001610,2025-01-23,D004,True
U001611,2023-04-28,D011,True
U001612,2023-10-29,D005,True
U001613,2024-06-26,D016,True
U001614,2024-06-15,D009,True
U001615,2024-08-14,D007,True
U001616,2025-05-18,D016,True
U001617,2025-02-09,D015,True
U001618,2024-09-25,D002,True
U001619,2024-01-11,D016,True
U001620,2023-09-17,D014,True
U001621,2025-03-30,D002,True
U001622,2023-01-15,D010,True
U001623,2025-12-03,D015,True
U001624,2023-01-30,D009,True
U001625,2023-10-02,D009,True
U001626,2025-12-04,D004,True
U001627,2024-02-20,D015,True
U001628,2023-06-26,D010,True
U001629,2023-09-21,D013,True
U001630,2025-03-22,D004,True
U001631,2023-04-12,D011,True
U001632,2023-08-09,D011,True
U001633,2025-04-19,D011,True
U001634,2024-01-28,D010,True
U001635,2025-02-28,D009,True
U001636,2024-02-16,D014,True
U001637,2023-09-30,D015,True
U001638,2025-01-08,D006,True
U001639,2025-09-10,D015,True
U001640,2025-02-03,D005,True
U001641,2023-08-24,D016,True
U001642,2024-06-24,D002,True
U001643,2023-07-28,D001,True
U001644,2025-06-12,D011,True
U001645,2024-07-17,D004,True
U001646,2024-09-21,D006,True
U001647,2023-07-18,D008,True
U001648,2023-09-20,D007,True
U001649,2024-09-03,D005,True
U001650,2024-11-11,D013,True
U001651,2025-03-24,D005,True
U001652,2023-12-29,D009,True
U001653,2023-08-18,D014,True
U001654,2024-12-14,D014,True
U001655,2023-08-02,D003,True
U001656,2025-08-30,D008,True
U001657,2023-12-24,D013,True
U001658,2023-11-29,D016,True
U001659,2024-06-29,D002,True
U001660,2024-04-01,D007,True
U001661,2023-04-02,D003,True
U001662,2024-04-15,D006,True
U001663,2023-09-13,D005,True
U001664,2023-04-21,D008,True
U001665,2023-12-14,D001,True
U001666,2023-10-07,D002,True
U001667,2025-09-15,D003,True
U001668,2025-03-02,D014,True
U001669,2023-09-09,D010,True
U001670,2023-10-24,D002,True
U001671,2023-07-27,D003,True
U001672,2024-05-27,D002,True
U001673,2025-07-13,D001,True
U001674,2025-09-26,D004,True
U001675,2023-08-04,D013,True
U001676,2024-01-03,D011,True
U001677,2024-04-08,D011,True
U001678,2024-04-04,D008,True
U001679,2025-10-13,D002,True
U001680,2025-06-18,D016,True
U001681,2023-02-03,D009,True
U001682,2023-10-04,D005,True
U001683,2023-04-01,D010,True
U001684,2025-02-14,D001,True
U001685,2024-03-27,D006,True
U001686,2025-04-08,D011,True
U001687,2023-02-28,D015,True
U001688,2024-11-22,D002,True
U001689,2023-03-15,D007,True
U001690,2025-02-11,D004,True
U001691,2023-09-10,D013,True
U001692,2023-11-28,D013,True
U001693,2025-05-28,D002,True
U001694,2023-06-29,D002,True
U001695,2023-01-07,D013,True
U001696,2025-08-19,D004,True
U001697,2023-03-24,D003,True
U001698,2024-10-20,D009,True
U001699,2025-12-30,D005,True
U001700,2023-12-30,D002,True
U001701,2025-11-16,D014,True
U001702,2024-06-27,D006,True
U001703,2025-03-04,D015,True
U001704,2023-08-23,D009,True
U001705,2024-08-16,D010,True
U001706,2024-04-13,D014,True
U001707,2024-02-07,D005,True
U001708,2023-08-02,D012,True
U001709,2025-08-29,D011,True
U001710,2024-12-02,D010,True
U001711,2023-03-15,D016,True
U001712,2024-07-10,D003,True
U001713,2025-07-17,D014,True
U001714,2025-12-01,D006,True
U001715,2023-02-24,D012,True
U001716,2024-01-10,D007,True
U001717,2023-03-17,D011,True
U001718,2023-12-27,D016,True
U001719,2024-03-23,D006,True
U001720,2025-09-01,D009,True
U001721,2025-08-11,D012,True
U001722,2024-03-10,D006,True
U001723,2023-01-12,D006,True
U001724,2024-09-20,D002,True
U001725,2025-06-12,D013,True
U001726,2024-06-19,D008,True
U001727,2025-11-20,D008,True
U001728,2025-04-01,D016,True
U001729,2023-06-08,D009,True
U001730,2024-05-07,D010,True
U001731,2024-09-22,D008,True
U001732,2025-03-09,D010,True
U001733,2024-01-25,D015,True
U001734,2023-01-21,D014,True
U001735,2023-03-16,D010,True
U001736,2025-09-12,D010,True
U001737,2023-05-09,D015,True
U001738,2025-04-10,D009,True
U001739,2023-10-18,D009,True
U001740,2023-04-22,D005,True
U001741,2023-02-21,D007,True
U001742,2024-05-05,D004,True
U001743,2025-12-11,D014,True
U001744,2023-06-23,D003,True
U001745,2025-11-17,D002,True
U001746,2023-07-10,D010,True
U001747,2024-05-13,D006,True
U001748,2023-02-25,D006,True
U001749,2024-08-11,D003,True
U001750,2023-11-16,D009,True
U001751,2025-04-07,D004,True
U001752,2025-04-12,D005,True
U001753,2023-08-17,D012,True
U001754,2023-03-01,D012,True
U001755,2023-05-14,D002,True
U001756,2024-12-28,D010,True
U001757,2023-02-09,D003,True
U001758,2025-12-28,D011,True
U001759,2023-12-18,D016,True
U001760,2025-07-03,D012,True
U001761,2023-01-14,D009,True
U001762,2024-09-19,D009,True
U001763,2024-01-13,D013,True
U001764,2024-01-14,D004,True
U001765,2025-03-05,D008,True
U001766,2024-05-23,D007,True
U001767,2024-07-06,D009,True
U001768,2025-09-08,D015,True
U001769,2025-11-07,D001,True
U001770,2023-09-05,D007,True
U001771,2025-08-08,D008,True
U001772,2024-02-27,D010,True
U001773,2024-08-30,D011,True
U001774,2023-06-24,D009,True
U001775,2024-03-04,D001,True
U001776,2023-05-09,D007,True
U001777,2025-04-23,D005,True
U001778,2023-01-25,D006,True
U001779,2025-08-03,D004,True
U001780,2025-08-07,D006,True
U001781,2023-10-18,D010,True
U001782,2025-02-23,D004,True
U001783,2023-02-19,D003,True
U001784,2024-03-17,D009,True
U001785,2024-07-12,D016,True
U001786,2023-03-03,D007,True
U001787,2023-05-25,D015,True
U001788,2025-09-16,D016,True
U001789,2025-09-03,D012,True
U001790,2025-11-04,D015,True
U001791,2025-11-10,D012,True
U001792,2025-11-21,D013,True
U001793,2025-04-09,D013,True
U001794,2024-10-12,D006,True
U001795,2023-07-07,D013,True
U001796,2024-12-29,D009,True
U001797,2024-11-12,D005,True
U001798,2023-08-09,D011,True
U001799,2023-06-18,D005,True
U001800,2025-12-25,D016,True
U001801,2023-01-21,D002,True
U001802,2024-07-27,D016,True
U001803,2025-10-10,D016,True
U001804,2023-02-14,D008,True
U001805,2023-07-12,D016,True
U001806,2023-03-24,D011,True
U001807,2025-02-01,D007,True
U001808,2023-07-25,D007,True
U001809,2023-10-27,D004,True
U001810,2023-02-02,D010,True
U001811,2023-12-21,D009,True
U001812,2024-07-01,D004,True
U001813,2024-09-28,D012,True
U001814,2023-06-19,D005,True
U001815,2023-01-17,D006,True
U001816,2023-10-05,D005,True
U001817,2025-11-25,D004,True
U001818,2023-08-26,D012,True
U001819,2025-05-31,D011,True
U001820,2024-03-29,D006,True
U001821,2023-04-20,D010,True
U001822,2023-07-01,D016,True
U001823,2025-06-12,D012,True
U001824,2024-02-22,D008,True
U001825,2024-12-01,D007,True
U001826,2025-08-09,D015,True
U001827,2024-09-21,D003,True
U001828,2024-10-21,D010,True
U001829,2023-03-24,D011,True
U001830,2023-11-08,D003,True
U001831,2023-08-18,D004,True
U001832,2023-05-25,D013,True
U001833,2023-12-24,D002,True
U001834,2025-03-15,D004,True
U001835,2025-11-20,D001,True
U001836,2025-10-04,D006,True
U001837,2023-03-16,D014,True
U001838,2024-04-10,D012,True
U001839,2023-01-28,D015,True
U001840,2025-09-07,D001,True
U001841,2024-01-13,D004,True
U001842,2025-04-19,D011,True
U001843,2024-09-22,D002,True
U001844,2023-08-21,D007,True
U001845,2025-06-19,D001,True
U001846,2024-02-23,D007,True
U001847,2023-03-22,D013,True
U001848,2024-10-31,D006,True
U001849,2023-05-19,D006,True
U001850,2023-03-18,D010,True
U001851,2023-11-04,D006,True
U001852,2024-12-30,D013,True
U001853,2023-02-10,D016,True
U001854,2024-03-22,D007,True
U001855,2025-07-03,D003,True
U001856,2024-01-19,D006,True
U001857,2024-07-17,D007,True
U001858,2023-03-30,D005,True
U001859,2025-11-08,D015,True
U001860,2024-03-06,D015,True
U001861,2024-12-02,D004,True
U001862,2024-04-05,D010,True
U001863,2024-08-04,D009,True
U001864,2025-05-10,D013,True
U001865,2024-06-26,D011,True
U001866,2023-11-05,D006,True
U001867,2024-07-11,D007,True
U001868,2024-06-10,D001,True
U001869,2025-03-18,D016,True
U001870,2023-07-01,D003,True
U001871,2024-01-05,D015,True
U001872,2024-09-19,D014,True
U001873,2023-01-15,D011,True
U001874,2025-12-20,D015,True
U001875,2025-09-02,D011,True
U001876,2025-05-21,D005,True
U001877,2024-01-16,D003,True
U001878,2025-05-03,D001,True
U001879,2024-12-04,D003,True
U001880,2023-01-08,D014,True
U001881,2023-06-18,D005,True
U001882,2025-11-23,D016,True
U001883,2024-01-04,D004,True
U001884,2024-06-19,D009,True
U001885,2023-11-28,D014,True
U001886,2023-08-05,D003,True
U001887,2023-09-18,D013,True
U001888,2023-06-05,D013,True
U001889,2025-12-12,D003,True
U001890,2024-02-19,D002,True
U001891,2024-06-26,D008,True
U001892,2024-06-22,D001,True
U001893,2025-07-18,D001,True
U001894,2024-12-17,D013,True
U001895,2023-12-01,D011,True
U001896,2023-06-17,D013,True
U001897,2024-04-18,D015,True
U001898,2023-12-04,D014,True
U001899,2023-10-15,D012,True
U001900,2023-06-08,D007,True
U001901,2025-03-21,D016,True
U001902,2023-04-24,D010,True
U001903,2025-07-13,D002,True
U001904,2024-02-09,D001,True
U001905,2023-07-28,D011,True
U001906,2025-11-18,D005,True
U001907,2024-08-24,D008,True
U001908,2025-09-11,D010,True
U001909,2023-08-12,D006,True
U001910,2025-05-05,D010,True
U001911,2023-04-13,D001,True
U001912,2023-08-28,D004,True
U001913,2023-11-24,D011,True
U001914,2024-10-06,D015,True
U001915,2024-10-07,D001,True
U001916,2024-03-12,D007,True
U001917,2024-05-04,D006,True
U001918,2025-12-31,D016,True
U001919,2023-01-15,D003,True
U001920,2023-08-29,D005,True
U001921,2024-11-12,D002,True
U001922,2023-11-19,D004,True
U001923,2024-01-11,D002,True
U001924,2023-04-26,D004,True
U001925,2025-09-19,D014,True
U001926,2023-10-08,D004,True
U001927,2023-10-10,D002,True
U001928,2024-10-06,D014,True
U001929,2023-06-04,D002,True
U001930,2024-02-21,D002,True
U001931,2024-06-28,D004,True
U001932,2025-05-01,D015,True
U001933,2023-05-15,D015,True
U001934,2023-08-02,D007,True
U001935,2025-06-02,D010,True
U001936,2023-09-09,D015,True
U001937,2025-10-26,D013,True
U001938,2025-09-23,D015,True
U001939,2024-06-24,D014,True
U001940,2025-08-12,D005,True
U001941,2025-02-28,D008,True
U001942,2025-11-24,D016,True
U001943,2023-02-07,D010,True
U001944,2023-05-16,D015,True
U001945,2023-02-24,D005,True
U001946,2024-07-25,D007,True
U001947,2023-06-13,D012,True
U001948,2023-09-28,D013,True
U001949,2023-08-02,D006,True
U001950,2023-06-30,D009,True
U001951,2023-03-09,D006,True
U001952,2024-09-08,D001,True
U001953,2025-10-19,D015,True
U001954,2025-08-21,D011,True
U001955,2024-07-22,D016,True
U001956,2024-02-19,D012,True
U001957,2025-11-29,D004,True
U001958,2024-11-28,D007,True
U001959,2023-11-05,D015,True
U001960,2025-02-24,D003,True
U001961,2025-08-19,D011,True
U001962,2023-11-10,D015,True
U001963,2023-01-28,D003,True
U001964,2024-06-12,D001,True
U001965,2025-02-08,D006,True
U001966,2024-05-09,D013,True
U001967,2024-04-09,D004,True
U001968,2024-08-27,D015,True
U001969,2025-07-21,D014,True
U001970,2024-03-04,D002,True
U001971,2024-06-09,D006,True
U001972,2024-10-14,D004,True
U001973,2023-11-27,D014,True
U001974,2024-09-05,D016,True
U001975,2025-07-09,D008,True
U001976,2025-05-04,D003,True
U001977,2023-12-16,D004,True
U001978,2023-02-16,D003,True
U001979,2024-08-24,D013,True
U001980,2025-11-14,D001,True
U001981,2024-06-15,D015,True
U001982,2025-09-24,D010,True
U001983,2023-07-30,D010,True
U001984,2024-06-03,D009,True
U001985,2025-08-31,D012,True
U001986,2025-08-21,D011,True
U001987,2025-06-13,D008,True
U001988,2024-07-27,D005,True
U001989,2023-03-25,D003,True
U001990,2025-08-05,D006,True
U001991,2023-07-27,D002,True
U001992,2025-11-18,D014,True
U001993,2025-09-20,D014,True
U001994,2023-01-26,D003,True
U001995,2024-05-14,D010,True
U001996,2025-07-19,D014,True
U001997,2023-08-11,D013,True
U001998,2025-06-18,D004,True
U001999,2023-04-30,D015,True
U002000,2025-02-23,D009,True
U002001,2025-01-31,D001,True
U002002,2023-09-15,D016,True
U002003,2025-09-20,D001,True
U002004,2024-01-30,D012,True
U002005,2025-02-20,D009,True
U002006,2025-12-08,D009,True
U002007,2023-04-24,D016,True
U002008,2024-03-11,D016,True
U002009,2025-01-04,D010,True
U002010,2025-12-18,D002,True
U002011,2024-09-15,D002,True
U002012,2024-11-22,D003,True
U002013,2023-12-14,D003,True
U002014,2023-02-01,D014,True
U002015,2025-06-25,D015,True
U002016,2024-01-20,D014,True
U002017,2025-01-01,D005,True
U002018,2024-04-05,D010,True
U002019,2023-05-18,D014,True
U002020,2024-07-09,D004,True
U002021,2024-06-26,D012,True
U002022,2023-03-01,D007,True
U002023,2024-12-26,D012,True
U002024,2025-07-30,D002,True
U002025,2025-07-15,D001,True
U002026,2025-03-27,D013,True
U002027,2024-09-12,D007,True
U002028,2024-07-12,D005,True
U002029,2025-03-10,D015,True
U002030,2023-04-11,D016,True
U002031,2025-09-10,D011,True
U002032,2024-04-14,D006,True
U002033,2023-08-19,D006,True
U002034,2024-09-07,D012,True
U002035,2023-12-03,D009,True
U002036,2024-11-20,D009,True
U002037,2024-07-25,D006,True
U002038,2025-06-27,D008,True
U002039,2023-01-26,D001,True
U002040,2025-05-05,D004,True
U002041,2024-03-30,D011,True
U002042,2023-04-29,D013,True
U002043,2024-06-13,D004,True
U002044,2023-12-03,D004,True
U002045,2024-10-26,D012,True
U002046,2023-12-08,D008,True
U002047,2025-02-13,D007,True
U002048,2023-05-13,D012,True
U002049,2025-12-03,D007,True
U002050,2023-03-24,D008,True
U002051,2025-05-05,D015,True
U002052,2024-03-17,D006,True
U002053,2024-03-17,D005,True
U002054,2024-10-06,D005,True
U002055,2024-06-09,D008,True
U002056,2024-08-04,D005,True
U002057,2025-06-18,D007,True
U002058,2024-01-16,D016,True
U002059,2023-07-30,D011,True
U002060,2023-07-20,D006,True
U002061,2025-12-18,D016,True
U002062,2024-11-22,D008,True
U002063,2023-11-27,D001,True
U002064,2025-12-06,D014,True
U002065,2024-07-19,D011,True
U002066,2024-03-04,D002,True
U002067,2024-04-16,D006,True
U002068,2024-05-11,D002,True
U002069,2023-05-02,D006,True
U002070,2023-02-02,D013,True
U002071,2024-12-13,D012,True
U002072,2024-01-20,D015,True
U002073,2024-12-28,D007,True
U002074,2023-06-20,D001,True
U002075,2023-08-08,D006,True
U002076,2023-12-23,D015,True
U002077,2024-10-12,D013,True
U002078,2025-11-22,D002,True
U002079,2023-12-10,D012,True
U002080,2025-04-03,D005,True
U002081,2023-08-28,D005,True
U002082,2024-11-11,D003,True
U002083,2023-09-16,D015,True
U002084,2023-11-28,D001,True
U002085,2025-08-23,D003,True
U002086,2023-12-05,D007,True
U002087,2025-03-29,D015,True
U002088,2025-11-11,D007,True
U002089,2024-04-25,D004,True
U002090,2024-05-26,D015,True
U002091,2023-04-30,D011,True
U002092,2023-11-15,D014,True
U002093,2024-10-24,D016,True
U002094,2025-07-01,D008,True
U002095,2023-07-15,D016,True
U002096,2025-12-15,D001,True
U002097,2024-02-19,D008,True
U002098,2023-03-01,D006,True
U002099,2025-07-30,D006,True
U002100,2025-02-27,D008,True
U002101,2023-10-24,D011,True
U002102,2023-06-18,D012,True
U002103,2024-11-27,D016,True
U002104,2023-10-27,D009,True
U002105,2024-05-20,D011,True
U002106,2025-05-12,D006,True
U002107,2024-02-29,D013,True
U002108,2025-02-18,D006,True
U002109,2025-02-21,D001,True
U002110,2024-11-06,D009,True
U002111,2023-09-18,D009,True
U002112,2024-06-29,D005,True
U002113,2023-11-01,D004,True
U002114,2024-10-28,D002,True
U002115,2023-06-29,D003,True
U002116,2023-11-22,D002,True
U002117,2023-07-30,D007,True
U002118,2024-07-11,D011,True
U002119,2025-08-01,D002,True
U002120,2023-11-05,D007,True
U002121,2023-02-03,D005,True
U002122,2025-03-18,D003,True
U002123,2023-11-12,D005,True
U002124,2023-02-08,D013,True
U002125,2025-12-01,D010,True
U002126,2024-12-17,D016,True
U002127,2023-02-27,D012,True
U002128,2023-03-23,D004,True
U002129,2025-09-05,D008,True
U002130,2023-08-21,D007,True
U002131,2025-12-06,D012,True
U002132,2023-11-21,D011,True
U002133,2023-09-03,D006,True
U002134,2024-03-24,D002,True
U002135,2023-11-07,D010,True
U002136,2025-08-03,D005,True
U002137,2024-10-19,D011,True
U002138,2025-01-21,D001,True
U002139,2023-02-12,D013,True
U002140,2025-10-29,D003,True
U002141,2025-06-27,D001,True
U002142,2023-06-03,D004,True
U002143,2024-06-01,D006,True
U002144,2024-11-08,D013,True
U002145,2025-11-09,D008,True
U002146,2023-09-06,D001,True
U002147,2023-02-26,D011,True
U002148,2023-03-02,D010,True
U002149,2024-07-15,D009,True
U002150,2024-10-29,D016,True
U002151,2025-03-31,D004,True
U002152,2024-11-20,D006,True
U002153,2023-08-01,D016,True
U002154,2023-03-22,D014,True
U002155,2024-10-22,D008,True
U002156,2025-08-05,D003,True
U002157,2023-03-05,D002,True
U002158,2024-04-17,D008,True
U002159,2023-02-16,D010,True
U002160,2024-08-26,D002,True
U002161,2023-05-16,D016,True
U002162,2024-02-26,D013,True
U002163,2023-02-16,D009,True
U002164,2025-01-04,D004,True
U002165,2025-04-27,D002,True
U002166,2025-08-19,D016,True
U002167,2024-06-08,D015,True
U002168,2025-01-25,D003,True
U002169,2024-09-20,D004,True
U002170,2025-04-24,D006,True
U002171,2023-11-01,D012,True
U002172,2023-07-13,D010,True
U002173,2023-10-30,D001,True
U002174,2024-10-13,D002,True
U002175,2025-04-07,D007,True
U002176,2025-05-27,D005,True
U002177,2025-08-06,D016,True
U002178,2023-01-16,D004,True
U002179,2023-06-28,D001,True
U002180,2024-04-09,D006,True
U002181,2024-08-18,D005,True
U002182,2023-03-26,D011,True
U002183,2023-01-19,D003,True
U002184,2025-07-22,D011,True
U002185,2025-01-24,D001,True
U002186,2023-09-05,D007,True
U002187,2025-11-12,D009,True
U002188,2025-05-07,D013,True
U002189,2024-01-27,D005,True
U002190,2023-06-17,D006,True
U002191,2023-10-12,D003,True
U002192,2025-06-04,D001,True
U002193,2024-01-27,D008,True
U002194,2025-06-16,D002,True
U002195,2025-11-23,D003,True
U002196,2023-06-04,D006,True
U002197,2024-03-08,D003,True
U002198,2024-09-26,D013,True
U002199,2025-01-18,D005,True
U002200,2024-11-27,D001,True
U002201,2025-07-31,D007,True
U002202,2023-06-26,D002,True
U002203,2025-01-04,D001,True
U002204,2025-06-28,D010,True
U002205,2025-12-21,D003,True
U002206,2024-06-12,D013,True
U002207,2023-10-30,D003,True
U002208,2024-09-04,D013,True
U002209,2025-10-19,D015,True
U002210,2023-03-23,D005,True
U002211,2023-04-01,D006,True
U002212,2025-10-18,D010,True
U002213,2023-12-16,D002,True
U002214,2025-12-17,D014,True
U002215,2024-11-07,D012,True
U002216,2024-09-19,D008,True
U002217,2024-11-03,D012,True
U002218,2025-11-06,D004,True
U002219,2023-09-30,D006,True
U002220,2023-08-22,D005,True
U002221,2024-03-05,D003,True
U002222,2025-10-19,D010,True
U002223,2024-06-22,D013,True
U002224,2025-05-01,D016,True
U002225,2024-08-18,D002,True
U002226,2023-12-19,D003,True
U002227,2024-02-08,D004,True
U002228,2024-11-03,D008,True
U002229,2025-04-18,D001,True
U002230,2023-10-13,D015,True
U002231,2024-11-11,D002,True
U002232,2025-02-28,D010,True
U002233,2025-12-31,D016,True
U002234,2024-04-07,D003,True
U002235,2024-11-14,D011,True
U002236,2023-08-25,D014,True
U002237,2024-02-09,D008,True
U002238,2024-09-03,D002,True
U002239,2024-10-02,D013,True
U002240,2024-09-26,D012,True
U002241,2023-04-22,D009,True
U002242,2024-11-16,D008,True
U002243,2025-06-07,D011,True
U002244,2023-03-05,D001,True
U002245,2025-12-08,D001,True
U002246,2024-04-29,D004,True
U002247,2023-10-21,D005,True
U002248,2023-11-20,D016,True
U002249,2023-12-24,D002,True
U002250,2025-06-25,D010,True
U002251,2023-08-03,D008,True
U002252,2025-04-27,D009,True
U002253,2023-10-22,D012,True
U002254,2025-12-20,D001,True
U002255,2024-09-26,D009,True
U002256,2023-12-04,D012,True
U002257,2023-02-19,D010,True
U002258,2023-10-28,D010,True
U002259,2025-02-04,D002,True
U002260,2025-06-14,D004,True
U002261,2025-11-18,D005,True
U002262,2024-10-20,D006,True
U002263,2025-12-27,D004,True
U002264,2023-11-24,D012,True
U002265,2025-05-30,D001,True
U002266,2023-09-22,D001,True
U002267,2025-05-16,D016,True
U002268,2024-01-17,D002,True
U002269,2023-06-11,D011,True
U002270,2025-04-30,D006,True
U002271,2023-10-25,D015,True
U002272,2023-05-07,D012,True
U002273,2025-11-19,D009,True
U002274,2023-10-02,D004,True
U002275,2023-10-22,D006,True
U002276,2025-03-09,D010,True
U002277,2024-11-25,D014,True
U002278,2024-01-23,D014,True
U002279,2023-03-15,D006,True
U002280,2025-12-11,D005,True
U002281,2025-12-24,D009,True
U002282,2023-04-11,D003,True
U002283,2025-10-31,D008,True
U002284,2023-11-07,D011,True
U002285,2024-09-22,D010,True
U002286,2023-04-07,D013,True
U002287,2024-05-06,D003,True
U002288,2024-08-01,D010,True
U002289,2025-03-14,D016,True
U002290,2025-05-10,D015,True
U002291,2024-05-05,D011,True
U002292,2024-10-11,D003,True
U002293,2024-05-03,D012,True
U002294,2023-12-08,D012,True
U002295,2025-11-30,D002,True
U002296,2025-09-21,D005,True
U002297,2025-11-24,D014,True
U002298,2024-01-15,D010,True
U002299,2023-05-13,D007,True
U002300,2024-03-26,D014,True
U002301,2024-07-29,D005,True
U002302,2023-06-26,D005,True
U002303,2024-07-29,D007,True
U002304,2023-09-08,D003,True
U002305,2025-10-15,D001,True
U002306,2023-01-30,D006,True
U002307,2024-07-15,D011,True
U002308,2025-09-06,D004,True
U002309,2024-07-09,D014,True
U002310,2024-05-02,D015,True
U002311,2025-10-08,D005,True
U002312,2024-11-21,D014,True
U002313,2025-12-19,D015,True
U002314,2024-05-05,D004,True
U002315,2023-03-30,D002,True
U002316,2023-08-08,D001,True
U002317,2025-01-23,D006,True
U002318,2023-12-19,D006,True
U002319,2024-02-13,D011,True
U002320,2024-11-12,D003,True
U002321,2024-12-11,D009,True
U002322,2025-06-23,D015,True
U002323,2023-08-22,D006,True
U002324,2024-12-14,D001,True
U002325,2024-01-22,D010,True
U002326,2025-08-12,D016,True
U002327,2023-12-05,D009,True
U002328,2025-10-28,D004,True
U002329,2023-10-28,D008,True
U002330,2023-06-26,D002,True
U002331,2024-01-13,D009,True
U002332,2025-01-28,D004,True
U002333,2023-07-03,D007,True
U002334,2024-11-08,D007,True
U002335,2023-09-22,D004,True
U002336,2025-11-08,D006,True
U002337,2023-08-18,D012,True
U002338,2023-07-27,D004,True
U002339,2025-03-27,D002,True
U002340,2023-11-09,D010,True
U002341,2023-11-01,D009,True
U002342,2023-09-16,D016,True
U002343,2023-11-22,D009,True
U002344,2023-05-27,D012,True
U002345,2023-11-09,D006,True
U002346,2024-02-23,D002,True
U002347,2024-07-14,D012,True
U002348,2025-09-04,D003,True
U002349,2024-04-14,D008,True
U002350,2025-02-17,D012,True
U002351,2023-05-17,D001,True
U002352,2025-01-16,D014,True
U002353,2025-04-30,D001,True
U002354,2025-03-11,D012,True
U002355,2024-02-15,D004,True
U002356,2024-08-05,D008,True
U002357,2023-01-14,D005,True
U002358,2024-03-11,D011,True
U002359,2025-03-18,D001,True
U002360,2024-08-14,D006,True
U002361,2023-09-15,D011,True
U002362,2025-05-04,D004,True
U002363,2023-01-13,D002,True
U002364,2024-01-17,D006,True
U002365,2023-01-11,D007,True
U002366,2025-10-05,D011,True
U002367,2024-11-28,D001,True
U002368,2023-07-29,D016,True
U002369,2024-10-08,D001,True
U002370,2024-09-27,D002,True
U002371,2024-09-23,D010,True
U002372,2025-11-23,D004,True
U002373,2023-08-02,D016,True
U002374,2023-05-26,D013,True
U002375,2025-03-15,D003,True
U002376,2025-04-24,D001,True
U002377,2024-02-28,D001,True
U002378,2023-04-04,D004,True
U002379,2023-06-07,D002,True
U002380,2024-01-07,D016,True
U002381,2024-05-10,D010,True
U002382,2024-01-18,D009,True
U002383,2025-11-11,D014,True
U002384,2025-05-07,D010,True
U002385,2024-08-12,D015,True
U002386,2023-07-27,D016,True
U002387,2024-11-02,D010,True
U002388,2024-08-15,D004,True
U002389,2024-03-21,D012,True
U002390,2023-09-07,D016,True
U002391,2023-08-15,D011,True
U002392,2023-05-31,D006,True
U002393,2023-11-20,D006,True
U002394,2023-09-16,D008,True
U002395,2025-01-29,D016,True
U002396,2024-10-10,D006,True
U002397,2024-07-08,D008,True
U002398,2023-04-05,D002,True
U002399,2024-12-06,D003,True
U002400,2025-10-10,D011,True
U002401,2023-09-16,D013,True
U002402,2024-03-14,D004,True
U002403,2024-07-06,D003,True
U002404,2024-09-09,D010,True
U002405,2024-12-05,D001,True
U002406,2023-06-27,D013,True
U002407,2023-02-04,D008,True
U002408,2025-02-27,D015,True
U002409,2023-11-05,D003,True
U002410,2023-08-01,D002,True
U002411,2024-01-06,D003,True
U002412,2025-06-03,D016,True
U002413,2025-12-16,D006,True
U002414,2024-07-01,D006,True
U002415,2024-09-01,D014,True
U002416,2024-08-26,D015,True
U002417,2024-08-06,D007,True
U002418,2023-05-29,D008,True
U002419,2023-01-03,D002,True
U002420,2025-08-16,D007,True
U002421,2025-07-30,D009,True
U002422,2024-12-02,D010,True
U002423,2025-07-31,D007,True
U002424,2024-01-26,D016,True
U002425,2025-05-01,D014,True
U002426,2025-03-14,D014,True
U002427,2025-04-21,D003,True
U002428,2025-05-23,D010,True
U002429,2023-06-01,D013,True
U002430,2025-01-16,D001,True
U002431,2023-07-04,D007,True
U002432,2024-07-27,D015,True
U002433,2023-04-20,D008,True
U002434,2024-01-27,D010,True
U002435,2025-04-28,D009,True
U002436,2024-03-09,D012,True
U002437,2023-08-29,D010,True
U002438,2023-06-20,D007,True
U002439,2025-08-22,D004,True
U002440,2023-10-12,D011,True
U002441,2025-01-05,D013,True
U002442,2023-09-29,D008,True
U002443,2023-05-07,D001,True
U002444,2025-12-03,D009,True
U002445,2024-09-30,D007,True
U002446,2025-09-30,D004,True
U002447,2024-04-30,D012,True
U002448,2023-05-06,D004,True
U002449,2023-09-25,D012,True
U002450,2023-07-28,D001,True
U002451,2023-02-02,D002,True
U002452,2024-07-08,D003,True
U002453,2023-02-25,D002,True
U002454,2025-04-10,D010,True
U002455,2024-05-28,D013,True
U002456,2024-12-18,D006,True
U002457,2023-07-30,D003,True
U002458,2023-05-19,D007,True
U002459,2024-07-12,D013,True
U002460,2025-10-23,D015,True
U002461,2024-10-12,D014,True
U002462,2024-11-14,D003,True
U002463,2024-07-13,D007,True
U002464,2025-06-23,D003,True
U002465,2024-12-07,D015,True
U002466,2025-04-02,D005,True
U002467,2024-11-14,D001,True
U002468,2024-04-15,D011,True
U002469,2025-12-18,D008,True
U002470,2025-12-25,D008,True
U002471,2024-06-12,D004,True
U002472,2025-07-19,D013,True
U002473,2024-05-24,D016,True
U002474,2023-09-09,D009,True
U002475,2024-12-18,D016,True
U002476,2024-11-22,D014,True
U002477,2025-06-18,D007,True
U002478,2024-09-09,D016,True
U002479,2025-04-06,D006,True
U002480,2023-04-08,D004,True
U002481,2025-07-31,D012,True
U002482,2024-01-24,D007,True
U002483,2024-12-17,D012,True
U002484,2023-03-06,D008,True
U002485,2025-10-23,D006,True
U002486,2025-07-04,D007,True
U002487,2023-10-09,D016,True
U002488,2025-08-24,D014,True
U002489,2025-09-17,D008,True
U002490,2024-08-18,D010,True
U002491,2025-08-05,D016,True
U002492,2023-01-29,D015,True
U002493,2023-09-27,D001,True
U002494,2025-02-18,D016,True
U002495,2024-04-06,D001,True
U002496,2023-05-10,D006,True
U002497,2023-09-06,D009,True
U002498,2023-01-10,D003,True
U002499,2025-12-24,D011,True
U002500,2025-10-30,D008,True
U002501,2025-07-04,D014,True
U002502,2023-04-22,D003,True
U002503,2025-01-10,D008,True
U002504,2023-07-06,D008,True
U002505,2024-02-27,D008,True
U002506,2025-09-04,D005,True
U002507,2024-12-20,D015,True
U002508,2023-02-07,D004,True
U002509,2024-06-19,D014,True
U002510,2024-01-18,D008,True
U002511,2024-03-23,D008,True
U002512,2023-08-21,D005,True
U002513,2024-08-21,D006,True
U002514,2025-10-05,D015,True
U002515,2025-01-23,D010,True
U002516,2023-02-18,D014,True
U002517,2025-06-11,D003,True
U002518,2024-02-03,D014,True
U002519,2025-02-08,D008,True
U002520,2025-09-16,D013,True
U002521,2023-03-17,D001,True
U002522,2025-08-21,D009,True
U002523,2023-11-03,D016,True
U002524,2025-10-16,D003,True
U002525,2024-06-12,D003,True
U002526,2025-02-26,D001,True
U002527,2024-07-27,D010,True
U002528,2023-07-19,D004,True
U002529,2025-02-10,D002,True
U002530,2024-11-14,D014,True
U002531,2025-04-13,D010,True
U002532,2023-07-01,D010,True
U002533,2023-03-06,D011,True
U002534,2023-09-29,D006,True
U002535,2024-10-19,D015,True
U002536,2023-08-13,D003,True
U002537,2023-04-24,D008,True
U002538,2025-04-09,D015,True
U002539,2023-06-05,D014,True
U002540,2025-11-10,D014,True
U002541,2024-12-11,D011,True
U002542,2025-08-18,D008,True
U002543,2023-09-19,D002,True
U002544,2023-08-11,D012,True
U002545,2023-05-05,D010,True
U002546,2025-08-01,D014,True
U002547,2024-08-04,D008,True
U002548,2023-09-03,D013,True
U002549,2024-08-19,D008,True
U002550,2023-05-02,D012,True
U002551,2023-09-01,D003,True
U002552,2023-02-27,D009,True
U002553,2024-01-07,D008,True
U002554,2024-01-30,D016,True
U002555,2023-06-18,D016,True
U002556,2023-03-22,D012,True
U002557,2025-03-24,D009,True
U002558,2024-02-06,D008,True
U002559,2023-09-06,D003,True
U002560,2023-02-15,D007,True
U002561,2023-07-15,D010,True
U002562,2024-04-01,D006,True
U002563,2024-12-07,D013,True
U002564,2025-10-16,D010,True
U002565,2025-04-08,D009,True
U002566,2024-07-03,D011,True
U002567,2025-12-23,D006,True
U002568,2024-01-12,D013,True
U002569,2023-03-21,D002,True
U002570,2025-02-16,D004,True
U002571,2023-04-25,D006,True
U002572,2024-02-19,D003,True
U002573,2023-10-08,D004,True
U002574,2025-12-25,D008,True
U002575,2023-07-18,D014,True
U002576,2024-10-31,D006,True
U002577,2024-05-13,D001,True
U002578,2024-10-01,D001,True
U002579,2024-04-18,D007,True
U002580,2023-04-01,D009,True
U002581,2025-06-30,D006,True
U002582,2023-07-20,D001,True
U002583,2023-02-16,D013,True
U002584,2024-03-19,D011,True
U002585,2025-04-29,D001,True
U002586,2023-01-23,D014,True
U002587,2025-06-06,D015,True
U002588,2025-12-25,D016,True
U002589,2023-03-09,D007,True
U002590,2024-11-03,D003,True
U002591,2024-09-06,D005,True
U002592,2024-04-18,D002,True
U002593,2025-01-25,D016,True
U002594,2023-12-11,D010,True
U002595,2024-12-25,D012,True
U002596,2025-10-05,D003,True
U002597,2023-09-27,D012,True
U002598,2023-06-27,D012,True
U002599,2023-12-15,D011,True
U002600,2023-05-04,D010,True
U002601,2023-01-29,D013,True
U002602,2024-10-23,D005,True
U002603,2025-08-08,D001,True
U002604,2023-03-23,D001,True
U002605,2024-02-02,D013,True
U002606,2025-09-01,D011,True
U002607,2024-03-27,D016,True
U002608,2024-10-27,D010,True
U002609,2025-05-08,D002,True
U002610,2023-09-25,D001,True
U002611,2025-11-03,D014,True
U002612,2023-11-15,D004,True
U002613,2023-09-18,D003,True
U002614,2024-01-29,D007,True
U002615,2025-07-22,D015,True
U002616,2023-11-17,D013,True
U002617,2025-11-19,D006,True
U002618,2024-05-10,D010,True
U002619,2023-11-25,D013,True
U002620,2023-05-28,D003,True
U002621,2023-02-20,D003,True
U002622,2024-05-10,D007,True
U002623,2024-09-16,D013,True
U002624,2023-06-21,D011,True
U002625,2023-06-07,D011,True
U002626,2023-12-21,D009,True
U002627,2023-10-18,D001,True
U002628,2023-11-05,D007,True
U002629,2024-06-30,D006,True
U002630,2023-08-29,D001,True
U002631,2023-11-29,D007,True
U002632,2024-09-05,D006,True
U002633,2024-04-05,D014,True
U002634,2023-10-04,D013,True
U002635,2025-09-20,D004,True
U002636,2023-02-13,D015,True
U002637,2024-03-16,D002,True
U002638,2024-05-20,D004,True
U002639,2024-05-18,D001,True
U002640,2024-12-01,D014,True
U002641,2024-10-01,D010,True
U002642,2023-01-18,D015,True
U002643,2024-07-17,D011,True
U002644,2025-05-30,D005,True
U002645,2023-10-24,D004,True
U002646,2024-08-25,D015,True
U002647,2025-09-07,D006,True
U002648,2025-02-11,D007,True
U002649,2025-11-16,D010,True
U002650,2024-05-08,D007,True
U002651,2025-08-10,D006,True
U002652,2025-07-11,D007,True
U002653,2024-06-17,D011,True
U002654,2024-02-24,D015,True
U002655,2025-10-30,D002,True
U002656,2023-05-03,D006,True
U002657,2024-01-30,D013,True
U002658,2023-10-30,D016,True
U002659,2025-04-07,D008,True
U002660,2025-09-05,D013,True
U002661,2024-10-28,D014,True
U002662,2024-01-18,D015,True
U002663,2023-01-17,D007,True
U002664,2023-07-10,D003,True
U002665,2023-12-04,D004,True
U002666,2025-09-15,D010,True
U002667,2025-06-12,D008,True
U002668,2023-10-06,D016,True
U002669,2023-06-13,D016,True
U002670,2023-11-15,D016,True
U002671,2023-12-23,D007,True
U002672,2025-04-12,D005,True
U002673,2024-06-24,D013,True
U002674,2023-04-25,D007,True
U002675,2023-05-18,D003,True
U002676,2023-08-21,D016,True
U002677,2024-03-29,D011,True
U002678,2023-06-21,D004,True
U002679,2025-04-05,D001,True
U002680,2024-04-14,D011,True
U002681,2024-07-09,D001,True
U002682,2025-01-31,D009,True
U002683,2024-04-30,D007,True
U002684,2023-01-14,D005,True
U002685,2023-11-20,D015,True
U002686,2023-09-27,D009,True
U002687,2025-04-28,D008,True
U002688,2023-10-28,D013,True
U002689,2023-04-09,D009,True
U002690,2023-01-30,D014,True
U002691,2023-03-01,D013,True
U002692,2025-12-15,D016,True
U002693,2023-02-04,D014,True
U002694,2024-09-12,D003,True
U002695,2024-05-02,D004,True
U002696,2024-08-28,D011,True
U002697,2025-10-14,D010,True
U002698,2025-09-14,D010,True
U002699,2024-05-14,D009,True
U002700,2023-05-21,D009,True
U002701,2024-12-15,D015,True
U002702,2025-09-13,D015,True
U002703,2025-03-24,D012,True
U002704,2024-04-26,D009,True
U002705,2024-01-28,D005,True
U002706,2023-04-23,D014,True
U002707,2025-08-23,D002,True
U002708,2024-02-16,D009,True
U002709,2023-06-03,D006,True
U002710,2023-05-03,D009,True
U002711,2025-09-10,D015,True
U002712,2024-03-21,D003,True
U002713,2024-08-15,D004,True
U002714,2024-08-01,D013,True
U002715,2025-12-17,D008,True
U002716,2023-06-26,D006,True
U002717,2025-10-29,D008,True
U002718,2024-03-28,D014,True
U002719,2023-01-25,D004,True
U002720,2025-11-23,D012,True
U002721,2023-01-01,D016,True
U002722,2023-04-23,D015,True
U002723,2025-12-31,D016,True
U002724,2023-12-29,D001,True
U002725,2025-05-28,D007,True
U002726,2024-10-16,D006,True
U002727,2024-03-11,D013,True
U002728,2023-06-20,D016,True
U002729,2024-04-17,D013,True
U002730,2024-08-17,D003,True
U002731,2023-04-25,D016,True
U002732,2025-08-16,D013,True
U002733,2024-12-25,D014,True
U002734,2023-09-21,D015,True
U002735,2023-01-16,D014,True
U002736,2025-08-10,D013,True
U002737,2024-09-11,D008,True
U002738,2023-10-20,D007,True
U002739,2023-01-03,D004,True
U002740,2024-08-23,D001,True
U002741,2024-11-21,D005,True
U002742,2023-09-14,D005,True
U002743,2024-04-20,D014,True
U002744,2024-04-20,D001,True
U002745,2024-08-01,D013,True
U002746,2023-10-11,D012,True
U002747,2024-06-13,D016,True
U002748,2023-06-19,D001,True
U002749,2024-03-31,D008,True
U002750,2023-10-16,D010,True
U002751,2024-06-29,D008,True
U002752,2024-07-24,D011,True
U002753,2024-05-22,D004,True
U002754,2025-04-05,D004,True
U002755,2023-05-24,D013,True
U002756,2025-01-17,D002,True
U002757,2025-10-28,D003,True
U002758,2025-01-04,D008,True
U002759,2024-07-28,D006,True
U002760,2023-01-06,D001,True
U002761,2025-11-13,D006,True
U002762,2025-11-23,D012,True
U002763,2024-08-14,D013,True
U002764,2024-03-13,D001,True
U002765,2024-05-19,D012,True
U002766,2023-10-06,D014,True
U002767,2023-08-27,D002,True
U002768,2025-10-14,D003,True
U002769,2025-01-19,D007,True
U002770,2024-12-11,D003,True
U002771,2024-03-24,D005,True
U002772,2024-04-25,D001,True
U002773,2024-06-22,D004,True
U002774,2024-03-30,D015,True
U002775,2024-03-02,D009,True
U002776,2025-03-09,D015,True
U002777,2023-08-18,D014,True
U002778,2025-06-24,D006,True
U002779,2023-04-23,D015,True
U002780,2024-11-22,D008,True
U002781,2024-09-24,D008,True
U002782,2024-02-27,D014,True
U002783,2024-04-04,D005,True
U002784,2025-11-21,D003,True
U002785,2024-07-01,D009,True
U002786,2024-03-15,D015,True
U002787,2023-10-17,D013,True
U002788,2025-07-13,D014,True
U002789,2025-01-07,D012,True
U002790,2025-09-14,D014,True
U002791,2024-06-03,D003,True
U002792,2025-12-03,D007,True
U002793,2025-07-25,D010,True
U002794,2025-08-24,D016,True
U002795,2024-08-15,D006,True
U002796,2023-09-18,D012,True
U002797,2025-03-19,D007,True
U002798,2024-07-26,D014,True
U002799,2023-12-06,D012,True
U002800,2024-06-03,D014,True
U002801,2025-08-23,D005,True
U002802,2025-08-27,D008,True
U002803,2024-06-05,D014,True
U002804,2023-06-14,D006,True
U002805,2023-07-23,D009,True
U002806,2024-04-21,D002,True
U002807,2025-07-29,D006,True
U002808,2023-02-21,D004,True
U002809,2024-04-26,D007,True
U002810,2024-02-17,D007,True
U002811,2024-02-05,D009,True
U002812,2024-12-28,D011,True
U002813,2023-08-04,D005,True
U002814,2023-01-05,D014,True
U002815,2025-12-27,D016,True
U002816,2023-02-19,D003,True
U002817,2024-08-10,D010,True
U002818,2023-06-14,D011,True
U002819,2025-08-04,D008,True
U002820,2024-07-23,D002,True
U002821,2023-05-28,D009,True
U002822,2025-07-04,D011,True
U002823,2025-11-24,D012,True
U002824,2025-03-23,D009,True
U002825,2025-09-16,D012,True
U002826,2024-03-26,D009,True
U002827,2023-08-29,D012,True
U002828,2025-07-25,D005,True
U002829,2025-09-01,D013,True
U002830,2025-11-14,D014,True
U002831,2025-05-23,D004,True
U002832,2024-01-17,D015,True
U002833,2024-10-10,D015,True
U002834,2025-02-16,D011,True
U002835,2024-08-30,D001,True
U002836,2024-09-12,D004,True
U002837,2024-03-25,D009,True
U002838,2023-11-17,D010,True
U002839,2024-09-21,D009,True
U002840,2024-06-24,D005,True
U002841,2025-11-28,D011,True
U002842,2024-07-29,D001,True
U002843,2025-08-28,D006,True
U002844,2024-10-26,D004,True
U002845,2024-01-05,D002,True
U002846,2023-05-09,D016,True
U002847,2024-08-21,D001,True
U002848,2024-01-31,D007,True
U002849,2025-11-06,D002,True
U002850,2024-08-27,D009,True
U002851,2024-10-29,D006,True
U002852,2025-02-09,D013,True
U002853,2025-03-15,D001,True
U002854,2024-02-23,D012,True
U002855,2023-12-09,D012,True
U002856,2023-11-09,D005,True
U002857,2023-03-03,D010,True
U002858,2023-03-18,D012,True
U002859,2023-11-05,D012,True
U002860,2023-07-09,D008,True
U002861,2024-09-18,D008,True
U002862,2024-05-18,D007,True
U002863,2025-08-07,D001,True
U002864,2024-01-12,D003,True
U002865,2023-03-04,D012,True
U002866,2023-07-04,D015,True
U002867,2023-01-10,D006,True
U002868,2023-01-12,D001,True
U002869,2024-02-04,D016,True
U002870,2024-12-28,D008,True
U002871,2023-07-03,D007,True
U002872,2025-12-07,D003,True
U002873,2023-07-30,D012,True
U002874,2023-01-26,D010,True
U002875,2023-09-26,D001,True
U002876,2023-06-22,D010,True
U002877,2024-02-01,D014,True
U002878,2025-02-12,D011,True
U002879,2023-11-20,D015,True
U002880,2025-12-24,D007,True
U002881,2025-02-14,D015,True
U002882,2025-06-11,D015,True
U002883,2024-01-01,D015,True
U002884,2024-02-28,D002,True
U002885,2025-10-27,D005,True
U002886,2025-10-22,D016,True
U002887,2024-02-01,D005,True
U002888,2025-09-29,D009,True
U002889,2023-10-04,D002,True
U002890,2023-05-29,D010,True
U002891,2024-10-31,D001,True
U002892,2023-10-07,D009,True
U002893,2023-01-05,D009,True
U002894,2023-04-23,D016,True
U002895,2024-12-07,D006,True
U002896,2025-10-08,D005,True
U002897,2024-04-30,D009,True
U002898,2024-06-29,D001,True
U002899,2023-04-28,D008,True
U002900,2025-06-07,D016,True
U002901,2025-07-19,D001,True
U002902,2025-04-28,D003,True
U002903,2024-12-26,D002,True
U002904,2024-11-25,D013,True
U002905,2023-04-06,D006,True
U002906,2025-08-06,D013,True
U002907,2024-08-01,D005,True
U002908,2023-07-28,D003,True
U002909,2023-10-20,D014,True
U002910,2023-08-24,D009,True
U002911,2023-04-16,D003,True
U002912,2025-11-02,D016,True
U002913,2024-10-07,D012,True
U002914,2024-12-22,D015,True
U002915,2024-02-01,D014,True
U002916,2023-12-12,D005,True
U002917,2025-11-10,D008,True
U002918,2025-05-28,D007,True
U002919,2025-12-08,D001,True
U002920,2025-07-30,D013,True
U002921,2025-07-21,D008,True
U002922,2024-12-31,D003,True
U002923,2024-02-24,D006,True
U002924,2025-09-27,D002,True
U002925,2023-03-29,D010,True
U002926,2025-08-11,D013,True
U002927,2023-11-19,D009,True
U002928,2024-10-26,D002,True
U002929,2023-11-19,D001,True
U002930,2024-05-03,D005,True
U002931,2024-09-06,D004,True
U002932,2023-10-09,D016,True
U002933,2025-03-19,D007,True
U002934,2025-04-08,D010,True
U002935,2023-11-10,D009,True
U002936,2024-06-04,D016,True
U002937,2025-05-09,D002,True
U002938,2023-11-13,D002,True
U002939,2023-10-18,D002,True
U002940,2023-08-04,D015,True
U002941,2024-09-02,D016,True
U002942,2023-06-17,D006,True
U002943,2025-08-05,D009,True
U002944,2025-04-25,D004,True
U002945,2025-10-12,D002,True
U002946,2023-06-05,D006,True
U002947,2025-11-09,D009,True
U002948,2023-05-12,D002,True
U002949,2025-05-31,D004,True
U002950,2023-06-11,D002,True
U002951,2024-01-25,D013,True
U002952,2024-06-24,D015,True
U002953,2023-08-07,D011,True
U002954,2023-12-04,D015,True
U002955,2023-12-16,D015,True
U002956,2025-11-18,D008,True
U002957,2024-09-27,D013,True
U002958,2023-06-01,D011,True
U002959,2024-06-07,D016,True
U002960,2025-07-14,D001,True
U002961,2024-10-12,D016,True
U002962,2023-01-13,D010,True
U002963,2023-09-30,D011,True
U002964,2025-02-02,D007,True
U002965,2025-10-04,D001,True
U002966,2024-05-19,D011,True
U002967,2024-10-19,D007,True
U002968,2024-07-08,D007,True
U002969,2025-11-11,D009,True
U002970,2025-01-09,D001,True
U002971,2023-05-28,D002,True
U002972,2025-12-27,D001,True
U002973,2025-02-19,D013,True
U002974,2023-05-17,D012,True
U002975,2024-02-09,D009,True
U002976,2023-07-01,D012,True
U002977,2024-11-12,D014,True
U002978,2024-05-15,D003,True
U002979,2023-08-15,D007,True
U002980,2023-01-13,D005,True
U002981,2024-02-01,D003,True
U002982,2025-06-01,D016,True
U002983,2025-03-18,D007,True
U002984,2025-09-15,D007,True
U002985,2024-01-17,D006,True
U002986,2025-07-01,D016,True
U002987,2025-01-07,D013,True
U002988,2024-09-26,D008,True
U002989,2025-11-02,D002,True
U002990,2024-07-21,D001,True
U002991,2023-02-10,D014,True
U002992,2025-07-23,D004,True
U002993,2025-01-25,D012,True
U002994,2023-03-09,D001,True
U002995,2024-04-21,D010,True
U002996,2024-09-13,D002,True
U002997,2023-10-09,D011,True
U002998,2023-05-25,D016,True
U002999,2025-04-16,D003,True
U003000,2025-06-10,D005,True
U003001,2023-07-04,D004,True
U003002,2023-09-25,D004,True
U003003,2025-12-30,D004,True
U003004,2023-06-16,D014,True
U003005,2023-08-06,D008,True
U003006,2023-12-10,D005,True
U003007,2025-07-10,D011,True
U003008,2025-02-23,D014,True
U003009,2023-04-15,D007,True
U003010,2023-06-21,D004,True
U003011,2025-08-05,D001,True
U003012,2023-06-20,D001,True
U003013,2023-10-15,D014,True
U003014,2023-01-19,D014,True
U003015,2024-06-18,D014,True
U003016,2024-04-11,D004,True
U003017,2024-05-15,D016,True
U003018,2024-09-06,D012,True
U003019,2024-04-04,D014,True
U003020,2024-02-13,D007,True
U003021,2023-05-21,D010,True
U003022,2024-12-16,D011,True
U003023,2025-01-12,D011,True
U003024,2023-06-05,D015,True
U003025,2023-11-15,D016,True
U003026,2023-04-19,D008,True
U003027,2023-11-27,D003,True
U003028,2023-10-29,D013,True
U003029,2025-10-23,D008,True
U003030,2025-02-05,D008,True
U003031,2023-04-23,D001,True
U003032,2025-06-10,D009,True
U003033,2025-11-27,D012,True
U003034,2025-08-27,D015,True
U003035,2025-07-27,D012,True
U003036,2025-06-15,D013,True
U003037,2024-10-02,D005,True
U003038,2024-09-30,D002,True
U003039,2024-04-12,D016,True
U003040,2023-03-31,D005,True
U003041,2024-02-11,D014,True
U003042,2025-07-30,D003,True
U003043,2023-12-22,D012,True
U003044,2024-09-17,D008,True
U003045,2023-03-03,D010,True
U003046,2025-06-27,D013,True
U003047,2025-04-18,D001,True
U003048,2023-07-26,D006,True
U003049,2023-02-23,D003,True
U003050,2024-03-14,D014,True
U003051,2023-10-09,D002,True
U003052,2024-12-01,D001,True
U003053,2023-01-01,D002,True
U003054,2024-01-12,D003,True
U003055,2023-01-27,D007,True
U003056,2024-07-11,D007,True
U003057,2024-06-18,D007,True
U003058,2023-09-19,D008,True
U003059,2024-03-13,D014,True
U003060,2023-01-16,D002,True
U003061,2023-01-27,D016,True
U003062,2023-07-08,D008,True
U003063,2024-05-28,D016,True
U003064,2025-03-10,D010,True
U003065,2024-07-16,D004,True
U003066,2023-08-15,D015,True
U003067,2023-10-30,D005,True
U003068,2025-06-21,D016,True
U003069,2024-05-16,D008,True
U003070,2025-11-19,D014,True
U003071,2024-05-25,D016,True
U003072,2024-04-23,D005,True
U003073,2024-11-15,D005,True
U003074,2023-10-23,D008,True
U003075,2024-04-22,D016,True
U003076,2025-11-12,D006,True
U003077,2024-02-13,D004,True
U003078,2023-08-23,D006,True
U003079,2025-10-10,D010,True
U003080,2024-01-18,D009,True
U003081,2023-01-19,D005,True
U003082,2023-11-19,D005,True
U003083,2023-07-18,D016,True
U003084,2024-11-05,D008,True
U003085,2025-06-05,D006,True
U003086,2024-02-09,D004,True
U003087,2025-04-08,D015,True
U003088,2023-10-18,D013,True
U003089,2024-10-01,D009,True
U003090,2025-12-17,D009,True
U003091,2025-06-01,D015,True
U003092,2024-08-02,D009,True
U003093,2023-05-19,D014,True
U003094,2024-02-02,D006,True
U003095,2025-04-11,D010,True
U003096,2023-10-02,D013,True
U003097,2023-02-09,D011,True
U003098,2025-05-10,D014,True
U003099,2025-01-01,D003,True
U003100,2023-04-30,D012,True
U003101,2025-08-06,D015,True
U003102,2025-06-01,D008,True
U003103,2023-12-02,D005,True
U003104,2024-05-02,D011,True
U003105,2024-07-16,D015,True
U003106,2025-11-02,D011,True
U003107,2025-12-17,D001,True
U003108,2024-01-06,D015,True
U003109,2024-07-17,D011,True
U003110,2023-01-18,D002,True
U003111,2023-04-14,D014,True
U003112,2023-08-25,D010,True
U003113,2023-01-01,D015,True
U003114,2023-02-05,D010,True
U003115,2025-05-10,D008,True
U003116,2024-08-07,D004,True
U003117,2024-12-30,D015,True
U003118,2023-07-23,D002,True
U003119,2023-03-23,D008,True
U003120,2024-11-24,D012,True
U003121,2024-05-24,D006,True
U003122,2025-04-14,D009,True
U003123,2023-12-20,D005,True
U003124,2024-05-23,D004,True
U003125,2023-10-31,D001,True
U003126,2024-12-09,D012,True
U003127,2024-08-10,D010,True
U003128,2025-05-25,D016,True
U003129,2023-08-16,D012,True
U003130,2024-04-03,D014,True
U003131,2025-05-27,D009,True
U003132,2025-06-12,D004,True
U003133,2025-05-22,D002,True
U003134,2025-06-10,D010,True
U003135,2023-05-29,D008,True
U003136,2025-07-22,D006,True
U003137,2023-02-28,D008,True
U003138,2024-03-30,D009,True
U003139,2024-06-03,D001,True
U003140,2025-06-12,D005,True
U003141,2023-06-06,D016,True
U003142,2025-08-03,D005,True
U003143,2023-07-09,D016,True
U003144,2025-05-30,D011,True
U003145,2023-11-04,D011,True
U003146,2024-11-28,D001,True
U003147,2025-06-18,D015,True
U003148,2024-06-02,D009,True
U003149,2023-04-08,D009,True
U003150,2025-12-03,D001,True
U003151,2024-12-03,D001,True
U003152,2025-02-07,D006,True
U003153,2025-10-01,D013,True
U003154,2024-07-14,D004,True
U003155,2023-10-27,D011,True
U003156,2024-05-05,D002,True
U003157,2025-02-18,D008,True
U003158,2023-05-25,D014,True
U003159,2024-08-03,D011,True
U003160,2025-04-16,D014,True
U003161,2024-03-18,D015,True
U003162,2025-04-10,D001,True
U003163,2025-01-20,D008,True
U003164,2023-11-04,D011,True
U003165,2023-08-25,D006,True
U003166,2023-09-06,D002,True
U003167,2025-12-04,D001,True
U003168,2023-12-15,D001,True
U003169,2025-04-29,D001,True
U003170,2025-12-17,D008,True
U003171,2025-12-31,D001,True
U003172,2024-02-20,D007,True
U003173,2023-06-11,D005,True
U003174,2023-10-10,D016,True
U003175,2025-02-06,D005,True
U003176,2025-09-18,D007,True
U003177,2025-12-11,D015,True
U003178,2025-08-09,D002,True
U003179,2025-08-25,D014,True
U003180,2025-01-17,D006,True
U003181,2024-11-07,D015,True
U003182,2023-11-17,D013,True
U003183,2025-01-23,D004,True
U003184,2023-12-12,D009,True
U003185,2025-08-12,D012,True
U003186,2025-08-15,D002,True
U003187,2023-07-03,D001,True
U003188,2025-04-16,D015,True
U003189,2025-04-01,D006,True
U003190,2024-04-09,D005,True
U003191,2023-09-16,D007,True
U003192,2024-02-20,D008,True
U003193,2024-04-13,D006,True
U003194,2023-10-24,D007,True
U003195,2023-04-08,D009,True
U003196,2024-03-08,D012,True
U003197,2025-07-03,D002,True
U003198,2025-03-18,D008,True
U003199,2024-08-27,D012,True
U003200,2023-12-19,D012,True
U003201,2023-06-13,D005,True
U003202,2023-02-10,D008,True
U003203,2024-07-12,D013,True
U003204,2024-10-16,D004,True
U003205,2023-07-25,D003,True
U003206,2025-11-07,D012,True
U003207,2024-03-14,D016,True
U003208,2023-12-14,D007,True
U003209,2025-11-24,D005,True
U003210,2023-09-15,D003,True
U003211,2024-06-23,D002,True
U003212,2024-05-01,D003,True
U003213,2023-08-07,D015,True
U003214,2024-02-29,D006,True
U003215,2025-10-06,D006,True
U003216,2023-05-26,D004,True
U003217,2024-06-17,D011,True
U003218,2024-07-10,D003,True
U003219,2025-08-08,D004,True
U003220,2023-05-07,D006,True
U003221,2023-02-14,D009,True
U003222,2024-02-10,D010,True
U003223,2023-04-16,D009,True
U003224,2024-07-22,D002,True
U003225,2025-10-02,D006,True
U003226,2023-08-23,D006,True
U003227,2023-02-07,D013,True
U003228,2024-01-22,D001,True
U003229,2023-03-27,D006,True
U003230,2025-11-18,D002,True
U003231,2025-11-15,D012,True
U003232,2023-06-10,D001,True
U003233,2025-07-20,D016,True
U003234,2024-05-26,D007,True
U003235,2024-03-12,D015,True
U003236,2024-03-13,D005,True
U003237,2025-04-12,D011,True
U003238,2024-01-27,D012,True
U003239,2023-08-21,D001,True
U003240,2024-06-30,D014,True
U003241,2025-12-04,D001,True
U003242,2025-06-02,D011,True
U003243,2025-05-18,D005,True
U003244,2024-10-25,D013,True
U003245,2025-02-22,D009,True
U003246,2024-12-13,D010,True
U003247,2024-05-26,D016,True
U003248,2025-10-16,D001,True
U003249,2025-03-29,D012,True
U003250,2025-05-08,D002,True
U003251,2023-10-18,D015,True
U003252,2025-03-22,D010,True
U003253,2024-06-28,D014,True
U003254,2025-09-19,D012,True
U003255,2023-05-08,D016,True
U003256,2025-02-08,D010,True
U003257,2023-01-06,D016,True
U003258,2023-04-14,D010,True
U003259,2023-06-07,D013,True
U003260,2024-08-21,D002,True
U003261,2023-01-08,D007,True
U003262,2024-02-18,D015,True
U003263,2025-04-05,D001,True
U003264,2025-06-21,D002,True
U003265,2025-10-17,D014,True
U003266,2024-08-07,D009,True
U003267,2023-06-03,D010,True
U003268,2025-07-20,D001,True
U003269,2024-07-09,D005,True
U003270,2025-09-29,D005,True
U003271,2025-02-13,D007,True
U003272,2025-11-30,D011,True
U003273,2023-04-30,D012,True
U003274,2023-06-10,D008,True
U003275,2024-10-18,D014,True
U003276,2024-12-13,D016,True
U003277,2023-11-18,D012,True
U003278,2023-06-25,D012,True
U003279,2023-12-31,D012,True
U003280,2025-03-22,D011,True
U003281,2023-02-23,D014,True
U003282,2024-03-08,D013,True
U003283,2023-12-25,D001,True
U003284,2023-08-12,D013,True
U003285,2024-07-02,D016,True
U003286,2023-01-21,D006,True
U003287,2023-10-03,D010,True
U003288,2023-02-21,D016,True
U003289,2025-05-17,D008,True
U003290,2025-09-30,D002,True
U003291,2025-09-12,D006,True
U003292,2024-01-28,D012,True
U003293,2024-07-15,D013,True
U003294,2024-07-07,D011,True
U003295,2024-08-08,D008,True
U003296,2024-05-25,D015,True
U003297,2023-02-22,D012,True
U003298,2025-03-27,D009,True
U003299,2023-02-24,D010,True
U003300,2024-05-21,D015,True
U003301,2025-12-19,D010,True
U003302,2025-05-03,D010,True
U003303,2023-12-01,D002,True
U003304,2024-02-27,D013,True
U003305,2024-10-23,D007,True
U003306,2023-04-19,D002,True
U003307,2023-08-09,D011,True
U003308,2025-05-29,D003,True
U003309,2023-01-26,D004,True
U003310,2023-10-17,D004,True
U003311,2024-11-21,D015,True
U003312,2023-12-17,D012,True
U003313,2024-03-04,D009,True
U003314,2025-01-31,D006,True
U003315,2023-01-22,D004,True
U003316,2024-12-05,D008,True
U003317,2025-02-24,D010,True
U003318,2025-07-28,D015,True
U003319,2023-05-30,D003,True
U003320,2025-07-19,D001,True
U003321,2025-05-24,D013,True
U003322,2023-07-11,D015,True
U003323,2024-05-07,D007,True
U003324,2023-11-16,D002,True
U003325,2024-07-09,D001,True
U003326,2023-02-01,D011,True
U003327,2025-02-17,D015,True
U003328,2025-06-11,D009,True
U003329,2024-09-30,D014,True
U003330,2024-06-24,D016,True
U003331,2024-08-01,D007,True
U003332,2024-04-14,D016,True
U003333,2023-10-24,D007,True
U003334,2023-03-02,D014,True
U003335,2025-07-18,D013,True
U003336,2025-06-29,D016,True
U003337,2023-06-05,D013,True
U003338,2024-04-12,D011,True
U003339,2023-01-24,D002,True
U003340,2024-05-11,D007,True
U003341,2025-07-18,D014,True
U003342,2024-03-20,D006,True
U003343,2025-08-16,D015,True
U003344,2025-10-18,D001,True
U003345,2024-03-14,D007,True
U003346,2025-08-21,D005,True
U003347,2023-08-25,D001,True
U003348,2023-12-04,D011,True
U003349,2023-04-03,D010,True
U003350,2025-08-26,D005,True
U003351,2023-01-08,D010,True
U003352,2024-02-12,D012,True
U003353,2023-07-11,D014,True
U003354,2024-03-14,D012,True
U003355,2025-06-22,D006,True
U003356,2023-09-02,D003,True
U003357,2024-09-22,D002,True
U003358,2023-03-22,D008,True
U003359,2023-06-22,D007,True
U003360,2025-05-22,D008,True
U003361,2024-01-18,D010,True
U003362,2025-05-22,D006,True
U003363,2024-09-04,D009,True
U003364,2024-02-29,D006,True
U003365,2024-11-13,D006,True
U003366,2023-12-05,D002,True
U003367,2024-12-26,D010,True
U003368,2024-01-20,D011,True
U003369,2023-03-14,D003,True
U003370,2025-06-06,D013,True
U003371,2024-12-30,D015,True
U003372,2024-06-27,D007,True
U003373,2024-02-19,D004,True
U003374,2024-05-31,D005,True
U003375,2023-02-12,D014,True
U003376,2024-11-15,D005,True
U003377,2023-03-22,D002,True
U003378,2025-02-19,D007,True
U003379,2025-06-10,D015,True
U003380,2024-07-24,D002,True
U003381,2025-04-10,D003,True
U003382,2025-10-01,D013,True
U003383,2025-12-26,D016,True
U003384,2023-10-29,D008,True
U003385,2024-05-03,D009,True
U003386,2024-11-01,D007,True
U003387,2024-06-06,D014,True
U003388,2025-12-27,D006,True
U003389,2023-11-24,D007,True
U003390,2024-08-15,D012,True
U003391,2023-10-08,D009,True
U003392,2025-08-02,D013,True
U003393,2024-12-29,D016,True
U003394,2025-10-15,D006,True
U003395,2024-02-23,D005,True
U003396,2025-06-21,D012,True
U003397,2025-07-04,D009,True
U003398,2024-09-21,D012,True
U003399,2025-06-19,D016,True
U003400,2025-04-08,D007,True
U003401,2023-11-12,D012,True
U003402,2025-10-03,D009,True
U003403,2024-04-02,D012,True
U003404,2025-01-18,D013,True
U003405,2025-09-17,D005,True
U003406,2024-08-15,D011,True
U003407,2024-05-22,D016,True
U003408,2025-02-20,D006,True
U003409,2024-07-24,D002,True
U003410,2024-03-17,D012,True
U003411,2024-09-02,D002,True
U003412,2023-09-23,D003,True
U003413,2025-05-08,D008,True
U003414,2025-11-27,D001,True
U003415,2024-07-04,D012,True
U003416,2023-01-09,D005,True
U003417,2023-05-07,D012,True
U003418,2025-01-27,D007,True
U003419,2024-07-01,D002,True
U003420,2023-02-28,D016,True
U003421,2025-10-19,D012,True
U003422,2023-08-27,D008,True
U003423,2024-10-09,D011,True
U003424,2023-12-13,D012,True
U003425,2023-10-01,D008,True
U003426,2023-02-23,D012,True
U003427,2025-08-24,D005,True
U003428,2024-07-16,D007,True
U003429,2023-07-17,D010,True
U003430,2023-01-11,D013,True
U003431,2025-10-06,D002,True
U003432,2024-01-24,D012,True
U003433,2023-04-06,D007,True
U003434,2024-11-12,D001,True
U003435,2023-06-02,D005,True
U003436,2023-09-22,D013,True
U003437,2025-12-30,D010,True
U003438,2025-12-11,D010,True
U003439,2024-08-03,D015,True
U003440,2023-12-04,D001,True
U003441,2025-06-04,D015,True
U003442,2024-03-27,D001,True
U003443,2024-02-18,D014,True
U003444,2023-10-21,D012,True
U003445,2024-03-10,D002,True
U003446,2023-10-09,D011,True
U003447,2023-01-01,D013,True
U003448,2023-03-20,D005,True
U003449,2025-01-30,D007,True
U003450,2025-01-19,D010,True
U003451,2024-12-24,D002,True
U003452,2024-08-02,D008,True
U003453,2025-11-24,D002,True
U003454,2023-10-06,D008,True
U003455,2025-08-22,D004,True
U003456,2025-10-16,D014,True
U003457,2023-05-15,D004,True
U003458,2024-08-14,D013,True
U003459,2024-08-23,D011,True
U003460,2025-07-24,D003,True
U003461,2024-04-24,D005,True
U003462,2025-09-21,D005,True
U003463,2023-10-09,D004,True
U003464,2025-04-02,D005,True
U003465,2024-10-15,D006,True
U003466,2023-09-11,D004,True
U003467,2024-06-27,D001,True
U003468,2025-04-06,D010,True
U003469,2024-02-25,D010,True
U003470,2025-03-27,D005,True
U003471,2024-07-14,D005,True
U003472,2025-01-16,D010,True
U003473,2024-08-27,D001,True
U003474,2025-03-02,D008,True
U003475,2025-04-06,D002,True
U003476,2025-12-01,D001,True
U003477,2025-06-17,D007,True
U003478,2025-04-10,D015,True
U003479,2023-01-18,D006,True
U003480,2025-02-05,D009,True
U003481,2024-09-05,D011,True
U003482,2025-08-28,D016,True
U003483,2025-06-18,D008,True
U003484,2024-02-13,D008,True
U003485,2025-02-03,D011,True
U003486,2023-11-13,D004,True
U003487,2023-04-14,D014,True
U003488,2024-12-20,D009,True
U003489,2023-02-02,D009,True
U003490,2023-09-18,D016,True
U003491,2023-11-23,D010,True
U003492,2025-09-08,D015,True
U003493,2023-06-07,D012,True
U003494,2024-10-16,D013,True
U003495,2025-08-12,D009,True
U003496,2025-12-24,D007,True
U003497,2025-12-31,D015,True
U003498,2025-10-11,D002,True
U003499,2023-10-20,D008,True
U003500,2024-09-01,D013,True
U003501,2025-09-10,D005,True
U003502,2023-04-13,D007,True
U003503,2025-04-26,D011,True
U003504,2023-08-18,D016,True
U003505,2025-01-30,D014,True
U003506,2025-08-12,D016,True
U003507,2024-11-21,D014,True
U003508,2024-12-13,D005,True
U003509,2024-05-14,D011,True
U003510,2023-05-13,D015,True
U003511,2023-06-14,D007,True
U003512,2024-12-23,D010,True
U003513,2024-11-29,D005,True
U003514,2025-08-22,D009,True
U003515,2023-07-30,D006,True
U003516,2025-02-07,D006,True
U003517,2024-12-15,D006,True
U003518,2023-01-11,D008,True
U003519,2024-11-23,D003,True
U003520,2024-11-23,D011,True
U003521,2025-01-04,D006,True
U003522,2024-10-12,D011,True
U003523,2025-11-04,D013,True
U003524,2025-03-10,D016,True
U003525,2025-11-05,D010,True
U003526,2025-10-06,D004,True
U003527,2024-06-10,D010,True
U003528,2025-08-01,D006,True
U003529,2024-04-03,D011,True
U003530,2025-02-06,D006,True
U003531,2025-02-17,D009,True
U003532,2023-12-05,D013,True
U003533,2023-07-09,D001,True
U003534,2023-01-27,D008,True
U003535,2024-09-23,D012,True
U003536,2025-10-22,D009,True
U003537,2023-09-04,D006,True
U003538,2024-12-09,D007,True
U003539,2023-06-05,D009,True
U003540,2025-05-14,D012,True
U003541,2024-11-24,D011,True
U003542,2024-09-08,D007,True
U003543,2023-01-27,D015,True
U003544,2023-02-24,D012,True
U003545,2025-07-21,D001,True
U003546,2024-02-03,D008,True
U003547,2025-10-26,D009,True
U003548,2024-02-04,D016,True
U003549,2023-12-22,D012,True
U003550,2025-09-01,D006,True
U003551,2024-01-24,D016,True
U003552,2025-04-11,D008,True
U003553,2024-12-24,D007,True
U003554,2025-12-03,D001,True
U003555,2023-04-19,D001,True
U003556,2023-08-22,D003,True
U003557,2023-07-23,D010,True
U003558,2023-03-07,D010,True
U003559,2023-10-17,D015,True
U003560,2024-05-27,D015,True
U003561,2024-01-15,D006,True
U003562,2025-06-14,D009,True
U003563,2024-08-07,D012,True
U003564,2023-11-13,D012,True
U003565,2025-10-08,D013,True
U003566,2025-03-27,D005,True
U003567,2023-06-07,D001,True
U003568,2025-01-12,D011,True
U003569,2025-04-09,D012,True
U003570,2024-07-08,D004,True
U003571,2025-05-19,D002,True
U003572,2023-12-09,D012,True
U003573,2023-09-13,D006,True
U003574,2024-04-19,D003,True
U003575,2025-03-14,D014,True
U003576,2023-09-18,D015,True
U003577,2023-08-23,D001,True
U003578,2024-07-06,D002,True
U003579,2024-03-30,D013,True
U003580,2024-04-22,D016,True
U003581,2025-10-20,D008,True
U003582,2024-11-16,D014,True
U003583,2024-07-03,D006,True
U003584,2024-05-19,D011,True
U003585,2024-11-20,D005,True
U003586,2025-11-13,D014,True
U003587,2024-03-16,D009,True
U003588,2024-09-27,D005,True
U003589,2023-09-18,D003,True
U003590,2024-05-06,D008,True
U003591,2024-04-29,D002,True
U003592,2024-11-01,D016,True
U003593,2025-08-08,D012,True
U003594,2025-03-01,D009,True
U003595,2024-12-07,D004,True
U003596,2025-10-04,D003,True
U003597,2024-02-14,D014,True
U003598,2023-01-04,D008,True
U003599,2025-10-31,D012,True
U003600,2024-08-25,D003,True
U003601,2024-12-15,D006,True
U003602,2023-12-18,D006,True
U003603,2023-10-01,D009,True
U003604,2023-07-06,D010,True
U003605,2023-07-18,D015,True
U003606,2025-08-27,D014,True
U003607,2023-07-18,D013,True
U003608,2024-05-16,D010,True
U003609,2025-01-31,D014,True
U003610,2024-09-11,D002,True
U003611,2023-05-21,D001,True
U003612,2023-06-03,D003,True
U003613,2025-10-11,D003,True
U003614,2025-10-17,D004,True
U003615,2025-03-30,D010,True
U003616,2024-05-17,D001,True
U003617,2023-12-01,D013,True
U003618,2024-05-02,D005,True
U003619,2025-05-31,D004,True
U003620,2023-02-23,D016,True
U003621,2024-04-11,D001,True
U003622,2025-11-09,D009,True
U003623,2024-07-25,D003,True
U003624,2025-09-11,D002,True
U003625,2023-07-16,D006,True
U003626,2024-12-03,D003,True
U003627,2024-05-10,D006,True
U003628,2025-10-29,D010,True
U003629,2024-11-01,D001,True
U003630,2023-09-05,D010,True
U003631,2025-09-07,D009,True
U003632,2025-07-09,D005,True
U003633,2025-08-03,D002,True
U003634,2023-06-07,D002,True
U003635,2024-06-17,D007,True
U003636,2025-07-31,D001,True
U003637,2024-01-19,D012,True
U003638,2025-12-12,D007,True
U003639,2025-07-04,D012,True
U003640,2023-01-27,D015,True
U003641,2024-03-23,D002,True
U003642,2023-10-31,D014,True
U003643,2025-11-30,D014,True
U003644,2023-07-04,D012,True
U003645,2025-05-08,D009,True
U003646,2025-05-08,D009,True
U003647,2023-01-27,D008,True
U003648,2024-01-24,D003,True
U003649,2024-02-20,D013,True
U003650,2025-11-18,D012,True
U003651,2025-04-29,D009,True
U003652,2025-04-06,D015,True
U003653,2023-05-05,D002,True
U003654,2025-02-15,D003,True
U003655,2024-01-30,D008,True
U003656,2023-10-28,D004,True
U003657,2025-05-31,D011,True
U003658,2025-04-25,D004,True
U003659,2025-07-22,D014,True
U003660,2025-01-09,D016,True
U003661,2025-06-17,D009,True
U003662,2024-11-01,D012,True
U003663,2024-12-02,D009,True
U003664,2025-05-16,D002,True
U003665,2023-10-19,D004,True
U003666,2023-08-21,D011,True
U003667,2025-12-10,D009,True
U003668,2023-03-16,D006,True
U003669,2024-03-21,D012,True
U003670,2024-10-16,D004,True
U003671,2025-10-19,D016,True
U003672,2024-11-17,D016,True
U003673,2025-08-01,D006,True
U003674,2025-03-08,D001,True
U003675,2023-07-17,D005,True
U003676,2024-03-12,D002,True
U003677,2024-04-13,D011,True
U003678,2025-01-03,D010,True
U003679,2025-11-21,D014,True
U003680,2025-10-22,D014,True
U003681,2025-04-13,D011,True
U003682,2024-09-16,D008,True
U003683,2023-09-19,D002,True
U003684,2025-06-11,D001,True
U003685,2024-09-01,D003,True
U003686,2025-06-13,D009,True
U003687,2025-09-02,D001,True
U003688,2023-03-03,D004,True
U003689,2025-01-28,D015,True
U003690,2025-05-19,D005,True
U003691,2024-12-18,D015,True
U003692,2024-04-14,D003,True
U003693,2024-02-14,D009,True
U003694,2025-02-27,D012,True
U003695,2024-07-07,D007,True
U003696,2024-04-30,D011,True
U003697,2025-10-02,D005,True
U003698,2023-09-24,D014,True
U003699,2024-07-16,D006,True
U003700,2023-04-25,D008,True
U003701,2023-01-06,D014,True
U003702,2023-10-17,D014,True
U003703,2024-06-09,D003,True
U003704,2025-07-14,D002,True
U003705,2024-02-16,D003,True
U003706,2025-01-15,D005,True
U003707,2023-05-17,D005,True
U003708,2024-06-24,D007,True
U003709,2025-11-22,D014,True
U003710,2023-03-28,D016,True
U003711,2023-03-18,D008,True
U003712,2023-11-03,D015,True
U003713,2023-06-06,D003,True
U003714,2025-12-08,D016,True
U003715,2025-12-25,D005,True
U003716,2024-08-04,D002,True
U003717,2023-03-07,D008,True
U003718,2023-12-28,D003,True
U003719,2024-10-09,D007,True
U003720,2025-06-16,D012,True
U003721,2023-06-15,D006,True
U003722,2025-09-10,D006,True
U003723,2024-08-09,D014,True
U003724,2023-11-03,D003,True
U003725,2023-10-30,D006,True
U003726,2025-11-28,D003,True
U003727,2023-07-02,D005,True
U003728,2024-03-05,D004,True
U003729,2025-03-19,D013,True
U003730,2023-10-02,D002,True
U003731,2023-08-27,D014,True
U003732,2025-05-19,D003,True
U003733,2025-11-21,D009,True
U003734,2025-12-28,D008,True
U003735,2025-11-06,D006,True
U003736,2023-04-29,D013,True
U003737,2023-04-16,D007,True
U003738,2023-09-10,D001,True
U003739,2023-01-14,D014,True
U003740,2024-09-19,D007,True
U003741,2024-10-10,D012,True
U003742,2025-10-02,D013,True
U003743,2023-10-23,D013,True
U003744,2023-03-27,D014,True
U003745,2025-12-14,D011,True
U003746,2024-01-06,D001,True
U003747,2023-01-19,D001,True
U003748,2025-10-17,D011,True
U003749,2025-09-23,D002,True
U003750,2024-10-11,D002,True
U003751,2023-09-01,D006,True
U003752,2023-12-24,D002,True
U003753,2023-03-03,D002,True
U003754,2024-01-12,D012,True
U003755,2023-08-02,D010,True
U003756,2024-04-02,D003,True
U003757,2024-05-21,D003,True
U003758,2025-04-16,D009,True
U003759,2024-10-25,D014,True
U003760,2025-08-19,D013,True
U003761,2025-09-24,D012,True
U003762,2025-12-05,D006,True
U003763,2025-10-06,D015,True
U003764,2023-10-06,D003,True
U003765,2025-05-05,D004,True
U003766,2024-04-05,D007,True
U003767,2023-09-08,D016,True
U003768,2023-01-28,D009,True
U003769,2025-12-02,D008,True
U003770,2025-04-01,D003,True
U003771,2023-06-24,D015,True
U003772,2024-06-08,D003,True
U003773,2025-05-02,D016,True
U003774,2023-07-24,D015,True
U003775,2024-02-19,D012,True
U003776,2025-11-14,D002,True
U003777,2024-06-08,D007,True
U003778,2023-03-26,D011,True
U003779,2024-11-19,D004,True
U003780,2024-02-20,D015,True
U003781,2024-01-06,D005,True
U003782,2025-01-02,D011,True
U003783,2025-09-15,D008,True
U003784,2023-10-17,D002,True
U003785,2024-11-21,D002,True
U003786,2024-10-21,D014,True
U003787,2023-03-22,D010,True
U003788,2023-08-05,D015,True
U003789,2023-12-25,D013,True
U003790,2023-05-10,D012,True
U003791,2024-11-10,D011,True
U003792,2025-07-31,D011,True
U003793,2024-08-10,D009,True
U003794,2023-03-26,D010,True
U003795,2024-11-13,D005,True
U003796,2023-03-21,D001,True
U003797,2023-02-04,D004,True
U003798,2025-01-16,D002,True
U003799,2023-06-07,D002,True
U003800,2025-11-09,D007,True
U003801,2023-03-29,D003,True
U003802,2025-12-27,D004,True
U003803,2025-12-25,D008,True
U003804,2025-03-13,D001,True
U003805,2023-03-08,D005,True
U003806,2024-08-28,D009,True
U003807,2025-06-16,D013,True
U003808,2025-12-12,D001,True
U003809,2023-05-26,D012,True
U003810,2023-04-05,D012,True
U003811,2025-05-12,D013,True
U003812,2023-10-07,D003,True
U003813,2025-11-24,D016,True
U003814,2023-10-12,D009,True
U003815,2024-04-01,D009,True
U003816,2025-09-24,D009,True
U003817,2024-09-30,D010,True
U003818,2023-10-07,D003,True
U003819,2023-07-26,D005,True
U003820,2025-04-19,D006,True
U003821,2023-05-22,D015,True
U003822,2025-04-05,D014,True
U003823,2025-05-31,D001,True
U003824,2024-02-03,D009,True
U003825,2025-10-15,D006,True
U003826,2023-11-11,D001,True
U003827,2024-12-28,D010,True
U003828,2023-09-09,D012,True
U003829,2024-02-22,D005,True
U003830,2025-06-28,D011,True
U003831,2023-11-08,D013,True
U003832,2024-08-06,D007,True
U003833,2024-12-03,D015,True
U003834,2024-06-17,D012,True
U003835,2024-12-07,D003,True
U003836,2023-01-06,D002,True
U003837,2025-01-05,D008,True
U003838,2024-05-08,D015,True
U003839,2023-09-13,D003,True
U003840,2024-04-18,D010,True
U003841,2024-07-27,D008,True
U003842,2024-09-28,D015,True
U003843,2024-09-13,D013,True
U003844,2025-10-17,D002,True
U003845,2023-02-17,D011,True
U003846,2023-07-18,D011,True
U003847,2024-10-01,D015,True
U003848,2024-04-14,D015,True
U003849,2023-10-20,D007,True
U003850,2025-05-31,D007,True
U003851,2024-07-27,D006,True
U003852,2025-11-29,D001,True
U003853,2025-02-10,D010,True
U003854,2025-01-26,D016,True
U003855,2024-01-31,D006,True
U003856,2024-11-11,D010,True
U003857,2023-10-05,D003,True
U003858,2024-03-22,D003,True
U003859,2025-02-08,D004,True
U003860,2023-08-11,D016,True
U003861,2023-09-28,D001,True
U003862,2023-01-25,D014,True
U003863,2025-10-02,D003,True
U003864,2025-11-21,D013,True
U003865,2023-08-10,D011,True
U003866,2023-03-02,D015,True
U003867,2023-03-09,D006,True
U003868,2024-04-05,D005,True
U003869,2023-12-06,D014,True
U003870,2023-12-24,D005,True
U003871,2024-10-10,D011,True
U003872,2024-08-05,D002,True
U003873,2024-04-25,D010,True
U003874,2024-02-11,D001,True
U003875,2024-09-11,D013,True
U003876,2024-11-30,D007,True
U003877,2024-07-30,D013,True
U003878,2023-10-25,D001,True
U003879,2023-01-25,D004,True
U003880,2024-07-22,D010,True
U003881,2023-01-09,D013,True
U003882,2025-10-03,D005,True
U003883,2023-09-25,D011,True
U003884,2024-09-26,D006,True
U003885,2024-10-01,D003,True
U003886,2024-01-26,D007,True
U003887,2025-11-16,D016,True
U003888,2025-11-27,D015,True
U003889,2025-06-01,D002,True
U003890,2024-05-14,D016,True
U003891,2023-02-08,D014,True
U003892,2025-11-15,D003,True
U003893,2023-12-27,D002,True
U003894,2023-02-10,D008,True
U003895,2024-08-30,D009,True
U003896,2024-03-19,D003,True
U003897,2024-12-29,D005,True
U003898,2024-08-03,D012,True
U003899,2024-06-20,D003,True
U003900,2023-02-25,D007,True
U003901,2024-11-18,D016,True
U003902,2023-01-30,D004,True
U003903,2024-04-17,D016,True
U003904,2024-04-11,D005,True
U003905,2024-01-15,D001,True
U003906,2023-06-08,D010,True
U003907,2024-10-02,D005,True
U003908,2025-09-29,D007,True
U003909,2024-01-03,D002,True
U003910,2025-09-09,D015,True
U003911,2023-02-24,D014,True
U003912,2023-06-30,D015,True
U003913,2024-02-19,D011,True
U003914,2025-12-30,D002,True
U003915,2024-03-14,D007,True
U003916,2024-03-19,D016,True
U003917,2023-11-07,D002,True
U003918,2024-10-07,D013,True
U003919,2023-06-19,D007,True
U003920,2024-10-13,D013,True
U003921,2025-08-14,D009,True
U003922,2024-12-26,D009,True
U003923,2023-05-10,D009,True
U003924,2025-07-11,D012,True
U003925,2025-06-24,D014,True
U003926,2024-09-29,D005,True
U003927,2024-03-24,D014,True
U003928,2023-09-02,D003,True
U003929,2024-06-16,D006,True
U003930,2024-07-08,D008,True
U003931,2023-08-31,D010,True
U003932,2024-01-31,D003,True
U003933,2023-07-07,D006,True
U003934,2023-06-25,D012,True
U003935,2023-03-23,D016,True
U003936,2024-11-11,D002,True
U003937,2023-10-31,D003,True
U003938,2024-07-16,D013,True
U003939,2025-11-01,D003,True
U003940,2023-03-29,D009,True
U003941,2025-07-08,D013,True
U003942,2024-04-13,D001,True
U003943,2025-08-30,D002,True
U003944,2025-02-17,D011,True
U003945,2023-09-09,D007,True
U003946,2024-02-25,D014,True
U003947,2025-04-17,D015,True
U003948,2023-01-31,D008,True
U003949,2023-05-06,D016,True
U003950,2023-04-26,D013,True
U003951,2024-02-28,D009,True
U003952,2025-12-31,D005,True
U003953,2024-09-28,D010,True
U003954,2023-05-12,D004,True
U003955,2024-05-31,D012,True
U003956,2025-05-11,D007,True
U003957,2023-06-20,D009,True
U003958,2025-12-18,D005,True
U003959,2023-01-08,D006,True
U003960,2023-08-28,D012,True
U003961,2023-08-01,D011,True
U003962,2024-12-26,D008,True
U003963,2023-11-22,D016,True
U003964,2023-12-21,D013,True
U003965,2024-12-30,D015,True
U003966,2023-12-05,D009,True
U003967,2024-02-02,D009,True
U003968,2025-12-03,D008,True
U003969,2024-04-16,D008,True
U003970,2023-06-26,D012,True
U003971,2023-12-29,D011,True
U003972,2024-09-02,D013,True
U003973,2024-04-29,D006,True
U003974,2024-12-25,D002,True
U003975,2024-07-13,D015,True
U003976,2025-10-24,D011,True
U003977,2024-07-23,D009,True
U003978,2023-03-24,D013,True
U003979,2023-12-29,D007,True
U003980,2025-12-09,D003,True
U003981,2023-05-17,D013,True
U003982,2025-01-29,D015,True
U003983,2025-08-26,D009,True
U003984,2024-08-27,D011,True
U003985,2025-03-06,D015,True
U003986,2025-08-25,D012,True
U003987,2023-02-05,D008,True
U003988,2024-06-24,D009,True
U003989,2024-09-27,D001,True
U003990,2025-04-06,D015,True
U003991,2024-08-27,D011,True
U003992,2024-04-04,D009,True
U003993,2025-01-04,D009,True
U003994,2025-08-29,D005,True
U003995,2024-07-18,D001,True
U003996,2024-04-23,D014,True
U003997,2023-02-10,D013,True
U003998,2025-09-27,D015,True
U003999,2023-10-03,D007,True
U004000,2024-07-27,D006,True
