session_id,user_id,session_start,session_end,platform,device_type,country,is_new_user
S0000001,U001998,2025-08-27T09:22:00,2025-08-27T10:24:00,web,mobile,GB,False
S0000002,U000793,2025-06-24T21:07:00,2025-06-24T22:59:00,ios,mobile,GB,False
S0000003,U000643,2025-04-19T14:30:00,2025-04-19T16:23:00,web,mobile,GB,False
S0000004,U003040,2025-04-12T08:01:00,2025-04-12T09:35:00,ios,tablet,GB,False
S0000005,U000883,2025-07-23T14:55:00,2025-07-23T16:39:00,ctv,smart_tv,GB,False
S0000006,U001738,2025-12-12T17:39:00,2025-12-12T19:16:00,web,tablet,GB,False
S0000007,U002962,2025-09-03T21:25:00,2025-09-03T21:52:00,android,tablet,GB,False
S0000008,U000312,2025-06-09T15:40:00,2025-06-09T17:05:00,ios,mobile,GB,False
S0000009,U001056,2025-08-14T08:43:00,2025-08-14T09:46:00,ios,tablet,GB,False
S0000010,U003450,2025-09-23T17:22:00,2025-09-23T18:25:00,ios,tablet,GB,False
S0000011,U001368,2025-12-21T11:20:00,2025-12-21T11:44:00,ios,tablet,GB,False
S0000012,U000226,2025-11-14T11:48:00,2025-11-14T12:01:00,ctv,smart_tv,GB,False
S0000013,U001809,2025-05-18T10:18:00,2025-05-18T11:24:00,web,mobile,GB,False
S0000014,U003352,2025-06-27T21:33:00,2025-06-27T22:01:00,android,mobile,GB,False
S0000015,U003886,2025-10-17T13:28:00,2025-10-17T13:44:00,web,desktop,GB,False
S0000016,U003965,2025-08-11T15:41:00,2025-08-11T16:40:00,web,desktop,GB,False
S0000017,U002482,2025-04-18T09:54:00,2025-04-18T10:49:00,web,desktop,GB,False
S0000018,U001220,2025-04-09T14:18:00,2025-04-09T14:43:00,ios,mobile,GB,False
S0000019,U000034,2025-05-06T12:58:00,2025-05-06T14:37:00,ctv,streaming_stick,GB,False
S0000020,U003960,2025-02-15T07:10:00,2025-02-15T07:58:00,web,tablet,GB,False
S0000021,U002860,2025-11-02T08:37:00,2025-11-02T09:57:00,ios,tablet,GB,False
S0000022,U001468,2025-08-30T08:06:00,2025-08-30T09:40:00,android,tablet,GB,False
S0000023,U000008,2025-07-09T16:11:00,2025-07-09T16:21:00,ios,mobile,GB,True
S0000024,U001089,2025-06-18T13:24:00,2025-06-18T15:11:00,android,mobile,GB,False
S0000025,U000791,2025-11-12T15:43:00,2025-11-12T17:30:00,android,tablet,GB,False
S0000026,U000944,2025-05-01T14:54:00,2025-05-01T16:45:00,ios,tablet,GB,False
S0000027,U002741,2025-10-24T15:07:00,2025-10-24T15:15:00,ios,tablet,GB,False
S0000028,U003813,2025-07-31T20:48:00,2025-07-31T21:17:00,ctv,smart_tv,GB,False
S0000029,U002596,2025-01-12T13:55:00,2025-01-12T15:14:00,web,tablet,GB,False
S0000030,U002524,2025-02-09T09:53:00,2025-02-09T10:20:00,android,mobile,GB,False
S0000031,U001076,2025-01-26T15:42:00,2025-01-26T16:48:00,ctv,streaming_stick,GB,False
S0000032,U000695,2025-04-17T15:08:00,2025-04-17T17:04:00,web,tablet,GB,False
S0000033,U000567,2025-09-19T11:37:00,2025-09-19T13:00:00,ctv,smart_tv,GB,False
S0000034,U002407,2025-02-23T14:00:00,2025-02-23T15:44:00,android,mobile,GB,False
S0000035,U003197,2025-11-15T14:19:00,2025-11-15T15:26:00,android,tablet,GB,False
S0000036,U000323,2025-11-18T23:32:00,2025-11-18T23:41:00,ios,mobile,GB,False
S0000037,U000157,2025-01-04T20:20:00,2025-01-04T21:52:00,ios,mobile,GB,False
S0000038,U001107,2025-02-10T19:49:00,2025-02-10T20:19:00,ctv,smart_tv,GB,False
S0000039,U003561,2025-05-04T14:58:00,2025-05-04T15:48:00,ctv,smart_tv,GB,False
S0000040,U000803,2025-02-25T10:22:00,2025-02-25T11:01:00,web,tablet,GB,False
S0000041,U002538,2025-10-23T09:43:00,2025-10-23T10:48:00,android,mobile,GB,False
S0000042,U003968,2025-11-15T19:03:00,2025-11-15T20:25:00,web,mobile,GB,False
S0000043,U000963,2025-09-08T17:20:00,2025-09-08T18:54:00,ios,mobile,GB,False
S0000044,U000075,2025-10-21T13:40:00,2025-10-21T14:11:00,ctv,streaming_stick,GB,False
S0000045,U000103,2025-02-08T14:33:00,2025-02-08T14:39:00,ctv,smart_tv,GB,False
S0000046,U000337,2025-08-02T06:24:00,2025-08-02T07:06:00,ios,mobile,GB,False
S0000047,U001227,2025-12-02T13:38:00,2025-12-02T14:46:00,ios,mobile,GB,False
S0000048,U000241,2025-07-31T07:07:00,2025-07-31T07:59:00,web,tablet,GB,False
S0000049,U000826,2025-07-03T12:50:00,2025-07-03T14:33:00,android,mobile,GB,False
S0000050,U001770,2025-12-13T23:35:00,2025-12-14T00:49:00,android,tablet,GB,False
S0000051,U002301,2025-06-03T23:31:00,2025-06-03T23:41:00,android,mobile,GB,False
S0000052,U001132,2025-06-15T14:06:00,2025-06-15T15:38:00,android,tablet,GB,False
S0000053,U003000,2025-05-25T07:21:00,2025-05-25T09:20:00,web,tablet,GB,False
S0000054,U003657,2025-02-21T09:40:00,2025-02-21T10:57:00,ios,tablet,GB,False
S0000055,U000816,2025-05-01T15:49:00,2025-05-01T17:08:00,android,mobile,GB,True
S0000056,U001624,2025-09-12T15:01:00,2025-09-12T16:25:00,android,tablet,GB,False
S0000057,U001476,2025-06-20T17:54:00,2025-06-20T18:47:00,web,tablet,GB,False
S0000058,U002934,2025-04-07T16:09:00,2025-04-07T17:29:00,web,tablet,GB,True
S0000059,U003248,2025-06-17T19:50:00,2025-06-17T21:04:00,ios,mobile,GB,False
S0000060,U001329,2025-11-08T18:34:00,2025-11-08T18:44:00,ios,mobile,GB,False
S0000061,U000098,2025-04-16T18:09:00,2025-04-16T18:20:00,web,mobile,GB,False
S0000062,U002261,2025-10-18T17:19:00,2025-10-18T18:30:00,android,tablet,GB,False
S0000063,U002835,2025-09-24T15:35:00,2025-09-24T15:49:00,web,mobile,GB,False
S0000064,U001050,2025-12-20T17:59:00,2025-12-20T18:39:00,ctv,streaming_stick,GB,True
S0000065,U000235,2025-05-05T18:45:00,2025-05-05T19:39:00,android,mobile,GB,True
S0000066,U003599,2025-05-22T15:22:00,2025-05-22T16:05:00,web,desktop,GB,False
S0000067,U000448,2025-12-16T11:16:00,2025-12-16T12:25:00,android,mobile,GB,False
S0000068,U000035,2025-12-14T13:20:00,2025-12-14T14:06:00,ctv,streaming_stick,GB,False
S0000069,U002867,2025-06-15T20:27:00,2025-06-15T20:42:00,android,mobile,GB,False
S0000070,U000415,2025-02-01T08:53:00,2025-02-01T09:05:00,ctv,streaming_stick,GB,False
S0000071,U002709,2025-03-16T16:06:00,2025-03-16T17:14:00,web,mobile,GB,False
S0000072,U000449,2025-09-21T23:10:00,2025-09-21T23:47:00,web,mobile,GB,False
S0000073,U000155,2025-03-11T22:26:00,2025-03-12T00:15:00,android,tablet,GB,True
S0000074,U000506,2025-10-16T13:05:00,2025-10-16T14:39:00,ios,tablet,GB,False
S0000075,U000248,2025-03-26T18:14:00,2025-03-26T19:48:00,web,desktop,GB,True
S0000076,U001720,2025-06-22T23:40:00,2025-06-23T00:34:00,ios,tablet,GB,False
S0000077,U003710,2025-10-08T18:51:00,2025-10-08T19:20:00,web,desktop,GB,False
S0000078,U001260,2025-06-07T13:57:00,2025-06-07T14:23:00,web,desktop,GB,False
S0000079,U002070,2025-05-16T17:41:00,2025-05-16T17:53:00,web,mobile,GB,False
S0000080,U000819,2025-06-25T18:23:00,2025-06-25T18:28:00,ios,mobile,GB,False
S0000081,U003701,2025-03-24T15:04:00,2025-03-24T16:04:00,ctv,streaming_stick,GB,False
S0000082,U001628,2025-09-09T11:01:00,2025-09-09T12:35:00,web,mobile,GB,False
S0000083,U000758,2025-01-26T20:23:00,2025-01-26T21:42:00,ios,mobile,GB,True
S0000084,U003922,2025-10-21T15:53:00,2025-10-21T17:33:00,ctv,streaming_stick,GB,False
S0000085,U001529,2025-10-10T13:22:00,2025-10-10T14:58:00,ios,mobile,GB,False
S0000086,U001508,2025-05-12T12:20:00,2025-05-12T12:42:00,web,mobile,GB,False
S0000087,U001983,2025-06-06T10:49:00,2025-06-06T12:01:00,web,tablet,GB,False
S0000088,U002635,2025-12-06T11:57:00,2025-12-06T12:21:00,android,mobile,GB,False
S0000089,U002636,2025-07-16T13:06:00,2025-07-16T14:34:00,ctv,smart_tv,GB,False
S0000090,U002945,2025-06-09T17:53:00,2025-06-09T19:00:00,ios,mobile,GB,False
S0000091,U000456,2025-02-24T13:48:00,2025-02-24T15:43:00,ctv,smart_tv,GB,False
S0000092,U002956,2025-04-22T08:08:00,2025-04-22T08:48:00,ios,mobile,GB,False
S0000093,U000900,2025-02-27T12:18:00,2025-02-27T13:17:00,web,desktop,GB,False
S0000094,U001260,2025-05-08T15:30:00,2025-05-08T16:39:00,web,mobile,GB,False
S0000095,U002773,2025-06-21T17:39:00,2025-06-21T18:01:00,web,mobile,GB,False
S0000096,U003652,2025-01-13T22:08:00,2025-01-13T23:07:00,ios,tablet,GB,True
S0000097,U001253,2025-11-15T22:30:00,2025-11-15T23:53:00,android,tablet,GB,False
S0000098,U003958,2025-12-23T11:25:00,2025-12-23T12:55:00,ios,tablet,GB,False
S0000099,U002655,2025-02-02T12:00:00,2025-02-02T13:54:00,android,mobile,GB,False
S0000100,U001780,2025-08-20T11:28:00,2025-08-20T13:03:00,android,tablet,GB,False
S0000101,U000892,2025-01-21T15:58:00,2025-01-21T16:16:00,android,mobile,GB,False
S0000102,U001158,2025-12-03T22:22:00,2025-12-03T23:48:00,ios,mobile,GB,False
S0000103,U000187,2025-09-05T19:00:00,2025-09-05T20:38:00,web,desktop,GB,False
S0000104,U000527,2025-10-19T18:15:00,2025-10-19T19:43:00,ctv,streaming_stick,GB,False
S0000105,U000567,2025-02-13T19:14:00,2025-02-13T19:46:00,web,tablet,GB,False
S0000106,U003666,2025-08-09T23:47:00,2025-08-10T01:42:00,ctv,smart_tv,GB,False
S0000107,U002722,2025-07-31T16:02:00,2025-07-31T17:09:00,ios,tablet,GB,False
S0000108,U002473,2025-02-04T19:07:00,2025-02-04T19:59:00,ctv,streaming_stick,GB,False
S0000109,U003698,2025-10-26T08:12:00,2025-10-26T09:20:00,ios,mobile,GB,False
S0000110,U002651,2025-01-06T11:19:00,2025-01-06T11:40:00,ios,tablet,GB,False
S0000111,U003564,2025-06-23T19:34:00,2025-06-23T21:11:00,web,mobile,GB,False
S0000112,U002914,2025-08-17T08:17:00,2025-08-17T09:21:00,ios,mobile,GB,False
S0000113,U002036,2025-09-23T17:22:00,2025-09-23T18:49:00,ios,mobile,GB,False
S0000114,U002569,2025-09-28T13:19:00,2025-09-28T13:59:00,web,mobile,GB,True
S0000115,U000640,2025-09-18T16:10:00,2025-09-18T16:50:00,android,tablet,GB,False
S0000116,U000947,2025-07-27T14:03:00,2025-07-27T14:44:00,ios,mobile,GB,False
S0000117,U003096,2025-03-01T10:33:00,2025-03-01T10:47:00,ios,tablet,GB,False
S0000118,U002155,2025-08-14T17:18:00,2025-08-14T19:08:00,web,mobile,GB,False
S0000119,U001181,2025-09-23T18:23:00,2025-09-23T19:57:00,android,tablet,GB,False
S0000120,U003670,2025-11-25T17:06:00,2025-11-25T18:32:00,web,desktop,GB,False
S0000121,U003290,2025-06-12T14:20:00,2025-06-12T16:14:00,ctv,smart_tv,GB,False
S0000122,U003357,2025-05-22T17:55:00,2025-05-22T19:21:00,web,mobile,GB,False
S0000123,U002712,2025-11-23T19:46:00,2025-11-23T20:49:00,ios,tablet,GB,False
S0000124,U002946,2025-11-25T08:19:00,2025-11-25T09:44:00,web,mobile,GB,False
S0000125,U001382,2025-01-11T09:12:00,2025-01-11T09:30:00,ctv,smart_tv,GB,False
S0000126,U001074,2025-03-30T23:37:00,2025-03-31T00:04:00,web,mobile,GB,False
S0000127,U000752,2025-07-15T15:08:00,2025-07-15T15:46:00,android,tablet,GB,True
S0000128,U001500,2025-06-17T20:06:00,2025-06-17T21:14:00,ios,mobile,GB,False
S0000129,U002600,2025-06-14T11:41:00,2025-06-14T12:37:00,ios,tablet,GB,False
S0000130,U000638,2025-04-21T15:09:00,2025-04-21T16:18:00,android,tablet,GB,False
S0000131,U003204,2025-03-07T08:04:00,2025-03-07T08:09:00,web,desktop,GB,False
S0000132,U003705,2025-08-23T11:21:00,2025-08-23T11:46:00,android,mobile,GB,False
S0000133,U003908,2025-05-23T15:26:00,2025-05-23T15:37:00,android,mobile,GB,False
S0000134,U001849,2025-03-29T14:03:00,2025-03-29T15:21:00,ctv,streaming_stick,GB,False
S0000135,U000659,2025-07-19T18:39:00,2025-07-19T19:08:00,ctv,streaming_stick,GB,False
S0000136,U000243,2025-08-05T18:02:00,2025-08-05T18:57:00,ios,mobile,GB,False
S0000137,U001591,2025-12-11T18:21:00,2025-12-11T19:35:00,ctv,smart_tv,GB,False
S0000138,U001117,2025-04-22T14:37:00,2025-04-22T15:15:00,android,mobile,GB,True
S0000139,U003709,2025-12-13T11:34:00,2025-12-13T12:51:00,android,mobile,GB,False
S0000140,U001655,2025-01-30T22:26:00,2025-01-30T22:49:00,android,tablet,GB,False
S0000141,U000764,2025-03-03T18:53:00,2025-03-03T19:57:00,web,mobile,GB,False
S0000142,U002468,2025-10-23T14:21:00,2025-10-23T15:32:00,ios,mobile,GB,False
S0000143,U000960,2025-12-14T19:17:00,2025-12-14T21:17:00,web,mobile,GB,False
S0000144,U000135,2025-05-27T12:50:00,2025-05-27T14:22:00,ios,mobile,GB,True
S0000145,U001866,2025-03-15T16:16:00,2025-03-15T17:40:00,ios,mobile,GB,False
S0000146,U002448,2025-07-24T15:18:00,2025-07-24T15:44:00,ctv,smart_tv,GB,False
S0000147,U001629,2025-07-20T23:44:00,2025-07-21T01:11:00,web,mobile,GB,False
S0000148,U003550,2025-09-15T19:33:00,2025-09-15T19:45:00,ios,mobile,GB,False
S0000149,U000262,2025-12-01T14:43:00,2025-12-01T16:02:00,android,mobile,GB,False
S0000150,U000852,2025-03-26T10:29:00,2025-03-26T11:37:00,ios,tablet,GB,False
S0000151,U001105,2025-07-23T17:40:00,2025-07-23T18:08:00,ios,mobile,GB,False
S0000152,U002254,2025-10-09T12:02:00,2025-10-09T12:42:00,android,tablet,GB,False
S0000153,U003794,2025-08-03T09:46:00,2025-08-03T11:26:00,ctv,smart_tv,GB,False
S0000154,U002585,2025-10-27T12:42:00,2025-10-27T14:02:00,ios,tablet,GB,False
S0000155,U000229,2025-12-10T14:47:00,2025-12-10T15:41:00,web,mobile,GB,False
S0000156,U003049,2025-08-31T17:04:00,2025-08-31T17:15:00,android,tablet,GB,False
S0000157,U002502,2025-05-15T13:37:00,2025-05-15T15:17:00,ctv,streaming_stick,GB,True
S0000158,U003262,2025-08-27T20:10:00,2025-08-27T21:34:00,ios,tablet,GB,False
S0000159,U001878,2025-06-19T06:20:00,2025-06-19T07:17:00,ctv,smart_tv,GB,False
S0000160,U003408,2025-04-06T23:17:00,2025-04-07T00:12:00,web,mobile,GB,False
S0000161,U003161,2025-01-05T13:48:00,2025-01-05T15:47:00,ios,tablet,GB,False
S0000162,U003574,2025-10-31T07:25:00,2025-10-31T08:10:00,web,tablet,GB,False
S0000163,U002999,2025-12-11T14:38:00,2025-12-11T14:52:00,web,desktop,GB,False
S0000164,U000316,2025-02-28T11:38:00,2025-02-28T13:14:00,android,tablet,GB,False
S0000165,U001861,2025-02-09T14:18:00,2025-02-09T14:40:00,web,tablet,GB,False
S0000166,U000536,2025-06-28T12:16:00,2025-06-28T12:30:00,ctv,smart_tv,GB,False
S0000167,U001354,2025-07-19T09:25:00,2025-07-19T10:17:00,android,tablet,GB,False
S0000168,U000663,2025-07-06T20:57:00,2025-07-06T22:46:00,web,mobile,GB,False
S0000169,U003534,2025-08-10T06:37:00,2025-08-10T07:53:00,ctv,streaming_stick,GB,False
S0000170,U002716,2025-04-10T15:13:00,2025-04-10T16:08:00,ios,mobile,GB,False
S0000171,U000461,2025-07-19T14:25:00,2025-07-19T15:18:00,ios,mobile,GB,False
S0000172,U000097,2025-09-04T16:26:00,2025-09-04T17:13:00,ios,mobile,GB,False
S0000173,U000104,2025-09-06T23:00:00,2025-09-07T00:23:00,web,desktop,GB,False
S0000174,U001676,2025-05-24T15:00:00,2025-05-24T16:24:00,android,mobile,GB,False
S0000175,U000147,2025-08-20T19:16:00,2025-08-20T19:39:00,web,desktop,GB,False
S0000176,U000885,2025-08-19T20:31:00,2025-08-19T22:21:00,android,tablet,GB,False
S0000177,U002371,2025-12-17T14:46:00,2025-12-17T16:21:00,web,desktop,GB,False
S0000178,U001141,2025-05-14T11:52:00,2025-05-14T12:50:00,ctv,streaming_stick,GB,False
S0000179,U000516,2025-07-22T18:55:00,2025-07-22T20:05:00,android,mobile,GB,False
S0000180,U003081,2025-03-31T19:32:00,2025-03-31T19:47:00,ios,tablet,GB,False
S0000181,U002528,2025-11-19T21:26:00,2025-11-19T21:40:00,android,mobile,GB,False
S0000182,U000105,2025-11-04T16:46:00,2025-11-04T16:58:00,android,mobile,GB,False
S0000183,U002560,2025-04-01T15:17:00,2025-04-01T17:01:00,web,mobile,GB,False
S0000184,U003396,2025-07-04T16:08:00,2025-07-04T17:02:00,web,mobile,GB,False
S0000185,U003266,2025-12-30T18:11:00,2025-12-30T18:39:00,web,tablet,GB,False
S0000186,U000418,2025-05-02T10:03:00,2025-05-02T11:47:00,android,tablet,GB,False
S0000187,U002534,2025-04-06T16:58:00,2025-04-06T17:59:00,ctv,smart_tv,GB,False
S0000188,U000396,2025-07-22T14:44:00,2025-07-22T16:28:00,web,tablet,GB,False
S0000189,U001729,2025-03-30T19:18:00,2025-03-30T21:09:00,web,mobile,GB,False
S0000190,U001332,2025-04-13T16:27:00,2025-04-13T18:16:00,ctv,smart_tv,GB,False
S0000191,U003889,2025-08-26T13:09:00,2025-08-26T14:36:00,android,tablet,GB,False
S0000192,U001619,2025-02-03T23:05:00,2025-02-04T00:15:00,android,tablet,GB,False
S0000193,U003738,2025-08-21T11:47:00,2025-08-21T13:05:00,ctv,smart_tv,GB,False
S0000194,U002908,2025-07-24T13:23:00,2025-07-24T15:18:00,web,mobile,GB,True
S0000195,U001683,2025-10-25T18:54:00,2025-10-25T20:04:00,ctv,streaming_stick,GB,False
S0000196,U003710,2025-08-23T21:55:00,2025-08-23T22:53:00,android,tablet,GB,False
S0000197,U001478,2025-11-02T14:52:00,2025-11-02T15:49:00,ios,mobile,GB,False
S0000198,U001663,2025-03-12T11:17:00,2025-03-12T12:01:00,web,desktop,GB,False
S0000199,U002349,2025-12-18T09:18:00,2025-12-18T09:53:00,android,tablet,GB,False
S0000200,U000019,2025-12-15T12:09:00,2025-12-15T12:51:00,android,mobile,GB,False
S0000201,U003489,2025-04-12T10:29:00,2025-04-12T11:34:00,ios,tablet,GB,False
S0000202,U002901,2025-04-03T10:54:00,2025-04-03T11:22:00,ctv,smart_tv,GB,False
S0000203,U000538,2025-10-30T20:12:00,2025-10-30T21:22:00,ctv,smart_tv,GB,False
S0000204,U003001,2025-04-30T12:13:00,2025-04-30T12:31:00,ctv,smart_tv,GB,False
S0000205,U000414,2025-10-30T22:34:00,2025-10-30T23:09:00,web,desktop,GB,False
S0000206,U001340,2025-04-16T12:30:00,2025-04-16T12:47:00,web,tablet,GB,True
S0000207,U001287,2025-02-14T23:20:00,2025-02-15T00:48:00,web,mobile,GB,False
S0000208,U000827,2025-04-26T08:28:00,2025-04-26T08:42:00,ctv,streaming_stick,GB,False
S0000209,U003948,2025-07-14T12:51:00,2025-07-14T13:21:00,android,mobile,GB,False
S0000210,U001070,2025-12-26T14:16:00,2025-12-26T16:11:00,ios,mobile,GB,False
S0000211,U000996,2025-06-15T13:31:00,2025-06-15T15:18:00,ctv,smart_tv,GB,False
S0000212,U002341,2025-01-17T14:34:00,2025-01-17T14:56:00,ctv,smart_tv,GB,False
S0000213,U002642,2025-06-24T19:44:00,2025-06-24T19:54:00,android,tablet,GB,False
S0000214,U002099,2025-08-24T10:35:00,2025-08-24T11:33:00,ctv,streaming_stick,GB,False
S0000215,U002813,2025-08-07T18:23:00,2025-08-07T19:05:00,ctv,smart_tv,GB,False
S0000216,U000801,2025-06-14T12:26:00,2025-06-14T13:14:00,web,mobile,GB,False
S0000217,U000889,2025-02-26T19:26:00,2025-02-26T20:30:00,ctv,streaming_stick,GB,False
S0000218,U003477,2025-02-21T15:00:00,2025-02-21T15:45:00,ios,tablet,GB,False
S0000219,U000928,2025-09-05T18:50:00,2025-09-05T20:23:00,ios,mobile,GB,False
S0000220,U001567,2025-09-13T18:30:00,2025-09-13T18:35:00,ios,mobile,GB,False
S0000221,U003084,2025-05-03T19:11:00,2025-05-03T19:29:00,ctv,streaming_stick,GB,False
S0000222,U002166,2025-01-01T17:24:00,2025-01-01T18:48:00,android,tablet,GB,False
S0000223,U000576,2025-08-17T23:54:00,2025-08-18T00:05:00,ctv,streaming_stick,GB,False
S0000224,U002272,2025-02-03T17:06:00,2025-02-03T18:33:00,ios,mobile,GB,False
S0000225,U001818,2025-06-10T18:59:00,2025-06-10T20:15:00,android,tablet,GB,False
S0000226,U001057,2025-01-08T21:56:00,2025-01-08T22:15:00,ios,tablet,GB,False
S0000227,U000590,2025-05-07T21:28:00,2025-05-07T22:15:00,android,tablet,GB,False
S0000228,U000005,2025-08-11T10:45:00,2025-08-11T11:19:00,ios,mobile,GB,False
S0000229,U003004,2025-01-26T12:55:00,2025-01-26T13:59:00,ctv,streaming_stick,GB,False
S0000230,U001551,2025-06-26T15:52:00,2025-06-26T17:12:00,ios,tablet,GB,False
S0000231,U002384,2025-03-08T14:42:00,2025-03-08T16:23:00,ios,tablet,GB,True
S0000232,U001445,2025-12-13T18:13:00,2025-12-13T19:23:00,ios,tablet,GB,False
S0000233,U001320,2025-04-06T11:13:00,2025-04-06T11:37:00,web,tablet,GB,False
S0000234,U001752,2025-06-08T12:22:00,2025-06-08T13:35:00,ios,mobile,GB,False
S0000235,U002750,2025-11-07T15:49:00,2025-11-07T16:53:00,ios,mobile,GB,False
S0000236,U002099,2025-12-27T19:36:00,2025-12-27T19:59:00,ios,tablet,GB,False
S0000237,U002919,2025-04-27T15:26:00,2025-04-27T15:56:00,android,tablet,GB,False
S0000238,U000724,2025-02-09T15:07:00,2025-02-09T16:55:00,ios,mobile,GB,False
S0000239,U003528,2025-06-25T16:21:00,2025-06-25T17:10:00,web,tablet,GB,False
S0000240,U002481,2025-01-25T14:36:00,2025-01-25T15:47:00,ios,tablet,GB,False
S0000241,U002059,2025-11-07T13:26:00,2025-11-07T14:01:00,android,mobile,GB,False
S0000242,U000251,2025-12-27T11:21:00,2025-12-27T12:07:00,android,tablet,GB,False
S0000243,U001134,2025-04-15T18:49:00,2025-04-15T20:12:00,web,tablet,GB,False
S0000244,U000899,2025-12-27T10:10:00,2025-12-27T10:24:00,web,tablet,GB,False
S0000245,U001270,2025-10-24T14:53:00,2025-10-24T15:47:00,android,mobile,GB,False
S0000246,U003727,2025-09-11T13:19:00,2025-09-11T13:26:00,web,mobile,GB,False
S0000247,U001516,2025-12-21T15:44:00,2025-12-21T16:48:00,web,tablet,GB,False
S0000248,U003237,2025-05-09T22:27:00,2025-05-09T23:20:00,web,mobile,GB,False
S0000249,U003277,2025-08-20T19:42:00,2025-08-20T21:39:00,android,mobile,GB,False
S0000250,U003326,2025-02-09T17:00:00,2025-02-09T18:19:00,android,tablet,GB,True
S0000251,U002884,2025-11-15T20:01:00,2025-11-15T21:08:00,android,mobile,GB,False
S0000252,U003277,2025-07-28T09:46:00,2025-07-28T09:56:00,ctv,streaming_stick,GB,False
S0000253,U002917,2025-01-26T15:36:00,2025-01-26T16:00:00,android,tablet,GB,False
S0000254,U002407,2025-02-15T18:13:00,2025-02-15T19:37:00,web,mobile,GB,True
S0000255,U000735,2025-01-23T08:47:00,2025-01-23T09:03:00,android,tablet,GB,False
S0000256,U001052,2025-04-01T17:03:00,2025-04-01T18:38:00,ctv,streaming_stick,GB,False
S0000257,U001517,2025-09-04T15:44:00,2025-09-04T17:08:00,ios,mobile,GB,True
S0000258,U002512,2025-06-26T15:49:00,2025-06-26T16:31:00,ctv,streaming_stick,GB,False
S0000259,U003803,2025-03-11T20:14:00,2025-03-11T20:44:00,ios,tablet,GB,False
S0000260,U003865,2025-10-13T16:19:00,2025-10-13T18:17:00,web,tablet,GB,False
S0000261,U001698,2025-04-17T18:35:00,2025-04-17T19:05:00,ios,mobile,GB,False
S0000262,U002291,2025-04-17T08:27:00,2025-04-17T10:13:00,web,desktop,GB,True
S0000263,U002711,2025-12-05T20:16:00,2025-12-05T22:03:00,android,tablet,GB,False
S0000264,U000825,2025-05-29T22:07:00,2025-05-29T23:14:00,ios,mobile,GB,False
S0000265,U003029,2025-04-15T13:43:00,2025-04-15T15:11:00,ctv,smart_tv,GB,False
S0000266,U003076,2025-12-27T20:58:00,2025-12-27T22:01:00,android,mobile,GB,False
S0000267,U002948,2025-11-17T20:10:00,2025-11-17T20:26:00,android,mobile,GB,False
S0000268,U002747,2025-12-07T11:10:00,2025-12-07T11:43:00,web,mobile,GB,True
S0000269,U003804,2025-12-12T09:51:00,2025-12-12T11:41:00,ios,mobile,GB,True
S0000270,U003287,2025-03-20T22:15:00,2025-03-20T23:29:00,ctv,smart_tv,GB,False
S0000271,U003635,2025-01-04T19:08:00,2025-01-04T20:55:00,ios,tablet,GB,False
S0000272,U003249,2025-05-03T19:27:00,2025-05-03T20:11:00,ios,tablet,GB,False
S0000273,U000262,2025-06-28T13:49:00,2025-06-28T14:51:00,ctv,smart_tv,GB,False
S0000274,U002144,2025-03-25T13:01:00,2025-03-25T14:30:00,ios,tablet,GB,False
S0000275,U002058,2025-01-30T12:30:00,2025-01-30T13:56:00,android,mobile,GB,False
S0000276,U000309,2025-11-07T08:41:00,2025-11-07T08:49:00,ios,mobile,GB,False
S0000277,U002549,2025-03-12T15:24:00,2025-03-12T16:47:00,android,tablet,GB,False
S0000278,U001393,2025-02-15T07:54:00,2025-02-15T09:30:00,web,tablet,GB,False
S0000279,U000902,2025-04-05T15:20:00,2025-04-05T17:09:00,web,tablet,GB,False
S0000280,U003118,2025-04-02T17:36:00,2025-04-02T18:30:00,ios,mobile,GB,False
S0000281,U002523,2025-05-01T23:23:00,2025-05-02T00:38:00,android,mobile,GB,False
S0000282,U001357,2025-02-07T06:59:00,2025-02-07T07:18:00,android,mobile,GB,False
S0000283,U002865,2025-12-14T13:49:00,2025-12-14T14:33:00,ctv,streaming_stick,GB,False
S0000284,U001270,2025-01-03T15:03:00,2025-01-03T15:54:00,ios,mobile,GB,False
S0000285,U002982,2025-01-08T23:43:00,2025-01-09T00:05:00,android,tablet,GB,False
S0000286,U002960,2025-06-18T17:03:00,2025-06-18T17:25:00,android,tablet,GB,False
S0000287,U001029,2025-10-21T09:13:00,2025-10-21T09:40:00,android,mobile,GB,True
S0000288,U001124,2025-04-28T17:08:00,2025-04-28T18:18:00,web,desktop,GB,False
S0000289,U000225,2025-03-30T16:52:00,2025-03-30T18:43:00,ctv,streaming_stick,GB,False
S0000290,U001464,2025-03-21T15:29:00,2025-03-21T15:41:00,ctv,smart_tv,GB,False
S0000291,U002023,2025-12-02T18:13:00,2025-12-02T19:47:00,android,tablet,GB,True
S0000292,U000741,2025-08-28T14:27:00,2025-08-28T16:18:00,web,desktop,GB,False
S0000293,U002504,2025-09-08T13:10:00,2025-09-08T13:27:00,web,desktop,GB,False
S0000294,U000877,2025-10-15T11:39:00,2025-10-15T12:31:00,ios,tablet,GB,False
S0000295,U003837,2025-02-02T16:10:00,2025-02-02T17:31:00,ios,mobile,GB,False
S0000296,U001336,2025-10-26T21:36:00,2025-10-26T22:19:00,android,mobile,GB,False
S0000297,U000308,2025-07-06T21:48:00,2025-07-06T22:49:00,android,tablet,GB,False
S0000298,U000803,2025-06-28T23:59:00,2025-06-29T00:41:00,android,mobile,GB,False
S0000299,U001450,2025-09-12T15:37:00,2025-09-12T16:27:00,ios,tablet,GB,False
S0000300,U001325,2025-01-03T13:35:00,2025-01-03T14:32:00,android,tablet,GB,False
S0000301,U003855,2025-08-26T16:49:00,2025-08-26T18:08:00,android,tablet,GB,False
S0000302,U001148,2025-02-20T14:41:00,2025-02-20T14:46:00,ctv,smart_tv,GB,False
S0000303,U000563,2025-07-31T15:00:00,2025-07-31T15:44:00,ctv,streaming_stick,GB,False
S0000304,U001740,2025-11-13T14:54:00,2025-11-13T16:32:00,ios,tablet,GB,False
S0000305,U003217,2025-07-28T20:44:00,2025-07-28T22:09:00,android,tablet,GB,False
S0000306,U002078,2025-09-16T14:45:00,2025-09-16T15:27:00,android,mobile,GB,False
S0000307,U000583,2025-01-01T20:40:00,2025-01-01T22:06:00,android,tablet,GB,False
S0000308,U002619,2025-06-21T11:11:00,2025-06-21T12:54:00,android,mobile,GB,False
S0000309,U000919,2025-10-25T19:46:00,2025-10-25T20:27:00,android,mobile,GB,False
S0000310,U003360,2025-09-10T14:20:00,2025-09-10T15:57:00,ios,mobile,GB,False
S0000311,U003569,2025-05-15T16:30:00,2025-05-15T17:55:00,ios,tablet,GB,False
S0000312,U002746,2025-11-02T22:17:00,2025-11-02T23:09:00,web,tablet,GB,False
S0000313,U002296,2025-04-25T21:55:00,2025-04-25T22:29:00,android,tablet,GB,False
S0000314,U003538,2025-08-10T16:14:00,2025-08-10T17:03:00,android,mobile,GB,False
S0000315,U002643,2025-03-15T10:45:00,2025-03-15T11:50:00,android,tablet,GB,False
S0000316,U001318,2025-10-20T17:04:00,2025-10-20T18:19:00,web,desktop,GB,False
S0000317,U002734,2025-05-08T19:07:00,2025-05-08T19:22:00,ios,tablet,GB,False
S0000318,U002488,2025-08-05T20:36:00,2025-08-05T21:50:00,ios,mobile,GB,False
S0000319,U000395,2025-06-11T17:18:00,2025-06-11T18:49:00,ctv,smart_tv,GB,False
S0000320,U001320,2025-11-22T20:39:00,2025-11-22T22:07:00,android,tablet,GB,False
S0000321,U002658,2025-01-15T20:23:00,2025-01-15T21:46:00,ctv,smart_tv,GB,False
S0000322,U003181,2025-12-11T23:22:00,2025-12-12T00:43:00,ios,tablet,GB,False
S0000323,U000689,2025-06-03T11:43:00,2025-06-03T12:53:00,web,tablet,GB,False
S0000324,U003333,2025-04-06T16:59:00,2025-04-06T17:56:00,web,tablet,GB,False
S0000325,U002336,2025-10-08T15:20:00,2025-10-08T16:07:00,web,mobile,GB,True
S0000326,U001529,2025-03-03T16:36:00,2025-03-03T17:07:00,ios,tablet,GB,False
S0000327,U003420,2025-01-02T23:54:00,2025-01-03T00:55:00,ios,tablet,GB,False
S0000328,U002373,2025-12-16T14:58:00,2025-12-16T16:28:00,ctv,smart_tv,GB,False
S0000329,U001129,2025-02-21T11:34:00,2025-02-21T12:12:00,web,mobile,GB,False
S0000330,U002280,2025-06-10T23:50:00,2025-06-11T00:41:00,web,tablet,GB,False
S0000331,U001493,2025-09-06T15:03:00,2025-09-06T16:36:00,ios,mobile,GB,False
S0000332,U002537,2025-08-01T16:42:00,2025-08-01T17:01:00,android,mobile,GB,False
S0000333,U001592,2025-11-03T07:56:00,2025-11-03T08:03:00,android,tablet,GB,False
S0000334,U002642,2025-03-05T06:10:00,2025-03-05T07:46:00,web,mobile,GB,False
S0000335,U003336,2025-01-14T22:48:00,2025-01-15T00:44:00,web,desktop,GB,False
S0000336,U002402,2025-10-26T10:49:00,2025-10-26T11:54:00,android,tablet,GB,False
S0000337,U001069,2025-10-15T14:40:00,2025-10-15T16:09:00,android,mobile,GB,False
S0000338,U000838,2025-10-31T17:15:00,2025-10-31T18:53:00,ios,tablet,GB,False
S0000339,U001940,2025-01-02T10:33:00,2025-01-02T10:49:00,ctv,streaming_stick,GB,False
S0000340,U002713,2025-03-03T18:14:00,2025-03-03T20:00:00,android,mobile,GB,False
S0000341,U001335,2025-04-17T12:17:00,2025-04-17T12:52:00,ctv,smart_tv,GB,False
S0000342,U000334,2025-01-07T17:56:00,2025-01-07T19:38:00,android,tablet,GB,False
S0000343,U000593,2025-11-05T14:15:00,2025-11-05T15:55:00,ios,tablet,GB,False
S0000344,U003111,2025-09-20T18:12:00,2025-09-20T19:43:00,android,mobile,GB,False
S0000345,U000708,2025-04-03T21:19:00,2025-04-03T22:00:00,android,mobile,GB,False
S0000346,U002699,2025-06-12T10:31:00,2025-06-12T11:41:00,android,mobile,GB,False
S0000347,U003188,2025-05-11T16:30:00,2025-05-11T16:49:00,android,tablet,GB,False
S0000348,U000141,2025-12-09T20:39:00,2025-12-09T21:59:00,android,mobile,GB,True
S0000349,U002881,2025-09-19T13:08:00,2025-09-19T13:48:00,android,mobile,GB,False
S0000350,U002043,2025-10-04T19:41:00,2025-10-04T21:32:00,web,desktop,GB,False
S0000351,U000915,2025-05-03T15:43:00,2025-05-03T16:23:00,ctv,smart_tv,GB,False
S0000352,U000144,2025-06-24T18:30:00,2025-06-24T19:48:00,web,desktop,GB,False
S0000353,U002897,2025-09-12T12:15:00,2025-09-12T13:04:00,android,mobile,GB,False
S0000354,U000953,2025-03-25T08:40:00,2025-03-25T10:37:00,ios,mobile,GB,False
S0000355,U000639,2025-11-12T14:23:00,2025-11-12T15:04:00,android,tablet,GB,False
S0000356,U000334,2025-01-05T17:26:00,2025-01-05T17:52:00,web,mobile,GB,True
S0000357,U000561,2025-05-18T06:53:00,2025-05-18T08:37:00,ctv,smart_tv,GB,False
S0000358,U001773,2025-12-08T19:24:00,2025-12-08T19:48:00,ios,tablet,GB,False
S0000359,U000524,2025-05-06T21:21:00,2025-05-06T21:31:00,web,tablet,GB,False
S0000360,U000412,2025-05-12T22:24:00,2025-05-12T23:38:00,web,mobile,GB,False
S0000361,U003613,2025-01-14T16:52:00,2025-01-14T18:09:00,android,tablet,GB,False
S0000362,U003381,2025-07-02T13:58:00,2025-07-02T15:35:00,ios,tablet,GB,False
S0000363,U003012,2025-06-30T13:53:00,2025-06-30T14:16:00,android,mobile,GB,False
S0000364,U003128,2025-05-09T19:19:00,2025-05-09T19:40:00,web,mobile,GB,False
S0000365,U001835,2025-04-29T16:37:00,2025-04-29T16:42:00,android,tablet,GB,False
S0000366,U003332,2025-05-26T13:19:00,2025-05-26T14:17:00,ios,mobile,GB,False
S0000367,U001488,2025-05-30T18:10:00,2025-05-30T18:55:00,ios,mobile,GB,False
S0000368,U003635,2025-06-02T14:55:00,2025-06-02T15:02:00,ios,tablet,GB,False
S0000369,U002501,2025-05-09T12:05:00,2025-05-09T13:10:00,web,desktop,GB,False
S0000370,U001204,2025-11-02T09:49:00,2025-11-02T10:49:00,web,desktop,GB,False
S0000371,U002530,2025-05-14T16:39:00,2025-05-14T17:11:00,ctv,streaming_stick,GB,False
S0000372,U001982,2025-08-14T18:23:00,2025-08-14T19:00:00,ctv,smart_tv,GB,False
S0000373,U000669,2025-06-12T23:50:00,2025-06-12T23:55:00,ios,mobile,GB,False
S0000374,U003490,2025-05-21T18:11:00,2025-05-21T18:52:00,ios,mobile,GB,False
S0000375,U000740,2025-03-16T08:19:00,2025-03-16T08:32:00,web,mobile,GB,False
S0000376,U001416,2025-01-26T22:03:00,2025-01-26T23:57:00,web,mobile,GB,False
S0000377,U000661,2025-10-13T17:35:00,2025-10-13T19:35:00,web,tablet,GB,False
S0000378,U001868,2025-03-23T09:00:00,2025-03-23T10:12:00,web,mobile,GB,False
S0000379,U002169,2025-08-24T14:43:00,2025-08-24T15:57:00,web,tablet,GB,False
S0000380,U003218,2025-04-26T11:05:00,2025-04-26T12:17:00,web,mobile,GB,False
S0000381,U003278,2025-02-21T18:35:00,2025-02-21T19:46:00,ctv,streaming_stick,GB,False
S0000382,U002079,2025-09-28T10:06:00,2025-09-28T11:53:00,android,mobile,GB,False
S0000383,U002541,2025-09-12T19:45:00,2025-09-12T21:01:00,ios,mobile,GB,False
S0000384,U000553,2025-07-30T12:12:00,2025-07-30T13:41:00,android,mobile,GB,False
S0000385,U003053,2025-06-23T11:19:00,2025-06-23T11:49:00,android,tablet,GB,False
S0000386,U002310,2025-11-02T15:40:00,2025-11-02T15:46:00,android,mobile,GB,False
S0000387,U003395,2025-04-05T13:17:00,2025-04-05T15:01:00,ctv,smart_tv,GB,False
S0000388,U002567,2025-01-13T16:05:00,2025-01-13T17:37:00,ctv,smart_tv,GB,False
S0000389,U003125,2025-07-12T11:08:00,2025-07-12T11:50:00,ios,mobile,GB,False
S0000390,U000016,2025-03-29T13:30:00,2025-03-29T14:39:00,android,tablet,GB,False
S0000391,U002347,2025-03-02T21:05:00,2025-03-02T23:05:00,android,tablet,GB,False
S0000392,U002031,2025-11-04T23:03:00,2025-11-04T23:26:00,android,tablet,GB,False
S0000393,U000457,2025-08-30T19:17:00,2025-08-30T19:59:00,android,mobile,GB,False
S0000394,U001475,2025-08-14T14:37:00,2025-08-14T16:02:00,web,desktop,GB,False
S0000395,U001457,2025-04-18T09:59:00,2025-04-18T11:43:00,web,tablet,GB,False
S0000396,U002020,2025-02-24T15:22:00,2025-02-24T17:16:00,ios,tablet,GB,False
S0000397,U003815,2025-01-25T08:17:00,2025-01-25T08:59:00,web,tablet,GB,False
S0000398,U003078,2025-07-19T08:42:00,2025-07-19T10:37:00,web,mobile,GB,False
S0000399,U000399,2025-08-30T14:01:00,2025-08-30T14:10:00,ios,tablet,GB,True
S0000400,U001581,2025-08-30T20:15:00,2025-08-30T21:34:00,ctv,streaming_stick,GB,False
S0000401,U001945,2025-10-08T13:51:00,2025-10-08T14:53:00,ctv,smart_tv,GB,False
S0000402,U003347,2025-07-07T15:55:00,2025-07-07T16:49:00,android,tablet,GB,False
S0000403,U000195,2025-03-31T16:04:00,2025-03-31T17:17:00,ctv,smart_tv,GB,False
S0000404,U001668,2025-03-10T13:07:00,2025-03-10T13:23:00,web,mobile,GB,False
S0000405,U002719,2025-04-16T22:46:00,2025-04-16T23:02:00,ios,mobile,GB,True
S0000406,U001560,2025-01-13T14:24:00,2025-01-13T16:09:00,web,mobile,GB,False
S0000407,U001208,2025-12-13T14:55:00,2025-12-13T15:19:00,android,mobile,GB,False
S0000408,U001336,2025-06-22T22:48:00,2025-06-23T00:23:00,ios,tablet,GB,False
S0000409,U002025,2025-08-10T16:19:00,2025-08-10T17:11:00,ios,mobile,GB,False
S0000410,U002438,2025-04-16T14:14:00,2025-04-16T15:04:00,ctv,smart_tv,GB,False
S0000411,U003791,2025-03-23T20:13:00,2025-03-23T21:14:00,ctv,streaming_stick,GB,False
S0000412,U001048,2025-07-16T18:08:00,2025-07-16T18:34:00,ios,tablet,GB,False
S0000413,U002859,2025-09-10T13:28:00,2025-09-10T14:48:00,ios,mobile,GB,True
S0000414,U003297,2025-03-27T18:18:00,2025-03-27T19:55:00,ios,tablet,GB,False
S0000415,U002835,2025-08-07T13:09:00,2025-08-07T14:00:00,web,tablet,GB,False
S0000416,U001843,2025-05-20T12:05:00,2025-05-20T13:29:00,ios,tablet,GB,False
S0000417,U003932,2025-01-21T18:12:00,2025-01-21T18:54:00,android,tablet,GB,False
S0000418,U003292,2025-04-24T08:27:00,2025-04-24T08:37:00,ios,tablet,GB,False
S0000419,U001557,2025-10-17T16:11:00,2025-10-17T16:27:00,android,mobile,GB,False
S0000420,U003040,2025-05-24T19:16:00,2025-05-24T19:21:00,android,tablet,GB,False
S0000421,U000094,2025-04-20T20:29:00,2025-04-20T21:52:00,android,tablet,GB,False
S0000422,U000250,2025-10-08T07:51:00,2025-10-08T09:01:00,android,tablet,GB,False
S0000423,U002160,2025-06-30T23:41:00,2025-07-01T00:14:00,android,tablet,GB,False
S0000424,U001314,2025-07-11T19:28:00,2025-07-11T20:46:00,ios,tablet,GB,False
S0000425,U003118,2025-03-10T14:18:00,2025-03-10T14:43:00,android,tablet,GB,False
S0000426,U002655,2025-04-20T14:10:00,2025-04-20T15:57:00,ctv,streaming_stick,GB,False
S0000427,U001654,2025-12-11T16:03:00,2025-12-11T17:51:00,ios,tablet,GB,False
S0000428,U003776,2025-09-04T22:48:00,2025-09-04T23:33:00,ios,tablet,GB,False
S0000429,U003111,2025-09-29T06:54:00,2025-09-29T07:50:00,ios,tablet,GB,False
S0000430,U002140,2025-07-11T09:54:00,2025-07-11T11:53:00,android,tablet,GB,False
S0000431,U000912,2025-05-26T14:04:00,2025-05-26T15:31:00,android,mobile,GB,False
S0000432,U002305,2025-08-26T13:13:00,2025-08-26T14:14:00,android,mobile,GB,False
S0000433,U000084,2025-11-15T23:23:00,2025-11-16T01:19:00,ctv,smart_tv,GB,False
S0000434,U001580,2025-10-14T20:22:00,2025-10-14T21:24:00,web,desktop,GB,True
S0000435,U000836,2025-10-16T18:24:00,2025-10-16T18:38:00,android,mobile,GB,False
S0000436,U002586,2025-06-09T19:17:00,2025-06-09T21:03:00,web,mobile,GB,False
S0000437,U002547,2025-12-30T16:42:00,2025-12-30T17:23:00,ctv,smart_tv,GB,True
S0000438,U000235,2025-06-17T16:00:00,2025-06-17T16:54:00,web,mobile,GB,False
S0000439,U002950,2025-09-26T21:17:00,2025-09-26T21:27:00,web,tablet,GB,True
S0000440,U000375,2025-01-18T18:45:00,2025-01-18T19:52:00,ios,mobile,GB,True
S0000441,U001884,2025-07-30T20:37:00,2025-07-30T20:49:00,web,mobile,GB,False
S0000442,U001951,2025-09-01T12:40:00,2025-09-01T12:58:00,android,mobile,GB,False
S0000443,U003285,2025-08-18T14:10:00,2025-08-18T15:17:00,android,mobile,GB,False
S0000444,U003795,2025-01-09T23:40:00,2025-01-10T01:02:00,web,desktop,GB,False
S0000445,U003338,2025-01-27T06:44:00,2025-01-27T07:48:00,ios,tablet,GB,True
S0000446,U002104,2025-11-19T17:50:00,2025-11-19T18:45:00,web,mobile,GB,False
S0000447,U003550,2025-07-13T09:33:00,2025-07-13T10:21:00,web,desktop,GB,False
S0000448,U003321,2025-09-13T08:01:00,2025-09-13T08:18:00,ios,mobile,GB,True
S0000449,U000614,2025-03-01T11:25:00,2025-03-01T12:41:00,android,mobile,GB,False
S0000450,U003580,2025-06-13T09:47:00,2025-06-13T09:56:00,ctv,smart_tv,GB,False
S0000451,U003959,2025-07-13T16:50:00,2025-07-13T17:29:00,android,mobile,GB,False
S0000452,U000459,2025-08-26T15:33:00,2025-08-26T17:33:00,web,mobile,GB,False
S0000453,U000266,2025-05-25T17:05:00,2025-05-25T17:20:00,web,desktop,GB,False
S0000454,U003851,2025-04-28T20:35:00,2025-04-28T20:59:00,android,tablet,GB,False
S0000455,U001487,2025-05-12T19:58:00,2025-05-12T21:18:00,web,mobile,GB,False
S0000456,U002077,2025-08-10T15:06:00,2025-08-10T15:19:00,android,mobile,GB,False
S0000457,U001986,2025-06-17T12:19:00,2025-06-17T14:04:00,web,desktop,GB,False
S0000458,U001600,2025-03-22T18:59:00,2025-03-22T20:38:00,ios,mobile,GB,False
S0000459,U002933,2025-12-06T23:09:00,2025-12-06T23:55:00,web,tablet,GB,False
S0000460,U001079,2025-06-19T18:22:00,2025-06-19T19:46:00,android,mobile,GB,False
S0000461,U001347,2025-05-31T10:16:00,2025-05-31T11:44:00,web,desktop,GB,False
S0000462,U001716,2025-04-02T12:42:00,2025-04-02T13:46:00,web,mobile,GB,False
S0000463,U001178,2025-03-05T20:12:00,2025-03-05T20:36:00,ios,tablet,GB,True
S0000464,U000069,2025-11-12T19:08:00,2025-11-12T19:14:00,ios,mobile,GB,False
S0000465,U003188,2025-08-06T20:50:00,2025-08-06T22:39:00,ios,tablet,GB,False
S0000466,U001259,2025-04-02T15:31:00,2025-04-02T16:46:00,ios,mobile,GB,True
S0000467,U003736,2025-01-23T22:57:00,2025-01-23T23:40:00,web,desktop,GB,False
S0000468,U000944,2025-07-17T14:55:00,2025-07-17T15:57:00,web,tablet,GB,False
S0000469,U001790,2025-01-17T17:50:00,2025-01-17T19:25:00,web,mobile,GB,False
S0000470,U001779,2025-11-09T16:58:00,2025-11-09T18:24:00,ctv,streaming_stick,GB,True
S0000471,U003245,2025-08-01T13:38:00,2025-08-01T14:24:00,android,mobile,GB,False
S0000472,U003402,2025-06-05T21:22:00,2025-06-05T22:26:00,ctv,streaming_stick,GB,False
S0000473,U003878,2025-11-21T15:22:00,2025-11-21T15:52:00,web,tablet,GB,False
S0000474,U001908,2025-11-22T20:33:00,2025-11-22T22:26:00,ios,mobile,GB,False
S0000475,U000881,2025-08-28T19:27:00,2025-08-28T20:13:00,web,desktop,GB,False
S0000476,U003005,2025-03-07T15:19:00,2025-03-07T17:02:00,ios,tablet,GB,False
S0000477,U003273,2025-12-19T13:40:00,2025-12-19T14:20:00,ios,tablet,GB,False
S0000478,U000775,2025-01-15T11:06:00,2025-01-15T12:59:00,ctv,smart_tv,GB,False
S0000479,U001576,2025-07-03T21:12:00,2025-07-03T22:27:00,ios,tablet,GB,False
S0000480,U000706,2025-03-11T23:19:00,2025-03-12T01:05:00,ctv,smart_tv,GB,False
S0000481,U002963,2025-07-18T14:51:00,2025-07-18T15:16:00,web,mobile,GB,False
S0000482,U003172,2025-07-06T19:42:00,2025-07-06T20:34:00,android,tablet,GB,False
S0000483,U003694,2025-04-24T20:39:00,2025-04-24T21:54:00,android,mobile,GB,True
S0000484,U000827,2025-08-27T17:04:00,2025-08-27T18:50:00,web,tablet,GB,False
S0000485,U003688,2025-09-04T23:06:00,2025-09-04T23:50:00,ios,tablet,GB,False
S0000486,U000472,2025-09-28T09:24:00,2025-09-28T11:16:00,ctv,streaming_stick,GB,False
S0000487,U000284,2025-03-24T16:07:00,2025-03-24T16:57:00,ios,tablet,GB,False
S0000488,U003586,2025-06-22T07:49:00,2025-06-22T08:02:00,android,tablet,GB,False
S0000489,U003680,2025-01-12T14:28:00,2025-01-12T16:17:00,android,tablet,GB,False
S0000490,U003086,2025-03-03T21:23:00,2025-03-03T21:36:00,android,mobile,GB,True
S0000491,U003845,2025-02-01T07:37:00,2025-02-01T09:31:00,android,mobile,GB,False
S0000492,U000906,2025-08-24T15:08:00,2025-08-24T16:49:00,web,desktop,GB,True
S0000493,U001537,2025-03-16T15:26:00,2025-03-16T16:51:00,ios,tablet,GB,False
S0000494,U000035,2025-07-15T20:59:00,2025-07-15T21:25:00,android,mobile,GB,False
S0000495,U003318,2025-12-22T17:05:00,2025-12-22T17:49:00,ios,mobile,GB,False
S0000496,U003059,2025-04-28T20:32:00,2025-04-28T22:27:00,web,mobile,GB,False
S0000497,U003528,2025-05-22T09:54:00,2025-05-22T10:22:00,ios,mobile,GB,False
S0000498,U003667,2025-01-16T19:42:00,2025-01-16T21:29:00,ios,mobile,GB,False
S0000499,U001563,2025-04-12T15:12:00,2025-04-12T17:03:00,ctv,streaming_stick,GB,False
S0000500,U002074,2025-07-31T15:45:00,2025-07-31T17:22:00,ctv,smart_tv,GB,False
S0000501,U002213,2025-06-09T21:22:00,2025-06-09T22:35:00,android,tablet,GB,False
S0000502,U001944,2025-09-08T21:08:00,2025-09-08T22:54:00,ios,tablet,GB,False
S0000503,U002415,2025-11-30T13:52:00,2025-11-30T15:14:00,ios,mobile,GB,False
S0000504,U002310,2025-04-06T22:18:00,2025-04-06T23:06:00,android,mobile,GB,False
S0000505,U001209,2025-05-24T11:01:00,2025-05-24T11:07:00,web,tablet,GB,False
S0000506,U002606,2025-03-02T10:53:00,2025-03-02T12:45:00,android,tablet,GB,False
S0000507,U002158,2025-07-10T12:47:00,2025-07-10T14:39:00,ios,tablet,GB,False
S0000508,U002955,2025-07-16T22:47:00,2025-07-16T23:47:00,ios,tablet,GB,False
S0000509,U003480,2025-10-18T14:15:00,2025-10-18T15:53:00,android,mobile,GB,False
S0000510,U000134,2025-12-02T14:22:00,2025-12-02T14:52:00,android,mobile,GB,False
S0000511,U003526,2025-07-24T18:29:00,2025-07-24T20:21:00,android,tablet,GB,False
S0000512,U002737,2025-03-31T19:10:00,2025-03-31T19:54:00,android,mobile,GB,False
S0000513,U002947,2025-03-04T12:06:00,2025-03-04T13:45:00,android,mobile,GB,False
S0000514,U000257,2025-09-09T12:13:00,2025-09-09T13:04:00,ios,mobile,GB,False
S0000515,U001685,2025-10-16T17:07:00,2025-10-16T17:55:00,web,mobile,GB,False
S0000516,U001757,2025-04-23T16:56:00,2025-04-23T18:11:00,android,tablet,GB,False
S0000517,U001875,2025-06-15T22:56:00,2025-06-16T00:18:00,ctv,smart_tv,GB,False
S0000518,U003671,2025-01-29T21:50:00,2025-01-29T23:40:00,android,mobile,GB,False
S0000519,U003673,2025-06-19T15:46:00,2025-06-19T16:52:00,android,mobile,GB,False
S0000520,U001739,2025-12-11T19:54:00,2025-12-11T20:14:00,android,mobile,GB,False
S0000521,U003143,2025-11-03T17:59:00,2025-11-03T19:14:00,web,tablet,GB,False
S0000522,U002186,2025-10-13T13:42:00,2025-10-13T15:15:00,android,tablet,GB,False
S0000523,U001354,2025-07-23T17:50:00,2025-07-23T18:12:00,web,desktop,GB,True
S0000524,U002417,2025-01-19T20:24:00,2025-01-19T21:47:00,ios,tablet,GB,False
S0000525,U002802,2025-10-07T13:54:00,2025-10-07T15:33:00,ctv,smart_tv,GB,False
S0000526,U001351,2025-05-30T09:18:00,2025-05-30T11:08:00,android,tablet,GB,False
S0000527,U000842,2025-02-14T13:48:00,2025-02-14T15:14:00,web,desktop,GB,False
S0000528,U001302,2025-03-29T14:53:00,2025-03-29T15:14:00,ios,mobile,GB,False
S0000529,U000170,2025-05-06T18:26:00,2025-05-06T19:02:00,ios,mobile,GB,False
S0000530,U002805,2025-10-09T13:10:00,2025-10-09T13:33:00,ios,mobile,GB,False
S0000531,U000365,2025-07-24T09:44:00,2025-07-24T11:43:00,ios,tablet,GB,True
S0000532,U001804,2025-11-14T15:28:00,2025-11-14T15:43:00,android,mobile,GB,False
S0000533,U001192,2025-05-19T13:55:00,2025-05-19T14:25:00,ios,tablet,GB,True
S0000534,U001902,2025-12-12T19:28:00,2025-12-12T21:07:00,android,tablet,GB,False
S0000535,U003770,2025-08-04T20:47:00,2025-08-04T22:37:00,ios,tablet,GB,False
S0000536,U003555,2025-02-19T14:12:00,2025-02-19T15:53:00,web,desktop,GB,False
S0000537,U001503,2025-12-28T15:02:00,2025-12-28T15:49:00,web,desktop,GB,False
S0000538,U001447,2025-07-26T21:29:00,2025-07-26T21:41:00,ios,tablet,GB,False
S0000539,U003713,2025-08-22T18:24:00,2025-08-22T19:23:00,ctv,smart_tv,GB,False
S0000540,U003836,2025-01-10T15:23:00,2025-01-10T16:59:00,ios,tablet,GB,False
S0000541,U000336,2025-09-20T17:23:00,2025-09-20T18:12:00,ctv,streaming_stick,GB,False
S0000542,U003012,2025-05-11T15:55:00,2025-05-11T16:13:00,web,mobile,GB,False
S0000543,U001064,2025-05-20T06:48:00,2025-05-20T08:40:00,web,tablet,GB,False
S0000544,U002330,2025-09-21T20:20:00,2025-09-21T21:39:00,ios,tablet,GB,False
S0000545,U001589,2025-02-04T16:43:00,2025-02-04T17:07:00,web,desktop,GB,True
S0000546,U002104,2025-11-20T12:56:00,2025-11-20T14:11:00,ios,tablet,GB,False
S0000547,U000883,2025-09-02T09:06:00,2025-09-02T10:15:00,android,mobile,GB,False
S0000548,U003305,2025-11-09T16:56:00,2025-11-09T18:18:00,web,desktop,GB,False
S0000549,U001693,2025-09-26T22:29:00,2025-09-27T00:08:00,ios,mobile,GB,False
S0000550,U001725,2025-09-19T07:33:00,2025-09-19T08:33:00,android,mobile,GB,False
S0000551,U002801,2025-03-06T14:19:00,2025-03-06T15:40:00,android,mobile,GB,False
S0000552,U001368,2025-11-11T12:32:00,2025-11-11T12:50:00,web,tablet,GB,False
S0000553,U003416,2025-06-22T19:05:00,2025-06-22T20:12:00,ios,tablet,GB,False
S0000554,U000823,2025-11-11T19:29:00,2025-11-11T21:29:00,web,desktop,GB,False
S0000555,U001008,2025-03-12T18:50:00,2025-03-12T20:30:00,web,mobile,GB,False
S0000556,U003892,2025-06-26T14:15:00,2025-06-26T15:22:00,ios,mobile,GB,False
S0000557,U001516,2025-03-07T13:48:00,2025-03-07T15:45:00,web,tablet,GB,False
S0000558,U003171,2025-04-20T16:29:00,2025-04-20T16:55:00,ios,tablet,GB,False
S0000559,U003143,2025-07-31T11:05:00,2025-07-31T13:01:00,ios,mobile,GB,False
S0000560,U003871,2025-04-30T19:01:00,2025-04-30T19:30:00,web,desktop,GB,False
S0000561,U001648,2025-06-09T23:26:00,2025-06-10T01:19:00,web,mobile,GB,False
S0000562,U002069,2025-06-04T17:18:00,2025-06-04T18:17:00,ios,tablet,GB,False
S0000563,U001248,2025-02-28T15:56:00,2025-02-28T17:50:00,android,mobile,GB,False
S0000564,U000892,2025-02-24T18:57:00,2025-02-24T19:44:00,android,mobile,GB,False
S0000565,U002090,2025-08-30T13:02:00,2025-08-30T15:02:00,ios,tablet,GB,False
S0000566,U000238,2025-06-24T08:19:00,2025-06-24T10:01:00,web,desktop,GB,False
S0000567,U001530,2025-12-06T14:44:00,2025-12-06T15:42:00,web,tablet,GB,False
S0000568,U003768,2025-10-07T15:17:00,2025-10-07T15:59:00,ios,mobile,GB,False
S0000569,U002016,2025-02-14T11:47:00,2025-02-14T12:22:00,web,mobile,GB,False
S0000570,U002125,2025-05-15T20:05:00,2025-05-15T20:13:00,android,mobile,GB,False
S0000571,U003181,2025-11-09T18:39:00,2025-11-09T19:41:00,ios,mobile,GB,False
S0000572,U001567,2025-01-22T21:52:00,2025-01-22T23:00:00,ios,mobile,GB,False
S0000573,U003552,2025-04-30T12:24:00,2025-04-30T13:25:00,web,tablet,GB,False
S0000574,U001995,2025-02-18T07:47:00,2025-02-18T09:46:00,ios,tablet,GB,False
S0000575,U002289,2025-03-04T18:48:00,2025-03-04T19:07:00,ios,tablet,GB,False
S0000576,U002887,2025-04-22T17:58:00,2025-04-22T18:38:00,web,desktop,GB,True
S0000577,U003014,2025-09-19T11:47:00,2025-09-19T13:19:00,web,tablet,GB,False
S0000578,U003616,2025-01-28T12:42:00,2025-01-28T12:48:00,ios,mobile,GB,False
S0000579,U001617,2025-12-26T14:53:00,2025-12-26T16:02:00,ios,tablet,GB,False
S0000580,U001946,2025-11-25T17:33:00,2025-11-25T18:48:00,ios,tablet,GB,False
S0000581,U001248,2025-11-14T18:22:00,2025-11-14T19:26:00,ios,tablet,GB,False
S0000582,U001955,2025-11-03T09:58:00,2025-11-03T11:20:00,web,mobile,GB,False
S0000583,U001707,2025-01-28T22:37:00,2025-01-29T00:12:00,web,tablet,GB,False
S0000584,U000725,2025-02-19T07:55:00,2025-02-19T09:23:00,android,tablet,GB,False
S0000585,U002961,2025-03-10T18:42:00,2025-03-10T19:53:00,android,mobile,GB,False
S0000586,U001608,2025-10-05T23:38:00,2025-10-06T00:56:00,ios,tablet,GB,False
S0000587,U000599,2025-04-06T22:51:00,2025-04-06T23:38:00,web,desktop,GB,True
S0000588,U000936,2025-03-13T13:06:00,2025-03-13T13:45:00,ctv,streaming_stick,GB,False
S0000589,U000162,2025-07-11T20:51:00,2025-07-11T21:24:00,android,tablet,GB,False
S0000590,U000729,2025-11-04T14:27:00,2025-11-04T14:38:00,android,tablet,GB,False
S0000591,U002583,2025-12-19T09:01:00,2025-12-19T10:15:00,android,tablet,GB,False
S0000592,U003992,2025-10-30T15:19:00,2025-10-30T17:02:00,ctv,smart_tv,GB,False
S0000593,U002137,2025-07-23T09:44:00,2025-07-23T11:25:00,ctv,streaming_stick,GB,False
S0000594,U001685,2025-02-28T22:54:00,2025-02-28T23:24:00,ios,mobile,GB,False
S0000595,U002585,2025-05-24T18:54:00,2025-05-24T19:14:00,ios,mobile,GB,False
S0000596,U000809,2025-12-17T21:35:00,2025-12-17T23:25:00,ctv,smart_tv,GB,False
S0000597,U002361,2025-05-06T23:04:00,2025-05-06T23:31:00,ctv,streaming_stick,GB,False
S0000598,U003737,2025-06-19T16:02:00,2025-06-19T16:46:00,web,tablet,GB,True
S0000599,U003190,2025-05-24T09:43:00,2025-05-24T10:45:00,web,desktop,GB,True
S0000600,U001657,2025-05-05T19:46:00,2025-05-05T20:22:00,android,mobile,GB,False
S0000601,U000838,2025-06-09T08:56:00,2025-06-09T10:21:00,ios,mobile,GB,False
S0000602,U003285,2025-07-21T11:04:00,2025-07-21T12:46:00,ios,tablet,GB,False
S0000603,U003615,2025-03-14T23:41:00,2025-03-15T01:04:00,ios,tablet,GB,False
S0000604,U000144,2025-03-11T15:17:00,2025-03-11T16:31:00,android,tablet,GB,False
S0000605,U000332,2025-09-03T19:01:00,2025-09-03T20:39:00,android,mobile,GB,False
S0000606,U002802,2025-02-11T12:17:00,2025-02-11T13:49:00,android,mobile,GB,True
S0000607,U003549,2025-10-28T14:05:00,2025-10-28T15:29:00,android,tablet,GB,False
S0000608,U002864,2025-02-17T16:25:00,2025-02-17T16:51:00,android,tablet,GB,False
S0000609,U001132,2025-08-06T13:44:00,2025-08-06T14:57:00,ios,mobile,GB,False
S0000610,U001776,2025-03-25T20:59:00,2025-03-25T22:52:00,android,tablet,GB,False
S0000611,U002096,2025-08-25T09:56:00,2025-08-25T11:00:00,ios,tablet,GB,False
S0000612,U000270,2025-12-22T17:38:00,2025-12-22T19:23:00,android,mobile,GB,False
S0000613,U001556,2025-01-01T17:48:00,2025-01-01T18:55:00,android,tablet,GB,False
S0000614,U000006,2025-08-13T16:27:00,2025-08-13T18:11:00,web,tablet,GB,False
S0000615,U001134,2025-08-15T15:54:00,2025-08-15T16:36:00,ios,mobile,GB,False
S0000616,U000001,2025-04-23T16:31:00,2025-04-23T17:40:00,android,mobile,GB,False
S0000617,U000164,2025-08-05T21:21:00,2025-08-05T23:12:00,ios,tablet,GB,False
S0000618,U003022,2025-10-05T17:52:00,2025-10-05T19:43:00,android,tablet,GB,False
S0000619,U002668,2025-11-05T18:44:00,2025-11-05T19:11:00,ios,tablet,GB,True
S0000620,U002957,2025-07-13T16:59:00,2025-07-13T17:55:00,android,mobile,GB,False
S0000621,U000105,2025-08-29T14:47:00,2025-08-29T16:33:00,android,mobile,GB,False
S0000622,U001508,2025-06-17T15:44:00,2025-06-17T17:43:00,android,tablet,GB,False
S0000623,U001329,2025-03-15T13:26:00,2025-03-15T14:07:00,web,tablet,GB,False
S0000624,U003732,2025-03-08T11:22:00,2025-03-08T12:25:00,ios,mobile,GB,False
S0000625,U001060,2025-08-04T14:48:00,2025-08-04T15:23:00,web,desktop,GB,False
S0000626,U001530,2025-10-20T13:57:00,2025-10-20T14:42:00,android,mobile,GB,False
S0000627,U003028,2025-04-29T09:49:00,2025-04-29T11:06:00,android,tablet,GB,False
S0000628,U003921,2025-03-16T19:16:00,2025-03-16T20:23:00,ios,mobile,GB,False
S0000629,U000010,2025-03-19T19:32:00,2025-03-19T19:44:00,web,tablet,GB,False
S0000630,U000288,2025-05-11T13:49:00,2025-05-11T15:42:00,web,desktop,GB,False
S0000631,U002773,2025-02-27T17:41:00,2025-02-27T19:01:00,android,tablet,GB,False
S0000632,U002470,2025-11-05T12:55:00,2025-11-05T14:36:00,android,tablet,GB,False
S0000633,U002621,2025-04-14T12:12:00,2025-04-14T13:49:00,web,tablet,GB,False
S0000634,U001828,2025-10-10T18:25:00,2025-10-10T19:36:00,android,mobile,GB,False
S0000635,U002169,2025-03-04T22:13:00,2025-03-04T23:29:00,web,tablet,GB,False
S0000636,U001777,2025-07-13T14:47:00,2025-07-13T15:10:00,ctv,smart_tv,GB,False
S0000637,U000153,2025-09-03T16:31:00,2025-09-03T17:05:00,ios,mobile,GB,False
S0000638,U001475,2025-11-06T15:24:00,2025-11-06T16:35:00,web,tablet,GB,False
S0000639,U003747,2025-12-08T11:13:00,2025-12-08T11:55:00,android,mobile,GB,False
S0000640,U003723,2025-01-30T16:29:00,2025-01-30T16:53:00,android,tablet,GB,False
S0000641,U000632,2025-04-05T16:57:00,2025-04-05T17:09:00,ios,tablet,GB,False
S0000642,U001804,2025-10-03T20:28:00,2025-10-03T21:58:00,ios,tablet,GB,False
S0000643,U002873,2025-09-30T23:38:00,2025-09-30T23:48:00,android,mobile,GB,False
S0000644,U002361,2025-09-14T22:36:00,2025-09-15T00:35:00,ios,tablet,GB,False
S0000645,U000890,2025-12-21T15:02:00,2025-12-21T16:32:00,web,desktop,GB,False
S0000646,U003992,2025-03-02T08:15:00,2025-03-02T08:50:00,ios,tablet,GB,False
S0000647,U002278,2025-04-07T14:06:00,2025-04-07T15:18:00,android,tablet,GB,False
S0000648,U003195,2025-07-21T09:09:00,2025-07-21T10:28:00,android,tablet,GB,False
S0000649,U001640,2025-08-30T11:29:00,2025-08-30T12:25:00,web,mobile,GB,False
S0000650,U002456,2025-03-17T19:42:00,2025-03-17T21:16:00,android,tablet,GB,False
S0000651,U000142,2025-10-11T22:45:00,2025-10-11T23:28:00,web,desktop,GB,False
S0000652,U002082,2025-09-26T19:50:00,2025-09-26T19:56:00,android,tablet,GB,True
S0000653,U002548,2025-08-11T21:59:00,2025-08-11T23:33:00,android,tablet,GB,False
S0000654,U003212,2025-11-27T19:20:00,2025-11-27T20:53:00,android,tablet,GB,True
S0000655,U001339,2025-11-12T07:32:00,2025-11-12T09:13:00,web,mobile,GB,False
S0000656,U000916,2025-07-11T13:53:00,2025-07-11T14:34:00,ios,tablet,GB,False
S0000657,U001318,2025-05-31T17:25:00,2025-05-31T17:42:00,web,mobile,GB,False
S0000658,U001997,2025-08-22T10:10:00,2025-08-22T10:33:00,ios,tablet,GB,False
S0000659,U001260,2025-12-12T09:20:00,2025-12-12T09:55:00,ctv,streaming_stick,GB,False
S0000660,U000140,2025-01-06T10:49:00,2025-01-06T11:40:00,web,mobile,GB,False
S0000661,U003507,2025-11-10T15:57:00,2025-11-10T17:30:00,android,tablet,GB,False
S0000662,U002307,2025-12-21T07:20:00,2025-12-21T07:38:00,web,tablet,GB,False
S0000663,U000985,2025-11-29T16:00:00,2025-11-29T16:19:00,ctv,streaming_stick,GB,False
S0000664,U002113,2025-03-21T18:56:00,2025-03-21T19:05:00,ctv,smart_tv,GB,False
S0000665,U003574,2025-07-26T16:49:00,2025-07-26T18:49:00,web,desktop,GB,False
S0000666,U000332,2025-09-29T21:22:00,2025-09-29T22:39:00,ctv,streaming_stick,GB,False
S0000667,U002398,2025-03-15T20:16:00,2025-03-15T21:01:00,ctv,smart_tv,GB,False
S0000668,U001787,2025-04-03T10:19:00,2025-04-03T11:59:00,ios,mobile,GB,False
S0000669,U002520,2025-04-08T17:49:00,2025-04-08T19:07:00,ios,mobile,GB,False
S0000670,U002687,2025-07-25T16:12:00,2025-07-25T16:43:00,web,mobile,GB,False
S0000671,U000977,2025-08-11T16:37:00,2025-08-11T16:47:00,android,tablet,GB,False
S0000672,U001431,2025-11-03T14:04:00,2025-11-03T14:10:00,android,tablet,GB,False
S0000673,U003368,2025-02-27T17:04:00,2025-02-27T18:52:00,android,tablet,GB,False
S0000674,U003489,2025-12-27T19:41:00,2025-12-27T20:00:00,ios,mobile,GB,True
S0000675,U003390,2025-12-18T14:50:00,2025-12-18T16:11:00,web,desktop,GB,False
S0000676,U002173,2025-06-10T10:28:00,2025-06-10T12:26:00,web,mobile,GB,False
S0000677,U002128,2025-03-11T15:15:00,2025-03-11T15:20:00,android,tablet,GB,False
S0000678,U000767,2025-07-04T10:32:00,2025-07-04T11:22:00,android,mobile,GB,True
S0000679,U001571,2025-02-24T16:09:00,2025-02-24T17:37:00,ctv,smart_tv,GB,False
S0000680,U001076,2025-09-28T16:20:00,2025-09-28T16:58:00,android,tablet,GB,False
S0000681,U002260,2025-05-20T23:38:00,2025-05-21T01:34:00,web,mobile,GB,False
S0000682,U003866,2025-06-30T23:29:00,2025-06-30T23:42:00,ctv,streaming_stick,GB,False
S0000683,U000765,2025-12-18T22:16:00,2025-12-18T23:26:00,ctv,smart_tv,GB,False
S0000684,U002169,2025-07-24T14:14:00,2025-07-24T14:22:00,ios,tablet,GB,False
S0000685,U003796,2025-07-20T23:37:00,2025-07-21T01:05:00,android,tablet,GB,False
S0000686,U001115,2025-07-04T06:06:00,2025-07-04T06:28:00,android,mobile,GB,False
S0000687,U003719,2025-06-21T08:25:00,2025-06-21T09:50:00,android,mobile,GB,False
S0000688,U001541,2025-07-04T07:22:00,2025-07-04T08:46:00,ios,mobile,GB,True
S0000689,U002095,2025-12-23T15:21:00,2025-12-23T16:28:00,ctv,streaming_stick,GB,False
S0000690,U002354,2025-10-21T18:15:00,2025-10-21T19:34:00,web,mobile,GB,False
S0000691,U002466,2025-04-26T15:56:00,2025-04-26T17:13:00,ios,tablet,GB,False
S0000692,U000171,2025-03-20T09:50:00,2025-03-20T11:33:00,android,tablet,GB,False
S0000693,U002998,2025-01-10T16:01:00,2025-01-10T16:23:00,ctv,streaming_stick,GB,False
S0000694,U003714,2025-02-06T21:49:00,2025-02-06T23:45:00,android,tablet,GB,False
S0000695,U001029,2025-03-28T09:04:00,2025-03-28T10:53:00,android,mobile,GB,False
S0000696,U000202,2025-08-02T18:08:00,2025-08-02T18:43:00,web,tablet,GB,False
S0000697,U000788,2025-04-23T22:50:00,2025-04-23T23:26:00,ctv,smart_tv,GB,True
S0000698,U003712,2025-02-20T23:23:00,2025-02-20T23:48:00,ctv,smart_tv,GB,False
S0000699,U002188,2025-04-17T13:13:00,2025-04-17T15:00:00,ctv,smart_tv,GB,False
S0000700,U003613,2025-05-16T17:51:00,2025-05-16T18:42:00,web,mobile,GB,False
S0000701,U001653,2025-07-31T18:02:00,2025-07-31T19:42:00,ctv,streaming_stick,GB,False
S0000702,U001367,2025-01-17T08:23:00,2025-01-17T09:39:00,ctv,smart_tv,GB,False
S0000703,U001433,2025-10-06T10:30:00,2025-10-06T12:21:00,ctv,smart_tv,GB,False
S0000704,U003656,2025-06-10T13:43:00,2025-06-10T14:57:00,web,desktop,GB,False
S0000705,U003057,2025-08-21T16:35:00,2025-08-21T18:01:00,android,tablet,GB,True
S0000706,U001970,2025-11-14T22:58:00,2025-11-14T23:16:00,ios,tablet,GB,False
S0000707,U003605,2025-06-27T17:53:00,2025-06-27T19:19:00,ios,mobile,GB,False
S0000708,U003441,2025-05-19T15:05:00,2025-05-19T17:03:00,web,mobile,GB,False
S0000709,U002433,2025-08-21T09:00:00,2025-08-21T10:56:00,ios,mobile,GB,False
S0000710,U003764,2025-07-22T14:34:00,2025-07-22T15:49:00,ios,mobile,GB,False
S0000711,U003509,2025-05-01T19:40:00,2025-05-01T21:12:00,android,tablet,GB,False
S0000712,U002039,2025-08-06T15:38:00,2025-08-06T17:02:00,ctv,streaming_stick,GB,False
S0000713,U002533,2025-12-06T12:18:00,2025-12-06T14:02:00,android,mobile,GB,False
S0000714,U000955,2025-08-08T11:24:00,2025-08-08T12:23:00,ctv,smart_tv,GB,False
S0000715,U002091,2025-09-27T17:06:00,2025-09-27T17:50:00,android,mobile,GB,False
S0000716,U000657,2025-07-26T12:21:00,2025-07-26T13:34:00,ios,mobile,GB,False
S0000717,U002701,2025-04-13T09:23:00,2025-04-13T09:38:00,ios,mobile,GB,False
S0000718,U000317,2025-06-26T15:52:00,2025-06-26T16:10:00,android,mobile,GB,False
S0000719,U003673,2025-09-17T13:12:00,2025-09-17T13:55:00,web,mobile,GB,False
S0000720,U003402,2025-08-17T11:11:00,2025-08-17T11:45:00,android,mobile,GB,False
S0000721,U003641,2025-09-05T19:04:00,2025-09-05T20:27:00,android,mobile,GB,False
S0000722,U003555,2025-03-29T14:34:00,2025-03-29T15:22:00,ios,mobile,GB,False
S0000723,U002141,2025-12-05T11:13:00,2025-12-05T12:39:00,ctv,streaming_stick,GB,False
S0000724,U001287,2025-06-05T06:28:00,2025-06-05T07:12:00,android,tablet,GB,False
S0000725,U000114,2025-11-09T15:36:00,2025-11-09T17:01:00,ctv,smart_tv,GB,False
S0000726,U003056,2025-06-24T15:37:00,2025-06-24T16:55:00,ios,tablet,GB,False
S0000727,U000228,2025-05-29T13:21:00,2025-05-29T13:41:00,ios,mobile,GB,False
S0000728,U000154,2025-06-20T13:37:00,2025-06-20T15:36:00,android,tablet,GB,False
S0000729,U000517,2025-03-08T15:27:00,2025-03-08T16:02:00,ios,tablet,GB,False
S0000730,U001029,2025-02-14T17:03:00,2025-02-14T19:02:00,web,mobile,GB,False
S0000731,U002735,2025-06-05T13:13:00,2025-06-05T13:49:00,ios,mobile,GB,False
S0000732,U003934,2025-01-11T09:23:00,2025-01-11T10:16:00,ios,mobile,GB,False
S0000733,U001131,2025-07-14T17:19:00,2025-07-14T17:33:00,ios,mobile,GB,False
S0000734,U001942,2025-08-06T21:33:00,2025-08-06T22:12:00,web,mobile,GB,True
S0000735,U002536,2025-02-06T17:32:00,2025-02-06T17:45:00,web,mobile,GB,True
S0000736,U000024,2025-09-04T17:42:00,2025-09-04T18:25:00,ios,tablet,GB,False
S0000737,U000417,2025-02-20T13:54:00,2025-02-20T15:27:00,ios,tablet,GB,False
S0000738,U001339,2025-10-05T15:13:00,2025-10-05T16:07:00,ios,mobile,GB,False
S0000739,U003915,2025-11-01T14:46:00,2025-11-01T15:00:00,ctv,smart_tv,GB,False
S0000740,U002120,2025-05-04T21:33:00,2025-05-04T23:31:00,web,mobile,GB,True
S0000741,U003391,2025-08-28T18:12:00,2025-08-28T19:40:00,ios,mobile,GB,False
S0000742,U003372,2025-08-22T22:50:00,2025-08-22T23:34:00,android,mobile,GB,False
S0000743,U001578,2025-01-02T12:42:00,2025-01-02T12:47:00,ios,tablet,GB,False
S0000744,U000011,2025-12-12T16:03:00,2025-12-12T17:13:00,ios,mobile,GB,False
S0000745,U002103,2025-01-28T07:31:00,2025-01-28T08:57:00,ios,mobile,GB,False
S0000746,U000980,2025-08-22T11:13:00,2025-08-22T12:58:00,android,mobile,GB,False
S0000747,U003411,2025-01-31T13:13:00,2025-01-31T13:36:00,ios,tablet,GB,False
S0000748,U001581,2025-10-27T08:29:00,2025-10-27T09:03:00,ctv,streaming_stick,GB,False
S0000749,U001341,2025-08-03T18:42:00,2025-08-03T19:33:00,android,mobile,GB,False
S0000750,U000844,2025-04-18T23:36:00,2025-04-19T00:40:00,web,mobile,GB,False
S0000751,U003150,2025-02-19T11:42:00,2025-02-19T12:31:00,ios,tablet,GB,False
S0000752,U002407,2025-08-04T08:24:00,2025-08-04T10:14:00,ios,mobile,GB,True
S0000753,U000105,2025-03-22T15:56:00,2025-03-22T16:02:00,android,tablet,GB,False
S0000754,U000368,2025-02-28T21:24:00,2025-02-28T22:06:00,ios,mobile,GB,False
S0000755,U000283,2025-12-26T12:23:00,2025-12-26T13:21:00,android,mobile,GB,False
S0000756,U000203,2025-12-24T14:18:00,2025-12-24T16:16:00,ctv,smart_tv,GB,False
S0000757,U001754,2025-03-07T16:41:00,2025-03-07T17:59:00,web,mobile,GB,False
S0000758,U000686,2025-04-15T14:29:00,2025-04-15T15:51:00,web,mobile,GB,False
S0000759,U000769,2025-10-21T13:56:00,2025-10-21T15:56:00,ios,tablet,GB,False
S0000760,U000685,2025-11-25T15:55:00,2025-11-25T17:02:00,web,desktop,GB,False
S0000761,U002444,2025-08-23T14:23:00,2025-08-23T15:08:00,ios,tablet,GB,False
S0000762,U002110,2025-08-12T12:12:00,2025-08-12T13:11:00,android,tablet,GB,False
S0000763,U001735,2025-01-30T12:47:00,2025-01-30T12:52:00,ios,tablet,GB,True
S0000764,U000523,2025-04-25T17:59:00,2025-04-25T19:33:00,android,mobile,GB,False
S0000765,U002020,2025-11-25T19:50:00,2025-11-25T20:28:00,ios,mobile,GB,False
S0000766,U001235,2025-06-21T13:49:00,2025-06-21T15:31:00,ios,mobile,GB,False
S0000767,U003212,2025-11-13T14:33:00,2025-11-13T15:03:00,ios,mobile,GB,False
S0000768,U000521,2025-05-27T12:39:00,2025-05-27T14:33:00,ios,tablet,GB,False
S0000769,U001400,2025-03-30T23:22:00,2025-03-30T23:35:00,android,tablet,GB,False
S0000770,U002787,2025-08-04T22:01:00,2025-08-04T23:46:00,ctv,streaming_stick,GB,False
S0000771,U002182,2025-05-11T15:22:00,2025-05-11T16:27:00,android,mobile,GB,False
S0000772,U001701,2025-10-07T08:58:00,2025-10-07T09:12:00,ctv,smart_tv,GB,True
S0000773,U000874,2025-04-02T21:45:00,2025-04-02T22:07:00,android,mobile,GB,False
S0000774,U001386,2025-04-02T09:52:00,2025-04-02T10:50:00,ctv,smart_tv,GB,False
S0000775,U000920,2025-10-12T14:16:00,2025-10-12T14:33:00,web,desktop,GB,False
S0000776,U000519,2025-04-29T17:26:00,2025-04-29T19:06:00,ctv,streaming_stick,GB,False
S0000777,U000523,2025-06-13T12:30:00,2025-06-13T12:48:00,web,mobile,GB,False
S0000778,U000149,2025-11-13T14:34:00,2025-11-13T16:29:00,ios,mobile,GB,False
S0000779,U002255,2025-02-10T17:40:00,2025-02-10T18:30:00,ios,mobile,GB,False
S0000780,U000412,2025-10-02T13:12:00,2025-10-02T13:39:00,web,mobile,GB,False
S0000781,U001611,2025-05-18T14:43:00,2025-05-18T14:53:00,web,mobile,GB,False
S0000782,U002938,2025-02-14T07:56:00,2025-02-14T09:50:00,ios,mobile,GB,False
S0000783,U000340,2025-04-01T12:35:00,2025-04-01T12:52:00,android,mobile,GB,False
S0000784,U001396,2025-10-14T18:27:00,2025-10-14T19:53:00,ios,tablet,GB,False
S0000785,U002581,2025-04-21T13:18:00,2025-04-21T13:25:00,ios,mobile,GB,False
S0000786,U002390,2025-11-10T18:34:00,2025-11-10T19:34:00,web,tablet,GB,False
S0000787,U000321,2025-01-07T15:35:00,2025-01-07T16:35:00,android,tablet,GB,False
S0000788,U002331,2025-12-08T15:06:00,2025-12-08T16:23:00,ctv,smart_tv,GB,False
S0000789,U000506,2025-10-15T23:58:00,2025-10-16T01:30:00,ctv,streaming_stick,GB,False
S0000790,U001593,2025-12-04T09:44:00,2025-12-04T11:13:00,web,desktop,GB,True
S0000791,U000582,2025-06-22T10:54:00,2025-06-22T11:40:00,ios,tablet,GB,False
S0000792,U001624,2025-04-18T13:12:00,2025-04-18T13:38:00,ctv,streaming_stick,GB,False
S0000793,U000141,2025-11-06T14:27:00,2025-11-06T15:36:00,web,tablet,GB,False
S0000794,U003636,2025-10-04T20:17:00,2025-10-04T20:49:00,ctv,streaming_stick,GB,True
S0000795,U001578,2025-01-31T18:44:00,2025-01-31T19:40:00,web,desktop,GB,False
S0000796,U003475,2025-12-25T17:53:00,2025-12-25T18:57:00,android,tablet,GB,False
S0000797,U002514,2025-12-17T19:47:00,2025-12-17T20:17:00,ctv,streaming_stick,GB,True
S0000798,U001393,2025-02-03T17:59:00,2025-02-03T18:30:00,ios,tablet,GB,False
S0000799,U002709,2025-06-19T16:02:00,2025-06-19T17:18:00,android,tablet,GB,False
S0000800,U002236,2025-10-08T14:28:00,2025-10-08T15:50:00,ctv,streaming_stick,GB,False
S0000801,U001359,2025-04-15T12:10:00,2025-04-15T12:39:00,ctv,streaming_stick,GB,False
S0000802,U002324,2025-03-27T18:10:00,2025-03-27T18:59:00,ios,tablet,GB,False
S0000803,U003954,2025-01-24T14:41:00,2025-01-24T16:23:00,ctv,streaming_stick,GB,True
S0000804,U002559,2025-10-10T08:17:00,2025-10-10T08:28:00,ctv,smart_tv,GB,False
S0000805,U003575,2025-06-12T10:19:00,2025-06-12T11:59:00,ctv,smart_tv,GB,False
S0000806,U000009,2025-10-13T14:42:00,2025-10-13T14:57:00,ios,mobile,GB,False
S0000807,U002763,2025-03-24T23:44:00,2025-03-25T00:40:00,ios,tablet,GB,False
S0000808,U003210,2025-04-04T11:26:00,2025-04-04T12:09:00,ios,mobile,GB,False
S0000809,U001312,2025-12-25T16:55:00,2025-12-25T17:22:00,android,mobile,GB,False
S0000810,U000868,2025-01-07T20:08:00,2025-01-07T20:45:00,android,tablet,GB,True
S0000811,U003910,2025-12-29T17:08:00,2025-12-29T18:00:00,web,mobile,GB,False
S0000812,U003806,2025-09-28T17:48:00,2025-09-28T19:13:00,android,tablet,GB,False
S0000813,U003251,2025-09-15T20:01:00,2025-09-15T21:18:00,android,tablet,GB,False
S0000814,U002653,2025-03-20T13:49:00,2025-03-20T14:43:00,ios,mobile,GB,False
S0000815,U003833,2025-10-02T07:51:00,2025-10-02T08:58:00,ios,mobile,GB,True
S0000816,U000033,2025-10-28T18:38:00,2025-10-28T19:38:00,android,tablet,GB,False
S0000817,U001467,2025-12-18T13:04:00,2025-12-18T13:18:00,ctv,smart_tv,GB,False
S0000818,U002660,2025-08-14T08:42:00,2025-08-14T10:35:00,web,desktop,GB,False
S0000819,U000835,2025-08-31T06:24:00,2025-08-31T06:35:00,web,tablet,GB,False
S0000820,U002651,2025-06-26T16:11:00,2025-06-26T17:54:00,web,mobile,GB,False
S0000821,U001914,2025-01-19T17:20:00,2025-01-19T17:54:00,web,desktop,GB,False
S0000822,U000102,2025-06-22T22:36:00,2025-06-23T00:24:00,web,desktop,GB,False
S0000823,U001823,2025-04-08T22:15:00,2025-04-08T22:28:00,android,mobile,GB,False
S0000824,U001462,2025-09-15T12:18:00,2025-09-15T13:32:00,web,mobile,GB,False
S0000825,U002836,2025-07-31T17:12:00,2025-07-31T17:28:00,ios,mobile,GB,False
S0000826,U003619,2025-11-11T07:13:00,2025-11-11T08:40:00,web,tablet,GB,False
S0000827,U003866,2025-05-07T09:52:00,2025-05-07T10:45:00,ios,mobile,GB,False
S0000828,U000803,2025-08-10T15:13:00,2025-08-10T16:09:00,ctv,streaming_stick,GB,False
S0000829,U003612,2025-06-18T09:59:00,2025-06-18T10:42:00,ctv,smart_tv,GB,False
S0000830,U000753,2025-04-19T10:20:00,2025-04-19T11:52:00,ios,mobile,GB,False
S0000831,U001265,2025-04-06T20:38:00,2025-04-06T21:40:00,ios,tablet,GB,False
S0000832,U002328,2025-11-02T20:22:00,2025-11-02T21:23:00,web,mobile,GB,False
S0000833,U002252,2025-04-24T14:07:00,2025-04-24T15:37:00,web,tablet,GB,False
S0000834,U000001,2025-05-31T06:27:00,2025-05-31T07:08:00,ctv,streaming_stick,GB,False
S0000835,U000804,2025-06-15T13:09:00,2025-06-15T13:53:00,ctv,smart_tv,GB,False
S0000836,U001886,2025-08-20T21:00:00,2025-08-20T21:18:00,ios,mobile,GB,False
S0000837,U000581,2025-04-08T17:36:00,2025-04-08T17:55:00,ios,mobile,GB,False
S0000838,U003546,2025-03-06T14:38:00,2025-03-06T16:03:00,web,mobile,GB,False
S0000839,U003364,2025-03-27T15:09:00,2025-03-27T16:47:00,ctv,streaming_stick,GB,True
S0000840,U003733,2025-12-17T13:18:00,2025-12-17T13:48:00,ctv,streaming_stick,GB,False
S0000841,U001713,2025-11-09T22:30:00,2025-11-09T23:59:00,ios,tablet,GB,False
S0000842,U001964,2025-07-17T16:26:00,2025-07-17T18:01:00,android,mobile,GB,False
S0000843,U003655,2025-04-16T12:31:00,2025-04-16T13:54:00,android,mobile,GB,False
S0000844,U003018,2025-02-18T20:00:00,2025-02-18T20:26:00,android,mobile,GB,False
S0000845,U001709,2025-03-03T16:24:00,2025-03-03T16:38:00,android,tablet,GB,False
S0000846,U002470,2025-10-04T14:19:00,2025-10-04T15:58:00,ios,mobile,GB,False
S0000847,U001731,2025-01-22T19:34:00,2025-01-22T20:15:00,ctv,streaming_stick,GB,False
S0000848,U001337,2025-07-23T07:26:00,2025-07-23T08:36:00,ctv,smart_tv,GB,False
S0000849,U003444,2025-08-23T16:45:00,2025-08-23T17:41:00,web,tablet,GB,True
S0000850,U003190,2025-10-17T21:24:00,2025-10-17T21:37:00,web,desktop,GB,False
S0000851,U001510,2025-03-22T18:28:00,2025-03-22T19:40:00,android,mobile,GB,False
S0000852,U003732,2025-01-23T14:00:00,2025-01-23T14:29:00,ios,tablet,GB,True
S0000853,U002882,2025-05-27T18:30:00,2025-05-27T20:09:00,ctv,smart_tv,GB,False
S0000854,U002987,2025-02-10T11:08:00,2025-02-10T12:13:00,ctv,smart_tv,GB,False
S0000855,U003406,2025-04-30T21:40:00,2025-04-30T23:29:00,android,mobile,GB,False
S0000856,U002616,2025-12-26T21:06:00,2025-12-26T22:39:00,android,tablet,GB,False
S0000857,U002428,2025-08-26T11:12:00,2025-08-26T11:22:00,android,mobile,GB,False
S0000858,U000994,2025-04-24T12:34:00,2025-04-24T13:58:00,ios,mobile,GB,False
S0000859,U000277,2025-05-04T17:39:00,2025-05-04T18:58:00,web,desktop,GB,False
S0000860,U003037,2025-10-05T20:29:00,2025-10-05T21:51:00,ios,mobile,GB,False
S0000861,U002259,2025-08-13T22:52:00,2025-08-13T23:17:00,ctv,streaming_stick,GB,False
S0000862,U000032,2025-04-04T10:49:00,2025-04-04T11:43:00,android,tablet,GB,False
S0000863,U003105,2025-06-18T09:16:00,2025-06-18T10:48:00,android,tablet,GB,False
S0000864,U002085,2025-05-19T11:57:00,2025-05-19T12:53:00,ios,tablet,GB,False
S0000865,U000096,2025-06-08T17:54:00,2025-06-08T19:10:00,ios,mobile,GB,False
S0000866,U003316,2025-10-28T15:28:00,2025-10-28T15:51:00,android,mobile,GB,True
S0000867,U003453,2025-02-02T12:48:00,2025-02-02T12:53:00,android,mobile,GB,False
S0000868,U000974,2025-10-27T10:18:00,2025-10-27T12:17:00,ctv,smart_tv,GB,False
S0000869,U002890,2025-12-25T22:28:00,2025-12-25T23:48:00,ios,mobile,GB,False
S0000870,U003658,2025-06-22T23:29:00,2025-06-23T01:10:00,web,tablet,GB,False
S0000871,U002341,2025-05-25T13:54:00,2025-05-25T15:50:00,ctv,smart_tv,GB,False
S0000872,U000397,2025-10-20T16:41:00,2025-10-20T16:46:00,android,mobile,GB,False
S0000873,U002131,2025-02-27T19:26:00,2025-02-27T19:42:00,ios,tablet,GB,False
S0000874,U002425,2025-07-29T19:17:00,2025-07-29T21:08:00,web,tablet,GB,True
S0000875,U003036,2025-02-28T22:41:00,2025-03-01T00:09:00,ios,tablet,GB,False
S0000876,U000544,2025-04-11T15:57:00,2025-04-11T17:36:00,web,desktop,GB,False
S0000877,U002917,2025-01-20T12:26:00,2025-01-20T12:51:00,android,mobile,GB,False
S0000878,U003494,2025-03-04T18:08:00,2025-03-04T18:59:00,android,tablet,GB,False
S0000879,U003261,2025-02-12T19:14:00,2025-02-12T19:59:00,ios,tablet,GB,False
S0000880,U000301,2025-07-30T13:49:00,2025-07-30T14:29:00,ctv,smart_tv,GB,False
S0000881,U001682,2025-09-03T09:12:00,2025-09-03T09:38:00,android,tablet,GB,False
S0000882,U002539,2025-01-31T21:53:00,2025-01-31T23:15:00,web,desktop,GB,False
S0000883,U003850,2025-12-17T10:06:00,2025-12-17T11:21:00,ios,tablet,GB,False
S0000884,U000333,2025-02-18T13:02:00,2025-02-18T13:23:00,ctv,smart_tv,GB,False
S0000885,U003054,2025-11-21T19:25:00,2025-11-21T20:35:00,ios,tablet,GB,False
S0000886,U002426,2025-01-25T16:54:00,2025-01-25T17:16:00,web,mobile,GB,False
S0000887,U001379,2025-07-24T15:24:00,2025-07-24T16:19:00,ios,mobile,GB,True
S0000888,U001856,2025-10-26T11:33:00,2025-10-26T13:32:00,web,tablet,GB,False
S0000889,U002278,2025-09-20T19:50:00,2025-09-20T20:53:00,ios,tablet,GB,False
S0000890,U002234,2025-04-12T20:34:00,2025-04-12T21:08:00,web,tablet,GB,False
S0000891,U002743,2025-06-28T23:00:00,2025-06-29T00:27:00,ctv,smart_tv,GB,False
S0000892,U003040,2025-04-30T23:40:00,2025-05-01T00:56:00,android,tablet,GB,True
S0000893,U002119,2025-04-21T10:05:00,2025-04-21T11:39:00,web,desktop,GB,False
S0000894,U002094,2025-02-17T20:19:00,2025-02-17T21:58:00,web,tablet,GB,False
S0000895,U001123,2025-07-15T16:34:00,2025-07-15T17:59:00,android,tablet,GB,False
S0000896,U000601,2025-04-24T13:59:00,2025-04-24T15:51:00,android,tablet,GB,False
S0000897,U003116,2025-10-30T15:33:00,2025-10-30T17:10:00,web,desktop,GB,False
S0000898,U000927,2025-01-04T08:06:00,2025-01-04T09:30:00,web,mobile,GB,False
S0000899,U002731,2025-01-23T12:28:00,2025-01-23T14:12:00,web,tablet,GB,False
S0000900,U001599,2025-07-18T18:06:00,2025-07-18T19:00:00,web,desktop,GB,False
S0000901,U001647,2025-07-31T13:44:00,2025-07-31T14:57:00,android,tablet,GB,False
S0000902,U000555,2025-11-03T15:08:00,2025-11-03T16:20:00,android,mobile,GB,False
S0000903,U002144,2025-09-20T09:24:00,2025-09-20T10:42:00,ctv,smart_tv,GB,False
S0000904,U000573,2025-05-11T21:03:00,2025-05-11T21:49:00,web,mobile,GB,False
S0000905,U000583,2025-09-13T18:10:00,2025-09-13T18:25:00,ctv,streaming_stick,GB,False
S0000906,U003198,2025-11-29T23:09:00,2025-11-29T23:17:00,android,mobile,GB,False
S0000907,U002388,2025-12-05T23:37:00,2025-12-06T01:08:00,web,desktop,GB,False
S0000908,U003900,2025-12-25T11:12:00,2025-12-25T11:25:00,web,tablet,GB,False
S0000909,U000118,2025-12-24T19:27:00,2025-12-24T21:17:00,web,desktop,GB,False
S0000910,U001540,2025-03-10T09:34:00,2025-03-10T11:20:00,web,mobile,GB,False
S0000911,U002273,2025-09-20T22:46:00,2025-09-21T00:23:00,android,tablet,GB,False
S0000912,U002684,2025-09-04T07:55:00,2025-09-04T08:46:00,web,mobile,GB,False
S0000913,U000362,2025-08-02T13:22:00,2025-08-02T14:16:00,android,mobile,GB,False
S0000914,U002839,2025-06-11T14:26:00,2025-06-11T15:29:00,ios,tablet,GB,False
S0000915,U001878,2025-02-12T20:08:00,2025-02-12T20:17:00,android,mobile,GB,False
S0000916,U000074,2025-12-03T06:21:00,2025-12-03T07:46:00,web,tablet,GB,False
S0000917,U002322,2025-10-19T14:40:00,2025-10-19T16:00:00,web,mobile,GB,False
S0000918,U003294,2025-04-04T14:55:00,2025-04-04T15:43:00,ctv,streaming_stick,GB,False
S0000919,U001886,2025-01-15T18:58:00,2025-01-15T20:51:00,ios,tablet,GB,False
S0000920,U000974,2025-11-18T15:16:00,2025-11-18T16:29:00,web,tablet,GB,True
S0000921,U002113,2025-12-11T18:44:00,2025-12-11T20:10:00,ios,tablet,GB,False
S0000922,U003917,2025-05-10T12:09:00,2025-05-10T12:34:00,web,desktop,GB,False
S0000923,U003581,2025-10-04T14:08:00,2025-10-04T15:58:00,android,tablet,GB,False
S0000924,U002831,2025-12-31T12:57:00,2025-12-31T14:16:00,android,mobile,GB,False
S0000925,U003385,2025-01-08T13:03:00,2025-01-08T13:39:00,web,tablet,GB,False
S0000926,U003332,2025-10-11T13:47:00,2025-10-11T15:46:00,ctv,streaming_stick,GB,False
S0000927,U002710,2025-06-05T08:21:00,2025-06-05T09:21:00,android,mobile,GB,False
S0000928,U000002,2025-08-19T16:02:00,2025-08-19T17:33:00,web,mobile,GB,False
S0000929,U003281,2025-11-09T08:43:00,2025-11-09T09:47:00,android,tablet,GB,False
S0000930,U002309,2025-04-09T14:54:00,2025-04-09T15:07:00,web,mobile,GB,False
S0000931,U003125,2025-09-22T19:49:00,2025-09-22T21:00:00,android,mobile,GB,False
S0000932,U001093,2025-07-14T10:37:00,2025-07-14T11:35:00,ios,mobile,GB,True
S0000933,U002870,2025-12-10T23:56:00,2025-12-11T00:09:00,web,mobile,GB,False
S0000934,U002906,2025-11-03T14:59:00,2025-11-03T16:31:00,ios,mobile,GB,False
S0000935,U001226,2025-12-19T14:06:00,2025-12-19T14:56:00,ctv,smart_tv,GB,False
S0000936,U002898,2025-10-04T16:05:00,2025-10-04T17:35:00,ios,tablet,GB,False
S0000937,U000395,2025-06-17T20:50:00,2025-06-17T21:51:00,android,tablet,GB,False
S0000938,U001935,2025-10-01T19:30:00,2025-10-01T20:18:00,web,desktop,GB,False
S0000939,U000168,2025-05-16T13:52:00,2025-05-16T15:05:00,ios,mobile,GB,False
S0000940,U003043,2025-08-15T15:37:00,2025-08-15T17:13:00,ctv,streaming_stick,GB,False
S0000941,U000103,2025-02-27T21:12:00,2025-02-27T22:24:00,web,tablet,GB,False
S0000942,U001796,2025-06-02T21:01:00,2025-06-02T21:18:00,ctv,smart_tv,GB,False
S0000943,U003426,2025-04-19T16:56:00,2025-04-19T18:36:00,android,tablet,GB,False
S0000944,U002719,2025-06-09T06:24:00,2025-06-09T06:51:00,android,mobile,GB,False
S0000945,U002183,2025-07-03T20:59:00,2025-07-03T22:40:00,ios,mobile,GB,False
S0000946,U001682,2025-04-27T12:32:00,2025-04-27T14:01:00,android,tablet,GB,False
S0000947,U000991,2025-06-08T14:32:00,2025-06-08T15:13:00,ios,tablet,GB,False
S0000948,U001020,2025-02-02T23:02:00,2025-02-03T00:57:00,ctv,smart_tv,GB,False
S0000949,U001319,2025-10-15T14:31:00,2025-10-15T15:34:00,ios,tablet,GB,False
S0000950,U002726,2025-10-17T22:36:00,2025-10-18T00:00:00,web,mobile,GB,True
S0000951,U003566,2025-07-23T15:04:00,2025-07-23T16:08:00,android,tablet,GB,True
S0000952,U002353,2025-01-21T12:53:00,2025-01-21T13:42:00,ios,mobile,GB,False
S0000953,U003972,2025-12-21T14:04:00,2025-12-21T14:16:00,web,mobile,GB,False
S0000954,U002975,2025-03-14T16:22:00,2025-03-14T17:25:00,android,mobile,GB,False
S0000955,U003526,2025-07-11T07:51:00,2025-07-11T08:03:00,android,tablet,GB,False
S0000956,U001220,2025-08-07T20:53:00,2025-08-07T22:36:00,ios,tablet,GB,False
S0000957,U000976,2025-08-18T21:31:00,2025-08-18T22:23:00,web,mobile,GB,False
S0000958,U003285,2025-01-12T11:28:00,2025-01-12T12:13:00,ctv,smart_tv,GB,False
S0000959,U000733,2025-10-16T18:20:00,2025-10-16T18:49:00,android,mobile,GB,False
S0000960,U000482,2025-12-29T14:47:00,2025-12-29T14:55:00,android,tablet,GB,False
S0000961,U002725,2025-12-10T20:09:00,2025-12-10T22:08:00,ios,mobile,GB,False
S0000962,U002128,2025-03-14T12:29:00,2025-03-14T14:28:00,ctv,smart_tv,GB,False
S0000963,U003755,2025-09-01T16:17:00,2025-09-01T17:10:00,ios,tablet,GB,False
S0000964,U002234,2025-05-22T10:48:00,2025-05-22T11:30:00,ios,mobile,GB,False
S0000965,U000640,2025-09-07T15:30:00,2025-09-07T17:26:00,ios,mobile,GB,False
S0000966,U001171,2025-09-29T14:47:00,2025-09-29T15:48:00,ios,tablet,GB,False
S0000967,U001616,2025-02-14T19:37:00,2025-02-14T20:04:00,android,tablet,GB,False
S0000968,U001837,2025-07-17T16:08:00,2025-07-17T18:01:00,android,tablet,GB,False
S0000969,U002738,2025-02-16T14:09:00,2025-02-16T14:37:00,android,tablet,GB,False
S0000970,U002010,2025-06-17T09:35:00,2025-06-17T10:39:00,ctv,smart_tv,GB,False
S0000971,U001611,2025-02-04T13:35:00,2025-02-04T15:35:00,web,tablet,GB,False
S0000972,U001988,2025-07-28T19:37:00,2025-07-28T20:39:00,ios,tablet,GB,False
S0000973,U000317,2025-04-09T08:34:00,2025-04-09T09:35:00,ctv,smart_tv,GB,False
S0000974,U003909,2025-09-07T21:26:00,2025-09-07T21:38:00,android,tablet,GB,False
S0000975,U002734,2025-08-13T17:50:00,2025-08-13T18:31:00,ios,tablet,GB,False
S0000976,U000716,2025-12-18T18:42:00,2025-12-18T20:32:00,ctv,streaming_stick,GB,False
S0000977,U001928,2025-07-26T11:52:00,2025-07-26T12:05:00,ios,tablet,GB,False
S0000978,U001073,2025-02-17T16:25:00,2025-02-17T18:19:00,android,tablet,GB,False
S0000979,U000465,2025-03-09T08:57:00,2025-03-09T09:11:00,ios,mobile,GB,False
S0000980,U000957,2025-11-18T17:41:00,2025-11-18T19:33:00,android,mobile,GB,False
S0000981,U000193,2025-12-05T15:20:00,2025-12-05T17:05:00,ios,tablet,GB,False
S0000982,U002618,2025-01-28T19:06:00,2025-01-28T20:14:00,ios,tablet,GB,True
S0000983,U003139,2025-11-11T14:02:00,2025-11-11T14:20:00,android,mobile,GB,False
S0000984,U003338,2025-12-21T20:11:00,2025-12-21T21:05:00,android,tablet,GB,False
S0000985,U003023,2025-07-11T13:44:00,2025-07-11T15:13:00,web,mobile,GB,False
S0000986,U002463,2025-10-15T15:50:00,2025-10-15T16:20:00,ios,tablet,GB,False
S0000987,U000470,2025-03-13T06:52:00,2025-03-13T07:20:00,ios,mobile,GB,False
S0000988,U003620,2025-02-12T12:05:00,2025-02-12T13:14:00,ios,mobile,GB,True
S0000989,U000587,2025-11-04T15:02:00,2025-11-04T16:39:00,web,mobile,GB,False
S0000990,U002186,2025-06-20T14:43:00,2025-06-20T15:50:00,ios,tablet,GB,False
S0000991,U002813,2025-10-14T11:56:00,2025-10-14T13:18:00,android,mobile,GB,True
S0000992,U000522,2025-10-09T19:40:00,2025-10-09T20:15:00,ctv,smart_tv,GB,False
S0000993,U002377,2025-11-16T15:22:00,2025-11-16T16:42:00,android,tablet,GB,False
S0000994,U000041,2025-11-04T15:48:00,2025-11-04T16:56:00,ios,tablet,GB,False
S0000995,U002366,2025-06-11T15:48:00,2025-06-11T16:35:00,ctv,streaming_stick,GB,False
S0000996,U001943,2025-04-08T15:40:00,2025-04-08T16:03:00,web,tablet,GB,False
S0000997,U001225,2025-06-28T16:39:00,2025-06-28T18:16:00,ios,tablet,GB,True
S0000998,U000252,2025-10-21T13:33:00,2025-10-21T14:03:00,ios,mobile,GB,False
S0000999,U003344,2025-05-29T14:21:00,2025-05-29T15:30:00,ios,tablet,GB,False
S0001000,U003777,2025-04-01T23:17:00,2025-04-02T00:59:00,android,tablet,GB,False
S0001001,U003719,2025-02-12T10:33:00,2025-02-12T12:05:00,ctv,smart_tv,GB,False
S0001002,U000573,2025-10-24T22:29:00,2025-10-24T23:13:00,android,mobile,GB,False
S0001003,U002808,2025-10-29T15:43:00,2025-10-29T15:58:00,android,mobile,GB,False
S0001004,U000156,2025-06-24T17:08:00,2025-06-24T18:35:00,web,desktop,GB,False
S0001005,U001450,2025-09-18T13:20:00,2025-09-18T14:02:00,web,mobile,GB,False
S0001006,U002929,2025-03-26T23:31:00,2025-03-26T23:37:00,ios,tablet,GB,True
S0001007,U002202,2025-09-13T15:04:00,2025-09-13T16:27:00,ctv,streaming_stick,GB,True
S0001008,U000190,2025-08-09T07:15:00,2025-08-09T07:56:00,web,desktop,GB,False
S0001009,U001902,2025-05-03T11:29:00,2025-05-03T12:06:00,ios,tablet,GB,False
S0001010,U001269,2025-02-09T19:52:00,2025-02-09T21:40:00,ios,mobile,GB,False
S0001011,U000575,2025-10-06T22:51:00,2025-10-06T23:41:00,web,desktop,GB,False
S0001012,U000995,2025-09-04T12:47:00,2025-09-04T13:37:00,ios,tablet,GB,False
S0001013,U002204,2025-08-05T21:17:00,2025-08-05T22:59:00,web,tablet,GB,False
S0001014,U003932,2025-03-12T13:05:00,2025-03-12T13:27:00,android,mobile,GB,False
S0001015,U003602,2025-07-07T22:32:00,2025-07-07T23:55:00,web,mobile,GB,False
S0001016,U003013,2025-01-11T15:07:00,2025-01-11T15:46:00,android,mobile,GB,False
S0001017,U003782,2025-08-28T07:26:00,2025-08-28T08:28:00,android,tablet,GB,False
S0001018,U001873,2025-06-03T12:45:00,2025-06-03T14:34:00,ios,mobile,GB,False
S0001019,U003016,2025-06-16T17:28:00,2025-06-16T17:41:00,android,tablet,GB,False
S0001020,U003440,2025-08-01T19:53:00,2025-08-01T21:00:00,web,tablet,GB,False
S0001021,U002760,2025-03-22T14:18:00,2025-03-22T15:03:00,web,mobile,GB,False
S0001022,U003287,2025-10-20T22:27:00,2025-10-20T23:39:00,ios,mobile,GB,False
S0001023,U002104,2025-01-07T19:00:00,2025-01-07T19:29:00,web,desktop,GB,False
S0001024,U002273,2025-03-11T14:43:00,2025-03-11T15:11:00,android,tablet,GB,False
S0001025,U001940,2025-09-09T17:38:00,2025-09-09T18:02:00,ios,mobile,GB,False
S0001026,U000755,2025-03-30T12:49:00,2025-03-30T13:50:00,web,desktop,GB,False
S0001027,U003807,2025-09-08T12:26:00,2025-09-08T14:05:00,ctv,smart_tv,GB,False
S0001028,U002925,2025-01-22T14:39:00,2025-01-22T16:29:00,android,tablet,GB,False
S0001029,U002910,2025-10-16T19:42:00,2025-10-16T21:07:00,android,mobile,GB,False
S0001030,U000904,2025-06-26T14:12:00,2025-06-26T15:31:00,android,mobile,GB,False
S0001031,U000110,2025-03-03T21:32:00,2025-03-03T22:37:00,web,desktop,GB,True
S0001032,U000181,2025-10-03T21:11:00,2025-10-03T21:32:00,ctv,smart_tv,GB,False
S0001033,U001471,2025-03-27T08:37:00,2025-03-27T09:12:00,web,tablet,GB,False
S0001034,U001472,2025-09-28T16:01:00,2025-09-28T16:43:00,ios,mobile,GB,False
S0001035,U000291,2025-01-08T20:18:00,2025-01-08T21:23:00,android,mobile,GB,False
S0001036,U000743,2025-06-30T21:39:00,2025-06-30T23:16:00,ios,tablet,GB,False
S0001037,U000499,2025-10-18T08:25:00,2025-10-18T09:23:00,ctv,smart_tv,GB,False
S0001038,U003016,2025-08-25T18:49:00,2025-08-25T18:58:00,ios,tablet,GB,False
S0001039,U003884,2025-08-06T07:53:00,2025-08-06T08:42:00,ctv,smart_tv,GB,True
S0001040,U002821,2025-01-08T14:12:00,2025-01-08T14:33:00,ios,tablet,GB,False
S0001041,U003214,2025-12-20T18:22:00,2025-12-20T18:46:00,android,mobile,GB,False
S0001042,U001128,2025-11-08T19:49:00,2025-11-08T21:32:00,ctv,streaming_stick,GB,False
S0001043,U001286,2025-07-15T16:24:00,2025-07-15T17:28:00,ios,tablet,GB,False
S0001044,U002603,2025-07-30T17:07:00,2025-07-30T17:47:00,ctv,streaming_stick,GB,False
S0001045,U002069,2025-01-03T22:53:00,2025-01-03T22:59:00,ios,mobile,GB,False
S0001046,U000450,2025-05-15T11:32:00,2025-05-15T12:11:00,web,mobile,GB,False
S0001047,U000400,2025-05-04T15:11:00,2025-05-04T15:40:00,web,mobile,GB,False
S0001048,U000604,2025-04-25T15:49:00,2025-04-25T17:32:00,ios,mobile,GB,False
S0001049,U002631,2025-05-01T13:02:00,2025-05-01T13:21:00,android,mobile,GB,False
S0001050,U000486,2025-07-08T15:26:00,2025-07-08T17:15:00,ios,tablet,GB,False
S0001051,U000174,2025-01-19T06:22:00,2025-01-19T07:43:00,android,mobile,GB,False
S0001052,U000503,2025-03-25T17:17:00,2025-03-25T18:25:00,ios,tablet,GB,False
S0001053,U000978,2025-06-04T15:36:00,2025-06-04T15:51:00,android,mobile,GB,False
S0001054,U000526,2025-04-26T09:20:00,2025-04-26T10:54:00,ios,tablet,GB,False
S0001055,U001438,2025-11-29T06:30:00,2025-11-29T07:22:00,android,mobile,GB,False
S0001056,U001387,2025-12-20T12:32:00,2025-12-20T14:14:00,ios,mobile,GB,False
S0001057,U002968,2025-09-09T08:47:00,2025-09-09T10:00:00,android,mobile,GB,False
S0001058,U001050,2025-01-09T09:12:00,2025-01-09T10:37:00,ios,tablet,GB,False
S0001059,U001002,2025-02-25T16:19:00,2025-02-25T16:46:00,ios,tablet,GB,False
S0001060,U000659,2025-06-15T15:04:00,2025-06-15T16:09:00,ctv,streaming_stick,GB,False
S0001061,U003930,2025-05-08T12:55:00,2025-05-08T14:02:00,ctv,streaming_stick,GB,False
S0001062,U000274,2025-04-09T14:22:00,2025-04-09T15:04:00,web,mobile,GB,False
S0001063,U003385,2025-04-05T15:14:00,2025-04-05T15:29:00,android,mobile,GB,False
S0001064,U002188,2025-03-26T17:30:00,2025-03-26T18:34:00,web,mobile,GB,False
S0001065,U003479,2025-08-11T18:19:00,2025-08-11T18:38:00,android,mobile,GB,False
S0001066,U002525,2025-11-09T23:24:00,2025-11-10T00:20:00,android,mobile,GB,False
S0001067,U000411,2025-10-12T11:36:00,2025-10-12T11:57:00,web,tablet,GB,False
S0001068,U002893,2025-06-10T15:19:00,2025-06-10T15:52:00,web,mobile,GB,False
S0001069,U003314,2025-09-10T13:12:00,2025-09-10T14:45:00,web,tablet,GB,False
S0001070,U000463,2025-09-14T17:26:00,2025-09-14T18:45:00,ctv,smart_tv,GB,False
S0001071,U002811,2025-06-13T17:34:00,2025-06-13T18:34:00,ios,tablet,GB,False
S0001072,U003693,2025-10-30T22:59:00,2025-10-30T23:39:00,ios,tablet,GB,False
S0001073,U000695,2025-10-18T21:36:00,2025-10-18T23:06:00,web,mobile,GB,False
S0001074,U003170,2025-01-28T06:51:00,2025-01-28T08:42:00,ios,mobile,GB,False
S0001075,U000242,2025-07-08T14:15:00,2025-07-08T14:52:00,android,tablet,GB,False
S0001076,U002528,2025-09-17T15:53:00,2025-09-17T16:27:00,web,desktop,GB,False
S0001077,U002284,2025-02-13T21:53:00,2025-02-13T23:34:00,ctv,smart_tv,GB,False
S0001078,U001805,2025-08-20T20:51:00,2025-08-20T21:52:00,android,mobile,GB,False
S0001079,U000859,2025-10-26T20:40:00,2025-10-26T22:28:00,ios,tablet,GB,False
S0001080,U003850,2025-10-13T09:42:00,2025-10-13T10:47:00,ctv,smart_tv,GB,False
S0001081,U003991,2025-03-03T06:18:00,2025-03-03T06:28:00,ios,mobile,GB,False
S0001082,U003950,2025-08-12T08:19:00,2025-08-12T09:04:00,ctv,smart_tv,GB,False
S0001083,U001072,2025-11-11T08:17:00,2025-11-11T09:43:00,web,tablet,GB,False
S0001084,U000074,2025-01-08T21:05:00,2025-01-08T21:39:00,android,mobile,GB,False
S0001085,U003415,2025-03-02T13:35:00,2025-03-02T14:55:00,android,mobile,GB,True
S0001086,U003751,2025-05-07T20:49:00,2025-05-07T22:16:00,web,desktop,GB,False
S0001087,U000447,2025-10-25T11:49:00,2025-10-25T12:56:00,ios,mobile,GB,False
S0001088,U001092,2025-12-30T14:18:00,2025-12-30T15:04:00,ios,tablet,GB,False
S0001089,U002121,2025-08-07T16:56:00,2025-08-07T17:13:00,android,tablet,GB,False
S0001090,U002820,2025-04-16T21:21:00,2025-04-16T22:45:00,android,mobile,GB,False
S0001091,U001268,2025-11-19T23:06:00,2025-11-19T23:48:00,ios,mobile,GB,False
S0001092,U003040,2025-11-05T11:43:00,2025-11-05T13:05:00,ctv,smart_tv,GB,False
S0001093,U003546,2025-04-25T22:56:00,2025-04-25T23:17:00,ios,mobile,GB,False
S0001094,U001540,2025-10-18T15:40:00,2025-10-18T17:27:00,ios,mobile,GB,False
S0001095,U001551,2025-03-11T14:26:00,2025-03-11T15:58:00,ios,mobile,GB,False
S0001096,U000485,2025-08-23T20:43:00,2025-08-23T20:51:00,ios,mobile,GB,False
S0001097,U002058,2025-12-23T19:22:00,2025-12-23T20:25:00,android,tablet,GB,False
S0001098,U003241,2025-07-10T20:28:00,2025-07-10T21:29:00,ios,tablet,GB,False
S0001099,U001310,2025-09-09T15:13:00,2025-09-09T16:46:00,android,tablet,GB,False
S0001100,U003301,2025-01-21T21:20:00,2025-01-21T21:29:00,android,mobile,GB,False
S0001101,U001686,2025-12-02T18:49:00,2025-12-02T19:54:00,ios,mobile,GB,False
S0001102,U003691,2025-05-23T15:18:00,2025-05-23T16:51:00,web,desktop,GB,False
S0001103,U002721,2025-09-13T16:25:00,2025-09-13T18:14:00,android,tablet,GB,False
S0001104,U000214,2025-05-14T20:00:00,2025-05-14T21:40:00,ios,tablet,GB,False
S0001105,U001473,2025-04-18T10:15:00,2025-04-18T10:47:00,web,mobile,GB,True
S0001106,U001361,2025-12-15T16:10:00,2025-12-15T17:57:00,ios,tablet,GB,False
S0001107,U002152,2025-12-13T22:37:00,2025-12-14T00:06:00,ctv,smart_tv,GB,False
S0001108,U001367,2025-07-23T17:13:00,2025-07-23T17:25:00,android,tablet,GB,False
S0001109,U002202,2025-01-17T15:46:00,2025-01-17T17:05:00,web,tablet,GB,False
S0001110,U003411,2025-08-02T10:43:00,2025-08-02T12:12:00,android,mobile,GB,False
S0001111,U001417,2025-06-06T13:05:00,2025-06-06T14:22:00,android,mobile,GB,False
S0001112,U001271,2025-01-02T17:56:00,2025-01-02T18:37:00,ctv,streaming_stick,GB,False
S0001113,U001627,2025-12-27T15:49:00,2025-12-27T16:14:00,ios,mobile,GB,False
S0001114,U002165,2025-05-03T12:27:00,2025-05-03T13:19:00,android,tablet,GB,False
S0001115,U003990,2025-11-12T12:26:00,2025-11-12T12:49:00,android,mobile,GB,False
S0001116,U003193,2025-08-22T11:00:00,2025-08-22T12:09:00,android,tablet,GB,False
S0001117,U000672,2025-01-30T09:45:00,2025-01-30T10:21:00,android,tablet,GB,False
S0001118,U000414,2025-08-06T15:04:00,2025-08-06T16:35:00,ios,tablet,GB,False
S0001119,U000314,2025-08-26T10:17:00,2025-08-26T12:02:00,ios,mobile,GB,False
S0001120,U002500,2025-01-24T15:05:00,2025-01-24T16:16:00,android,mobile,GB,False
S0001121,U002255,2025-03-18T11:15:00,2025-03-18T11:33:00,ctv,smart_tv,GB,False
S0001122,U002387,2025-06-10T07:58:00,2025-06-10T08:42:00,android,mobile,GB,False
S0001123,U003556,2025-08-31T12:05:00,2025-08-31T13:11:00,ctv,smart_tv,GB,False
S0001124,U001052,2025-07-28T20:22:00,2025-07-28T21:13:00,ctv,streaming_stick,GB,False
S0001125,U000352,2025-05-07T20:59:00,2025-05-07T21:47:00,android,mobile,GB,False
S0001126,U000308,2025-11-14T09:41:00,2025-11-14T10:38:00,ios,tablet,GB,False
S0001127,U000097,2025-04-13T12:26:00,2025-04-13T14:02:00,android,tablet,GB,False
S0001128,U001637,2025-08-17T22:16:00,2025-08-17T22:47:00,ios,mobile,GB,False
S0001129,U003684,2025-02-02T23:05:00,2025-02-03T00:02:00,android,mobile,GB,False
S0001130,U001629,2025-07-21T17:39:00,2025-07-21T18:38:00,ios,mobile,GB,False
S0001131,U002562,2025-09-06T15:06:00,2025-09-06T16:56:00,android,tablet,GB,False
S0001132,U001085,2025-03-18T13:54:00,2025-03-18T14:34:00,web,mobile,GB,False
S0001133,U001775,2025-12-17T19:13:00,2025-12-17T20:02:00,ios,mobile,GB,False
S0001134,U002338,2025-04-11T23:47:00,2025-04-12T01:28:00,web,mobile,GB,True
S0001135,U002133,2025-04-17T16:38:00,2025-04-17T18:14:00,ios,tablet,GB,False
S0001136,U002998,2025-04-15T10:29:00,2025-04-15T10:44:00,ios,mobile,GB,True
S0001137,U001226,2025-03-30T15:57:00,2025-03-30T17:41:00,android,mobile,GB,False
S0001138,U003084,2025-05-16T18:45:00,2025-05-16T18:53:00,web,tablet,GB,False
S0001139,U002298,2025-11-28T06:03:00,2025-11-28T07:25:00,web,desktop,GB,False
S0001140,U001570,2025-10-18T17:09:00,2025-10-18T18:38:00,ctv,smart_tv,GB,False
S0001141,U003893,2025-06-12T16:14:00,2025-06-12T16:36:00,android,mobile,GB,False
S0001142,U001756,2025-02-26T23:55:00,2025-02-27T01:17:00,ios,mobile,GB,False
S0001143,U001201,2025-03-13T15:47:00,2025-03-13T17:30:00,ctv,smart_tv,GB,False
S0001144,U003621,2025-05-03T18:07:00,2025-05-03T19:17:00,web,desktop,GB,False
S0001145,U003784,2025-05-18T14:26:00,2025-05-18T15:34:00,ctv,smart_tv,GB,False
S0001146,U002022,2025-12-16T18:27:00,2025-12-16T18:33:00,ios,mobile,GB,False
S0001147,U003317,2025-03-14T16:58:00,2025-03-14T18:53:00,web,mobile,GB,False
S0001148,U000936,2025-10-17T10:46:00,2025-10-17T11:17:00,ctv,streaming_stick,GB,False
S0001149,U000338,2025-06-30T15:45:00,2025-06-30T17:26:00,ctv,smart_tv,GB,False
S0001150,U001886,2025-07-01T18:40:00,2025-07-01T18:47:00,android,tablet,GB,False
S0001151,U002944,2025-10-22T12:17:00,2025-10-22T14:03:00,ctv,smart_tv,GB,False
S0001152,U002034,2025-10-09T11:42:00,2025-10-09T13:05:00,web,mobile,GB,False
S0001153,U000318,2025-05-29T13:35:00,2025-05-29T14:00:00,ios,mobile,GB,False
S0001154,U000397,2025-03-08T16:00:00,2025-03-08T16:32:00,ios,tablet,GB,False
S0001155,U003496,2025-04-29T10:45:00,2025-04-29T11:10:00,android,tablet,GB,False
S0001156,U000570,2025-03-23T20:12:00,2025-03-23T21:14:00,ctv,streaming_stick,GB,False
S0001157,U002279,2025-09-20T18:10:00,2025-09-20T18:58:00,android,tablet,GB,False
S0001158,U001203,2025-09-24T19:52:00,2025-09-24T21:06:00,ios,mobile,GB,False
S0001159,U001423,2025-05-13T15:44:00,2025-05-13T16:00:00,android,tablet,GB,False
S0001160,U001279,2025-02-09T06:29:00,2025-02-09T07:49:00,web,mobile,GB,False
S0001161,U002999,2025-06-14T11:22:00,2025-06-14T11:54:00,web,tablet,GB,False
S0001162,U001011,2025-06-03T20:42:00,2025-06-03T21:55:00,android,tablet,GB,False
S0001163,U001138,2025-10-23T22:23:00,2025-10-23T23:08:00,android,mobile,GB,False
S0001164,U003087,2025-09-05T13:51:00,2025-09-05T14:29:00,android,tablet,GB,False
S0001165,U002937,2025-06-14T17:01:00,2025-06-14T18:00:00,ios,mobile,GB,False
S0001166,U001419,2025-02-23T18:11:00,2025-02-23T18:39:00,android,mobile,GB,True
S0001167,U000800,2025-08-16T23:16:00,2025-08-17T00:39:00,android,tablet,GB,False
S0001168,U002245,2025-05-25T15:37:00,2025-05-25T15:58:00,ctv,smart_tv,GB,False
S0001169,U001428,2025-12-17T23:15:00,2025-12-17T23:20:00,web,tablet,GB,False
S0001170,U001741,2025-10-14T20:32:00,2025-10-14T20:59:00,ios,mobile,GB,True
S0001171,U001942,2025-11-01T15:57:00,2025-11-01T16:25:00,android,mobile,GB,False
S0001172,U000148,2025-07-02T11:07:00,2025-07-02T11:12:00,android,mobile,GB,False
S0001173,U003284,2025-04-11T17:43:00,2025-04-11T18:21:00,android,mobile,GB,False
S0001174,U000336,2025-03-22T15:49:00,2025-03-22T17:08:00,web,tablet,GB,False
S0001175,U003465,2025-03-27T13:01:00,2025-03-27T13:07:00,ctv,smart_tv,GB,False
S0001176,U003743,2025-11-03T16:51:00,2025-11-03T17:13:00,web,mobile,GB,False
S0001177,U003431,2025-06-20T19:44:00,2025-06-20T21:32:00,ios,mobile,GB,False
S0001178,U001027,2025-08-09T19:14:00,2025-08-09T19:41:00,ctv,smart_tv,GB,False
S0001179,U001228,2025-11-29T15:41:00,2025-11-29T15:50:00,web,desktop,GB,True
S0001180,U001971,2025-09-09T09:22:00,2025-09-09T09:33:00,android,mobile,GB,False
S0001181,U002221,2025-07-15T06:32:00,2025-07-15T08:31:00,ios,tablet,GB,False
S0001182,U003262,2025-12-12T08:20:00,2025-12-12T08:39:00,android,mobile,GB,False
S0001183,U000346,2025-11-27T20:26:00,2025-11-27T21:20:00,android,mobile,GB,False
S0001184,U000089,2025-12-20T13:17:00,2025-12-20T13:36:00,ctv,streaming_stick,GB,False
S0001185,U001811,2025-02-01T12:18:00,2025-02-01T14:09:00,web,tablet,GB,False
S0001186,U002952,2025-03-06T18:39:00,2025-03-06T20:10:00,ios,tablet,GB,False
S0001187,U003184,2025-03-16T13:36:00,2025-03-16T14:35:00,web,desktop,GB,False
S0001188,U002135,2025-04-28T18:36:00,2025-04-28T20:08:00,android,tablet,GB,False
S0001189,U002216,2025-11-18T15:21:00,2025-11-18T16:05:00,ctv,streaming_stick,GB,False
S0001190,U002692,2025-12-11T17:56:00,2025-12-11T19:17:00,ctv,streaming_stick,GB,False
S0001191,U001328,2025-10-25T13:42:00,2025-10-25T15:38:00,android,mobile,GB,False
S0001192,U000212,2025-11-04T19:47:00,2025-11-04T21:14:00,web,desktop,GB,False
S0001193,U003773,2025-04-07T12:52:00,2025-04-07T13:25:00,web,mobile,GB,False
S0001194,U002557,2025-08-29T11:17:00,2025-08-29T11:23:00,web,tablet,GB,False
S0001195,U003086,2025-06-14T16:46:00,2025-06-14T18:00:00,android,tablet,GB,False
S0001196,U001778,2025-12-04T17:42:00,2025-12-04T18:15:00,ios,mobile,GB,False
S0001197,U000232,2025-06-25T13:54:00,2025-06-25T15:54:00,ios,mobile,GB,False
S0001198,U000461,2025-11-10T12:45:00,2025-11-10T14:44:00,android,tablet,GB,False
S0001199,U000606,2025-06-16T17:21:00,2025-06-16T17:41:00,android,tablet,GB,False
S0001200,U000954,2025-08-05T13:07:00,2025-08-05T13:47:00,ios,tablet,GB,False
S0001201,U000893,2025-01-12T23:47:00,2025-01-12T23:52:00,android,tablet,GB,False
S0001202,U002322,2025-02-25T06:26:00,2025-02-25T07:02:00,ios,mobile,GB,False
S0001203,U000743,2025-05-01T11:22:00,2025-05-01T13:05:00,ios,tablet,GB,False
S0001204,U003768,2025-02-11T17:38:00,2025-02-11T19:03:00,android,tablet,GB,False
S0001205,U000494,2025-09-14T17:21:00,2025-09-14T19:15:00,android,tablet,GB,False
S0001206,U001844,2025-05-26T21:25:00,2025-05-26T22:44:00,android,tablet,GB,False
S0001207,U003238,2025-04-20T13:38:00,2025-04-20T15:14:00,web,tablet,GB,False
S0001208,U003914,2025-05-26T17:03:00,2025-05-26T18:15:00,android,mobile,GB,True
S0001209,U003599,2025-08-02T16:25:00,2025-08-02T17:48:00,web,desktop,GB,False
S0001210,U002470,2025-04-07T22:57:00,2025-04-07T23:26:00,ios,mobile,GB,False
S0001211,U001928,2025-07-19T19:18:00,2025-07-19T19:25:00,android,mobile,GB,False
S0001212,U003425,2025-08-17T14:21:00,2025-08-17T15:38:00,android,mobile,GB,False
S0001213,U002322,2025-05-23T07:07:00,2025-05-23T07:19:00,web,mobile,GB,False
S0001214,U000452,2025-08-15T17:23:00,2025-08-15T17:40:00,web,desktop,GB,True
S0001215,U003296,2025-01-14T16:21:00,2025-01-14T16:53:00,ctv,smart_tv,GB,False
S0001216,U001185,2025-12-20T14:34:00,2025-12-20T15:04:00,android,tablet,GB,False
S0001217,U000349,2025-07-17T18:21:00,2025-07-17T18:58:00,ios,tablet,GB,False
S0001218,U003951,2025-09-19T09:09:00,2025-09-19T10:52:00,web,mobile,GB,False
S0001219,U002119,2025-01-04T15:59:00,2025-01-04T17:46:00,ios,mobile,GB,False
S0001220,U002286,2025-04-01T08:38:00,2025-04-01T09:42:00,ctv,smart_tv,GB,True
S0001221,U003341,2025-11-18T19:07:00,2025-11-18T20:11:00,web,mobile,GB,False
S0001222,U000527,2025-03-30T13:58:00,2025-03-30T15:10:00,web,tablet,GB,False
S0001223,U000348,2025-03-26T18:29:00,2025-03-26T19:27:00,android,mobile,GB,False
S0001224,U001486,2025-08-19T23:55:00,2025-08-20T00:34:00,ctv,smart_tv,GB,False
S0001225,U001079,2025-12-25T19:01:00,2025-12-25T19:13:00,ios,tablet,GB,False
S0001226,U002698,2025-11-08T15:26:00,2025-11-08T16:11:00,ctv,streaming_stick,GB,False
S0001227,U000753,2025-06-29T16:51:00,2025-06-29T17:52:00,ios,tablet,GB,False
S0001228,U003272,2025-02-02T12:54:00,2025-02-02T14:54:00,ios,tablet,GB,False
S0001229,U003975,2025-01-15T17:37:00,2025-01-15T17:44:00,android,tablet,GB,False
S0001230,U003813,2025-10-20T14:41:00,2025-10-20T16:21:00,android,tablet,GB,False
S0001231,U000593,2025-06-28T12:57:00,2025-06-28T14:47:00,android,tablet,GB,False
S0001232,U003346,2025-10-26T23:50:00,2025-10-27T01:21:00,android,mobile,GB,True
S0001233,U003690,2025-09-06T14:09:00,2025-09-06T16:02:00,ios,tablet,GB,False
S0001234,U001219,2025-02-23T20:49:00,2025-02-23T21:35:00,web,desktop,GB,False
S0001235,U002432,2025-06-27T19:04:00,2025-06-27T19:22:00,ios,tablet,GB,False
S0001236,U001137,2025-08-31T15:14:00,2025-08-31T16:14:00,ios,mobile,GB,False
S0001237,U000175,2025-09-19T08:06:00,2025-09-19T09:23:00,android,tablet,GB,False
S0001238,U000600,2025-08-01T11:54:00,2025-08-01T13:16:00,ios,tablet,GB,False
S0001239,U001467,2025-01-01T09:40:00,2025-01-01T10:42:00,web,mobile,GB,False
S0001240,U001707,2025-04-15T10:27:00,2025-04-15T10:44:00,ios,mobile,GB,False
S0001241,U002686,2025-08-20T21:56:00,2025-08-20T22:01:00,android,mobile,GB,False
S0001242,U003977,2025-04-20T12:49:00,2025-04-20T14:42:00,android,mobile,GB,False
S0001243,U002572,2025-03-27T13:58:00,2025-03-27T15:30:00,ctv,smart_tv,GB,False
S0001244,U001129,2025-08-30T18:01:00,2025-08-30T19:45:00,android,tablet,GB,False
S0001245,U002231,2025-04-23T12:48:00,2025-04-23T13:02:00,ctv,streaming_stick,GB,False
S0001246,U001209,2025-06-15T20:11:00,2025-06-15T22:03:00,android,mobile,GB,False
S0001247,U002276,2025-04-09T17:49:00,2025-04-09T18:59:00,ctv,streaming_stick,GB,False
S0001248,U003825,2025-05-02T14:36:00,2025-05-02T15:00:00,ctv,smart_tv,GB,False
S0001249,U000615,2025-05-10T14:33:00,2025-05-10T15:37:00,android,tablet,GB,False
S0001250,U001550,2025-01-25T12:08:00,2025-01-25T12:33:00,ios,mobile,GB,False
S0001251,U003106,2025-08-27T06:32:00,2025-08-27T06:56:00,ctv,smart_tv,GB,False
S0001252,U000343,2025-06-22T15:51:00,2025-06-22T17:41:00,android,tablet,GB,False
S0001253,U003677,2025-02-21T11:34:00,2025-02-21T12:48:00,web,mobile,GB,False
S0001254,U003636,2025-01-08T20:04:00,2025-01-08T21:09:00,android,tablet,GB,False
S0001255,U000297,2025-05-17T23:45:00,2025-05-18T00:33:00,android,tablet,GB,False
S0001256,U003616,2025-07-18T22:48:00,2025-07-19T00:24:00,ios,tablet,GB,False
S0001257,U001409,2025-02-22T09:07:00,2025-02-22T10:47:00,web,mobile,GB,False
S0001258,U000935,2025-12-20T23:44:00,2025-12-21T00:23:00,ios,tablet,GB,False
S0001259,U003966,2025-06-26T23:51:00,2025-06-27T01:15:00,ios,tablet,GB,False
S0001260,U000708,2025-01-25T22:11:00,2025-01-25T22:53:00,web,desktop,GB,False
S0001261,U000529,2025-02-16T14:24:00,2025-02-16T15:08:00,web,mobile,GB,False
S0001262,U000890,2025-12-22T14:05:00,2025-12-22T15:53:00,android,mobile,GB,False
S0001263,U002541,2025-02-03T08:20:00,2025-02-03T08:42:00,ios,mobile,GB,False
S0001264,U002514,2025-11-12T22:37:00,2025-11-12T23:09:00,web,desktop,GB,False
S0001265,U001728,2025-11-19T12:03:00,2025-11-19T13:29:00,android,tablet,GB,False
S0001266,U002861,2025-09-13T21:53:00,2025-09-13T23:26:00,android,mobile,GB,False
S0001267,U001006,2025-01-21T16:07:00,2025-01-21T16:15:00,web,desktop,GB,False
S0001268,U003138,2025-01-25T19:11:00,2025-01-25T20:38:00,ios,mobile,GB,False
S0001269,U001276,2025-08-02T16:25:00,2025-08-02T18:00:00,android,tablet,GB,False
S0001270,U000086,2025-07-03T12:43:00,2025-07-03T14:09:00,web,tablet,GB,False
S0001271,U001882,2025-10-21T21:47:00,2025-10-21T23:08:00,android,mobile,GB,True
S0001272,U001395,2025-06-07T13:34:00,2025-06-07T14:48:00,android,mobile,GB,False
S0001273,U000092,2025-11-03T19:45:00,2025-11-03T20:45:00,ios,tablet,GB,False
S0001274,U001938,2025-06-09T12:22:00,2025-06-09T13:43:00,android,tablet,GB,False
S0001275,U002270,2025-08-05T12:04:00,2025-08-05T12:30:00,android,tablet,GB,False
S0001276,U003159,2025-05-13T15:37:00,2025-05-13T17:12:00,ios,mobile,GB,False
S0001277,U003569,2025-07-27T07:32:00,2025-07-27T08:10:00,ctv,smart_tv,GB,False
S0001278,U001907,2025-10-13T11:10:00,2025-10-13T11:42:00,ios,mobile,GB,False
S0001279,U001092,2025-05-23T15:51:00,2025-05-23T17:21:00,android,tablet,GB,False
S0001280,U002195,2025-12-07T14:39:00,2025-12-07T16:25:00,ios,tablet,GB,False
S0001281,U001272,2025-02-11T18:11:00,2025-02-11T18:31:00,ios,tablet,GB,False
S0001282,U001899,2025-10-28T09:08:00,2025-10-28T10:01:00,web,tablet,GB,False
S0001283,U001965,2025-10-24T09:14:00,2025-10-24T11:14:00,web,desktop,GB,False
S0001284,U001806,2025-12-06T14:49:00,2025-12-06T15:10:00,ios,tablet,GB,False
S0001285,U002463,2025-07-07T18:40:00,2025-07-07T19:03:00,ios,tablet,GB,False
S0001286,U002968,2025-04-17T15:53:00,2025-04-17T15:59:00,android,mobile,GB,False
S0001287,U003253,2025-01-31T22:43:00,2025-01-31T23:46:00,ios,mobile,GB,False
S0001288,U000988,2025-05-11T14:25:00,2025-05-11T14:50:00,ctv,smart_tv,GB,True
S0001289,U001962,2025-10-16T10:38:00,2025-10-16T10:54:00,ios,mobile,GB,False
S0001290,U003208,2025-10-09T22:33:00,2025-10-10T00:05:00,android,mobile,GB,False
S0001291,U000344,2025-06-14T06:15:00,2025-06-14T07:39:00,ios,mobile,GB,False
S0001292,U002180,2025-06-23T06:02:00,2025-06-23T06:57:00,android,tablet,GB,False
S0001293,U001417,2025-05-16T14:29:00,2025-05-16T15:38:00,web,desktop,GB,False
S0001294,U003153,2025-03-24T09:59:00,2025-03-24T11:34:00,ctv,streaming_stick,GB,False
S0001295,U003793,2025-04-01T13:52:00,2025-04-01T15:01:00,web,mobile,GB,False
S0001296,U003926,2025-07-05T14:52:00,2025-07-05T15:41:00,ctv,streaming_stick,GB,False
S0001297,U003465,2025-06-25T12:02:00,2025-06-25T12:15:00,ctv,streaming_stick,GB,False
S0001298,U001577,2025-10-06T13:20:00,2025-10-06T14:01:00,android,mobile,GB,False
S0001299,U000014,2025-03-14T10:58:00,2025-03-14T12:21:00,web,tablet,GB,False
S0001300,U003276,2025-10-14T09:05:00,2025-10-14T09:26:00,ios,tablet,GB,False
S0001301,U003931,2025-01-29T16:33:00,2025-01-29T17:57:00,ios,mobile,GB,False
S0001302,U000098,2025-12-01T22:09:00,2025-12-01T23:45:00,ctv,smart_tv,GB,True
S0001303,U002939,2025-02-05T19:27:00,2025-02-05T20:24:00,ctv,streaming_stick,GB,False
S0001304,U002426,2025-09-29T12:35:00,2025-09-29T13:00:00,ios,tablet,GB,False
S0001305,U001549,2025-05-29T08:59:00,2025-05-29T09:06:00,android,tablet,GB,False
S0001306,U002451,2025-09-07T12:44:00,2025-09-07T14:38:00,ctv,streaming_stick,GB,False
S0001307,U002698,2025-12-07T20:22:00,2025-12-07T21:42:00,ios,tablet,GB,True
S0001308,U000473,2025-07-06T13:12:00,2025-07-06T13:23:00,web,desktop,GB,False
S0001309,U001385,2025-04-12T15:16:00,2025-04-12T16:10:00,web,tablet,GB,False
S0001310,U000912,2025-09-01T17:58:00,2025-09-01T18:58:00,ios,tablet,GB,False
S0001311,U000094,2025-05-18T15:11:00,2025-05-18T15:31:00,web,desktop,GB,True
S0001312,U002979,2025-12-24T15:01:00,2025-12-24T16:59:00,ios,tablet,GB,False
S0001313,U001536,2025-03-25T09:51:00,2025-03-25T11:30:00,ios,mobile,GB,False
S0001314,U003713,2025-06-30T13:09:00,2025-06-30T14:03:00,android,tablet,GB,False
S0001315,U002441,2025-01-08T14:33:00,2025-01-08T16:22:00,ios,tablet,GB,False
S0001316,U001605,2025-03-18T23:32:00,2025-03-19T00:13:00,web,desktop,GB,False
S0001317,U002362,2025-03-18T19:52:00,2025-03-18T21:05:00,web,tablet,GB,False
S0001318,U002290,2025-07-18T15:33:00,2025-07-18T15:39:00,android,tablet,GB,False
S0001319,U001639,2025-04-03T16:18:00,2025-04-03T17:02:00,android,tablet,GB,False
S0001320,U000132,2025-08-06T09:16:00,2025-08-06T11:12:00,ios,mobile,GB,False
S0001321,U000392,2025-12-01T15:29:00,2025-12-01T16:55:00,ios,mobile,GB,False
S0001322,U003737,2025-01-15T08:42:00,2025-01-15T10:40:00,ios,mobile,GB,False
S0001323,U003500,2025-11-29T17:51:00,2025-11-29T19:36:00,ios,mobile,GB,True
S0001324,U003869,2025-11-05T21:30:00,2025-11-05T23:08:00,ios,mobile,GB,False
S0001325,U003461,2025-09-18T14:06:00,2025-09-18T14:55:00,web,mobile,GB,False
S0001326,U000102,2025-03-29T21:18:00,2025-03-29T22:34:00,android,tablet,GB,False
S0001327,U002142,2025-06-07T09:19:00,2025-06-07T10:27:00,ios,mobile,GB,False
S0001328,U001067,2025-09-23T15:52:00,2025-09-23T17:10:00,web,tablet,GB,False
S0001329,U003470,2025-12-24T22:39:00,2025-12-24T23:59:00,android,tablet,GB,False
S0001330,U000549,2025-08-22T17:37:00,2025-08-22T17:46:00,android,mobile,GB,False
S0001331,U001631,2025-12-12T06:44:00,2025-12-12T07:50:00,android,tablet,GB,False
S0001332,U002825,2025-11-16T17:59:00,2025-11-16T19:18:00,web,desktop,GB,False
S0001333,U003173,2025-06-06T09:20:00,2025-06-06T10:48:00,android,mobile,GB,False
S0001334,U002362,2025-06-04T10:56:00,2025-06-04T11:49:00,web,tablet,GB,False
S0001335,U003448,2025-08-10T13:49:00,2025-08-10T14:50:00,ios,mobile,GB,False
S0001336,U001672,2025-10-12T14:26:00,2025-10-12T14:57:00,android,tablet,GB,False
S0001337,U000416,2025-07-23T08:45:00,2025-07-23T09:04:00,ios,mobile,GB,False
S0001338,U001659,2025-10-28T19:56:00,2025-10-28T20:18:00,android,tablet,GB,False
S0001339,U003710,2025-09-25T15:31:00,2025-09-25T16:46:00,ios,tablet,GB,False
S0001340,U001667,2025-04-15T11:05:00,2025-04-15T11:11:00,android,tablet,GB,False
S0001341,U000336,2025-10-13T15:44:00,2025-10-13T16:04:00,web,tablet,GB,False
S0001342,U002342,2025-05-19T09:05:00,2025-05-19T09:21:00,android,mobile,GB,False
S0001343,U000187,2025-06-06T15:44:00,2025-06-06T17:00:00,android,tablet,GB,False
S0001344,U001284,2025-02-19T23:55:00,2025-02-20T01:43:00,android,tablet,GB,False
S0001345,U000531,2025-01-29T11:04:00,2025-01-29T11:31:00,web,tablet,GB,False
S0001346,U003292,2025-05-15T20:30:00,2025-05-15T22:10:00,android,mobile,GB,True
S0001347,U003967,2025-01-23T16:29:00,2025-01-23T17:40:00,web,mobile,GB,False
S0001348,U001487,2025-07-29T18:10:00,2025-07-29T18:57:00,ios,mobile,GB,False
S0001349,U002773,2025-02-01T22:24:00,2025-02-01T23:48:00,ios,tablet,GB,False
S0001350,U002578,2025-07-24T14:38:00,2025-07-24T16:03:00,ios,tablet,GB,False
S0001351,U003531,2025-03-31T16:09:00,2025-03-31T16:30:00,web,tablet,GB,False
S0001352,U003170,2025-09-25T17:01:00,2025-09-25T18:11:00,web,desktop,GB,False
S0001353,U003859,2025-06-04T18:17:00,2025-06-04T19:06:00,android,mobile,GB,False
S0001354,U001801,2025-10-09T11:57:00,2025-10-09T13:25:00,ctv,smart_tv,GB,True
S0001355,U000824,2025-07-19T18:38:00,2025-07-19T19:47:00,ctv,streaming_stick,GB,True
S0001356,U000567,2025-01-01T22:09:00,2025-01-01T23:11:00,android,tablet,GB,False
S0001357,U001720,2025-10-10T23:45:00,2025-10-11T00:25:00,android,tablet,GB,False
S0001358,U001213,2025-05-31T19:29:00,2025-05-31T20:50:00,web,tablet,GB,True
S0001359,U001173,2025-06-27T12:31:00,2025-06-27T13:57:00,ios,mobile,GB,False
S0001360,U001642,2025-08-09T07:34:00,2025-08-09T09:17:00,ctv,smart_tv,GB,False
S0001361,U000530,2025-03-17T06:43:00,2025-03-17T06:50:00,web,tablet,GB,True
S0001362,U002608,2025-10-02T06:40:00,2025-10-02T07:46:00,web,mobile,GB,False
S0001363,U002263,2025-08-05T13:20:00,2025-08-05T13:50:00,web,mobile,GB,True
S0001364,U000604,2025-03-03T10:35:00,2025-03-03T10:53:00,web,desktop,GB,False
S0001365,U000086,2025-10-02T19:49:00,2025-10-02T21:49:00,web,mobile,GB,False
S0001366,U003671,2025-09-11T10:19:00,2025-09-11T10:57:00,web,desktop,GB,False
S0001367,U000293,2025-01-30T15:35:00,2025-01-30T16:47:00,ctv,streaming_stick,GB,False
S0001368,U002735,2025-10-27T17:17:00,2025-10-27T18:31:00,web,tablet,GB,False
S0001369,U000684,2025-04-20T17:12:00,2025-04-20T17:33:00,ctv,smart_tv,GB,False
S0001370,U003848,2025-07-22T10:37:00,2025-07-22T11:54:00,android,tablet,GB,False
S0001371,U000186,2025-09-18T14:09:00,2025-09-18T14:28:00,ios,mobile,GB,False
S0001372,U000929,2025-12-15T20:05:00,2025-12-15T21:49:00,ios,tablet,GB,False
S0001373,U002712,2025-05-12T15:09:00,2025-05-12T16:15:00,ios,tablet,GB,True
S0001374,U000211,2025-05-15T19:10:00,2025-05-15T19:37:00,ctv,streaming_stick,GB,False
S0001375,U002513,2025-04-13T07:31:00,2025-04-13T08:08:00,android,tablet,GB,False
S0001376,U003301,2025-09-26T12:28:00,2025-09-26T14:20:00,ios,mobile,GB,False
S0001377,U000911,2025-01-27T14:00:00,2025-01-27T15:51:00,web,desktop,GB,False
S0001378,U002256,2025-08-21T15:27:00,2025-08-21T17:07:00,web,tablet,GB,False
S0001379,U001979,2025-10-25T15:57:00,2025-10-25T17:04:00,android,tablet,GB,False
S0001380,U002979,2025-08-28T20:14:00,2025-08-28T20:48:00,android,tablet,GB,False
S0001381,U000911,2025-10-29T23:11:00,2025-10-29T23:47:00,ios,tablet,GB,False
S0001382,U003811,2025-12-12T08:27:00,2025-12-12T09:48:00,ctv,streaming_stick,GB,False
S0001383,U002782,2025-02-23T22:10:00,2025-02-23T23:14:00,android,tablet,GB,False
S0001384,U003630,2025-12-13T21:29:00,2025-12-13T22:51:00,ios,mobile,GB,False
S0001385,U000634,2025-10-22T19:22:00,2025-10-22T19:47:00,ios,mobile,GB,False
S0001386,U002692,2025-06-17T15:55:00,2025-06-17T16:57:00,web,mobile,GB,False
S0001387,U003679,2025-01-28T09:54:00,2025-01-28T11:32:00,ctv,smart_tv,GB,False
S0001388,U003861,2025-08-17T13:21:00,2025-08-17T14:08:00,web,desktop,GB,False
S0001389,U001863,2025-09-03T12:07:00,2025-09-03T12:17:00,ios,tablet,GB,False
S0001390,U001857,2025-05-14T17:50:00,2025-05-14T19:12:00,android,tablet,GB,False
S0001391,U002309,2025-03-05T18:31:00,2025-03-05T19:56:00,ctv,streaming_stick,GB,False
S0001392,U003671,2025-05-01T06:10:00,2025-05-01T06:51:00,android,mobile,GB,False
S0001393,U002358,2025-12-12T17:00:00,2025-12-12T17:06:00,android,mobile,GB,False
S0001394,U000919,2025-03-03T19:45:00,2025-03-03T20:30:00,ios,tablet,GB,False
S0001395,U000075,2025-11-12T17:03:00,2025-11-12T18:47:00,ctv,smart_tv,GB,False
S0001396,U002088,2025-04-08T18:17:00,2025-04-08T18:48:00,ctv,smart_tv,GB,False
S0001397,U003775,2025-04-23T10:59:00,2025-04-23T12:35:00,web,tablet,GB,False
S0001398,U003261,2025-10-10T21:40:00,2025-10-10T23:34:00,android,tablet,GB,False
S0001399,U003001,2025-12-26T14:54:00,2025-12-26T16:11:00,ios,tablet,GB,False
S0001400,U000566,2025-09-04T16:39:00,2025-09-04T17:59:00,android,mobile,GB,False
S0001401,U002138,2025-12-06T16:34:00,2025-12-06T17:29:00,web,tablet,GB,False
S0001402,U002368,2025-08-03T11:17:00,2025-08-03T12:16:00,web,desktop,GB,False
S0001403,U002302,2025-01-21T19:34:00,2025-01-21T19:47:00,ios,mobile,GB,False
S0001404,U002371,2025-05-12T16:30:00,2025-05-12T16:40:00,web,tablet,GB,False
S0001405,U001556,2025-05-12T13:17:00,2025-05-12T14:37:00,android,tablet,GB,True
S0001406,U002236,2025-02-24T14:42:00,2025-02-24T15:08:00,ios,mobile,GB,False
S0001407,U003981,2025-08-24T12:47:00,2025-08-24T13:05:00,web,mobile,GB,False
S0001408,U003060,2025-03-11T14:19:00,2025-03-11T14:46:00,web,mobile,GB,False
S0001409,U000068,2025-09-01T22:59:00,2025-09-02T00:46:00,web,tablet,GB,False
S0001410,U002832,2025-03-23T10:22:00,2025-03-23T12:14:00,ctv,streaming_stick,GB,False
S0001411,U001996,2025-05-04T08:07:00,2025-05-04T09:41:00,android,mobile,GB,False
S0001412,U001177,2025-07-16T22:14:00,2025-07-16T23:28:00,web,mobile,GB,False
S0001413,U001893,2025-10-26T15:29:00,2025-10-26T16:30:00,ios,tablet,GB,False
S0001414,U002677,2025-07-28T07:12:00,2025-07-28T08:46:00,android,tablet,GB,False
S0001415,U003903,2025-11-23T21:18:00,2025-11-23T23:17:00,ios,tablet,GB,False
S0001416,U000250,2025-05-13T17:34:00,2025-05-13T18:34:00,android,mobile,GB,False
S0001417,U002440,2025-08-07T18:48:00,2025-08-07T19:44:00,ios,mobile,GB,False
S0001418,U002516,2025-09-12T15:12:00,2025-09-12T16:06:00,web,desktop,GB,False
S0001419,U001334,2025-01-02T21:34:00,2025-01-02T21:47:00,web,tablet,GB,False
S0001420,U000053,2025-12-26T15:15:00,2025-12-26T17:12:00,web,mobile,GB,False
S0001421,U003426,2025-07-29T12:40:00,2025-07-29T13:17:00,ios,mobile,GB,True
S0001422,U002212,2025-04-17T21:11:00,2025-04-17T21:56:00,ios,mobile,GB,True
S0001423,U002111,2025-04-29T17:09:00,2025-04-29T17:34:00,web,desktop,GB,False
S0001424,U003581,2025-07-09T13:44:00,2025-07-09T14:33:00,ios,tablet,GB,False
S0001425,U001162,2025-03-24T15:58:00,2025-03-24T17:06:00,android,tablet,GB,False
S0001426,U003426,2025-08-13T19:46:00,2025-08-13T21:18:00,web,mobile,GB,False
S0001427,U003341,2025-01-13T14:25:00,2025-01-13T15:41:00,web,mobile,GB,False
S0001428,U002329,2025-03-06T20:43:00,2025-03-06T22:26:00,android,tablet,GB,False
S0001429,U000896,2025-04-08T15:05:00,2025-04-08T16:55:00,ios,mobile,GB,False
S0001430,U001300,2025-01-16T16:33:00,2025-01-16T18:28:00,ctv,smart_tv,GB,False
S0001431,U002310,2025-04-01T15:04:00,2025-04-01T15:31:00,web,desktop,GB,False
S0001432,U003861,2025-04-22T13:58:00,2025-04-22T15:34:00,web,mobile,GB,False
S0001433,U000458,2025-02-08T07:57:00,2025-02-08T08:51:00,ios,tablet,GB,False
S0001434,U002906,2025-11-08T12:20:00,2025-11-08T13:18:00,ios,mobile,GB,False
S0001435,U003964,2025-05-29T12:43:00,2025-05-29T13:11:00,android,tablet,GB,False
S0001436,U000753,2025-01-15T18:06:00,2025-01-15T20:01:00,ctv,streaming_stick,GB,False
S0001437,U003629,2025-01-23T13:11:00,2025-01-23T13:21:00,android,mobile,GB,False
S0001438,U000285,2025-03-20T13:58:00,2025-03-20T15:22:00,ios,mobile,GB,False
S0001439,U001716,2025-09-20T12:12:00,2025-09-20T12:29:00,ios,tablet,GB,False
S0001440,U002445,2025-11-11T16:56:00,2025-11-11T18:01:00,android,mobile,GB,False
S0001441,U000873,2025-09-29T10:47:00,2025-09-29T12:15:00,ios,tablet,GB,False
S0001442,U002440,2025-10-16T17:06:00,2025-10-16T18:22:00,android,tablet,GB,False
S0001443,U001337,2025-01-02T15:17:00,2025-01-02T16:41:00,web,desktop,GB,False
S0001444,U001435,2025-06-22T09:36:00,2025-06-22T10:14:00,web,tablet,GB,True
S0001445,U003835,2025-12-16T14:51:00,2025-12-16T16:10:00,ios,tablet,GB,False
S0001446,U002843,2025-01-25T20:23:00,2025-01-25T22:18:00,ios,mobile,GB,False
S0001447,U001855,2025-03-26T10:56:00,2025-03-26T11:44:00,android,tablet,GB,False
S0001448,U002985,2025-01-25T10:11:00,2025-01-25T10:59:00,android,tablet,GB,False
S0001449,U003664,2025-12-05T11:48:00,2025-12-05T12:16:00,android,mobile,GB,False
S0001450,U000692,2025-12-13T19:51:00,2025-12-13T20:42:00,ios,tablet,GB,False
S0001451,U002561,2025-01-07T15:20:00,2025-01-07T16:34:00,web,tablet,GB,False
S0001452,U001030,2025-08-14T10:39:00,2025-08-14T11:32:00,android,tablet,GB,False
S0001453,U001987,2025-08-16T13:05:00,2025-08-16T14:02:00,ios,mobile,GB,False
S0001454,U000019,2025-07-27T18:39:00,2025-07-27T19:22:00,ios,mobile,GB,True
S0001455,U002845,2025-08-24T12:46:00,2025-08-24T13:08:00,android,mobile,GB,False
S0001456,U003944,2025-07-19T13:00:00,2025-07-19T13:32:00,android,tablet,GB,False
S0001457,U001171,2025-06-05T12:43:00,2025-06-05T14:19:00,android,tablet,GB,False
S0001458,U000328,2025-07-15T13:42:00,2025-07-15T15:33:00,ctv,streaming_stick,GB,False
S0001459,U002141,2025-02-06T23:17:00,2025-02-07T00:35:00,ios,tablet,GB,False
S0001460,U000520,2025-07-25T07:08:00,2025-07-25T07:30:00,ios,tablet,GB,False
S0001461,U000959,2025-02-11T17:49:00,2025-02-11T18:32:00,ctv,smart_tv,GB,False
S0001462,U002094,2025-08-01T17:59:00,2025-08-01T19:13:00,android,mobile,GB,False
S0001463,U001435,2025-01-18T15:42:00,2025-01-18T17:28:00,ios,tablet,GB,False
S0001464,U000938,2025-09-07T14:12:00,2025-09-07T14:27:00,ios,mobile,GB,False
S0001465,U001729,2025-01-18T16:52:00,2025-01-18T17:30:00,ctv,smart_tv,GB,False
S0001466,U000824,2025-05-09T15:37:00,2025-05-09T16:32:00,ctv,smart_tv,GB,False
S0001467,U000736,2025-09-28T16:38:00,2025-09-28T18:00:00,ios,mobile,GB,False
S0001468,U001373,2025-04-10T21:37:00,2025-04-10T22:58:00,ios,tablet,GB,False
S0001469,U002208,2025-08-07T18:32:00,2025-08-07T19:58:00,ctv,smart_tv,GB,True
S0001470,U001658,2025-10-22T16:48:00,2025-10-22T18:47:00,ios,mobile,GB,False
S0001471,U001825,2025-12-28T15:50:00,2025-12-28T16:18:00,ios,tablet,GB,False
S0001472,U002624,2025-05-31T13:18:00,2025-05-31T15:17:00,ios,tablet,GB,False
S0001473,U002793,2025-01-21T15:40:00,2025-01-21T17:26:00,ios,tablet,GB,False
S0001474,U001390,2025-06-09T16:23:00,2025-06-09T18:18:00,android,mobile,GB,False
S0001475,U003084,2025-03-27T20:45:00,2025-03-27T21:36:00,ctv,smart_tv,GB,False
S0001476,U003990,2025-08-07T14:30:00,2025-08-07T15:33:00,ctv,streaming_stick,GB,True
S0001477,U000346,2025-07-16T11:25:00,2025-07-16T13:23:00,ctv,streaming_stick,GB,False
S0001478,U002313,2025-07-08T10:51:00,2025-07-08T12:11:00,ios,mobile,GB,False
S0001479,U000185,2025-07-23T12:06:00,2025-07-23T13:05:00,android,tablet,GB,False
S0001480,U003155,2025-01-21T14:43:00,2025-01-21T15:39:00,ios,tablet,GB,False
S0001481,U002311,2025-05-03T15:21:00,2025-05-03T16:54:00,android,mobile,GB,False
S0001482,U000863,2025-04-26T12:05:00,2025-04-26T12:43:00,ios,mobile,GB,False
S0001483,U002666,2025-09-19T13:36:00,2025-09-19T15:08:00,web,mobile,GB,False
S0001484,U003282,2025-01-05T22:51:00,2025-01-05T23:46:00,ctv,smart_tv,GB,False
S0001485,U001319,2025-11-09T15:44:00,2025-11-09T17:27:00,web,mobile,GB,False
S0001486,U002325,2025-10-02T22:00:00,2025-10-02T22:10:00,web,desktop,GB,True
S0001487,U003670,2025-07-24T14:05:00,2025-07-24T15:09:00,web,mobile,GB,False
S0001488,U002082,2025-05-12T13:39:00,2025-05-12T15:14:00,android,tablet,GB,False
S0001489,U000285,2025-09-11T18:49:00,2025-09-11T19:46:00,ios,mobile,GB,False
S0001490,U000606,2025-03-24T14:48:00,2025-03-24T15:03:00,ctv,streaming_stick,GB,False
S0001491,U003330,2025-07-05T22:23:00,2025-07-05T22:53:00,ctv,smart_tv,GB,False
S0001492,U002399,2025-09-04T09:37:00,2025-09-04T10:41:00,ctv,smart_tv,GB,False
S0001493,U003053,2025-07-12T11:08:00,2025-07-12T12:30:00,ios,mobile,GB,False
S0001494,U000778,2025-02-26T19:03:00,2025-02-26T20:45:00,web,desktop,GB,False
S0001495,U003616,2025-08-13T15:58:00,2025-08-13T16:40:00,android,mobile,GB,False
S0001496,U000081,2025-10-14T21:16:00,2025-10-14T22:34:00,ios,tablet,GB,False
S0001497,U003045,2025-10-08T18:58:00,2025-10-08T19:28:00,ios,tablet,GB,False
S0001498,U000541,2025-03-01T20:54:00,2025-03-01T22:26:00,ctv,smart_tv,GB,False
S0001499,U002452,2025-02-22T20:18:00,2025-02-22T20:32:00,ios,mobile,GB,False
S0001500,U003440,2025-08-20T14:19:00,2025-08-20T14:37:00,android,mobile,GB,False
S0001501,U002299,2025-12-22T14:43:00,2025-12-22T16:01:00,android,tablet,GB,False
S0001502,U003764,2025-12-12T21:12:00,2025-12-12T22:39:00,ctv,streaming_stick,GB,False
S0001503,U002168,2025-09-27T13:39:00,2025-09-27T15:31:00,ios,mobile,GB,False
S0001504,U001693,2025-07-07T22:41:00,2025-07-08T00:11:00,web,mobile,GB,False
S0001505,U000279,2025-11-04T17:36:00,2025-11-04T19:24:00,web,tablet,GB,False
S0001506,U003787,2025-03-08T13:56:00,2025-03-08T15:56:00,android,tablet,GB,False
S0001507,U001497,2025-02-12T19:24:00,2025-02-12T20:15:00,web,desktop,GB,False
S0001508,U002992,2025-11-16T20:16:00,2025-11-16T21:07:00,ios,tablet,GB,False
S0001509,U002407,2025-06-10T10:59:00,2025-06-10T11:13:00,android,tablet,GB,True
S0001510,U000154,2025-09-16T16:30:00,2025-09-16T16:35:00,android,mobile,GB,False
S0001511,U000299,2025-11-22T15:54:00,2025-11-22T16:35:00,web,tablet,GB,False
S0001512,U000274,2025-01-04T07:26:00,2025-01-04T08:40:00,web,desktop,GB,False
S0001513,U001932,2025-01-21T21:33:00,2025-01-21T22:14:00,ios,mobile,GB,False
S0001514,U001285,2025-12-13T22:45:00,2025-12-13T23:45:00,ios,tablet,GB,False
S0001515,U002119,2025-04-04T11:03:00,2025-04-04T12:43:00,ios,mobile,GB,False
S0001516,U003305,2025-08-24T09:22:00,2025-08-24T11:17:00,ios,mobile,GB,False
S0001517,U000880,2025-11-14T12:55:00,2025-11-14T14:43:00,android,mobile,GB,False
S0001518,U003089,2025-08-27T23:53:00,2025-08-28T00:46:00,android,mobile,GB,False
S0001519,U002115,2025-05-04T13:33:00,2025-05-04T15:17:00,android,mobile,GB,False
S0001520,U003106,2025-02-12T15:23:00,2025-02-12T16:49:00,android,tablet,GB,False
S0001521,U001246,2025-01-21T13:12:00,2025-01-21T14:46:00,ios,mobile,GB,True
S0001522,U003888,2025-08-25T21:56:00,2025-08-25T22:22:00,ios,mobile,GB,False
S0001523,U000874,2025-06-07T12:14:00,2025-06-07T12:38:00,ios,tablet,GB,False
S0001524,U001617,2025-03-07T14:27:00,2025-03-07T16:23:00,android,mobile,GB,False
S0001525,U001246,2025-05-01T21:43:00,2025-05-01T23:22:00,ios,tablet,GB,False
S0001526,U003895,2025-02-06T13:26:00,2025-02-06T14:03:00,web,desktop,GB,False
S0001527,U001489,2025-05-08T16:50:00,2025-05-08T18:12:00,ctv,smart_tv,GB,False
S0001528,U003030,2025-10-05T13:10:00,2025-10-05T13:22:00,ios,mobile,GB,False
S0001529,U002028,2025-03-03T17:01:00,2025-03-03T17:41:00,web,desktop,GB,False
S0001530,U000887,2025-01-23T16:03:00,2025-01-23T17:52:00,web,mobile,GB,False
S0001531,U003666,2025-01-22T17:53:00,2025-01-22T18:50:00,android,tablet,GB,False
S0001532,U000225,2025-07-26T15:42:00,2025-07-26T16:54:00,android,tablet,GB,False
S0001533,U001341,2025-03-21T11:11:00,2025-03-21T13:04:00,ios,tablet,GB,False
S0001534,U001599,2025-06-21T14:27:00,2025-06-21T16:19:00,ios,tablet,GB,False
S0001535,U001202,2025-10-25T11:31:00,2025-10-25T12:19:00,ios,mobile,GB,True
S0001536,U002470,2025-03-08T18:52:00,2025-03-08T19:53:00,web,mobile,GB,False
S0001537,U001145,2025-03-30T09:24:00,2025-03-30T09:36:00,web,desktop,GB,False
S0001538,U003651,2025-09-18T19:17:00,2025-09-18T20:39:00,ios,mobile,GB,False
S0001539,U000311,2025-01-12T18:44:00,2025-01-12T19:17:00,android,mobile,GB,False
S0001540,U001870,2025-11-15T12:11:00,2025-11-15T12:48:00,ctv,streaming_stick,GB,True
S0001541,U002415,2025-12-31T23:24:00,2025-12-31T23:47:00,web,mobile,GB,False
S0001542,U000279,2025-11-24T14:13:00,2025-11-24T15:51:00,ctv,streaming_stick,GB,False
S0001543,U002588,2025-08-28T17:13:00,2025-08-28T17:25:00,ios,tablet,GB,False
S0001544,U002938,2025-10-02T14:09:00,2025-10-02T15:12:00,ctv,streaming_stick,GB,False
S0001545,U001766,2025-11-19T19:54:00,2025-11-19T21:18:00,ctv,streaming_stick,GB,False
S0001546,U000278,2025-04-23T17:40:00,2025-04-23T18:16:00,ios,tablet,GB,False
S0001547,U003086,2025-09-28T22:58:00,2025-09-28T23:37:00,ios,tablet,GB,False
S0001548,U002771,2025-11-23T20:36:00,2025-11-23T21:48:00,android,tablet,GB,False
S0001549,U000817,2025-07-29T10:01:00,2025-07-29T11:04:00,ios,tablet,GB,False
S0001550,U001298,2025-06-27T22:22:00,2025-06-27T23:13:00,ios,mobile,GB,False
S0001551,U000178,2025-11-01T17:07:00,2025-11-01T18:23:00,ios,tablet,GB,False
S0001552,U003258,2025-02-23T09:35:00,2025-02-23T10:47:00,android,tablet,GB,False
S0001553,U000263,2025-03-06T16:57:00,2025-03-06T17:03:00,ios,tablet,GB,False
S0001554,U002987,2025-09-17T12:07:00,2025-09-17T12:57:00,web,mobile,GB,False
S0001555,U000691,2025-04-06T08:03:00,2025-04-06T08:55:00,android,tablet,GB,False
S0001556,U000284,2025-11-16T19:30:00,2025-11-16T20:28:00,android,tablet,GB,False
S0001557,U001407,2025-03-19T20:56:00,2025-03-19T22:11:00,ios,tablet,GB,False
S0001558,U003009,2025-11-06T19:19:00,2025-11-06T20:54:00,ctv,smart_tv,GB,False
S0001559,U002384,2025-12-08T12:31:00,2025-12-08T14:06:00,android,mobile,GB,False
S0001560,U003854,2025-05-07T10:28:00,2025-05-07T11:19:00,android,tablet,GB,False
S0001561,U000574,2025-05-03T19:51:00,2025-05-03T20:21:00,web,desktop,GB,False
S0001562,U002084,2025-06-16T14:16:00,2025-06-16T16:03:00,android,mobile,GB,False
S0001563,U003976,2025-03-12T19:05:00,2025-03-12T20:44:00,ctv,streaming_stick,GB,True
S0001564,U002679,2025-04-18T19:04:00,2025-04-18T20:50:00,ios,tablet,GB,True
S0001565,U002835,2025-01-09T17:36:00,2025-01-09T18:49:00,ios,tablet,GB,False
S0001566,U003849,2025-01-11T17:19:00,2025-01-11T18:01:00,ctv,streaming_stick,GB,False
S0001567,U000777,2025-04-24T23:09:00,2025-04-24T23:59:00,web,desktop,GB,False
S0001568,U001816,2025-10-25T15:16:00,2025-10-25T17:06:00,web,tablet,GB,False
S0001569,U001466,2025-06-25T13:00:00,2025-06-25T14:02:00,android,mobile,GB,False
S0001570,U001687,2025-02-26T17:53:00,2025-02-26T19:25:00,ios,tablet,GB,False
S0001571,U000533,2025-04-09T14:44:00,2025-04-09T15:03:00,android,tablet,GB,False
S0001572,U001211,2025-11-12T13:41:00,2025-11-12T13:47:00,ctv,smart_tv,GB,False
S0001573,U003403,2025-08-14T19:54:00,2025-08-14T20:31:00,web,desktop,GB,False
S0001574,U001421,2025-06-18T16:03:00,2025-06-18T16:30:00,android,tablet,GB,False
S0001575,U001817,2025-12-18T06:06:00,2025-12-18T07:21:00,android,tablet,GB,False
S0001576,U001735,2025-03-06T13:28:00,2025-03-06T14:48:00,android,tablet,GB,False
S0001577,U002977,2025-05-11T21:22:00,2025-05-11T23:20:00,android,tablet,GB,False
S0001578,U002918,2025-07-27T15:19:00,2025-07-27T16:46:00,android,mobile,GB,False
S0001579,U003001,2025-01-08T14:46:00,2025-01-08T15:26:00,android,mobile,GB,False
S0001580,U003418,2025-01-10T17:33:00,2025-01-10T18:10:00,android,mobile,GB,False
S0001581,U001821,2025-05-19T11:14:00,2025-05-19T12:17:00,ctv,streaming_stick,GB,False
S0001582,U001383,2025-10-17T20:08:00,2025-10-17T20:52:00,web,mobile,GB,False
S0001583,U001718,2025-03-26T11:21:00,2025-03-26T13:14:00,ios,mobile,GB,False
S0001584,U003200,2025-04-05T22:11:00,2025-04-05T23:13:00,web,desktop,GB,False
S0001585,U001072,2025-04-09T12:16:00,2025-04-09T13:23:00,android,mobile,GB,False
S0001586,U000900,2025-06-23T16:31:00,2025-06-23T18:28:00,ctv,smart_tv,GB,False
S0001587,U002012,2025-03-25T11:05:00,2025-03-25T12:58:00,android,mobile,GB,False
S0001588,U002567,2025-01-18T18:00:00,2025-01-18T19:26:00,android,mobile,GB,False
S0001589,U002711,2025-01-25T11:43:00,2025-01-25T13:33:00,ctv,smart_tv,GB,False
S0001590,U002624,2025-07-10T21:53:00,2025-07-10T22:24:00,web,mobile,GB,False
S0001591,U000135,2025-02-19T13:46:00,2025-02-19T14:43:00,android,mobile,GB,False
S0001592,U000813,2025-10-17T13:48:00,2025-10-17T14:17:00,ios,tablet,GB,False
S0001593,U001388,2025-11-12T09:36:00,2025-11-12T10:42:00,ios,tablet,GB,False
S0001594,U003585,2025-04-23T18:57:00,2025-04-23T19:41:00,ios,mobile,GB,False
S0001595,U001292,2025-12-23T11:24:00,2025-12-23T12:32:00,android,mobile,GB,False
S0001596,U002014,2025-03-21T16:05:00,2025-03-21T17:14:00,ctv,streaming_stick,GB,False
S0001597,U002152,2025-07-23T22:25:00,2025-07-23T22:59:00,android,mobile,GB,False
S0001598,U001227,2025-01-18T16:06:00,2025-01-18T16:54:00,web,tablet,GB,False
S0001599,U000461,2025-06-01T16:29:00,2025-06-01T17:32:00,ios,mobile,GB,True
S0001600,U001460,2025-12-08T16:04:00,2025-12-08T17:35:00,android,tablet,GB,False
S0001601,U001068,2025-07-10T17:31:00,2025-07-10T18:26:00,ctv,streaming_stick,GB,False
S0001602,U000744,2025-09-05T17:51:00,2025-09-05T19:19:00,ctv,streaming_stick,GB,False
S0001603,U003999,2025-08-23T14:14:00,2025-08-23T15:03:00,android,mobile,GB,False
S0001604,U002104,2025-07-31T11:36:00,2025-07-31T12:08:00,web,mobile,GB,False
S0001605,U002731,2025-06-19T09:44:00,2025-06-19T10:57:00,android,tablet,GB,False
S0001606,U002888,2025-01-27T16:19:00,2025-01-27T17:26:00,ctv,smart_tv,GB,False
S0001607,U001402,2025-07-29T23:52:00,2025-07-30T00:43:00,android,tablet,GB,False
S0001608,U001773,2025-10-17T21:43:00,2025-10-17T22:15:00,web,mobile,GB,False
S0001609,U003774,2025-06-09T14:51:00,2025-06-09T16:10:00,ios,mobile,GB,False
S0001610,U002382,2025-09-18T16:23:00,2025-09-18T17:54:00,android,mobile,GB,False
S0001611,U002520,2025-11-26T16:59:00,2025-11-26T18:04:00,web,mobile,GB,False
S0001612,U003087,2025-11-10T08:59:00,2025-11-10T09:32:00,ios,mobile,GB,False
S0001613,U003005,2025-12-19T17:26:00,2025-12-19T18:28:00,web,mobile,GB,False
S0001614,U003629,2025-09-26T23:53:00,2025-09-27T01:05:00,android,tablet,GB,False
S0001615,U000817,2025-02-02T16:06:00,2025-02-02T17:02:00,web,mobile,GB,False
S0001616,U001029,2025-07-21T18:31:00,2025-07-21T20:01:00,android,mobile,GB,False
S0001617,U002929,2025-02-28T14:46:00,2025-02-28T16:04:00,android,mobile,GB,False
S0001618,U001894,2025-06-29T18:04:00,2025-06-29T19:22:00,ios,mobile,GB,True
S0001619,U003302,2025-12-24T16:40:00,2025-12-24T17:25:00,ctv,streaming_stick,GB,False
S0001620,U000498,2025-05-28T11:05:00,2025-05-28T11:49:00,android,tablet,GB,False
S0001621,U003662,2025-06-01T14:10:00,2025-06-01T16:01:00,ios,mobile,GB,False
S0001622,U002785,2025-11-29T15:35:00,2025-11-29T15:54:00,ios,mobile,GB,True
S0001623,U000967,2025-04-25T21:35:00,2025-04-25T22:52:00,ios,tablet,GB,False
S0001624,U000152,2025-10-26T22:16:00,2025-10-26T23:12:00,web,tablet,GB,True
S0001625,U003105,2025-10-05T17:16:00,2025-10-05T18:46:00,web,desktop,GB,False
S0001626,U002355,2025-04-02T14:55:00,2025-04-02T15:29:00,android,tablet,GB,False
S0001627,U001372,2025-01-05T16:27:00,2025-01-05T17:28:00,web,desktop,GB,False
S0001628,U001100,2025-10-24T14:43:00,2025-10-24T15:45:00,ctv,smart_tv,GB,False
S0001629,U003984,2025-12-10T08:53:00,2025-12-10T09:47:00,web,mobile,GB,False
S0001630,U003055,2025-04-24T20:36:00,2025-04-24T22:29:00,android,mobile,GB,False
S0001631,U003311,2025-07-23T22:42:00,2025-07-23T22:57:00,ios,tablet,GB,False
S0001632,U003277,2025-02-08T23:05:00,2025-02-08T23:29:00,ios,tablet,GB,False
S0001633,U002333,2025-11-05T21:13:00,2025-11-05T22:54:00,ios,tablet,GB,False
S0001634,U002892,2025-03-15T12:08:00,2025-03-15T13:03:00,ios,tablet,GB,False
S0001635,U003948,2025-02-15T10:54:00,2025-02-15T12:05:00,android,tablet,GB,False
S0001636,U002187,2025-08-29T09:54:00,2025-08-29T10:54:00,ios,tablet,GB,False
S0001637,U002542,2025-07-11T21:32:00,2025-07-11T22:40:00,ios,tablet,GB,False
S0001638,U003025,2025-05-11T14:17:00,2025-05-11T15:10:00,android,tablet,GB,False
S0001639,U001146,2025-07-27T18:07:00,2025-07-27T19:07:00,ios,tablet,GB,False
S0001640,U002061,2025-08-21T23:28:00,2025-08-22T00:40:00,ios,tablet,GB,False
S0001641,U000946,2025-11-13T15:21:00,2025-11-13T17:08:00,android,tablet,GB,False
S0001642,U000857,2025-07-20T22:55:00,2025-07-21T00:18:00,web,tablet,GB,False
S0001643,U000855,2025-01-12T12:34:00,2025-01-12T14:07:00,web,tablet,GB,False
S0001644,U000458,2025-11-25T19:18:00,2025-11-25T19:39:00,android,tablet,GB,False
S0001645,U003440,2025-07-21T16:28:00,2025-07-21T18:07:00,ctv,smart_tv,GB,False
S0001646,U002763,2025-08-28T09:27:00,2025-08-28T10:13:00,web,desktop,GB,False
S0001647,U002231,2025-07-26T19:44:00,2025-07-26T20:07:00,web,mobile,GB,True
S0001648,U003428,2025-06-17T14:27:00,2025-06-17T15:21:00,ios,tablet,GB,False
S0001649,U001579,2025-07-20T11:45:00,2025-07-20T13:00:00,android,mobile,GB,False
S0001650,U000465,2025-03-15T19:51:00,2025-03-15T20:13:00,web,tablet,GB,False
S0001651,U000864,2025-04-04T09:14:00,2025-04-04T10:21:00,ctv,streaming_stick,GB,False
S0001652,U003981,2025-01-16T13:34:00,2025-01-16T14:36:00,ctv,smart_tv,GB,False
S0001653,U002935,2025-01-24T21:05:00,2025-01-24T21:32:00,android,tablet,GB,False
S0001654,U001373,2025-09-11T17:45:00,2025-09-11T19:24:00,android,mobile,GB,False
S0001655,U000029,2025-03-08T16:43:00,2025-03-08T18:07:00,web,tablet,GB,False
S0001656,U000634,2025-04-30T12:00:00,2025-04-30T13:40:00,ctv,smart_tv,GB,False
S0001657,U003619,2025-01-04T17:56:00,2025-01-04T18:42:00,ios,tablet,GB,True
S0001658,U002966,2025-11-05T17:59:00,2025-11-05T18:14:00,ctv,streaming_stick,GB,False
S0001659,U002474,2025-04-11T21:26:00,2025-04-11T22:45:00,web,desktop,GB,False
S0001660,U001279,2025-08-10T16:05:00,2025-08-10T16:40:00,android,mobile,GB,False
S0001661,U002817,2025-04-22T22:35:00,2025-04-22T23:05:00,web,tablet,GB,False
S0001662,U003760,2025-04-12T22:25:00,2025-04-12T22:38:00,ios,tablet,GB,False
S0001663,U003859,2025-12-11T14:38:00,2025-12-11T15:19:00,web,mobile,GB,False
S0001664,U003641,2025-12-09T18:34:00,2025-12-09T18:52:00,ctv,smart_tv,GB,False
S0001665,U002643,2025-12-25T22:38:00,2025-12-25T23:19:00,web,mobile,GB,False
S0001666,U000620,2025-03-26T22:04:00,2025-03-26T23:44:00,android,mobile,GB,False
S0001667,U003045,2025-12-13T15:37:00,2025-12-13T16:08:00,ios,tablet,GB,False
S0001668,U000603,2025-12-15T16:50:00,2025-12-15T18:01:00,web,desktop,GB,False
S0001669,U003763,2025-04-28T10:51:00,2025-04-28T11:14:00,web,desktop,GB,False
S0001670,U003613,2025-06-03T23:28:00,2025-06-04T00:39:00,android,tablet,GB,False
S0001671,U000142,2025-05-17T10:32:00,2025-05-17T11:45:00,web,mobile,GB,False
S0001672,U003120,2025-03-19T14:31:00,2025-03-19T15:13:00,ctv,streaming_stick,GB,False
S0001673,U002450,2025-09-11T15:35:00,2025-09-11T16:13:00,android,mobile,GB,False
S0001674,U002046,2025-10-26T10:42:00,2025-10-26T12:08:00,web,desktop,GB,False
S0001675,U000227,2025-08-13T21:38:00,2025-08-13T23:33:00,android,tablet,GB,False
S0001676,U001197,2025-10-23T18:11:00,2025-10-23T18:46:00,android,tablet,GB,False
S0001677,U003688,2025-03-20T23:19:00,2025-03-20T23:42:00,web,tablet,GB,False
S0001678,U001320,2025-04-15T09:58:00,2025-04-15T10:51:00,android,tablet,GB,False
S0001679,U001736,2025-05-25T21:35:00,2025-05-25T22:39:00,android,tablet,GB,False
S0001680,U001918,2025-02-14T17:59:00,2025-02-14T18:58:00,android,tablet,GB,False
S0001681,U001794,2025-03-06T18:01:00,2025-03-06T18:44:00,android,tablet,GB,False
S0001682,U002404,2025-01-30T22:44:00,2025-01-31T00:43:00,ios,mobile,GB,False
S0001683,U000193,2025-06-26T22:40:00,2025-06-26T23:07:00,android,mobile,GB,False
S0001684,U001585,2025-09-03T14:10:00,2025-09-03T16:03:00,ios,mobile,GB,False
S0001685,U003671,2025-09-16T15:02:00,2025-09-16T15:46:00,web,desktop,GB,False
S0001686,U001707,2025-05-21T14:01:00,2025-05-21T14:53:00,ctv,streaming_stick,GB,False
S0001687,U002073,2025-12-03T23:30:00,2025-12-04T01:10:00,ios,tablet,GB,False
S0001688,U003746,2025-05-25T15:53:00,2025-05-25T16:00:00,ios,mobile,GB,False
S0001689,U003395,2025-06-19T22:24:00,2025-06-19T22:57:00,ios,tablet,GB,False
S0001690,U003571,2025-06-01T10:14:00,2025-06-01T11:45:00,android,tablet,GB,False
S0001691,U002261,2025-12-16T22:03:00,2025-12-16T22:35:00,android,mobile,GB,False
S0001692,U001953,2025-05-03T20:20:00,2025-05-03T21:34:00,web,desktop,GB,False
S0001693,U001355,2025-08-12T11:19:00,2025-08-12T12:49:00,android,mobile,GB,False
S0001694,U003324,2025-08-31T21:57:00,2025-08-31T23:07:00,android,tablet,GB,False
S0001695,U003583,2025-03-27T15:25:00,2025-03-27T17:19:00,android,mobile,GB,True
S0001696,U000393,2025-04-26T14:17:00,2025-04-26T14:50:00,ios,tablet,GB,False
S0001697,U001247,2025-11-28T18:36:00,2025-11-28T19:00:00,android,mobile,GB,False
S0001698,U003378,2025-08-20T18:41:00,2025-08-20T19:39:00,ios,tablet,GB,False
S0001699,U002964,2025-01-29T13:01:00,2025-01-29T13:33:00,web,desktop,GB,False
S0001700,U000181,2025-10-08T19:32:00,2025-10-08T19:52:00,android,tablet,GB,False
S0001701,U002104,2025-06-25T06:55:00,2025-06-25T07:55:00,ctv,smart_tv,GB,False
S0001702,U000623,2025-11-02T19:17:00,2025-11-02T20:40:00,ios,mobile,GB,True
S0001703,U002333,2025-05-03T15:12:00,2025-05-03T15:47:00,android,tablet,GB,False
S0001704,U000722,2025-12-23T16:47:00,2025-12-23T18:42:00,android,mobile,GB,False
S0001705,U001378,2025-12-03T08:10:00,2025-12-03T10:09:00,ios,tablet,GB,False
S0001706,U002616,2025-04-08T16:19:00,2025-04-08T18:00:00,ios,tablet,GB,False
S0001707,U003346,2025-08-19T16:04:00,2025-08-19T16:36:00,android,mobile,GB,False
S0001708,U003915,2025-07-22T13:34:00,2025-07-22T14:03:00,android,tablet,GB,False
S0001709,U003599,2025-05-11T15:40:00,2025-05-11T16:06:00,ctv,smart_tv,GB,True
S0001710,U002991,2025-10-29T21:59:00,2025-10-29T22:32:00,ios,tablet,GB,False
S0001711,U000023,2025-02-08T19:41:00,2025-02-08T20:39:00,ios,tablet,GB,False
S0001712,U000410,2025-02-26T20:28:00,2025-02-26T22:16:00,android,mobile,GB,False
S0001713,U003410,2025-04-14T11:23:00,2025-04-14T12:14:00,android,tablet,GB,False
S0001714,U003118,2025-08-26T20:20:00,2025-08-26T20:50:00,web,tablet,GB,False
S0001715,U001341,2025-07-12T09:11:00,2025-07-12T10:40:00,web,tablet,GB,False
S0001716,U000095,2025-01-17T10:36:00,2025-01-17T11:06:00,ctv,smart_tv,GB,False
S0001717,U002904,2025-09-30T12:02:00,2025-09-30T13:28:00,ios,mobile,GB,True
S0001718,U000596,2025-01-07T23:33:00,2025-01-08T00:53:00,android,tablet,GB,False
S0001719,U002643,2025-03-11T21:22:00,2025-03-11T21:37:00,ios,tablet,GB,False
S0001720,U003839,2025-08-11T13:07:00,2025-08-11T14:33:00,android,mobile,GB,False
S0001721,U000572,2025-02-07T14:14:00,2025-02-07T16:13:00,ctv,streaming_stick,GB,False
S0001722,U003586,2025-11-29T16:11:00,2025-11-29T17:18:00,ios,tablet,GB,False
S0001723,U001705,2025-11-13T17:52:00,2025-11-13T18:16:00,android,mobile,GB,True
S0001724,U001511,2025-11-29T15:50:00,2025-11-29T16:27:00,android,tablet,GB,False
S0001725,U003554,2025-01-06T13:16:00,2025-01-06T14:40:00,android,mobile,GB,False
S0001726,U000458,2025-12-20T14:30:00,2025-12-20T15:12:00,ios,mobile,GB,False
S0001727,U000980,2025-02-27T23:40:00,2025-02-27T23:46:00,android,mobile,GB,False
S0001728,U000087,2025-01-26T16:50:00,2025-01-26T18:22:00,web,desktop,GB,False
S0001729,U000910,2025-03-01T17:00:00,2025-03-01T18:07:00,android,mobile,GB,False
S0001730,U003991,2025-03-28T09:26:00,2025-03-28T09:58:00,android,tablet,GB,False
S0001731,U001252,2025-04-30T22:21:00,2025-04-30T22:53:00,android,tablet,GB,False
S0001732,U001069,2025-06-22T21:01:00,2025-06-22T22:47:00,ctv,streaming_stick,GB,False
S0001733,U003668,2025-09-28T17:35:00,2025-09-28T17:52:00,web,desktop,GB,False
S0001734,U000329,2025-12-01T09:56:00,2025-12-01T10:42:00,web,mobile,GB,False
S0001735,U002193,2025-09-09T12:53:00,2025-09-09T14:42:00,ctv,smart_tv,GB,False
S0001736,U001985,2025-04-25T14:18:00,2025-04-25T14:41:00,web,mobile,GB,False
S0001737,U001781,2025-04-20T18:40:00,2025-04-20T20:16:00,android,tablet,GB,False
S0001738,U003389,2025-01-27T12:55:00,2025-01-27T13:21:00,ios,mobile,GB,False
S0001739,U000914,2025-09-04T08:39:00,2025-09-04T09:17:00,android,mobile,GB,False
S0001740,U003611,2025-05-30T07:24:00,2025-05-30T08:14:00,web,tablet,GB,False
S0001741,U001326,2025-07-07T16:03:00,2025-07-07T16:29:00,android,tablet,GB,False
S0001742,U002977,2025-09-17T09:22:00,2025-09-17T10:49:00,web,desktop,GB,False
S0001743,U002197,2025-12-16T19:16:00,2025-12-16T19:51:00,android,tablet,GB,False
S0001744,U002138,2025-04-26T15:49:00,2025-04-26T17:41:00,android,tablet,GB,False
S0001745,U002369,2025-05-13T17:31:00,2025-05-13T17:47:00,web,tablet,GB,False
S0001746,U003870,2025-04-14T20:09:00,2025-04-14T20:51:00,ctv,smart_tv,GB,False
S0001747,U001665,2025-05-26T23:06:00,2025-05-26T23:40:00,web,desktop,GB,False
S0001748,U001068,2025-08-30T08:55:00,2025-08-30T10:38:00,ios,mobile,GB,False
S0001749,U001422,2025-04-08T13:35:00,2025-04-08T13:55:00,android,tablet,GB,False
S0001750,U000470,2025-08-26T23:42:00,2025-08-27T00:01:00,ctv,streaming_stick,GB,False
S0001751,U000232,2025-10-17T10:48:00,2025-10-17T12:17:00,android,tablet,GB,False
S0001752,U003617,2025-08-01T14:34:00,2025-08-01T16:00:00,web,mobile,GB,False
S0001753,U000431,2025-10-31T06:48:00,2025-10-31T08:40:00,android,mobile,GB,False
S0001754,U003144,2025-06-12T17:17:00,2025-06-12T18:09:00,ctv,streaming_stick,GB,False
S0001755,U003509,2025-07-10T06:27:00,2025-07-10T08:23:00,ctv,smart_tv,GB,False
S0001756,U000930,2025-08-01T13:49:00,2025-08-01T14:19:00,ios,mobile,GB,False
S0001757,U003883,2025-04-03T09:25:00,2025-04-03T10:01:00,web,desktop,GB,True
S0001758,U000246,2025-11-08T23:33:00,2025-11-09T00:04:00,android,mobile,GB,False
S0001759,U001054,2025-07-20T12:15:00,2025-07-20T12:28:00,web,tablet,GB,True
S0001760,U001654,2025-09-12T13:16:00,2025-09-12T14:48:00,ios,tablet,GB,False
S0001761,U000820,2025-04-27T13:09:00,2025-04-27T13:26:00,ios,tablet,GB,False
S0001762,U002132,2025-03-27T21:32:00,2025-03-27T22:52:00,web,desktop,GB,False
S0001763,U001145,2025-12-18T16:17:00,2025-12-18T17:40:00,android,mobile,GB,False
S0001764,U002819,2025-11-03T22:23:00,2025-11-03T22:56:00,ios,tablet,GB,False
S0001765,U003313,2025-03-25T19:47:00,2025-03-25T20:33:00,ctv,streaming_stick,GB,False
S0001766,U002888,2025-07-31T15:05:00,2025-07-31T16:17:00,android,mobile,GB,False
S0001767,U003390,2025-07-29T18:03:00,2025-07-29T18:19:00,android,mobile,GB,False
S0001768,U000268,2025-07-18T15:11:00,2025-07-18T16:57:00,android,tablet,GB,False
S0001769,U002876,2025-11-29T19:28:00,2025-11-29T20:17:00,android,tablet,GB,False
S0001770,U003324,2025-09-07T15:11:00,2025-09-07T15:19:00,web,mobile,GB,False
S0001771,U001400,2025-08-15T18:24:00,2025-08-15T19:44:00,web,desktop,GB,False
S0001772,U001870,2025-03-12T15:09:00,2025-03-12T16:55:00,android,tablet,GB,False
S0001773,U001003,2025-07-25T12:02:00,2025-07-25T13:06:00,android,mobile,GB,False
S0001774,U003884,2025-12-29T12:49:00,2025-12-29T14:39:00,ctv,smart_tv,GB,False
S0001775,U002384,2025-09-14T15:13:00,2025-09-14T16:43:00,ctv,streaming_stick,GB,False
S0001776,U003538,2025-02-08T09:29:00,2025-02-08T10:44:00,ios,mobile,GB,False
S0001777,U000424,2025-07-16T17:55:00,2025-07-16T19:13:00,android,mobile,GB,False
S0001778,U001794,2025-12-11T10:03:00,2025-12-11T10:53:00,web,tablet,GB,False
S0001779,U003264,2025-04-19T13:49:00,2025-04-19T15:49:00,android,tablet,GB,False
S0001780,U001406,2025-01-19T17:28:00,2025-01-19T18:51:00,android,mobile,GB,False
S0001781,U001871,2025-10-27T12:41:00,2025-10-27T13:37:00,android,mobile,GB,False
S0001782,U003825,2025-07-18T20:55:00,2025-07-18T21:19:00,android,mobile,GB,False
S0001783,U002877,2025-10-06T15:56:00,2025-10-06T17:53:00,ctv,smart_tv,GB,False
S0001784,U001613,2025-04-29T17:56:00,2025-04-29T18:55:00,ios,tablet,GB,False
S0001785,U002007,2025-04-29T17:24:00,2025-04-29T17:58:00,ios,tablet,GB,False
S0001786,U000525,2025-01-06T06:51:00,2025-01-06T07:53:00,ios,tablet,GB,False
S0001787,U000046,2025-02-28T18:32:00,2025-02-28T19:06:00,ios,tablet,GB,False
S0001788,U002350,2025-08-24T13:09:00,2025-08-24T14:55:00,web,desktop,GB,False
S0001789,U000537,2025-08-29T16:31:00,2025-08-29T17:37:00,web,tablet,GB,False
S0001790,U003769,2025-03-05T21:11:00,2025-03-05T22:03:00,android,tablet,GB,False
S0001791,U000282,2025-01-21T21:35:00,2025-01-21T23:02:00,ios,tablet,GB,True
S0001792,U003647,2025-03-16T11:11:00,2025-03-16T12:42:00,ctv,smart_tv,GB,False
S0001793,U003445,2025-12-23T14:05:00,2025-12-23T15:10:00,ios,mobile,GB,False
S0001794,U001473,2025-07-29T23:54:00,2025-07-30T00:50:00,android,tablet,GB,False
S0001795,U002040,2025-04-22T16:33:00,2025-04-22T17:03:00,android,tablet,GB,False
S0001796,U002339,2025-09-25T13:39:00,2025-09-25T14:57:00,web,tablet,GB,False
S0001797,U000767,2025-08-22T14:16:00,2025-08-22T15:34:00,android,mobile,GB,False
S0001798,U001835,2025-03-27T15:53:00,2025-03-27T16:38:00,ios,tablet,GB,False
S0001799,U003912,2025-12-14T17:56:00,2025-12-14T19:53:00,ios,mobile,GB,False
S0001800,U002960,2025-06-03T15:03:00,2025-06-03T16:44:00,android,tablet,GB,False
S0001801,U001775,2025-12-19T13:09:00,2025-12-19T14:29:00,ios,tablet,GB,False
S0001802,U001882,2025-08-30T10:38:00,2025-08-30T12:30:00,android,tablet,GB,False
S0001803,U002874,2025-09-08T12:45:00,2025-09-08T13:04:00,ios,mobile,GB,False
S0001804,U000189,2025-08-18T16:30:00,2025-08-18T17:26:00,web,desktop,GB,False
S0001805,U002739,2025-03-23T06:41:00,2025-03-23T07:17:00,web,desktop,GB,False
S0001806,U001762,2025-04-22T15:08:00,2025-04-22T15:44:00,ios,mobile,GB,False
S0001807,U000741,2025-06-09T09:16:00,2025-06-09T10:04:00,web,tablet,GB,False
S0001808,U001645,2025-02-25T10:56:00,2025-02-25T12:55:00,web,tablet,GB,True
S0001809,U001479,2025-10-23T12:05:00,2025-10-23T14:03:00,ios,mobile,GB,False
S0001810,U003224,2025-06-28T11:44:00,2025-06-28T12:29:00,ios,tablet,GB,False
S0001811,U003181,2025-11-11T16:26:00,2025-11-11T17:09:00,ios,tablet,GB,False
S0001812,U003851,2025-07-28T10:59:00,2025-07-28T12:22:00,ios,mobile,GB,False
S0001813,U001519,2025-03-20T08:46:00,2025-03-20T10:15:00,android,tablet,GB,False
S0001814,U002915,2025-12-21T11:00:00,2025-12-21T11:56:00,ctv,streaming_stick,GB,False
S0001815,U000969,2025-09-28T16:18:00,2025-09-28T17:20:00,android,tablet,GB,True
S0001816,U002700,2025-08-01T16:46:00,2025-08-01T18:25:00,android,mobile,GB,False
S0001817,U002261,2025-08-30T09:16:00,2025-08-30T09:59:00,android,mobile,GB,False
S0001818,U002028,2025-04-25T17:16:00,2025-04-25T18:15:00,web,desktop,GB,False
S0001819,U002517,2025-12-30T16:33:00,2025-12-30T17:37:00,web,mobile,GB,False
S0001820,U002208,2025-11-03T09:41:00,2025-11-03T11:28:00,ctv,smart_tv,GB,False
S0001821,U003471,2025-06-22T11:42:00,2025-06-22T12:56:00,ios,mobile,GB,False
S0001822,U001364,2025-09-17T18:39:00,2025-09-17T19:27:00,web,tablet,GB,False
S0001823,U003116,2025-10-23T15:03:00,2025-10-23T15:37:00,ios,mobile,GB,False
S0001824,U003695,2025-04-14T12:32:00,2025-04-14T12:37:00,ios,tablet,GB,False
S0001825,U001036,2025-12-08T22:12:00,2025-12-08T22:38:00,ctv,streaming_stick,GB,False
S0001826,U003691,2025-12-18T17:39:00,2025-12-18T19:37:00,android,tablet,GB,False
S0001827,U001233,2025-05-16T19:13:00,2025-05-16T21:02:00,web,desktop,GB,False
S0001828,U000058,2025-12-16T16:24:00,2025-12-16T17:15:00,web,tablet,GB,False
S0001829,U000713,2025-04-25T13:31:00,2025-04-25T14:43:00,android,mobile,GB,True
S0001830,U000939,2025-02-17T08:18:00,2025-02-17T09:19:00,ios,mobile,GB,False
S0001831,U001626,2025-04-23T11:20:00,2025-04-23T11:35:00,ios,tablet,GB,False
S0001832,U001026,2025-02-05T15:12:00,2025-02-05T17:07:00,web,mobile,GB,False
S0001833,U001147,2025-10-25T15:09:00,2025-10-25T15:46:00,web,desktop,GB,False
S0001834,U003320,2025-02-28T15:03:00,2025-02-28T15:37:00,android,tablet,GB,False
S0001835,U002917,2025-01-21T19:58:00,2025-01-21T20:52:00,web,desktop,GB,False
S0001836,U001110,2025-03-21T15:17:00,2025-03-21T15:29:00,web,mobile,GB,False
S0001837,U003427,2025-05-15T10:49:00,2025-05-15T11:17:00,ctv,streaming_stick,GB,False
S0001838,U002943,2025-06-13T22:58:00,2025-06-14T00:13:00,android,mobile,GB,False
S0001839,U003088,2025-11-11T15:02:00,2025-11-11T16:22:00,android,mobile,GB,False
S0001840,U000310,2025-08-26T07:42:00,2025-08-26T08:28:00,android,mobile,GB,False
S0001841,U000171,2025-07-29T23:31:00,2025-07-29T23:57:00,web,tablet,GB,False
S0001842,U000795,2025-09-15T15:49:00,2025-09-15T16:29:00,web,desktop,GB,False
S0001843,U000567,2025-11-11T15:43:00,2025-11-11T16:06:00,android,mobile,GB,False
S0001844,U001376,2025-09-13T17:15:00,2025-09-13T17:35:00,ios,tablet,GB,False
S0001845,U003584,2025-08-31T15:12:00,2025-08-31T16:50:00,web,desktop,GB,False
S0001846,U002191,2025-07-05T18:58:00,2025-07-05T20:38:00,ctv,streaming_stick,GB,False
S0001847,U002171,2025-11-07T20:22:00,2025-11-07T21:07:00,android,tablet,GB,False
S0001848,U000647,2025-01-19T18:38:00,2025-01-19T20:20:00,ctv,smart_tv,GB,False
S0001849,U000324,2025-06-21T14:25:00,2025-06-21T15:30:00,ios,mobile,GB,False
S0001850,U002806,2025-02-23T12:04:00,2025-02-23T12:23:00,ios,tablet,GB,False
S0001851,U003397,2025-11-20T16:53:00,2025-11-20T18:04:00,web,desktop,GB,True
S0001852,U001107,2025-10-10T17:20:00,2025-10-10T18:45:00,web,desktop,GB,False
S0001853,U001848,2025-12-19T20:18:00,2025-12-19T21:08:00,android,tablet,GB,True
S0001854,U002054,2025-10-04T15:21:00,2025-10-04T16:42:00,ios,tablet,GB,False
S0001855,U003363,2025-07-18T16:19:00,2025-07-18T16:54:00,ctv,smart_tv,GB,False
S0001856,U002248,2025-11-15T17:34:00,2025-11-15T19:29:00,ios,tablet,GB,False
S0001857,U003144,2025-07-22T07:50:00,2025-07-22T08:44:00,ios,mobile,GB,False
S0001858,U003814,2025-07-07T16:03:00,2025-07-07T16:52:00,web,tablet,GB,False
S0001859,U000544,2025-09-27T16:01:00,2025-09-27T16:29:00,web,tablet,GB,False
S0001860,U003257,2025-09-13T11:34:00,2025-09-13T13:33:00,android,tablet,GB,False
S0001861,U000371,2025-03-25T23:14:00,2025-03-25T23:45:00,ios,mobile,GB,False
S0001862,U001587,2025-08-18T08:09:00,2025-08-18T09:26:00,android,tablet,GB,False
S0001863,U000560,2025-02-21T18:09:00,2025-02-21T20:01:00,ios,tablet,GB,False
S0001864,U002409,2025-03-15T14:58:00,2025-03-15T15:34:00,android,mobile,GB,False
S0001865,U001465,2025-11-27T19:44:00,2025-11-27T19:51:00,ios,tablet,GB,False
S0001866,U000324,2025-05-21T11:06:00,2025-05-21T11:27:00,ios,tablet,GB,False
S0001867,U000460,2025-06-04T17:19:00,2025-06-04T18:46:00,web,mobile,GB,False
S0001868,U003083,2025-12-13T13:26:00,2025-12-13T15:00:00,ios,mobile,GB,True
S0001869,U002780,2025-10-01T09:00:00,2025-10-01T10:08:00,android,tablet,GB,False
S0001870,U003646,2025-04-29T06:39:00,2025-04-29T08:05:00,ios,tablet,GB,False
S0001871,U003851,2025-11-21T22:25:00,2025-11-21T22:31:00,web,mobile,GB,False
S0001872,U003545,2025-06-07T08:40:00,2025-06-07T09:07:00,ios,mobile,GB,False
S0001873,U003231,2025-06-05T22:06:00,2025-06-05T22:31:00,ios,tablet,GB,True
S0001874,U002277,2025-12-29T23:56:00,2025-12-30T01:52:00,ios,tablet,GB,False
S0001875,U002687,2025-07-24T09:21:00,2025-07-24T10:12:00,android,mobile,GB,False
S0001876,U000348,2025-05-09T12:58:00,2025-05-09T13:23:00,web,desktop,GB,False
S0001877,U001781,2025-08-08T15:22:00,2025-08-08T16:16:00,ios,tablet,GB,False
S0001878,U003668,2025-07-15T12:48:00,2025-07-15T13:12:00,android,mobile,GB,True
S0001879,U001157,2025-07-28T15:22:00,2025-07-28T15:51:00,ios,mobile,GB,False
S0001880,U002386,2025-12-19T16:52:00,2025-12-19T17:01:00,ctv,smart_tv,GB,True
S0001881,U001247,2025-01-30T19:45:00,2025-01-30T20:10:00,ios,tablet,GB,False
S0001882,U003366,2025-03-08T13:24:00,2025-03-08T14:28:00,web,tablet,GB,False
S0001883,U000948,2025-07-18T13:21:00,2025-07-18T15:04:00,web,tablet,GB,True
S0001884,U003317,2025-05-02T10:16:00,2025-05-02T11:41:00,ios,mobile,GB,False
S0001885,U001684,2025-11-17T18:45:00,2025-11-17T20:15:00,android,tablet,GB,False
S0001886,U003365,2025-05-08T15:16:00,2025-05-08T17:11:00,ios,mobile,GB,False
S0001887,U002922,2025-11-29T09:14:00,2025-11-29T09:36:00,android,mobile,GB,False
S0001888,U000022,2025-09-22T14:39:00,2025-09-22T16:06:00,ctv,smart_tv,GB,False
S0001889,U000083,2025-08-18T12:23:00,2025-08-18T12:31:00,ios,mobile,GB,False
S0001890,U002955,2025-12-08T15:24:00,2025-12-08T15:39:00,android,tablet,GB,False
S0001891,U003625,2025-04-13T13:14:00,2025-04-13T14:39:00,ios,mobile,GB,False
S0001892,U002766,2025-06-23T16:03:00,2025-06-23T16:31:00,android,mobile,GB,False
S0001893,U001606,2025-08-15T13:27:00,2025-08-15T13:38:00,web,tablet,GB,False
S0001894,U001217,2025-05-17T09:09:00,2025-05-17T10:42:00,web,desktop,GB,False
S0001895,U001291,2025-02-06T20:03:00,2025-02-06T20:40:00,ios,tablet,GB,False
S0001896,U001009,2025-01-14T15:19:00,2025-01-14T16:23:00,web,tablet,GB,False
S0001897,U003659,2025-07-02T19:13:00,2025-07-02T19:27:00,ios,mobile,GB,False
S0001898,U002527,2025-08-25T13:24:00,2025-08-25T14:17:00,android,mobile,GB,False
S0001899,U002471,2025-08-30T18:58:00,2025-08-30T20:43:00,android,tablet,GB,False
S0001900,U003162,2025-03-28T15:19:00,2025-03-28T17:04:00,android,tablet,GB,False
S0001901,U000722,2025-11-24T14:58:00,2025-11-24T16:43:00,android,tablet,GB,False
S0001902,U003089,2025-08-07T23:10:00,2025-08-07T23:50:00,android,mobile,GB,False
S0001903,U002389,2025-08-18T16:38:00,2025-08-18T18:31:00,android,tablet,GB,False
S0001904,U003405,2025-10-26T13:54:00,2025-10-26T14:03:00,android,mobile,GB,False
S0001905,U002259,2025-06-27T14:05:00,2025-06-27T15:42:00,web,mobile,GB,True
S0001906,U003740,2025-08-30T20:12:00,2025-08-30T20:35:00,web,mobile,GB,False
S0001907,U002135,2025-09-24T09:24:00,2025-09-24T11:17:00,ctv,streaming_stick,GB,False
S0001908,U001885,2025-06-27T21:39:00,2025-06-27T22:08:00,web,mobile,GB,False
S0001909,U003100,2025-06-12T09:11:00,2025-06-12T09:19:00,android,tablet,GB,False
S0001910,U000455,2025-09-15T07:30:00,2025-09-15T08:39:00,ios,mobile,GB,False
S0001911,U003076,2025-01-04T10:37:00,2025-01-04T11:30:00,ios,tablet,GB,False
S0001912,U003766,2025-03-19T17:12:00,2025-03-19T18:05:00,web,tablet,GB,False
S0001913,U000125,2025-12-11T16:13:00,2025-12-11T18:01:00,ios,mobile,GB,False
S0001914,U002429,2025-12-20T10:12:00,2025-12-20T10:58:00,ios,tablet,GB,False
S0001915,U000926,2025-03-25T16:01:00,2025-03-25T16:45:00,ios,mobile,GB,False
S0001916,U003276,2025-04-23T18:22:00,2025-04-23T20:14:00,android,tablet,GB,False
S0001917,U001491,2025-06-23T20:03:00,2025-06-23T20:43:00,web,desktop,GB,False
S0001918,U003232,2025-07-24T17:48:00,2025-07-24T18:45:00,web,desktop,GB,True
S0001919,U002279,2025-10-19T11:16:00,2025-10-19T11:48:00,ios,tablet,GB,False
S0001920,U003927,2025-06-22T23:40:00,2025-06-23T00:50:00,android,mobile,GB,False
S0001921,U000636,2025-01-29T11:06:00,2025-01-29T12:03:00,ctv,streaming_stick,GB,False
S0001922,U001600,2025-03-24T19:38:00,2025-03-24T21:08:00,ios,mobile,GB,False
S0001923,U000746,2025-05-12T17:38:00,2025-05-12T18:33:00,ios,mobile,GB,False
S0001924,U003640,2025-09-04T16:48:00,2025-09-04T18:48:00,ios,mobile,GB,False
S0001925,U001058,2025-07-16T19:47:00,2025-07-16T21:31:00,android,mobile,GB,True
S0001926,U000989,2025-07-13T14:40:00,2025-07-13T16:33:00,android,mobile,GB,False
S0001927,U001167,2025-08-27T18:14:00,2025-08-27T18:25:00,android,tablet,GB,False
S0001928,U002634,2025-10-08T18:17:00,2025-10-08T20:05:00,web,mobile,GB,False
S0001929,U001621,2025-02-25T19:59:00,2025-02-25T20:48:00,ios,mobile,GB,False
S0001930,U002643,2025-01-02T16:24:00,2025-01-02T17:08:00,web,mobile,GB,False
S0001931,U001516,2025-08-08T14:48:00,2025-08-08T16:31:00,ios,tablet,GB,False
S0001932,U000312,2025-12-13T22:24:00,2025-12-14T00:18:00,ios,mobile,GB,False
S0001933,U003509,2025-04-27T06:18:00,2025-04-27T07:32:00,ios,tablet,GB,False
S0001934,U000613,2025-12-31T18:57:00,2025-12-31T20:05:00,ios,tablet,GB,False
S0001935,U000459,2025-11-16T19:37:00,2025-11-16T20:21:00,android,tablet,GB,False
S0001936,U001528,2025-02-24T15:55:00,2025-02-24T16:47:00,android,mobile,GB,False
S0001937,U001288,2025-04-11T19:27:00,2025-04-11T20:43:00,android,tablet,GB,False
S0001938,U001243,2025-12-08T14:33:00,2025-12-08T15:13:00,android,mobile,GB,False
S0001939,U001244,2025-06-27T22:51:00,2025-06-28T00:46:00,ios,tablet,GB,False
S0001940,U003256,2025-06-25T17:45:00,2025-06-25T18:47:00,ios,mobile,GB,False
S0001941,U002440,2025-09-29T09:59:00,2025-09-29T10:58:00,ctv,smart_tv,GB,False
S0001942,U002658,2025-04-27T20:50:00,2025-04-27T21:56:00,web,tablet,GB,False
S0001943,U001650,2025-07-21T18:49:00,2025-07-21T20:13:00,web,desktop,GB,False
S0001944,U002467,2025-07-21T15:43:00,2025-07-21T17:16:00,ios,tablet,GB,False
S0001945,U002390,2025-09-13T10:50:00,2025-09-13T12:42:00,ctv,streaming_stick,GB,False
S0001946,U003829,2025-05-17T07:27:00,2025-05-17T07:45:00,ios,mobile,GB,False
S0001947,U002353,2025-11-19T20:07:00,2025-11-19T20:23:00,ctv,streaming_stick,GB,False
S0001948,U001295,2025-05-25T19:03:00,2025-05-25T20:00:00,ios,mobile,GB,True
S0001949,U000483,2025-07-16T19:55:00,2025-07-16T20:23:00,web,desktop,GB,False
S0001950,U001702,2025-09-03T11:49:00,2025-09-03T12:52:00,android,tablet,GB,False
S0001951,U002066,2025-04-20T11:51:00,2025-04-20T12:18:00,android,mobile,GB,False
S0001952,U000852,2025-02-03T16:50:00,2025-02-03T18:01:00,ctv,smart_tv,GB,False
S0001953,U000793,2025-03-06T21:02:00,2025-03-06T22:02:00,ios,mobile,GB,False
S0001954,U002820,2025-08-05T15:23:00,2025-08-05T16:22:00,android,mobile,GB,False
S0001955,U002615,2025-01-08T09:39:00,2025-01-08T11:29:00,ios,tablet,GB,False
S0001956,U000866,2025-12-18T14:05:00,2025-12-18T16:02:00,ctv,streaming_stick,GB,False
S0001957,U001130,2025-12-18T09:02:00,2025-12-18T09:07:00,ios,tablet,GB,False
S0001958,U002848,2025-03-26T16:57:00,2025-03-26T17:27:00,android,tablet,GB,True
S0001959,U001067,2025-12-22T17:56:00,2025-12-22T18:52:00,ios,tablet,GB,False
S0001960,U003279,2025-03-18T11:08:00,2025-03-18T13:03:00,ios,mobile,GB,False
S0001961,U000215,2025-06-27T18:39:00,2025-06-27T20:39:00,web,mobile,GB,False
S0001962,U001851,2025-06-02T13:40:00,2025-06-02T13:52:00,ios,mobile,GB,False
S0001963,U002697,2025-05-27T22:00:00,2025-05-27T23:36:00,ctv,smart_tv,GB,False
S0001964,U003005,2025-03-30T08:31:00,2025-03-30T08:39:00,ctv,streaming_stick,GB,False
S0001965,U002968,2025-11-25T19:42:00,2025-11-25T21:29:00,ios,tablet,GB,False
S0001966,U002747,2025-11-09T14:07:00,2025-11-09T14:22:00,android,tablet,GB,False
S0001967,U001981,2025-01-21T13:44:00,2025-01-21T14:32:00,web,desktop,GB,False
S0001968,U003615,2025-11-06T16:00:00,2025-11-06T17:40:00,ios,tablet,GB,False
S0001969,U002590,2025-12-10T14:34:00,2025-12-10T16:23:00,android,tablet,GB,False
S0001970,U003407,2025-12-26T11:48:00,2025-12-26T12:12:00,web,mobile,GB,False
S0001971,U003523,2025-02-02T17:08:00,2025-02-02T17:25:00,android,tablet,GB,False
S0001972,U000086,2025-01-13T21:59:00,2025-01-13T22:52:00,android,tablet,GB,False
S0001973,U002467,2025-10-09T11:18:00,2025-10-09T12:30:00,android,tablet,GB,False
S0001974,U002847,2025-12-11T23:35:00,2025-12-11T23:58:00,ios,mobile,GB,False
S0001975,U001819,2025-10-18T17:19:00,2025-10-18T17:50:00,ios,tablet,GB,False
S0001976,U001168,2025-07-08T14:54:00,2025-07-08T15:48:00,android,tablet,GB,False
S0001977,U003941,2025-02-14T12:15:00,2025-02-14T13:34:00,android,mobile,GB,False
S0001978,U002542,2025-12-12T22:37:00,2025-12-12T23:43:00,ios,mobile,GB,False
S0001979,U000337,2025-03-10T19:25:00,2025-03-10T20:13:00,web,desktop,GB,False
S0001980,U002058,2025-03-18T14:30:00,2025-03-18T16:01:00,android,tablet,GB,True
S0001981,U002845,2025-02-28T17:54:00,2025-02-28T19:06:00,ios,mobile,GB,False
S0001982,U003810,2025-05-19T14:32:00,2025-05-19T14:48:00,android,mobile,GB,False
S0001983,U003664,2025-11-04T20:38:00,2025-11-04T21:14:00,ios,mobile,GB,True
S0001984,U000529,2025-02-14T22:23:00,2025-02-14T23:42:00,android,mobile,GB,True
S0001985,U001433,2025-02-26T09:35:00,2025-02-26T10:36:00,web,desktop,GB,False
S0001986,U001439,2025-04-06T11:06:00,2025-04-06T11:31:00,ctv,streaming_stick,GB,False
S0001987,U003785,2025-12-25T12:54:00,2025-12-25T14:05:00,ios,mobile,GB,False
S0001988,U000224,2025-10-18T14:56:00,2025-10-18T16:15:00,web,tablet,GB,False
S0001989,U002574,2025-04-03T13:11:00,2025-04-03T14:44:00,android,mobile,GB,False
S0001990,U001044,2025-01-15T18:25:00,2025-01-15T19:25:00,android,tablet,GB,False
S0001991,U003708,2025-10-21T17:44:00,2025-10-21T18:05:00,web,mobile,GB,False
S0001992,U003587,2025-12-25T17:52:00,2025-12-25T19:06:00,android,tablet,GB,False
S0001993,U002260,2025-03-28T14:56:00,2025-03-28T15:44:00,web,tablet,GB,False
S0001994,U000487,2025-02-08T19:45:00,2025-02-08T20:51:00,ios,mobile,GB,False
S0001995,U001434,2025-06-26T09:11:00,2025-06-26T09:23:00,ios,mobile,GB,False
S0001996,U000157,2025-08-20T22:00:00,2025-08-20T23:12:00,android,mobile,GB,False
S0001997,U000455,2025-09-23T18:28:00,2025-09-23T20:23:00,web,desktop,GB,False
S0001998,U001087,2025-12-20T23:29:00,2025-12-20T23:41:00,web,desktop,GB,False
S0001999,U001765,2025-10-25T11:30:00,2025-10-25T11:38:00,ios,tablet,GB,False
S0002000,U000766,2025-12-01T18:10:00,2025-12-01T19:31:00,android,tablet,GB,True
S0002001,U001073,2025-02-05T18:09:00,2025-02-05T18:24:00,android,mobile,GB,False
S0002002,U000934,2025-12-26T15:04:00,2025-12-26T15:58:00,ios,mobile,GB,False
S0002003,U001583,2025-04-03T19:03:00,2025-04-03T19:27:00,ctv,streaming_stick,GB,False
S0002004,U001198,2025-08-02T11:01:00,2025-08-02T12:14:00,web,desktop,GB,False
S0002005,U002252,2025-01-10T19:58:00,2025-01-10T21:17:00,web,desktop,GB,False
S0002006,U002906,2025-10-23T12:51:00,2025-10-23T14:42:00,web,desktop,GB,False
S0002007,U003454,2025-05-07T23:43:00,2025-05-07T23:56:00,web,mobile,GB,False
S0002008,U002115,2025-01-28T15:14:00,2025-01-28T15:29:00,android,mobile,GB,False
S0002009,U001896,2025-09-23T15:11:00,2025-09-23T16:23:00,web,tablet,GB,False
S0002010,U001890,2025-01-21T13:54:00,2025-01-21T14:28:00,web,tablet,GB,False
S0002011,U002747,2025-10-28T06:47:00,2025-10-28T07:53:00,ios,mobile,GB,False
S0002012,U003025,2025-05-25T11:29:00,2025-05-25T13:26:00,ios,tablet,GB,False
S0002013,U000142,2025-09-29T19:09:00,2025-09-29T20:01:00,android,tablet,GB,False
S0002014,U003964,2025-04-07T21:20:00,2025-04-07T23:14:00,android,mobile,GB,False
S0002015,U000279,2025-08-24T17:16:00,2025-08-24T17:53:00,web,tablet,GB,False
S0002016,U002639,2025-10-26T14:17:00,2025-10-26T14:43:00,ios,mobile,GB,False
S0002017,U000841,2025-03-31T14:35:00,2025-03-31T16:03:00,ios,mobile,GB,False
S0002018,U001486,2025-01-05T16:38:00,2025-01-05T17:02:00,android,mobile,GB,False
S0002019,U000424,2025-09-25T17:17:00,2025-09-25T18:30:00,ios,mobile,GB,False
S0002020,U000329,2025-05-28T17:25:00,2025-05-28T18:59:00,ios,tablet,GB,True
S0002021,U003054,2025-06-23T12:55:00,2025-06-23T14:03:00,ios,mobile,GB,False
S0002022,U001355,2025-10-08T10:28:00,2025-10-08T12:14:00,web,tablet,GB,False
S0002023,U000921,2025-05-21T15:05:00,2025-05-21T16:53:00,ios,mobile,GB,False
S0002024,U000459,2025-03-02T19:09:00,2025-03-02T19:28:00,web,tablet,GB,False
S0002025,U002131,2025-05-11T19:18:00,2025-05-11T20:16:00,android,tablet,GB,False
S0002026,U000826,2025-12-21T09:55:00,2025-12-21T11:53:00,web,tablet,GB,False
S0002027,U001413,2025-07-18T13:07:00,2025-07-18T14:43:00,android,mobile,GB,False
S0002028,U002022,2025-05-23T14:38:00,2025-05-23T16:11:00,web,mobile,GB,False
S0002029,U003408,2025-05-03T18:24:00,2025-05-03T19:57:00,android,mobile,GB,False
S0002030,U000268,2025-02-28T15:17:00,2025-02-28T17:02:00,ctv,smart_tv,GB,False
S0002031,U003973,2025-03-25T23:10:00,2025-03-25T23:49:00,ctv,streaming_stick,GB,False
S0002032,U003455,2025-03-03T16:03:00,2025-03-03T16:56:00,ctv,streaming_stick,GB,False
S0002033,U003977,2025-09-07T21:44:00,2025-09-07T23:03:00,android,tablet,GB,True
S0002034,U002167,2025-06-24T16:36:00,2025-06-24T17:52:00,ios,mobile,GB,False
S0002035,U002974,2025-06-18T17:59:00,2025-06-18T19:58:00,ios,mobile,GB,False
S0002036,U001480,2025-05-01T11:04:00,2025-05-01T13:04:00,ctv,smart_tv,GB,False
S0002037,U001674,2025-05-18T11:15:00,2025-05-18T11:43:00,android,tablet,GB,False
S0002038,U002323,2025-03-05T14:31:00,2025-03-05T15:46:00,web,mobile,GB,False
S0002039,U000800,2025-08-31T15:10:00,2025-08-31T16:52:00,android,tablet,GB,True
S0002040,U000943,2025-03-03T15:35:00,2025-03-03T17:06:00,ctv,streaming_stick,GB,False
S0002041,U001907,2025-11-16T14:26:00,2025-11-16T15:07:00,android,tablet,GB,False
S0002042,U001473,2025-09-24T13:55:00,2025-09-24T14:26:00,android,mobile,GB,False
S0002043,U001995,2025-06-03T18:44:00,2025-06-03T19:23:00,ios,tablet,GB,False
S0002044,U001255,2025-09-23T22:37:00,2025-09-24T00:15:00,web,mobile,GB,False
S0002045,U001393,2025-04-07T14:14:00,2025-04-07T14:19:00,web,tablet,GB,False
S0002046,U003887,2025-02-20T17:53:00,2025-02-20T19:07:00,android,mobile,GB,False
S0002047,U000465,2025-01-09T21:02:00,2025-01-09T22:35:00,android,mobile,GB,True
S0002048,U001450,2025-08-18T21:10:00,2025-08-18T22:40:00,ctv,streaming_stick,GB,False
S0002049,U001757,2025-01-25T09:52:00,2025-01-25T10:51:00,android,tablet,GB,True
S0002050,U000443,2025-08-09T17:03:00,2025-08-09T18:36:00,ctv,smart_tv,GB,False
S0002051,U001363,2025-07-04T18:04:00,2025-07-04T19:14:00,ctv,smart_tv,GB,False
S0002052,U000191,2025-09-07T12:02:00,2025-09-07T12:37:00,ios,tablet,GB,False
S0002053,U002100,2025-10-28T15:18:00,2025-10-28T15:31:00,android,tablet,GB,False
S0002054,U000748,2025-06-10T14:54:00,2025-06-10T15:27:00,web,tablet,GB,False
S0002055,U000943,2025-04-05T12:09:00,2025-04-05T14:05:00,ios,mobile,GB,False
S0002056,U003227,2025-10-21T17:56:00,2025-10-21T18:14:00,web,tablet,GB,False
S0002057,U002287,2025-10-21T09:01:00,2025-10-21T10:50:00,web,tablet,GB,False
S0002058,U000304,2025-02-13T16:22:00,2025-02-13T18:22:00,web,mobile,GB,False
S0002059,U000359,2025-12-08T08:21:00,2025-12-08T09:14:00,ios,tablet,GB,False
S0002060,U003697,2025-05-11T15:47:00,2025-05-11T17:22:00,web,tablet,GB,False
S0002061,U001655,2025-05-17T11:50:00,2025-05-17T13:17:00,ctv,streaming_stick,GB,False
S0002062,U003521,2025-09-17T11:20:00,2025-09-17T11:58:00,android,tablet,GB,False
S0002063,U000843,2025-04-17T12:59:00,2025-04-17T13:05:00,ctv,streaming_stick,GB,True
S0002064,U002985,2025-02-20T14:25:00,2025-02-20T16:13:00,web,mobile,GB,False
S0002065,U000965,2025-07-07T12:41:00,2025-07-07T14:32:00,ios,mobile,GB,True
S0002066,U000496,2025-10-31T13:48:00,2025-10-31T13:53:00,ctv,smart_tv,GB,False
S0002067,U000558,2025-01-27T15:46:00,2025-01-27T16:55:00,android,mobile,GB,False
S0002068,U002028,2025-02-20T13:22:00,2025-02-20T14:20:00,android,tablet,GB,False
S0002069,U002668,2025-09-10T07:16:00,2025-09-10T08:59:00,web,desktop,GB,False
S0002070,U002623,2025-08-22T18:05:00,2025-08-22T18:42:00,android,mobile,GB,False
S0002071,U003935,2025-06-29T18:27:00,2025-06-29T20:06:00,web,mobile,GB,False
S0002072,U000625,2025-08-23T19:25:00,2025-08-23T20:19:00,android,tablet,GB,True
S0002073,U002504,2025-10-22T22:58:00,2025-10-22T23:14:00,ios,mobile,GB,False
S0002074,U001559,2025-07-11T16:23:00,2025-07-11T16:40:00,web,desktop,GB,False
S0002075,U002229,2025-11-15T20:19:00,2025-11-15T20:31:00,android,tablet,GB,True
S0002076,U003907,2025-06-21T15:35:00,2025-06-21T16:12:00,ios,tablet,GB,False
S0002077,U001512,2025-11-02T20:57:00,2025-11-02T21:50:00,ios,tablet,GB,False
S0002078,U003707,2025-08-25T14:27:00,2025-08-25T16:24:00,android,tablet,GB,False
S0002079,U000658,2025-01-24T23:48:00,2025-01-25T01:22:00,web,desktop,GB,False
S0002080,U000733,2025-01-13T17:22:00,2025-01-13T17:30:00,android,tablet,GB,False
S0002081,U000676,2025-03-29T07:09:00,2025-03-29T08:49:00,android,tablet,GB,False
S0002082,U000560,2025-10-31T13:16:00,2025-10-31T13:43:00,android,mobile,GB,False
S0002083,U002121,2025-02-13T17:35:00,2025-02-13T19:03:00,ctv,streaming_stick,GB,False
S0002084,U001866,2025-04-19T13:42:00,2025-04-19T15:18:00,android,tablet,GB,False
S0002085,U001827,2025-12-26T15:20:00,2025-12-26T16:28:00,web,desktop,GB,False
S0002086,U000869,2025-09-14T15:16:00,2025-09-14T16:34:00,ios,mobile,GB,False
S0002087,U003727,2025-04-17T18:55:00,2025-04-17T20:27:00,android,tablet,GB,False
S0002088,U003809,2025-06-13T20:51:00,2025-06-13T21:36:00,web,tablet,GB,False
S0002089,U003019,2025-03-03T13:06:00,2025-03-03T13:48:00,android,tablet,GB,False
S0002090,U003808,2025-10-08T15:56:00,2025-10-08T16:37:00,web,desktop,GB,False
S0002091,U002215,2025-01-17T15:16:00,2025-01-17T16:44:00,ios,tablet,GB,False
S0002092,U003860,2025-07-05T18:56:00,2025-07-05T20:29:00,ios,mobile,GB,True
S0002093,U003550,2025-05-08T19:21:00,2025-05-08T20:55:00,android,mobile,GB,False
S0002094,U002798,2025-07-02T22:33:00,2025-07-02T23:47:00,web,mobile,GB,True
S0002095,U001754,2025-09-24T13:17:00,2025-09-24T14:06:00,web,mobile,GB,True
S0002096,U001314,2025-11-05T14:15:00,2025-11-05T15:21:00,ctv,smart_tv,GB,True
S0002097,U003549,2025-07-30T18:56:00,2025-07-30T19:08:00,ctv,streaming_stick,GB,False
S0002098,U001451,2025-10-08T12:20:00,2025-10-08T12:31:00,ctv,streaming_stick,GB,False
S0002099,U003376,2025-06-07T23:11:00,2025-06-08T00:14:00,ios,tablet,GB,False
S0002100,U001073,2025-03-05T21:11:00,2025-03-05T23:09:00,android,mobile,GB,False
S0002101,U001391,2025-04-14T15:15:00,2025-04-14T16:08:00,web,tablet,GB,False
S0002102,U001226,2025-03-05T07:22:00,2025-03-05T08:05:00,web,desktop,GB,False
S0002103,U002129,2025-11-20T13:01:00,2025-11-20T13:56:00,web,tablet,GB,False
S0002104,U003715,2025-01-11T17:26:00,2025-01-11T19:21:00,ios,mobile,GB,False
S0002105,U003788,2025-03-05T14:55:00,2025-03-05T15:06:00,web,tablet,GB,False
S0002106,U001324,2025-10-22T08:22:00,2025-10-22T09:10:00,ios,mobile,GB,False
S0002107,U000787,2025-04-24T11:38:00,2025-04-24T13:03:00,ios,mobile,GB,False
S0002108,U000867,2025-12-18T09:02:00,2025-12-18T10:18:00,web,desktop,GB,False
S0002109,U002794,2025-04-22T16:30:00,2025-04-22T16:59:00,ctv,smart_tv,GB,False
S0002110,U003961,2025-01-18T22:47:00,2025-01-18T23:55:00,ctv,smart_tv,GB,False
S0002111,U002290,2025-10-20T17:35:00,2025-10-20T19:19:00,android,mobile,GB,False
S0002112,U003757,2025-07-17T22:32:00,2025-07-18T00:01:00,web,mobile,GB,False
S0002113,U003814,2025-02-15T15:02:00,2025-02-15T16:23:00,web,desktop,GB,False
S0002114,U000923,2025-12-06T11:08:00,2025-12-06T12:53:00,ctv,smart_tv,GB,False
S0002115,U003057,2025-01-28T14:12:00,2025-01-28T15:33:00,web,mobile,GB,False
S0002116,U001543,2025-09-02T17:32:00,2025-09-02T19:29:00,ctv,streaming_stick,GB,False
S0002117,U002428,2025-09-07T11:23:00,2025-09-07T13:00:00,ios,mobile,GB,False
S0002118,U000371,2025-04-29T17:23:00,2025-04-29T18:34:00,android,tablet,GB,False
S0002119,U001693,2025-01-19T12:53:00,2025-01-19T13:26:00,web,desktop,GB,True
S0002120,U000045,2025-11-08T10:42:00,2025-11-08T11:55:00,web,tablet,GB,False
S0002121,U003532,2025-09-09T12:22:00,2025-09-09T13:08:00,ios,mobile,GB,False
S0002122,U001489,2025-02-18T17:05:00,2025-02-18T18:55:00,ios,tablet,GB,False
S0002123,U003682,2025-02-16T13:24:00,2025-02-16T15:10:00,ios,tablet,GB,False
S0002124,U001212,2025-09-11T15:45:00,2025-09-11T15:50:00,ios,tablet,GB,False
S0002125,U002579,2025-02-14T06:02:00,2025-02-14T06:13:00,android,mobile,GB,False
S0002126,U000732,2025-05-22T17:12:00,2025-05-22T17:58:00,android,tablet,GB,False
S0002127,U001953,2025-07-27T13:23:00,2025-07-27T13:47:00,ios,tablet,GB,False
S0002128,U003050,2025-09-08T18:59:00,2025-09-08T19:12:00,web,mobile,GB,True
S0002129,U003179,2025-07-03T14:24:00,2025-07-03T14:57:00,web,desktop,GB,False
S0002130,U002035,2025-04-09T20:34:00,2025-04-09T21:49:00,web,mobile,GB,False
S0002131,U002530,2025-01-13T11:11:00,2025-01-13T11:18:00,web,desktop,GB,False
S0002132,U000296,2025-08-25T14:01:00,2025-08-25T14:55:00,android,tablet,GB,False
S0002133,U003606,2025-10-26T14:48:00,2025-10-26T15:53:00,web,tablet,GB,False
S0002134,U001212,2025-03-08T18:19:00,2025-03-08T19:28:00,ios,mobile,GB,False
S0002135,U000383,2025-09-06T12:57:00,2025-09-06T14:22:00,ios,mobile,GB,False
S0002136,U002908,2025-12-04T18:18:00,2025-12-04T20:13:00,android,mobile,GB,False
S0002137,U002965,2025-04-14T15:07:00,2025-04-14T16:07:00,android,mobile,GB,True
S0002138,U001711,2025-10-29T17:32:00,2025-10-29T18:57:00,ios,tablet,GB,False
S0002139,U002322,2025-11-21T11:55:00,2025-11-21T12:30:00,android,mobile,GB,False
S0002140,U002818,2025-11-01T13:19:00,2025-11-01T14:08:00,android,tablet,GB,False
S0002141,U003234,2025-05-03T21:13:00,2025-05-03T21:43:00,ios,tablet,GB,False
S0002142,U002472,2025-01-24T12:58:00,2025-01-24T14:08:00,ctv,streaming_stick,GB,False
S0002143,U001123,2025-03-21T15:18:00,2025-03-21T16:41:00,android,tablet,GB,False
S0002144,U002725,2025-06-06T22:24:00,2025-06-07T00:21:00,web,mobile,GB,False
S0002145,U002699,2025-09-04T13:27:00,2025-09-04T15:20:00,ios,tablet,GB,False
S0002146,U000497,2025-01-08T09:49:00,2025-01-08T10:41:00,web,desktop,GB,False
S0002147,U000678,2025-06-29T21:37:00,2025-06-29T22:27:00,android,mobile,GB,False
S0002148,U002182,2025-08-06T19:46:00,2025-08-06T21:02:00,web,desktop,GB,False
S0002149,U001574,2025-10-10T23:14:00,2025-10-10T23:37:00,web,tablet,GB,False
S0002150,U001522,2025-12-03T16:45:00,2025-12-03T17:11:00,web,desktop,GB,False
S0002151,U002950,2025-07-05T15:13:00,2025-07-05T15:28:00,ios,tablet,GB,False
S0002152,U002236,2025-02-14T23:41:00,2025-02-15T00:13:00,android,mobile,GB,False
S0002153,U001140,2025-04-07T08:06:00,2025-04-07T08:48:00,ios,tablet,GB,True
S0002154,U000740,2025-07-03T15:17:00,2025-07-03T16:52:00,ctv,streaming_stick,GB,False
S0002155,U001122,2025-11-29T10:28:00,2025-11-29T12:10:00,ctv,streaming_stick,GB,False
S0002156,U003104,2025-02-04T14:44:00,2025-02-04T15:22:00,android,mobile,GB,False
S0002157,U001866,2025-09-29T09:53:00,2025-09-29T10:45:00,ios,tablet,GB,False
S0002158,U000302,2025-06-21T17:59:00,2025-06-21T18:15:00,ios,tablet,GB,False
S0002159,U000595,2025-05-09T11:49:00,2025-05-09T12:21:00,android,tablet,GB,False
S0002160,U003649,2025-06-05T22:58:00,2025-06-06T00:50:00,web,desktop,GB,False
S0002161,U003967,2025-03-06T16:50:00,2025-03-06T18:23:00,web,tablet,GB,False
S0002162,U001355,2025-10-16T14:51:00,2025-10-16T15:36:00,web,desktop,GB,False
S0002163,U001156,2025-10-08T17:50:00,2025-10-08T18:37:00,android,mobile,GB,False
S0002164,U000043,2025-04-26T15:51:00,2025-04-26T17:38:00,web,mobile,GB,True
S0002165,U002717,2025-01-10T19:56:00,2025-01-10T21:00:00,android,mobile,GB,False
S0002166,U001630,2025-11-19T17:37:00,2025-11-19T18:51:00,android,mobile,GB,False
S0002167,U001745,2025-04-26T09:35:00,2025-04-26T11:33:00,ios,mobile,GB,False
S0002168,U004000,2025-09-23T18:21:00,2025-09-23T19:23:00,android,tablet,GB,False
S0002169,U002843,2025-08-05T20:04:00,2025-08-05T21:03:00,android,mobile,GB,False
S0002170,U001776,2025-08-09T15:53:00,2025-08-09T17:07:00,ios,tablet,GB,False
S0002171,U000485,2025-01-12T12:35:00,2025-01-12T14:26:00,android,mobile,GB,False
S0002172,U002682,2025-11-10T13:03:00,2025-11-10T13:16:00,ios,tablet,GB,False
S0002173,U001382,2025-12-25T09:23:00,2025-12-25T09:30:00,ctv,streaming_stick,GB,False
S0002174,U003216,2025-02-15T09:35:00,2025-02-15T11:02:00,android,tablet,GB,False
S0002175,U001559,2025-10-01T15:17:00,2025-10-01T16:27:00,android,tablet,GB,False
S0002176,U002292,2025-12-24T12:57:00,2025-12-24T13:53:00,android,mobile,GB,False
S0002177,U001855,2025-12-23T22:36:00,2025-12-23T23:21:00,ios,mobile,GB,False
S0002178,U000576,2025-05-28T23:43:00,2025-05-29T00:37:00,web,desktop,GB,False
S0002179,U002511,2025-10-28T17:29:00,2025-10-28T17:46:00,android,tablet,GB,False
S0002180,U003331,2025-08-26T07:06:00,2025-08-26T08:05:00,ctv,streaming_stick,GB,False
S0002181,U001198,2025-03-28T18:56:00,2025-03-28T20:21:00,ios,mobile,GB,False
S0002182,U000714,2025-10-02T17:12:00,2025-10-02T17:22:00,web,mobile,GB,False
S0002183,U000473,2025-07-20T22:03:00,2025-07-20T22:43:00,ctv,streaming_stick,GB,True
S0002184,U001623,2025-08-05T10:36:00,2025-08-05T11:01:00,ctv,smart_tv,GB,False
S0002185,U003198,2025-04-14T15:10:00,2025-04-14T15:30:00,ctv,streaming_stick,GB,False
S0002186,U002967,2025-04-13T11:28:00,2025-04-13T11:49:00,android,tablet,GB,False
S0002187,U000557,2025-08-10T14:23:00,2025-08-10T15:03:00,android,mobile,GB,False
S0002188,U002653,2025-09-12T12:01:00,2025-09-12T12:36:00,web,tablet,GB,False
S0002189,U002729,2025-07-11T23:52:00,2025-07-12T01:25:00,web,mobile,GB,False
S0002190,U003884,2025-01-03T18:35:00,2025-01-03T20:25:00,ios,mobile,GB,False
S0002191,U001067,2025-01-27T13:37:00,2025-01-27T15:10:00,ios,tablet,GB,False
S0002192,U000611,2025-08-17T18:48:00,2025-08-17T19:03:00,android,mobile,GB,False
S0002193,U003838,2025-08-20T18:33:00,2025-08-20T20:17:00,web,desktop,GB,False
S0002194,U000147,2025-03-16T06:44:00,2025-03-16T08:22:00,ios,tablet,GB,False
S0002195,U002203,2025-04-20T16:36:00,2025-04-20T18:31:00,android,mobile,GB,False
S0002196,U000012,2025-09-01T07:04:00,2025-09-01T07:49:00,android,tablet,GB,False
S0002197,U003660,2025-05-17T13:05:00,2025-05-17T13:15:00,android,mobile,GB,False
S0002198,U000518,2025-03-15T09:57:00,2025-03-15T10:29:00,android,mobile,GB,False
S0002199,U001933,2025-01-19T07:11:00,2025-01-19T08:49:00,android,tablet,GB,False
S0002200,U003179,2025-03-17T15:50:00,2025-03-17T17:10:00,android,tablet,GB,False
S0002201,U000442,2025-10-07T08:49:00,2025-10-07T09:29:00,android,mobile,GB,False
S0002202,U003747,2025-10-05T19:41:00,2025-10-05T20:13:00,ios,tablet,GB,False
S0002203,U003820,2025-06-26T07:55:00,2025-06-26T09:41:00,ios,tablet,GB,False
S0002204,U003787,2025-12-18T21:34:00,2025-12-18T23:22:00,ios,tablet,GB,False
S0002205,U002124,2025-11-01T22:17:00,2025-11-01T23:26:00,ios,mobile,GB,False
S0002206,U002873,2025-12-02T15:34:00,2025-12-02T17:31:00,android,tablet,GB,False
S0002207,U000779,2025-07-24T23:16:00,2025-07-24T23:42:00,web,tablet,GB,False
S0002208,U000035,2025-08-25T09:44:00,2025-08-25T11:36:00,ios,tablet,GB,False
S0002209,U003203,2025-07-18T14:52:00,2025-07-18T16:06:00,ios,mobile,GB,False
S0002210,U003282,2025-07-28T15:05:00,2025-07-28T15:29:00,ios,mobile,GB,False
S0002211,U000105,2025-12-09T07:06:00,2025-12-09T07:31:00,web,mobile,GB,False
S0002212,U001108,2025-10-11T09:44:00,2025-10-11T10:41:00,android,mobile,GB,True
S0002213,U001628,2025-01-12T16:52:00,2025-01-12T17:48:00,web,desktop,GB,False
S0002214,U003739,2025-04-03T09:35:00,2025-04-03T10:14:00,android,tablet,GB,False
S0002215,U002995,2025-07-14T11:50:00,2025-07-14T12:34:00,web,desktop,GB,True
S0002216,U000143,2025-05-24T12:11:00,2025-05-24T13:30:00,ctv,smart_tv,GB,False
S0002217,U003700,2025-12-07T14:27:00,2025-12-07T16:21:00,ctv,smart_tv,GB,False
S0002218,U001600,2025-03-05T18:31:00,2025-03-05T18:58:00,ios,tablet,GB,False
S0002219,U003242,2025-03-12T19:43:00,2025-03-12T20:14:00,ctv,streaming_stick,GB,True
S0002220,U003529,2025-01-19T15:03:00,2025-01-19T15:47:00,android,tablet,GB,False
S0002221,U000583,2025-05-25T22:46:00,2025-05-25T23:36:00,web,mobile,GB,False
S0002222,U002363,2025-12-15T15:18:00,2025-12-15T16:52:00,android,tablet,GB,False
S0002223,U002568,2025-02-16T09:01:00,2025-02-16T10:05:00,web,desktop,GB,False
S0002224,U003168,2025-08-12T17:52:00,2025-08-12T18:36:00,web,desktop,GB,False
S0002225,U003383,2025-01-30T11:51:00,2025-01-30T12:24:00,android,tablet,GB,False
S0002226,U001196,2025-04-23T18:09:00,2025-04-23T18:52:00,web,desktop,GB,False
S0002227,U001705,2025-12-07T17:08:00,2025-12-07T17:29:00,android,tablet,GB,False
S0002228,U001289,2025-08-04T18:18:00,2025-08-04T18:29:00,android,mobile,GB,False
S0002229,U001148,2025-03-25T13:17:00,2025-03-25T13:50:00,ctv,streaming_stick,GB,False
S0002230,U003223,2025-08-08T13:58:00,2025-08-08T14:53:00,android,tablet,GB,False
S0002231,U001971,2025-01-22T20:08:00,2025-01-22T21:46:00,web,tablet,GB,False
S0002232,U001580,2025-09-10T14:37:00,2025-09-10T16:00:00,web,mobile,GB,False
S0002233,U002538,2025-06-11T21:29:00,2025-06-11T22:19:00,ios,tablet,GB,False
S0002234,U001552,2025-07-13T14:28:00,2025-07-13T16:15:00,android,tablet,GB,False
S0002235,U002356,2025-06-04T18:06:00,2025-06-04T19:01:00,android,mobile,GB,False
S0002236,U003132,2025-01-07T12:19:00,2025-01-07T14:03:00,ctv,streaming_stick,GB,False
S0002237,U000454,2025-06-30T12:08:00,2025-06-30T14:04:00,ios,tablet,GB,False
S0002238,U002956,2025-03-03T13:06:00,2025-03-03T13:12:00,ctv,smart_tv,GB,True
S0002239,U002344,2025-11-14T08:03:00,2025-11-14T08:50:00,ios,tablet,GB,False
S0002240,U000411,2025-08-05T14:48:00,2025-08-05T15:30:00,android,mobile,GB,False
S0002241,U000235,2025-10-02T21:30:00,2025-10-02T22:27:00,ios,mobile,GB,False
S0002242,U002538,2025-01-19T13:34:00,2025-01-19T14:06:00,ios,mobile,GB,False
S0002243,U000374,2025-09-12T14:57:00,2025-09-12T16:17:00,web,desktop,GB,False
S0002244,U002695,2025-06-15T13:23:00,2025-06-15T13:42:00,ctv,smart_tv,GB,False
S0002245,U001761,2025-03-06T18:38:00,2025-03-06T20:36:00,ctv,smart_tv,GB,False
S0002246,U003968,2025-12-07T17:21:00,2025-12-07T18:40:00,android,mobile,GB,False
S0002247,U003863,2025-03-16T19:44:00,2025-03-16T21:36:00,web,desktop,GB,False
S0002248,U001380,2025-10-22T17:58:00,2025-10-22T19:37:00,ctv,streaming_stick,GB,False
S0002249,U003176,2025-02-05T16:28:00,2025-02-05T16:47:00,web,mobile,GB,False
S0002250,U001385,2025-07-14T19:07:00,2025-07-14T20:21:00,ios,mobile,GB,False
S0002251,U002646,2025-04-15T10:02:00,2025-04-15T11:32:00,ios,mobile,GB,False
S0002252,U002843,2025-07-23T09:18:00,2025-07-23T09:57:00,ios,mobile,GB,False
S0002253,U002849,2025-08-29T16:52:00,2025-08-29T17:06:00,android,mobile,GB,False
S0002254,U001385,2025-03-03T21:06:00,2025-03-03T23:01:00,web,tablet,GB,False
S0002255,U001206,2025-10-11T15:11:00,2025-10-11T16:04:00,ctv,streaming_stick,GB,False
S0002256,U002022,2025-03-30T10:13:00,2025-03-30T11:27:00,web,desktop,GB,False
S0002257,U003626,2025-04-15T14:40:00,2025-04-15T15:59:00,ios,mobile,GB,False
S0002258,U003797,2025-04-12T17:09:00,2025-04-12T17:29:00,ios,mobile,GB,False
S0002259,U003531,2025-04-05T13:16:00,2025-04-05T14:51:00,android,mobile,GB,False
S0002260,U001555,2025-11-06T10:12:00,2025-11-06T11:45:00,android,mobile,GB,False
S0002261,U003986,2025-04-27T16:55:00,2025-04-27T17:33:00,web,mobile,GB,True
S0002262,U001573,2025-08-03T18:44:00,2025-08-03T19:05:00,web,mobile,GB,True
S0002263,U002944,2025-11-02T16:16:00,2025-11-02T17:18:00,ctv,streaming_stick,GB,False
S0002264,U002536,2025-01-15T15:33:00,2025-01-15T15:51:00,web,desktop,GB,False
S0002265,U003483,2025-05-01T12:44:00,2025-05-01T13:20:00,android,tablet,GB,False
S0002266,U003722,2025-08-15T14:32:00,2025-08-15T14:40:00,android,mobile,GB,False
S0002267,U001837,2025-07-08T16:21:00,2025-07-08T17:07:00,android,tablet,GB,False
S0002268,U003023,2025-10-13T18:58:00,2025-10-13T20:52:00,web,mobile,GB,False
S0002269,U000362,2025-06-24T19:31:00,2025-06-24T20:54:00,web,tablet,GB,True
S0002270,U001385,2025-01-22T18:38:00,2025-01-22T18:50:00,web,desktop,GB,False
S0002271,U000522,2025-07-17T23:15:00,2025-07-18T00:09:00,android,tablet,GB,False
S0002272,U001811,2025-11-05T18:47:00,2025-11-05T19:14:00,web,desktop,GB,False
S0002273,U001625,2025-10-23T15:19:00,2025-10-23T16:26:00,web,tablet,GB,True
S0002274,U002739,2025-05-28T11:45:00,2025-05-28T12:35:00,web,desktop,GB,False
S0002275,U003271,2025-10-19T13:57:00,2025-10-19T14:58:00,android,mobile,GB,False
S0002276,U002097,2025-09-30T21:07:00,2025-09-30T22:50:00,android,mobile,GB,False
S0002277,U001707,2025-01-08T13:11:00,2025-01-08T14:27:00,ios,tablet,GB,False
S0002278,U001154,2025-01-10T14:34:00,2025-01-10T14:49:00,ios,tablet,GB,False
S0002279,U001382,2025-11-13T20:50:00,2025-11-13T21:14:00,ios,mobile,GB,False
S0002280,U003056,2025-04-29T21:49:00,2025-04-29T21:59:00,ios,mobile,GB,False
S0002281,U002118,2025-10-30T19:42:00,2025-10-30T21:33:00,ios,mobile,GB,False
S0002282,U003267,2025-07-20T18:55:00,2025-07-20T19:54:00,android,mobile,GB,False
S0002283,U002882,2025-02-26T16:37:00,2025-02-26T17:19:00,web,tablet,GB,False
S0002284,U002861,2025-05-23T14:16:00,2025-05-23T16:03:00,android,tablet,GB,False
S0002285,U002936,2025-04-09T17:41:00,2025-04-09T19:07:00,android,mobile,GB,False
S0002286,U002223,2025-07-04T16:30:00,2025-07-04T17:51:00,ios,tablet,GB,False
S0002287,U003593,2025-11-20T11:41:00,2025-11-20T12:38:00,ios,mobile,GB,False
S0002288,U003978,2025-08-24T15:36:00,2025-08-24T17:14:00,ctv,smart_tv,GB,False
S0002289,U002476,2025-03-04T17:37:00,2025-03-04T18:15:00,web,tablet,GB,False
S0002290,U002964,2025-06-08T17:30:00,2025-06-08T17:55:00,web,mobile,GB,False
S0002291,U000489,2025-06-08T08:49:00,2025-06-08T09:08:00,ios,tablet,GB,False
S0002292,U001832,2025-10-12T11:12:00,2025-10-12T11:28:00,android,mobile,GB,False
S0002293,U003219,2025-11-29T10:32:00,2025-11-29T12:26:00,ios,tablet,GB,False
S0002294,U002797,2025-12-19T13:46:00,2025-12-19T14:12:00,android,tablet,GB,False
S0002295,U003985,2025-01-15T13:20:00,2025-01-15T14:43:00,web,tablet,GB,False
S0002296,U004000,2025-11-08T16:07:00,2025-11-08T16:32:00,web,tablet,GB,False
S0002297,U003388,2025-06-06T18:40:00,2025-06-06T19:24:00,android,tablet,GB,False
S0002298,U003809,2025-04-28T14:07:00,2025-04-28T16:01:00,ios,tablet,GB,False
S0002299,U003210,2025-06-05T15:45:00,2025-06-05T16:10:00,android,mobile,GB,False
S0002300,U001857,2025-07-05T07:50:00,2025-07-05T09:00:00,android,mobile,GB,False
S0002301,U003002,2025-04-23T23:23:00,2025-04-24T00:33:00,ctv,smart_tv,GB,False
S0002302,U000985,2025-11-14T17:05:00,2025-11-14T18:29:00,ctv,streaming_stick,GB,False
S0002303,U003688,2025-11-21T11:16:00,2025-11-21T12:08:00,android,tablet,GB,False
S0002304,U000129,2025-03-30T12:48:00,2025-03-30T13:39:00,ios,tablet,GB,False
S0002305,U003237,2025-07-03T11:10:00,2025-07-03T12:31:00,ctv,streaming_stick,GB,False
S0002306,U001798,2025-04-04T14:37:00,2025-04-04T16:23:00,ios,mobile,GB,False
S0002307,U001455,2025-06-10T20:08:00,2025-06-10T20:33:00,android,tablet,GB,False
S0002308,U001317,2025-04-02T20:55:00,2025-04-02T22:41:00,ios,tablet,GB,False
S0002309,U000762,2025-08-18T12:41:00,2025-08-18T13:32:00,android,tablet,GB,False
S0002310,U002814,2025-11-20T15:13:00,2025-11-20T15:36:00,web,desktop,GB,False
S0002311,U000015,2025-02-13T16:55:00,2025-02-13T18:34:00,android,tablet,GB,False
S0002312,U001459,2025-08-09T11:38:00,2025-08-09T13:36:00,ctv,streaming_stick,GB,False
S0002313,U003402,2025-03-06T09:22:00,2025-03-06T10:55:00,web,mobile,GB,False
S0002314,U003471,2025-10-13T18:13:00,2025-10-13T19:21:00,android,tablet,GB,False
S0002315,U002013,2025-01-09T12:25:00,2025-01-09T13:01:00,web,tablet,GB,False
S0002316,U002116,2025-03-07T14:32:00,2025-03-07T15:35:00,ios,mobile,GB,False
S0002317,U002789,2025-01-11T13:48:00,2025-01-11T14:01:00,ios,tablet,GB,False
S0002318,U002260,2025-04-04T11:32:00,2025-04-04T12:58:00,ios,tablet,GB,False
S0002319,U003006,2025-08-25T13:26:00,2025-08-25T13:38:00,web,desktop,GB,True
S0002320,U003595,2025-07-11T20:50:00,2025-07-11T22:06:00,ios,mobile,GB,False
S0002321,U002164,2025-07-10T09:05:00,2025-07-10T10:25:00,ios,mobile,GB,False
S0002322,U002751,2025-05-13T14:54:00,2025-05-13T15:01:00,android,tablet,GB,False
S0002323,U000204,2025-01-26T19:44:00,2025-01-26T20:49:00,ios,tablet,GB,False
S0002324,U000295,2025-04-28T19:26:00,2025-04-28T19:44:00,android,tablet,GB,False
S0002325,U003465,2025-04-04T20:16:00,2025-04-04T21:41:00,android,tablet,GB,True
S0002326,U000564,2025-01-28T10:35:00,2025-01-28T10:48:00,ctv,smart_tv,GB,False
S0002327,U003788,2025-11-30T21:38:00,2025-11-30T22:27:00,web,tablet,GB,False
S0002328,U000306,2025-11-22T17:51:00,2025-11-22T18:11:00,android,tablet,GB,False
S0002329,U000522,2025-05-15T13:49:00,2025-05-15T14:01:00,web,desktop,GB,False
S0002330,U002255,2025-12-18T19:30:00,2025-12-18T21:15:00,android,mobile,GB,True
S0002331,U003039,2025-07-16T14:29:00,2025-07-16T14:35:00,ctv,streaming_stick,GB,False
S0002332,U002297,2025-01-06T15:59:00,2025-01-06T16:47:00,ctv,streaming_stick,GB,False
S0002333,U000246,2025-01-15T14:05:00,2025-01-15T15:19:00,android,tablet,GB,False
S0002334,U002260,2025-12-24T18:42:00,2025-12-24T19:24:00,android,mobile,GB,False
S0002335,U000167,2025-05-20T12:33:00,2025-05-20T13:50:00,ios,mobile,GB,False
S0002336,U003348,2025-02-21T15:47:00,2025-02-21T16:10:00,web,desktop,GB,False
S0002337,U001775,2025-07-03T11:18:00,2025-07-03T12:46:00,web,tablet,GB,False
S0002338,U000274,2025-02-10T13:35:00,2025-02-10T15:25:00,web,mobile,GB,False
S0002339,U000567,2025-07-16T14:44:00,2025-07-16T15:17:00,ios,mobile,GB,False
S0002340,U002606,2025-10-02T12:46:00,2025-10-02T14:14:00,web,desktop,GB,False
S0002341,U001680,2025-07-28T07:59:00,2025-07-28T08:56:00,android,tablet,GB,False
S0002342,U002502,2025-09-19T17:17:00,2025-09-19T18:18:00,ios,tablet,GB,True
S0002343,U002487,2025-11-14T14:36:00,2025-11-14T16:06:00,ctv,smart_tv,GB,False
S0002344,U001354,2025-11-20T12:47:00,2025-11-20T13:24:00,android,mobile,GB,False
S0002345,U003354,2025-11-12T12:29:00,2025-11-12T13:57:00,android,tablet,GB,False
S0002346,U001266,2025-05-09T16:46:00,2025-05-09T16:58:00,ios,tablet,GB,False
S0002347,U000691,2025-01-30T15:56:00,2025-01-30T17:01:00,android,mobile,GB,False
S0002348,U003213,2025-06-18T21:02:00,2025-06-18T22:30:00,ios,tablet,GB,False
S0002349,U003812,2025-01-07T20:04:00,2025-01-07T21:13:00,web,mobile,GB,False
S0002350,U001674,2025-01-17T15:50:00,2025-01-17T17:50:00,android,mobile,GB,False
S0002351,U002916,2025-12-22T17:14:00,2025-12-22T18:19:00,android,mobile,GB,False
S0002352,U000461,2025-08-24T06:41:00,2025-08-24T08:08:00,web,mobile,GB,False
S0002353,U002859,2025-06-11T20:14:00,2025-06-11T21:58:00,android,tablet,GB,False
S0002354,U002760,2025-08-29T10:52:00,2025-08-29T12:25:00,web,mobile,GB,True
S0002355,U002787,2025-02-14T06:17:00,2025-02-14T07:08:00,android,mobile,GB,False
S0002356,U002782,2025-07-01T21:33:00,2025-07-01T22:59:00,android,tablet,GB,False
S0002357,U000291,2025-02-15T13:27:00,2025-02-15T13:54:00,ios,tablet,GB,False
S0002358,U003550,2025-01-04T16:32:00,2025-01-04T17:46:00,web,desktop,GB,False
S0002359,U002674,2025-11-25T14:47:00,2025-11-25T16:32:00,ctv,streaming_stick,GB,False
S0002360,U000983,2025-03-26T11:32:00,2025-03-26T12:24:00,ios,tablet,GB,False
S0002361,U003897,2025-02-10T20:17:00,2025-02-10T21:34:00,ios,mobile,GB,False
S0002362,U001177,2025-01-23T18:31:00,2025-01-23T19:01:00,ios,mobile,GB,False
S0002363,U001705,2025-10-30T17:38:00,2025-10-30T19:15:00,ctv,smart_tv,GB,True
S0002364,U001834,2025-05-07T09:00:00,2025-05-07T10:46:00,ctv,streaming_stick,GB,False
S0002365,U003414,2025-08-21T23:20:00,2025-08-22T01:14:00,ios,mobile,GB,False
S0002366,U000899,2025-06-10T10:22:00,2025-06-10T11:52:00,web,tablet,GB,True
S0002367,U001211,2025-12-07T07:16:00,2025-12-07T09:05:00,android,mobile,GB,False
S0002368,U003484,2025-10-28T15:39:00,2025-10-28T17:28:00,ios,mobile,GB,False
S0002369,U003791,2025-02-23T16:32:00,2025-02-23T16:55:00,ios,mobile,GB,False
S0002370,U003817,2025-08-13T14:49:00,2025-08-13T16:31:00,android,mobile,GB,False
S0002371,U001328,2025-06-12T16:40:00,2025-06-12T18:12:00,android,tablet,GB,False
S0002372,U003156,2025-07-08T12:28:00,2025-07-08T13:32:00,web,desktop,GB,False
S0002373,U002934,2025-05-08T10:23:00,2025-05-08T12:21:00,ctv,streaming_stick,GB,False
S0002374,U001608,2025-01-04T11:40:00,2025-01-04T12:45:00,ios,tablet,GB,False
S0002375,U003083,2025-04-18T16:23:00,2025-04-18T17:26:00,android,mobile,GB,False
S0002376,U000639,2025-08-12T11:24:00,2025-08-12T12:55:00,web,tablet,GB,False
S0002377,U002140,2025-09-02T12:10:00,2025-09-02T13:22:00,android,mobile,GB,False
S0002378,U000241,2025-03-29T14:20:00,2025-03-29T15:59:00,android,tablet,GB,False
S0002379,U001191,2025-11-19T17:45:00,2025-11-19T19:14:00,ios,mobile,GB,False
S0002380,U002074,2025-09-17T23:38:00,2025-09-18T01:23:00,ios,tablet,GB,False
S0002381,U000597,2025-12-10T20:47:00,2025-12-10T21:21:00,web,desktop,GB,False
S0002382,U000130,2025-03-06T09:38:00,2025-03-06T10:24:00,ctv,streaming_stick,GB,False
S0002383,U001228,2025-08-02T12:22:00,2025-08-02T14:02:00,ctv,streaming_stick,GB,True
S0002384,U001279,2025-01-13T20:19:00,2025-01-13T21:51:00,ios,tablet,GB,False
S0002385,U003865,2025-07-27T22:05:00,2025-07-27T23:04:00,android,mobile,GB,False
S0002386,U002934,2025-05-28T20:31:00,2025-05-28T20:43:00,android,tablet,GB,True
S0002387,U000905,2025-01-09T12:53:00,2025-01-09T14:50:00,web,tablet,GB,False
S0002388,U003268,2025-01-21T14:55:00,2025-01-21T16:26:00,web,desktop,GB,False
S0002389,U001536,2025-12-22T20:49:00,2025-12-22T21:35:00,ctv,smart_tv,GB,False
S0002390,U003789,2025-10-14T17:06:00,2025-10-14T18:31:00,web,desktop,GB,False
S0002391,U002052,2025-08-13T19:17:00,2025-08-13T19:41:00,ctv,smart_tv,GB,False
S0002392,U001956,2025-10-15T22:28:00,2025-10-16T00:24:00,ios,mobile,GB,False
S0002393,U000621,2025-07-20T22:14:00,2025-07-20T22:54:00,ios,tablet,GB,False
S0002394,U003646,2025-02-01T09:20:00,2025-02-01T10:56:00,ctv,streaming_stick,GB,True
S0002395,U002168,2025-05-19T16:45:00,2025-05-19T17:27:00,ios,tablet,GB,False
S0002396,U001435,2025-10-27T11:07:00,2025-10-27T11:30:00,web,mobile,GB,False
S0002397,U002948,2025-03-14T14:30:00,2025-03-14T14:50:00,android,tablet,GB,False
S0002398,U001927,2025-08-09T15:54:00,2025-08-09T17:28:00,web,tablet,GB,False
S0002399,U003278,2025-02-04T19:16:00,2025-02-04T20:30:00,ios,mobile,GB,False
S0002400,U001291,2025-02-10T12:08:00,2025-02-10T13:38:00,ctv,streaming_stick,GB,False
S0002401,U000376,2025-04-17T12:56:00,2025-04-17T13:12:00,android,tablet,GB,False
S0002402,U003454,2025-05-04T21:56:00,2025-05-04T22:19:00,web,tablet,GB,False
S0002403,U002630,2025-12-09T13:47:00,2025-12-09T15:14:00,ctv,smart_tv,GB,False
S0002404,U003536,2025-06-25T16:05:00,2025-06-25T17:18:00,android,mobile,GB,False
S0002405,U001557,2025-01-02T13:27:00,2025-01-02T14:20:00,web,mobile,GB,False
S0002406,U003438,2025-12-18T21:44:00,2025-12-18T21:57:00,web,mobile,GB,False
S0002407,U003045,2025-07-12T09:39:00,2025-07-12T10:09:00,ios,mobile,GB,False
S0002408,U002351,2025-06-16T11:27:00,2025-06-16T12:21:00,android,tablet,GB,False
S0002409,U001225,2025-10-11T09:30:00,2025-10-11T10:46:00,ios,mobile,GB,False
S0002410,U000234,2025-06-04T18:12:00,2025-06-04T19:06:00,ctv,streaming_stick,GB,False
S0002411,U000725,2025-03-27T18:42:00,2025-03-27T20:32:00,ios,tablet,GB,False
S0002412,U003585,2025-11-05T17:08:00,2025-11-05T17:52:00,web,tablet,GB,True
S0002413,U003337,2025-03-21T09:41:00,2025-03-21T11:27:00,android,mobile,GB,False
S0002414,U000984,2025-10-07T15:01:00,2025-10-07T15:11:00,android,mobile,GB,False
S0002415,U000160,2025-09-16T16:38:00,2025-09-16T18:23:00,android,mobile,GB,False
S0002416,U001470,2025-08-28T18:29:00,2025-08-28T19:21:00,ctv,smart_tv,GB,False
S0002417,U003040,2025-11-26T09:35:00,2025-11-26T10:55:00,android,tablet,GB,False
S0002418,U001516,2025-03-06T23:21:00,2025-03-07T00:43:00,web,mobile,GB,False
S0002419,U003049,2025-07-17T13:19:00,2025-07-17T14:52:00,web,mobile,GB,True
S0002420,U000970,2025-06-13T14:45:00,2025-06-13T15:07:00,ctv,streaming_stick,GB,False
S0002421,U001327,2025-03-06T11:21:00,2025-03-06T13:16:00,ios,tablet,GB,False
S0002422,U001062,2025-07-20T18:09:00,2025-07-20T18:58:00,web,desktop,GB,False
S0002423,U002163,2025-05-01T12:12:00,2025-05-01T13:40:00,android,mobile,GB,False
S0002424,U001425,2025-02-25T09:42:00,2025-02-25T11:10:00,ios,mobile,GB,False
S0002425,U002018,2025-12-23T23:53:00,2025-12-24T00:51:00,web,desktop,GB,False
S0002426,U002819,2025-03-05T22:47:00,2025-03-06T00:43:00,android,mobile,GB,False
S0002427,U002590,2025-02-09T19:04:00,2025-02-09T19:22:00,web,desktop,GB,False
S0002428,U000123,2025-12-06T18:32:00,2025-12-06T19:38:00,ctv,smart_tv,GB,False
S0002429,U000874,2025-01-24T16:52:00,2025-01-24T17:05:00,ctv,smart_tv,GB,False
S0002430,U003300,2025-11-19T17:35:00,2025-11-19T19:23:00,android,mobile,GB,False
S0002431,U003804,2025-09-19T11:36:00,2025-09-19T12:33:00,web,desktop,GB,False
S0002432,U002720,2025-10-07T10:15:00,2025-10-07T10:46:00,android,mobile,GB,False
S0002433,U003780,2025-04-02T23:15:00,2025-04-03T01:13:00,ctv,streaming_stick,GB,False
S0002434,U002071,2025-07-05T23:33:00,2025-07-06T01:17:00,android,mobile,GB,False
S0002435,U002700,2025-09-14T07:26:00,2025-09-14T08:42:00,ctv,streaming_stick,GB,False
S0002436,U000211,2025-08-03T13:10:00,2025-08-03T13:40:00,web,mobile,GB,False
S0002437,U003830,2025-05-20T15:01:00,2025-05-20T16:34:00,android,tablet,GB,False
S0002438,U003198,2025-01-15T21:36:00,2025-01-15T21:46:00,android,tablet,GB,False
S0002439,U003717,2025-03-20T22:40:00,2025-03-20T23:18:00,ios,mobile,GB,False
S0002440,U002263,2025-08-26T14:36:00,2025-08-26T15:51:00,web,mobile,GB,False
S0002441,U003338,2025-04-08T17:38:00,2025-04-08T19:19:00,web,mobile,GB,False
S0002442,U003669,2025-09-18T14:43:00,2025-09-18T15:55:00,android,tablet,GB,False
S0002443,U000437,2025-05-19T16:16:00,2025-05-19T18:14:00,ios,mobile,GB,False
S0002444,U001136,2025-08-21T16:56:00,2025-08-21T18:48:00,ios,tablet,GB,False
S0002445,U003095,2025-04-08T12:22:00,2025-04-08T13:54:00,web,mobile,GB,False
S0002446,U002076,2025-08-31T14:53:00,2025-08-31T16:51:00,android,mobile,GB,False
S0002447,U001672,2025-06-06T17:24:00,2025-06-06T18:16:00,android,tablet,GB,False
S0002448,U001099,2025-09-26T18:51:00,2025-09-26T20:27:00,ctv,smart_tv,GB,False
S0002449,U000504,2025-07-16T10:16:00,2025-07-16T12:12:00,web,desktop,GB,True
S0002450,U000721,2025-11-24T14:53:00,2025-11-24T16:13:00,web,desktop,GB,False
S0002451,U001545,2025-06-30T11:56:00,2025-06-30T13:38:00,ctv,streaming_stick,GB,False
S0002452,U003288,2025-11-01T17:18:00,2025-11-01T17:50:00,ctv,smart_tv,GB,False
S0002453,U003285,2025-10-01T17:45:00,2025-10-01T19:16:00,android,tablet,GB,False
S0002454,U003123,2025-09-11T13:28:00,2025-09-11T15:08:00,web,desktop,GB,False
S0002455,U001650,2025-08-10T17:50:00,2025-08-10T18:50:00,ios,mobile,GB,False
S0002456,U002783,2025-09-17T16:30:00,2025-09-17T17:04:00,web,desktop,GB,False
S0002457,U000194,2025-11-12T18:48:00,2025-11-12T18:57:00,web,mobile,GB,False
S0002458,U001127,2025-04-21T11:59:00,2025-04-21T12:04:00,ios,tablet,GB,False
S0002459,U002794,2025-06-23T14:01:00,2025-06-23T14:20:00,ios,tablet,GB,False
S0002460,U002754,2025-04-10T19:49:00,2025-04-10T20:31:00,android,mobile,GB,False
S0002461,U000932,2025-03-10T23:31:00,2025-03-11T01:05:00,android,tablet,GB,False
S0002462,U003857,2025-02-19T15:32:00,2025-02-19T16:22:00,ios,mobile,GB,False
S0002463,U001055,2025-07-20T21:52:00,2025-07-20T23:23:00,web,desktop,GB,True
S0002464,U001359,2025-03-19T14:57:00,2025-03-19T15:23:00,android,tablet,GB,False
S0002465,U000344,2025-09-24T20:40:00,2025-09-24T21:28:00,web,tablet,GB,False
S0002466,U002107,2025-08-03T10:02:00,2025-08-03T10:54:00,android,tablet,GB,False
S0002467,U000551,2025-02-14T09:26:00,2025-02-14T10:21:00,web,tablet,GB,False
S0002468,U000709,2025-04-27T18:02:00,2025-04-27T18:17:00,ios,tablet,GB,False
S0002469,U002236,2025-08-13T19:28:00,2025-08-13T21:05:00,web,tablet,GB,False
S0002470,U002252,2025-08-26T09:22:00,2025-08-26T11:22:00,ctv,smart_tv,GB,False
S0002471,U003624,2025-02-26T16:33:00,2025-02-26T16:59:00,web,desktop,GB,False
S0002472,U002296,2025-08-01T18:17:00,2025-08-01T18:48:00,android,tablet,GB,False
S0002473,U001078,2025-08-17T18:34:00,2025-08-17T20:21:00,ios,tablet,GB,False
S0002474,U002166,2025-06-12T23:30:00,2025-06-13T00:04:00,ios,mobile,GB,False
S0002475,U001170,2025-06-09T20:50:00,2025-06-09T21:52:00,ios,mobile,GB,False
S0002476,U001082,2025-11-01T22:07:00,2025-11-02T00:04:00,ctv,streaming_stick,GB,False
S0002477,U003355,2025-08-15T09:15:00,2025-08-15T09:44:00,android,mobile,GB,False
S0002478,U002101,2025-02-25T13:17:00,2025-02-25T15:04:00,web,desktop,GB,False
S0002479,U003403,2025-10-29T17:28:00,2025-10-29T18:30:00,web,desktop,GB,False
S0002480,U003849,2025-02-22T12:44:00,2025-02-22T13:32:00,web,tablet,GB,False
S0002481,U002214,2025-02-12T12:17:00,2025-02-12T12:46:00,ios,tablet,GB,False
S0002482,U001507,2025-07-24T12:56:00,2025-07-24T14:05:00,android,mobile,GB,False
S0002483,U001314,2025-09-14T13:53:00,2025-09-14T13:59:00,android,tablet,GB,False
S0002484,U000278,2025-10-30T18:33:00,2025-10-30T19:20:00,android,tablet,GB,False
S0002485,U002909,2025-10-20T14:26:00,2025-10-20T15:55:00,web,tablet,GB,False
S0002486,U002815,2025-10-25T16:11:00,2025-10-25T17:19:00,ios,mobile,GB,False
S0002487,U002758,2025-11-23T18:55:00,2025-11-23T20:39:00,ctv,streaming_stick,GB,False
S0002488,U003685,2025-10-18T15:43:00,2025-10-18T16:56:00,ios,mobile,GB,False
S0002489,U002577,2025-09-13T17:46:00,2025-09-13T19:04:00,web,desktop,GB,False
S0002490,U000961,2025-09-24T09:00:00,2025-09-24T09:18:00,ctv,smart_tv,GB,False
S0002491,U000776,2025-05-24T06:47:00,2025-05-24T07:16:00,ios,mobile,GB,False
S0002492,U001370,2025-12-28T14:49:00,2025-12-28T15:44:00,android,mobile,GB,False
S0002493,U003584,2025-07-30T17:12:00,2025-07-30T18:50:00,ios,tablet,GB,False
S0002494,U000730,2025-06-18T07:19:00,2025-06-18T08:47:00,web,tablet,GB,False
S0002495,U003018,2025-09-14T21:53:00,2025-09-14T23:45:00,ios,tablet,GB,False
S0002496,U003081,2025-10-23T13:30:00,2025-10-23T14:11:00,android,tablet,GB,False
S0002497,U000117,2025-03-18T12:51:00,2025-03-18T13:24:00,web,tablet,GB,False
S0002498,U003546,2025-03-31T20:18:00,2025-03-31T20:47:00,ctv,streaming_stick,GB,False
S0002499,U002702,2025-05-06T21:29:00,2025-05-06T23:24:00,ios,mobile,GB,False
S0002500,U002704,2025-10-02T16:18:00,2025-10-02T18:08:00,ios,mobile,GB,True
S0002501,U003024,2025-11-07T19:20:00,2025-11-07T20:27:00,android,tablet,GB,False
S0002502,U002815,2025-11-18T15:53:00,2025-11-18T16:11:00,ctv,smart_tv,GB,False
S0002503,U000619,2025-02-13T20:20:00,2025-02-13T22:06:00,web,desktop,GB,False
S0002504,U002227,2025-06-18T14:11:00,2025-06-18T14:39:00,android,mobile,GB,False
S0002505,U002032,2025-03-28T17:44:00,2025-03-28T17:59:00,android,mobile,GB,False
S0002506,U003463,2025-08-26T16:56:00,2025-08-26T17:03:00,android,mobile,GB,True
S0002507,U002202,2025-05-23T23:09:00,2025-05-24T00:27:00,ios,tablet,GB,False
S0002508,U002296,2025-06-17T14:28:00,2025-06-17T15:53:00,ctv,streaming_stick,GB,False
S0002509,U000718,2025-01-20T17:46:00,2025-01-20T18:58:00,android,mobile,GB,False
S0002510,U000525,2025-05-17T17:45:00,2025-05-17T19:05:00,android,tablet,GB,False
S0002511,U000162,2025-01-01T15:20:00,2025-01-01T16:49:00,android,mobile,GB,False
S0002512,U000225,2025-07-28T12:51:00,2025-07-28T14:32:00,ios,mobile,GB,False
S0002513,U001123,2025-02-25T23:07:00,2025-02-26T00:17:00,ctv,streaming_stick,GB,False
S0002514,U000697,2025-12-10T18:10:00,2025-12-10T19:50:00,ios,mobile,GB,False
S0002515,U001527,2025-03-07T12:12:00,2025-03-07T14:09:00,web,desktop,GB,False
S0002516,U002955,2025-04-22T16:40:00,2025-04-22T18:12:00,ctv,smart_tv,GB,False
S0002517,U002936,2025-05-25T23:31:00,2025-05-26T00:05:00,ios,mobile,GB,False
S0002518,U000705,2025-05-18T19:51:00,2025-05-18T21:15:00,web,tablet,GB,False
S0002519,U003474,2025-02-13T16:54:00,2025-02-13T18:13:00,web,tablet,GB,False
S0002520,U002796,2025-01-01T13:30:00,2025-01-01T14:39:00,web,desktop,GB,False
S0002521,U002713,2025-05-31T22:55:00,2025-05-31T23:31:00,android,mobile,GB,False
S0002522,U003444,2025-11-13T17:44:00,2025-11-13T19:19:00,web,tablet,GB,False
S0002523,U003516,2025-09-06T14:01:00,2025-09-06T15:31:00,android,mobile,GB,False
S0002524,U003339,2025-02-25T14:51:00,2025-02-25T15:22:00,android,mobile,GB,False
S0002525,U003334,2025-01-27T09:18:00,2025-01-27T09:37:00,ios,tablet,GB,False
S0002526,U000006,2025-12-12T23:52:00,2025-12-13T01:08:00,ctv,streaming_stick,GB,False
S0002527,U003339,2025-12-07T14:09:00,2025-12-07T15:36:00,web,mobile,GB,False
S0002528,U002580,2025-04-07T17:45:00,2025-04-07T18:53:00,web,tablet,GB,False
S0002529,U003141,2025-11-09T15:23:00,2025-11-09T16:49:00,ios,mobile,GB,False
S0002530,U000518,2025-06-11T14:26:00,2025-06-11T15:59:00,web,tablet,GB,False
S0002531,U002535,2025-08-16T22:04:00,2025-08-17T00:03:00,android,tablet,GB,False
S0002532,U001901,2025-05-19T18:06:00,2025-05-19T18:40:00,android,tablet,GB,True
S0002533,U002362,2025-04-14T12:47:00,2025-04-14T13:13:00,ios,tablet,GB,False
S0002534,U002581,2025-08-23T17:01:00,2025-08-23T17:56:00,android,mobile,GB,False
S0002535,U003550,2025-10-10T20:52:00,2025-10-10T21:11:00,ios,tablet,GB,False
S0002536,U003859,2025-12-31T17:56:00,2025-12-31T18:18:00,ctv,smart_tv,GB,False
S0002537,U000578,2025-05-28T08:00:00,2025-05-28T08:23:00,ios,tablet,GB,False
S0002538,U000379,2025-09-24T17:20:00,2025-09-24T18:52:00,ios,tablet,GB,True
S0002539,U001308,2025-03-26T14:34:00,2025-03-26T15:12:00,android,mobile,GB,False
S0002540,U002552,2025-01-07T13:53:00,2025-01-07T15:20:00,android,tablet,GB,False
S0002541,U002226,2025-10-09T08:57:00,2025-10-09T10:02:00,web,mobile,GB,False
S0002542,U001399,2025-06-04T16:29:00,2025-06-04T18:00:00,android,tablet,GB,False
S0002543,U001982,2025-03-29T14:32:00,2025-03-29T14:49:00,web,desktop,GB,False
S0002544,U000999,2025-04-26T11:19:00,2025-04-26T13:08:00,web,mobile,GB,False
S0002545,U002505,2025-11-04T15:32:00,2025-11-04T17:00:00,android,tablet,GB,False
S0002546,U000483,2025-04-01T21:03:00,2025-04-01T22:12:00,web,tablet,GB,False
S0002547,U000626,2025-07-24T13:39:00,2025-07-24T14:51:00,web,mobile,GB,True
S0002548,U000775,2025-06-24T16:22:00,2025-06-24T17:22:00,ios,mobile,GB,False
S0002549,U002524,2025-10-26T19:47:00,2025-10-26T20:24:00,android,mobile,GB,False
S0002550,U003180,2025-01-18T12:56:00,2025-01-18T13:38:00,android,tablet,GB,False
S0002551,U002739,2025-12-27T23:36:00,2025-12-28T01:14:00,android,tablet,GB,False
S0002552,U000574,2025-10-31T14:20:00,2025-10-31T15:11:00,android,mobile,GB,False
S0002553,U002469,2025-04-18T09:06:00,2025-04-18T10:54:00,web,tablet,GB,False
S0002554,U002855,2025-10-26T13:17:00,2025-10-26T13:38:00,android,tablet,GB,False
S0002555,U002104,2025-11-22T16:42:00,2025-11-22T17:51:00,web,tablet,GB,False
S0002556,U003577,2025-11-04T20:26:00,2025-11-04T22:05:00,ios,tablet,GB,False
S0002557,U003491,2025-11-28T14:36:00,2025-11-28T16:22:00,ios,tablet,GB,False
S0002558,U003984,2025-12-30T13:56:00,2025-12-30T14:56:00,ios,tablet,GB,False
S0002559,U002266,2025-01-07T23:21:00,2025-01-08T00:58:00,android,mobile,GB,False
S0002560,U003109,2025-03-26T09:55:00,2025-03-26T11:04:00,web,desktop,GB,False
S0002561,U003587,2025-05-06T23:05:00,2025-05-07T00:05:00,ios,mobile,GB,False
S0002562,U001541,2025-07-19T12:40:00,2025-07-19T13:39:00,ios,tablet,GB,False
S0002563,U000002,2025-06-01T19:52:00,2025-06-01T20:21:00,web,tablet,GB,False
S0002564,U002380,2025-02-10T14:52:00,2025-02-10T15:34:00,ctv,smart_tv,GB,True
S0002565,U002730,2025-06-18T18:36:00,2025-06-18T19:17:00,ctv,streaming_stick,GB,False
S0002566,U001084,2025-04-18T14:09:00,2025-04-18T15:42:00,ctv,streaming_stick,GB,False
S0002567,U002957,2025-03-18T14:30:00,2025-03-18T16:26:00,android,tablet,GB,False
S0002568,U002868,2025-03-04T19:56:00,2025-03-04T20:55:00,web,mobile,GB,False
S0002569,U001491,2025-06-11T21:25:00,2025-06-11T22:09:00,ios,tablet,GB,True
S0002570,U000871,2025-06-24T15:07:00,2025-06-24T16:09:00,web,mobile,GB,False
S0002571,U000229,2025-08-24T16:38:00,2025-08-24T17:11:00,ios,tablet,GB,False
S0002572,U003971,2025-11-26T14:09:00,2025-11-26T14:43:00,web,tablet,GB,False
S0002573,U000823,2025-09-15T21:05:00,2025-09-15T21:54:00,ios,mobile,GB,False
S0002574,U002922,2025-11-03T19:28:00,2025-11-03T20:30:00,ios,tablet,GB,False
S0002575,U000284,2025-04-25T18:26:00,2025-04-25T20:05:00,ios,mobile,GB,False
S0002576,U000475,2025-10-03T22:30:00,2025-10-03T23:24:00,web,mobile,GB,False
S0002577,U000185,2025-06-21T07:21:00,2025-06-21T08:36:00,ios,tablet,GB,False
S0002578,U003195,2025-12-11T18:42:00,2025-12-11T20:11:00,ctv,streaming_stick,GB,False
S0002579,U001268,2025-11-18T17:06:00,2025-11-18T18:16:00,android,mobile,GB,False
S0002580,U001565,2025-07-12T06:33:00,2025-07-12T08:03:00,ios,tablet,GB,False
S0002581,U003506,2025-06-06T15:53:00,2025-06-06T16:01:00,ios,tablet,GB,False
S0002582,U001540,2025-12-05T11:18:00,2025-12-05T11:39:00,ctv,smart_tv,GB,False
S0002583,U001766,2025-09-13T09:39:00,2025-09-13T11:04:00,ios,mobile,GB,False
S0002584,U001871,2025-06-22T23:26:00,2025-06-23T00:29:00,web,mobile,GB,False
S0002585,U002488,2025-01-23T22:57:00,2025-01-23T23:22:00,web,tablet,GB,False
S0002586,U002027,2025-07-31T14:28:00,2025-07-31T15:25:00,android,mobile,GB,True
S0002587,U001061,2025-07-30T14:51:00,2025-07-30T16:31:00,ios,tablet,GB,False
S0002588,U001924,2025-05-11T07:10:00,2025-05-11T07:35:00,android,tablet,GB,False
S0002589,U003878,2025-04-11T12:58:00,2025-04-11T14:17:00,android,mobile,GB,False
S0002590,U003337,2025-03-31T13:16:00,2025-03-31T14:37:00,ctv,streaming_stick,GB,False
S0002591,U001866,2025-08-05T09:51:00,2025-08-05T11:03:00,ios,mobile,GB,False
S0002592,U000106,2025-11-27T15:51:00,2025-11-27T16:05:00,android,tablet,GB,False
S0002593,U001001,2025-01-09T15:00:00,2025-01-09T15:33:00,web,tablet,GB,False
S0002594,U003067,2025-08-02T23:00:00,2025-08-02T23:48:00,web,mobile,GB,False
S0002595,U001018,2025-09-30T19:05:00,2025-09-30T20:26:00,android,mobile,GB,False
S0002596,U002225,2025-07-23T16:44:00,2025-07-23T17:12:00,android,mobile,GB,False
S0002597,U002531,2025-08-02T18:05:00,2025-08-02T18:18:00,ios,tablet,GB,True
S0002598,U000796,2025-10-29T15:22:00,2025-10-29T16:34:00,web,tablet,GB,False
S0002599,U002275,2025-05-13T08:18:00,2025-05-13T10:01:00,android,mobile,GB,False
S0002600,U003817,2025-07-27T17:43:00,2025-07-27T18:00:00,ios,tablet,GB,False
S0002601,U000015,2025-05-26T16:12:00,2025-05-26T17:30:00,ios,tablet,GB,False
S0002602,U000362,2025-05-29T19:50:00,2025-05-29T19:57:00,android,mobile,GB,False
S0002603,U003760,2025-09-02T21:55:00,2025-09-02T23:27:00,web,tablet,GB,False
S0002604,U002905,2025-09-29T18:16:00,2025-09-29T20:01:00,android,tablet,GB,False
S0002605,U000220,2025-05-05T15:04:00,2025-05-05T16:54:00,web,tablet,GB,False
S0002606,U002458,2025-08-23T16:14:00,2025-08-23T17:02:00,android,mobile,GB,False
S0002607,U003098,2025-12-18T13:50:00,2025-12-18T15:04:00,ctv,streaming_stick,GB,False
S0002608,U003600,2025-06-25T20:28:00,2025-06-25T22:16:00,android,mobile,GB,False
S0002609,U000255,2025-03-09T14:49:00,2025-03-09T15:29:00,ctv,streaming_stick,GB,False
S0002610,U003250,2025-06-01T14:40:00,2025-06-01T15:36:00,android,mobile,GB,False
S0002611,U001780,2025-02-26T10:58:00,2025-02-26T11:13:00,web,mobile,GB,False
S0002612,U003403,2025-04-28T21:29:00,2025-04-28T22:05:00,ios,tablet,GB,False
S0002613,U003793,2025-06-30T14:40:00,2025-06-30T15:16:00,web,tablet,GB,False
S0002614,U003130,2025-01-21T18:40:00,2025-01-21T20:40:00,android,tablet,GB,True
S0002615,U000469,2025-12-28T12:13:00,2025-12-28T12:33:00,ios,mobile,GB,False
S0002616,U001755,2025-04-13T18:25:00,2025-04-13T18:53:00,web,desktop,GB,False
S0002617,U000978,2025-05-03T14:28:00,2025-05-03T14:44:00,ios,mobile,GB,False
S0002618,U000709,2025-09-07T13:08:00,2025-09-07T14:57:00,web,mobile,GB,True
S0002619,U002622,2025-07-14T15:33:00,2025-07-14T16:56:00,ios,mobile,GB,False
S0002620,U000546,2025-01-18T10:16:00,2025-01-18T11:08:00,android,tablet,GB,False
S0002621,U003271,2025-03-03T17:03:00,2025-03-03T18:08:00,android,mobile,GB,False
S0002622,U002395,2025-01-16T06:43:00,2025-01-16T08:01:00,android,tablet,GB,False
S0002623,U002250,2025-06-06T13:41:00,2025-06-06T14:27:00,android,tablet,GB,False
S0002624,U002401,2025-07-06T22:59:00,2025-07-07T00:07:00,android,tablet,GB,False
S0002625,U001665,2025-07-05T21:41:00,2025-07-05T23:33:00,android,mobile,GB,False
S0002626,U001008,2025-12-14T22:01:00,2025-12-14T23:42:00,ios,tablet,GB,False
S0002627,U000323,2025-04-20T09:12:00,2025-04-20T09:19:00,android,mobile,GB,False
S0002628,U001635,2025-09-15T13:14:00,2025-09-15T13:24:00,ios,tablet,GB,False
S0002629,U001684,2025-04-12T14:13:00,2025-04-12T15:50:00,android,mobile,GB,False
S0002630,U003972,2025-03-16T15:39:00,2025-03-16T16:27:00,web,mobile,GB,False
S0002631,U003055,2025-05-30T21:35:00,2025-05-30T22:22:00,web,desktop,GB,False
S0002632,U003732,2025-12-04T15:46:00,2025-12-04T17:02:00,web,desktop,GB,False
S0002633,U002396,2025-06-09T19:40:00,2025-06-09T20:33:00,web,desktop,GB,False
S0002634,U001418,2025-04-10T23:47:00,2025-04-11T01:19:00,ios,mobile,GB,False
S0002635,U001584,2025-08-08T22:25:00,2025-08-08T23:37:00,ios,tablet,GB,False
S0002636,U000851,2025-09-07T12:00:00,2025-09-07T12:35:00,web,desktop,GB,False
S0002637,U003922,2025-05-29T20:54:00,2025-05-29T21:33:00,ios,tablet,GB,False
S0002638,U002719,2025-07-10T17:01:00,2025-07-10T17:42:00,ios,mobile,GB,False
S0002639,U003011,2025-05-10T11:15:00,2025-05-10T12:07:00,android,tablet,GB,False
S0002640,U002210,2025-03-30T09:37:00,2025-03-30T10:16:00,ctv,streaming_stick,GB,False
S0002641,U002228,2025-12-18T19:53:00,2025-12-18T21:40:00,web,mobile,GB,False
S0002642,U002982,2025-01-04T21:33:00,2025-01-04T23:15:00,ios,mobile,GB,False
S0002643,U003369,2025-01-15T19:29:00,2025-01-15T20:21:00,web,tablet,GB,False
S0002644,U003849,2025-04-28T17:46:00,2025-04-28T19:06:00,web,tablet,GB,False
S0002645,U001478,2025-08-05T19:01:00,2025-08-05T20:56:00,android,tablet,GB,False
S0002646,U001033,2025-10-30T15:38:00,2025-10-30T16:35:00,web,desktop,GB,False
S0002647,U001375,2025-11-20T11:48:00,2025-11-20T12:20:00,ios,tablet,GB,False
S0002648,U002105,2025-07-07T12:57:00,2025-07-07T13:54:00,android,mobile,GB,False
S0002649,U001818,2025-12-19T14:32:00,2025-12-19T14:42:00,android,mobile,GB,False
S0002650,U003338,2025-11-30T17:35:00,2025-11-30T17:47:00,android,tablet,GB,False
S0002651,U002807,2025-05-09T14:08:00,2025-05-09T15:27:00,android,tablet,GB,False
S0002652,U002109,2025-10-25T09:34:00,2025-10-25T09:39:00,web,mobile,GB,False
S0002653,U001061,2025-02-19T17:36:00,2025-02-19T18:06:00,ios,mobile,GB,False
S0002654,U002918,2025-09-04T14:33:00,2025-09-04T15:29:00,web,tablet,GB,False
S0002655,U002988,2025-02-03T16:17:00,2025-02-03T18:10:00,ios,tablet,GB,False
S0002656,U001321,2025-05-14T09:31:00,2025-05-14T11:31:00,android,mobile,GB,False
S0002657,U001854,2025-01-16T13:26:00,2025-01-16T13:55:00,android,mobile,GB,False
S0002658,U001686,2025-08-05T12:59:00,2025-08-05T13:08:00,ctv,streaming_stick,GB,False
S0002659,U003146,2025-10-05T18:21:00,2025-10-05T20:14:00,ios,tablet,GB,False
S0002660,U001969,2025-07-20T15:13:00,2025-07-20T16:12:00,android,tablet,GB,False
S0002661,U000116,2025-02-19T10:43:00,2025-02-19T12:19:00,web,desktop,GB,False
S0002662,U001318,2025-07-03T21:30:00,2025-07-03T22:53:00,android,mobile,GB,False
S0002663,U002078,2025-05-16T17:06:00,2025-05-16T18:20:00,ctv,streaming_stick,GB,False
S0002664,U000272,2025-09-20T12:10:00,2025-09-20T13:16:00,android,tablet,GB,False
S0002665,U003858,2025-10-29T17:32:00,2025-10-29T17:55:00,web,tablet,GB,False
S0002666,U001987,2025-10-31T14:10:00,2025-10-31T14:40:00,web,mobile,GB,False
S0002667,U002487,2025-08-17T18:15:00,2025-08-17T18:39:00,ios,tablet,GB,False
S0002668,U003223,2025-05-20T11:58:00,2025-05-20T13:39:00,ctv,smart_tv,GB,False
S0002669,U001293,2025-02-22T15:22:00,2025-02-22T16:40:00,ctv,smart_tv,GB,False
S0002670,U003050,2025-02-03T15:04:00,2025-02-03T15:24:00,android,tablet,GB,False
S0002671,U003716,2025-08-27T20:24:00,2025-08-27T20:54:00,ctv,streaming_stick,GB,False
S0002672,U001294,2025-09-26T08:50:00,2025-09-26T09:46:00,android,mobile,GB,False
S0002673,U003014,2025-02-26T09:47:00,2025-02-26T11:05:00,ctv,streaming_stick,GB,True
S0002674,U000675,2025-12-31T17:02:00,2025-12-31T18:54:00,android,tablet,GB,False
S0002675,U002627,2025-12-09T15:57:00,2025-12-09T16:30:00,android,mobile,GB,False
S0002676,U002275,2025-05-25T17:13:00,2025-05-25T18:05:00,ctv,streaming_stick,GB,False
S0002677,U000249,2025-10-08T13:54:00,2025-10-08T13:59:00,ctv,streaming_stick,GB,False
S0002678,U003119,2025-11-12T11:31:00,2025-11-12T12:25:00,ios,tablet,GB,False
S0002679,U002744,2025-06-11T12:33:00,2025-06-11T13:30:00,ios,tablet,GB,False
S0002680,U002118,2025-11-27T12:37:00,2025-11-27T14:27:00,web,mobile,GB,False
S0002681,U001257,2025-04-14T15:12:00,2025-04-14T16:59:00,android,mobile,GB,False
S0002682,U001619,2025-09-24T09:40:00,2025-09-24T10:23:00,android,mobile,GB,False
S0002683,U002303,2025-03-16T07:18:00,2025-03-16T07:40:00,android,mobile,GB,False
S0002684,U000957,2025-10-20T22:05:00,2025-10-20T22:50:00,ios,mobile,GB,False
S0002685,U002737,2025-12-27T13:33:00,2025-12-27T15:23:00,ios,tablet,GB,False
S0002686,U002309,2025-03-27T06:20:00,2025-03-27T06:43:00,ctv,smart_tv,GB,False
S0002687,U002092,2025-03-03T16:24:00,2025-03-03T16:49:00,ios,mobile,GB,False
S0002688,U001748,2025-03-19T21:04:00,2025-03-19T22:29:00,ctv,streaming_stick,GB,False
S0002689,U000517,2025-07-27T11:18:00,2025-07-27T11:51:00,ctv,streaming_stick,GB,False
S0002690,U003277,2025-03-21T18:58:00,2025-03-21T19:07:00,web,tablet,GB,False
S0002691,U003783,2025-08-01T21:59:00,2025-08-01T23:25:00,ios,tablet,GB,False
S0002692,U002030,2025-08-14T23:28:00,2025-08-14T23:39:00,web,desktop,GB,True
S0002693,U000210,2025-07-06T15:22:00,2025-07-06T15:56:00,android,tablet,GB,False
S0002694,U003607,2025-06-25T19:28:00,2025-06-25T20:44:00,ios,mobile,GB,False
S0002695,U000844,2025-09-01T17:04:00,2025-09-01T18:56:00,ios,mobile,GB,False
S0002696,U003587,2025-12-23T17:39:00,2025-12-23T17:57:00,ctv,streaming_stick,GB,False
S0002697,U002941,2025-09-14T16:51:00,2025-09-14T17:38:00,android,mobile,GB,False
S0002698,U002069,2025-10-09T16:07:00,2025-10-09T17:19:00,android,tablet,GB,False
S0002699,U001759,2025-04-16T15:17:00,2025-04-16T15:29:00,web,tablet,GB,False
S0002700,U001897,2025-09-02T09:54:00,2025-09-02T10:50:00,web,mobile,GB,False
S0002701,U003596,2025-01-05T22:53:00,2025-01-05T23:00:00,web,desktop,GB,False
S0002702,U001996,2025-10-20T18:02:00,2025-10-20T19:02:00,android,mobile,GB,False
S0002703,U003669,2025-10-30T07:03:00,2025-10-30T07:32:00,ios,tablet,GB,False
S0002704,U003775,2025-08-02T23:56:00,2025-08-03T00:09:00,web,tablet,GB,False
S0002705,U001240,2025-10-29T09:09:00,2025-10-29T10:55:00,ios,mobile,GB,False
S0002706,U002595,2025-08-30T19:32:00,2025-08-30T20:01:00,ios,mobile,GB,False
S0002707,U002658,2025-02-26T18:57:00,2025-02-26T19:37:00,ios,mobile,GB,False
S0002708,U000381,2025-12-17T06:23:00,2025-12-17T08:21:00,ctv,streaming_stick,GB,False
S0002709,U002889,2025-11-16T10:24:00,2025-11-16T11:44:00,android,mobile,GB,False
S0002710,U000958,2025-02-18T23:14:00,2025-02-18T23:56:00,ios,mobile,GB,False
S0002711,U000417,2025-08-12T12:09:00,2025-08-12T13:44:00,ios,tablet,GB,False
S0002712,U001614,2025-02-11T16:12:00,2025-02-11T16:32:00,ctv,smart_tv,GB,False
S0002713,U002817,2025-04-09T14:04:00,2025-04-09T14:33:00,ios,tablet,GB,False
S0002714,U003794,2025-05-08T15:56:00,2025-05-08T17:34:00,ios,tablet,GB,False
S0002715,U002151,2025-06-02T13:39:00,2025-06-02T15:38:00,ctv,smart_tv,GB,False
S0002716,U002133,2025-04-21T12:07:00,2025-04-21T13:52:00,ios,mobile,GB,False
S0002717,U000810,2025-11-26T18:39:00,2025-11-26T19:07:00,android,mobile,GB,False
S0002718,U003452,2025-02-17T19:56:00,2025-02-17T21:08:00,ios,tablet,GB,False
S0002719,U001526,2025-05-25T07:59:00,2025-05-25T08:46:00,ctv,streaming_stick,GB,False
S0002720,U001992,2025-04-04T13:07:00,2025-04-04T13:37:00,ios,mobile,GB,False
S0002721,U003417,2025-01-18T19:10:00,2025-01-18T20:47:00,android,tablet,GB,False
S0002722,U002392,2025-05-23T17:00:00,2025-05-23T18:33:00,android,mobile,GB,False
S0002723,U000402,2025-09-21T16:31:00,2025-09-21T18:12:00,ios,tablet,GB,False
S0002724,U000835,2025-01-01T13:49:00,2025-01-01T14:34:00,android,mobile,GB,False
S0002725,U001245,2025-03-13T15:23:00,2025-03-13T15:57:00,ios,tablet,GB,False
S0002726,U001863,2025-12-19T16:22:00,2025-12-19T16:52:00,web,mobile,GB,False
S0002727,U001048,2025-03-03T11:10:00,2025-03-03T12:03:00,ios,tablet,GB,False
S0002728,U001289,2025-11-29T21:57:00,2025-11-29T22:32:00,ctv,streaming_stick,GB,False
S0002729,U000665,2025-01-31T16:49:00,2025-01-31T17:12:00,ctv,smart_tv,GB,False
S0002730,U002943,2025-05-01T20:47:00,2025-05-01T20:58:00,android,tablet,GB,False
S0002731,U001985,2025-05-01T15:50:00,2025-05-01T17:25:00,ctv,streaming_stick,GB,False
S0002732,U000091,2025-01-18T09:55:00,2025-01-18T11:03:00,ctv,streaming_stick,GB,False
S0002733,U002355,2025-10-13T19:27:00,2025-10-13T21:19:00,ios,tablet,GB,False
S0002734,U002009,2025-05-15T14:00:00,2025-05-15T14:47:00,ios,mobile,GB,False
S0002735,U002341,2025-02-27T16:01:00,2025-02-27T16:43:00,android,mobile,GB,False
S0002736,U003182,2025-01-14T13:51:00,2025-01-14T15:30:00,ios,tablet,GB,False
S0002737,U001344,2025-10-27T13:00:00,2025-10-27T13:57:00,android,tablet,GB,False
S0002738,U000994,2025-11-21T19:10:00,2025-11-21T20:14:00,ctv,streaming_stick,GB,False
S0002739,U003650,2025-12-03T14:03:00,2025-12-03T15:46:00,ios,mobile,GB,False
S0002740,U001989,2025-05-06T15:35:00,2025-05-06T17:33:00,android,tablet,GB,False
S0002741,U001979,2025-01-04T16:35:00,2025-01-04T17:47:00,ctv,streaming_stick,GB,False
S0002742,U002366,2025-02-08T19:46:00,2025-02-08T20:06:00,ios,mobile,GB,False
S0002743,U003517,2025-08-04T13:47:00,2025-08-04T14:23:00,ios,mobile,GB,False
S0002744,U002415,2025-07-17T20:53:00,2025-07-17T21:57:00,ios,mobile,GB,False
S0002745,U000167,2025-02-23T20:35:00,2025-02-23T21:50:00,android,tablet,GB,False
S0002746,U003216,2025-12-18T21:59:00,2025-12-18T23:06:00,web,tablet,GB,False
S0002747,U002006,2025-04-06T17:43:00,2025-04-06T18:12:00,ctv,streaming_stick,GB,True
S0002748,U001799,2025-08-31T20:26:00,2025-08-31T22:16:00,ios,tablet,GB,False
S0002749,U001555,2025-02-21T18:12:00,2025-02-21T20:03:00,ios,tablet,GB,True
S0002750,U003000,2025-03-24T11:26:00,2025-03-24T12:08:00,android,mobile,GB,False
S0002751,U000089,2025-09-07T11:32:00,2025-09-07T12:07:00,ios,tablet,GB,False
S0002752,U000348,2025-02-12T18:01:00,2025-02-12T18:29:00,android,tablet,GB,False
S0002753,U002874,2025-11-02T14:46:00,2025-11-02T16:27:00,android,mobile,GB,False
S0002754,U000019,2025-11-02T21:47:00,2025-11-02T22:11:00,web,mobile,GB,False
S0002755,U003138,2025-02-08T14:40:00,2025-02-08T16:38:00,android,mobile,GB,False
S0002756,U003045,2025-12-25T19:29:00,2025-12-25T19:56:00,ios,mobile,GB,False
S0002757,U002644,2025-08-28T16:27:00,2025-08-28T17:01:00,android,tablet,GB,False
S0002758,U002176,2025-01-09T13:14:00,2025-01-09T13:38:00,web,desktop,GB,False
S0002759,U000567,2025-02-05T17:34:00,2025-02-05T19:00:00,ios,mobile,GB,False
S0002760,U000759,2025-01-09T15:33:00,2025-01-09T16:45:00,ctv,smart_tv,GB,False
S0002761,U003822,2025-02-09T17:10:00,2025-02-09T17:26:00,android,mobile,GB,False
S0002762,U002563,2025-08-01T14:08:00,2025-08-01T15:58:00,web,tablet,GB,False
S0002763,U000318,2025-05-20T13:58:00,2025-05-20T15:53:00,web,tablet,GB,True
S0002764,U001426,2025-10-29T21:05:00,2025-10-29T21:18:00,android,mobile,GB,False
S0002765,U002965,2025-09-16T07:51:00,2025-09-16T08:43:00,ios,tablet,GB,False
S0002766,U000342,2025-06-15T07:44:00,2025-06-15T08:27:00,ctv,smart_tv,GB,False
S0002767,U003385,2025-01-31T20:07:00,2025-01-31T20:33:00,web,mobile,GB,False
S0002768,U001867,2025-01-31T23:11:00,2025-02-01T00:06:00,android,tablet,GB,False
S0002769,U000171,2025-10-29T15:35:00,2025-10-29T15:41:00,web,desktop,GB,False
S0002770,U002415,2025-05-04T15:57:00,2025-05-04T16:15:00,web,tablet,GB,False
S0002771,U000130,2025-06-05T10:24:00,2025-06-05T11:59:00,ios,mobile,GB,False
S0002772,U003251,2025-06-12T18:04:00,2025-06-12T18:14:00,ctv,streaming_stick,GB,False
S0002773,U002276,2025-10-04T18:21:00,2025-10-04T19:42:00,web,mobile,GB,True
S0002774,U000653,2025-08-02T18:19:00,2025-08-02T20:15:00,ios,mobile,GB,False
S0002775,U002530,2025-04-04T19:43:00,2025-04-04T20:12:00,android,tablet,GB,False
S0002776,U002706,2025-06-22T06:49:00,2025-06-22T08:31:00,android,tablet,GB,False
S0002777,U003485,2025-10-09T11:46:00,2025-10-09T12:44:00,web,mobile,GB,False
S0002778,U002649,2025-01-18T23:59:00,2025-01-19T01:24:00,ios,tablet,GB,False
S0002779,U002161,2025-02-21T16:22:00,2025-02-21T17:24:00,ctv,smart_tv,GB,False
S0002780,U001929,2025-08-20T14:27:00,2025-08-20T16:26:00,ctv,streaming_stick,GB,False
S0002781,U000540,2025-02-06T08:51:00,2025-02-06T10:26:00,ctv,streaming_stick,GB,False
S0002782,U003873,2025-01-17T12:30:00,2025-01-17T13:01:00,web,desktop,GB,False
S0002783,U003006,2025-09-28T10:32:00,2025-09-28T10:45:00,ios,tablet,GB,False
S0002784,U003398,2025-01-05T18:59:00,2025-01-05T20:54:00,ctv,smart_tv,GB,False
S0002785,U002300,2025-08-08T16:03:00,2025-08-08T17:53:00,ios,mobile,GB,False
S0002786,U001006,2025-06-17T13:47:00,2025-06-17T14:48:00,ios,tablet,GB,False
S0002787,U002150,2025-06-06T12:37:00,2025-06-06T13:15:00,web,mobile,GB,False
S0002788,U003053,2025-07-24T11:49:00,2025-07-24T12:21:00,android,tablet,GB,False
S0002789,U001409,2025-09-25T09:52:00,2025-09-25T10:26:00,web,tablet,GB,False
S0002790,U003783,2025-12-25T21:41:00,2025-12-25T22:24:00,web,mobile,GB,False
S0002791,U001307,2025-10-21T18:54:00,2025-10-21T20:18:00,ctv,smart_tv,GB,False
S0002792,U001889,2025-02-15T11:34:00,2025-02-15T12:58:00,ios,tablet,GB,False
S0002793,U003388,2025-07-20T07:05:00,2025-07-20T07:36:00,android,mobile,GB,False
S0002794,U000994,2025-09-14T15:51:00,2025-09-14T17:05:00,android,tablet,GB,False
S0002795,U002481,2025-10-20T20:03:00,2025-10-20T21:21:00,android,mobile,GB,True
S0002796,U003191,2025-03-14T19:35:00,2025-03-14T20:18:00,ios,tablet,GB,True
S0002797,U003242,2025-01-03T20:11:00,2025-01-03T21:37:00,web,tablet,GB,False
S0002798,U002399,2025-07-29T18:42:00,2025-07-29T19:37:00,ctv,streaming_stick,GB,True
S0002799,U003620,2025-08-02T15:01:00,2025-08-02T16:48:00,ctv,smart_tv,GB,False
S0002800,U003337,2025-03-22T20:33:00,2025-03-22T22:16:00,ios,tablet,GB,False
S0002801,U001865,2025-10-14T13:28:00,2025-10-14T14:57:00,web,tablet,GB,True
S0002802,U003620,2025-03-30T23:52:00,2025-03-31T00:12:00,web,desktop,GB,False
S0002803,U002782,2025-09-11T15:08:00,2025-09-11T15:37:00,android,mobile,GB,False
S0002804,U002336,2025-01-17T16:00:00,2025-01-17T16:47:00,android,mobile,GB,False
S0002805,U003318,2025-03-01T17:10:00,2025-03-01T17:57:00,android,mobile,GB,False
S0002806,U003461,2025-05-25T15:16:00,2025-05-25T16:28:00,ios,tablet,GB,False
S0002807,U003181,2025-04-15T09:49:00,2025-04-15T10:51:00,ios,mobile,GB,False
S0002808,U003090,2025-12-30T13:31:00,2025-12-30T13:51:00,android,tablet,GB,False
S0002809,U003740,2025-04-22T19:06:00,2025-04-22T19:52:00,ios,mobile,GB,False
S0002810,U002899,2025-09-05T12:32:00,2025-09-05T13:05:00,ctv,smart_tv,GB,False
S0002811,U000611,2025-01-29T09:02:00,2025-01-29T09:25:00,ios,mobile,GB,False
S0002812,U003231,2025-03-15T14:54:00,2025-03-15T15:21:00,ctv,streaming_stick,GB,True
S0002813,U002701,2025-12-17T15:23:00,2025-12-17T16:59:00,ctv,streaming_stick,GB,False
S0002814,U001283,2025-09-16T15:38:00,2025-09-16T17:23:00,android,mobile,GB,False
S0002815,U000577,2025-08-12T20:29:00,2025-08-12T21:05:00,ios,mobile,GB,False
S0002816,U003843,2025-11-26T18:16:00,2025-11-26T19:36:00,android,tablet,GB,False
S0002817,U003489,2025-03-03T17:06:00,2025-03-03T17:25:00,ctv,smart_tv,GB,True
S0002818,U003786,2025-09-10T15:05:00,2025-09-10T15:39:00,ctv,smart_tv,GB,False
S0002819,U001879,2025-01-31T16:12:00,2025-01-31T17:45:00,web,tablet,GB,False
S0002820,U001742,2025-07-29T14:32:00,2025-07-29T14:47:00,android,tablet,GB,False
S0002821,U002090,2025-08-27T20:01:00,2025-08-27T20:59:00,ctv,smart_tv,GB,True
S0002822,U002878,2025-07-01T14:03:00,2025-07-01T16:02:00,ios,mobile,GB,False
S0002823,U002216,2025-11-09T10:42:00,2025-11-09T11:48:00,ios,mobile,GB,False
S0002824,U000654,2025-05-17T22:50:00,2025-05-18T00:05:00,android,tablet,GB,False
S0002825,U001105,2025-06-07T12:03:00,2025-06-07T12:31:00,ctv,streaming_stick,GB,False
S0002826,U002138,2025-10-31T16:05:00,2025-10-31T16:17:00,ios,tablet,GB,False
S0002827,U001854,2025-08-12T14:43:00,2025-08-12T15:19:00,web,mobile,GB,False
S0002828,U002384,2025-09-17T08:27:00,2025-09-17T10:09:00,web,desktop,GB,False
S0002829,U000662,2025-04-15T16:43:00,2025-04-15T17:38:00,web,mobile,GB,False
S0002830,U001188,2025-02-24T10:25:00,2025-02-24T12:13:00,web,desktop,GB,False
S0002831,U000733,2025-11-28T10:16:00,2025-11-28T11:34:00,ios,tablet,GB,False
S0002832,U001670,2025-12-14T12:52:00,2025-12-14T14:05:00,web,tablet,GB,False
S0002833,U002637,2025-02-19T12:01:00,2025-02-19T13:37:00,android,mobile,GB,False
S0002834,U003780,2025-07-06T11:58:00,2025-07-06T12:18:00,ios,tablet,GB,False
S0002835,U003091,2025-07-19T13:11:00,2025-07-19T15:06:00,ios,mobile,GB,False
S0002836,U002834,2025-05-14T14:53:00,2025-05-14T16:48:00,web,tablet,GB,False
S0002837,U001464,2025-10-05T12:18:00,2025-10-05T12:46:00,ctv,streaming_stick,GB,False
S0002838,U003405,2025-11-27T08:52:00,2025-11-27T09:53:00,ctv,smart_tv,GB,False
S0002839,U003856,2025-06-03T14:31:00,2025-06-03T14:45:00,ios,tablet,GB,False
S0002840,U000323,2025-11-08T16:54:00,2025-11-08T17:56:00,android,tablet,GB,False
S0002841,U003653,2025-06-30T15:55:00,2025-06-30T17:53:00,ios,tablet,GB,False
S0002842,U002741,2025-05-07T22:04:00,2025-05-07T23:38:00,web,tablet,GB,False
S0002843,U000341,2025-09-27T21:51:00,2025-09-27T23:11:00,web,mobile,GB,False
S0002844,U003631,2025-03-23T16:27:00,2025-03-23T17:34:00,web,tablet,GB,False
S0002845,U000732,2025-02-13T19:41:00,2025-02-13T19:55:00,android,tablet,GB,False
S0002846,U001499,2025-12-31T12:26:00,2025-12-31T13:23:00,web,tablet,GB,False
S0002847,U003514,2025-11-06T10:35:00,2025-11-06T11:06:00,android,tablet,GB,False
S0002848,U001972,2025-04-07T11:18:00,2025-04-07T12:05:00,ios,tablet,GB,False
S0002849,U003895,2025-07-07T13:48:00,2025-07-07T14:48:00,ctv,streaming_stick,GB,False
S0002850,U001949,2025-12-18T14:16:00,2025-12-18T14:29:00,web,mobile,GB,False
S0002851,U000713,2025-09-02T15:31:00,2025-09-02T15:47:00,ctv,smart_tv,GB,False
S0002852,U002400,2025-05-20T13:41:00,2025-05-20T14:57:00,android,tablet,GB,False
S0002853,U001551,2025-05-20T15:57:00,2025-05-20T16:03:00,web,desktop,GB,False
S0002854,U002396,2025-06-14T22:46:00,2025-06-15T00:21:00,android,tablet,GB,False
S0002855,U001923,2025-01-26T07:14:00,2025-01-26T07:30:00,ctv,smart_tv,GB,False
S0002856,U000175,2025-10-15T11:09:00,2025-10-15T11:45:00,ios,tablet,GB,False
S0002857,U002459,2025-07-20T18:20:00,2025-07-20T18:50:00,ios,tablet,GB,False
S0002858,U002556,2025-10-23T09:30:00,2025-10-23T11:04:00,android,mobile,GB,False
S0002859,U002488,2025-09-15T16:07:00,2025-09-15T17:26:00,android,tablet,GB,False
S0002860,U003103,2025-05-22T14:18:00,2025-05-22T15:50:00,android,mobile,GB,False
S0002861,U003157,2025-09-25T06:14:00,2025-09-25T07:51:00,web,tablet,GB,False
S0002862,U001851,2025-08-05T09:27:00,2025-08-05T10:49:00,web,desktop,GB,False
S0002863,U003251,2025-09-19T09:48:00,2025-09-19T11:21:00,ios,mobile,GB,False
S0002864,U002041,2025-03-28T09:23:00,2025-03-28T09:32:00,android,tablet,GB,False
S0002865,U000561,2025-05-08T13:21:00,2025-05-08T14:02:00,ios,tablet,GB,False
S0002866,U002506,2025-11-11T07:07:00,2025-11-11T08:12:00,ios,tablet,GB,False
S0002867,U000699,2025-12-24T23:04:00,2025-12-25T00:07:00,android,mobile,GB,False
S0002868,U000101,2025-06-16T15:07:00,2025-06-16T15:48:00,ios,mobile,GB,False
S0002869,U003921,2025-01-13T09:50:00,2025-01-13T11:28:00,ios,tablet,GB,False
S0002870,U000793,2025-11-02T22:42:00,2025-11-02T23:55:00,ctv,streaming_stick,GB,False
S0002871,U002402,2025-03-20T20:32:00,2025-03-20T22:03:00,web,desktop,GB,False
S0002872,U003691,2025-09-09T13:41:00,2025-09-09T15:27:00,web,tablet,GB,True
S0002873,U003207,2025-03-15T14:34:00,2025-03-15T16:34:00,ios,mobile,GB,False
S0002874,U001035,2025-12-05T15:02:00,2025-12-05T16:40:00,web,desktop,GB,False
S0002875,U000873,2025-03-12T16:17:00,2025-03-12T18:17:00,ios,tablet,GB,False
S0002876,U003355,2025-03-22T21:18:00,2025-03-22T22:24:00,ios,mobile,GB,False
S0002877,U003541,2025-04-23T13:15:00,2025-04-23T13:40:00,web,desktop,GB,False
S0002878,U000181,2025-04-03T10:42:00,2025-04-03T11:44:00,android,mobile,GB,False
S0002879,U000411,2025-09-28T12:43:00,2025-09-28T13:22:00,ios,tablet,GB,False
S0002880,U000294,2025-01-13T17:51:00,2025-01-13T19:00:00,android,mobile,GB,False
S0002881,U002849,2025-02-12T18:36:00,2025-02-12T20:11:00,web,tablet,GB,False
S0002882,U000588,2025-05-24T10:54:00,2025-05-24T11:20:00,ios,mobile,GB,False
S0002883,U000928,2025-07-09T11:32:00,2025-07-09T13:06:00,ios,tablet,GB,False
S0002884,U000611,2025-04-23T16:49:00,2025-04-23T17:27:00,web,tablet,GB,False
S0002885,U000148,2025-11-09T12:28:00,2025-11-09T13:29:00,android,mobile,GB,False
S0002886,U003402,2025-06-25T13:47:00,2025-06-25T15:08:00,web,mobile,GB,False
S0002887,U001120,2025-11-04T21:29:00,2025-11-04T22:02:00,android,mobile,GB,False
S0002888,U001755,2025-04-29T12:51:00,2025-04-29T13:28:00,android,mobile,GB,False
S0002889,U000831,2025-07-10T23:28:00,2025-07-11T00:54:00,ios,tablet,GB,False
S0002890,U003367,2025-10-05T14:14:00,2025-10-05T15:35:00,ctv,streaming_stick,GB,False
S0002891,U003692,2025-06-18T12:09:00,2025-06-18T14:04:00,web,mobile,GB,False
S0002892,U001034,2025-12-22T18:24:00,2025-12-22T19:25:00,ios,tablet,GB,False
S0002893,U003438,2025-09-02T09:55:00,2025-09-02T11:01:00,ios,tablet,GB,False
S0002894,U002549,2025-04-28T19:14:00,2025-04-28T19:48:00,android,mobile,GB,False
S0002895,U000684,2025-06-22T06:13:00,2025-06-22T07:00:00,android,tablet,GB,False
S0002896,U001250,2025-12-28T18:46:00,2025-12-28T19:24:00,web,desktop,GB,False
S0002897,U003668,2025-12-05T10:59:00,2025-12-05T12:28:00,web,desktop,GB,False
S0002898,U000525,2025-08-22T12:52:00,2025-08-22T14:06:00,web,desktop,GB,False
S0002899,U003482,2025-01-21T23:25:00,2025-01-22T00:38:00,web,mobile,GB,False
S0002900,U003569,2025-08-04T12:48:00,2025-08-04T13:54:00,ctv,streaming_stick,GB,True
S0002901,U002550,2025-10-06T23:26:00,2025-10-07T01:13:00,ctv,streaming_stick,GB,False
S0002902,U002437,2025-06-10T22:35:00,2025-06-10T22:52:00,android,tablet,GB,False
S0002903,U002560,2025-10-21T19:05:00,2025-10-21T19:21:00,android,tablet,GB,False
S0002904,U000528,2025-10-25T17:33:00,2025-10-25T19:28:00,android,tablet,GB,False
S0002905,U000059,2025-03-16T22:23:00,2025-03-16T22:52:00,android,mobile,GB,False
S0002906,U002946,2025-09-14T18:12:00,2025-09-14T20:08:00,ios,tablet,GB,False
S0002907,U000515,2025-05-05T18:48:00,2025-05-05T18:54:00,web,desktop,GB,False
S0002908,U003428,2025-04-14T11:38:00,2025-04-14T13:11:00,ios,mobile,GB,False
S0002909,U003742,2025-02-20T17:24:00,2025-02-20T18:17:00,android,mobile,GB,False
S0002910,U002796,2025-06-23T09:47:00,2025-06-23T10:41:00,android,mobile,GB,False
S0002911,U002875,2025-07-31T19:38:00,2025-07-31T21:34:00,android,tablet,GB,False
S0002912,U002548,2025-11-01T15:09:00,2025-11-01T16:09:00,ios,tablet,GB,False
S0002913,U000213,2025-05-25T15:12:00,2025-05-25T15:40:00,ios,mobile,GB,False
S0002914,U000165,2025-12-04T11:36:00,2025-12-04T11:51:00,android,tablet,GB,False
S0002915,U001096,2025-03-02T21:52:00,2025-03-02T21:59:00,android,mobile,GB,False
S0002916,U000872,2025-02-21T19:39:00,2025-02-21T21:14:00,android,mobile,GB,True
S0002917,U003578,2025-03-24T15:53:00,2025-03-24T17:42:00,ctv,streaming_stick,GB,False
S0002918,U003022,2025-01-18T19:01:00,2025-01-18T20:30:00,ios,tablet,GB,False
S0002919,U003714,2025-12-31T16:04:00,2025-12-31T16:25:00,ios,mobile,GB,False
S0002920,U003349,2025-02-19T23:48:00,2025-02-20T00:05:00,android,mobile,GB,True
S0002921,U001700,2025-09-21T13:30:00,2025-09-21T15:01:00,ctv,streaming_stick,GB,True
S0002922,U003843,2025-12-25T07:28:00,2025-12-25T08:59:00,android,mobile,GB,False
S0002923,U001876,2025-08-07T17:15:00,2025-08-07T17:33:00,android,tablet,GB,False
S0002924,U000207,2025-06-21T12:38:00,2025-06-21T14:16:00,android,tablet,GB,False
S0002925,U003712,2025-03-13T10:13:00,2025-03-13T11:07:00,android,tablet,GB,False
S0002926,U003312,2025-02-10T13:55:00,2025-02-10T15:01:00,web,mobile,GB,False
S0002927,U000732,2025-01-07T15:24:00,2025-01-07T17:12:00,android,tablet,GB,False
S0002928,U000935,2025-07-10T07:42:00,2025-07-10T08:21:00,android,tablet,GB,False
S0002929,U003351,2025-09-21T12:31:00,2025-09-21T14:15:00,ctv,streaming_stick,GB,False
S0002930,U002728,2025-08-01T06:04:00,2025-08-01T06:59:00,ctv,smart_tv,GB,False
S0002931,U002928,2025-04-25T18:59:00,2025-04-25T20:06:00,ios,tablet,GB,False
S0002932,U000667,2025-06-11T15:34:00,2025-06-11T16:12:00,web,tablet,GB,False
S0002933,U001651,2025-08-16T20:06:00,2025-08-16T21:56:00,web,desktop,GB,False
S0002934,U002103,2025-01-04T10:20:00,2025-01-04T12:10:00,android,mobile,GB,False
S0002935,U002129,2025-04-17T22:14:00,2025-04-17T23:45:00,web,tablet,GB,False
S0002936,U003565,2025-09-29T15:13:00,2025-09-29T15:53:00,ctv,streaming_stick,GB,False
S0002937,U000581,2025-05-30T21:08:00,2025-05-30T21:31:00,android,mobile,GB,False
S0002938,U000312,2025-11-22T13:51:00,2025-11-22T14:14:00,web,mobile,GB,False
S0002939,U000023,2025-06-22T18:28:00,2025-06-22T19:26:00,ios,tablet,GB,True
S0002940,U003134,2025-07-02T23:31:00,2025-07-03T00:09:00,ios,mobile,GB,False
S0002941,U000707,2025-06-09T12:39:00,2025-06-09T13:52:00,web,tablet,GB,False
S0002942,U003818,2025-12-24T22:01:00,2025-12-24T22:37:00,android,mobile,GB,False
S0002943,U001783,2025-07-19T15:33:00,2025-07-19T15:39:00,android,tablet,GB,False
S0002944,U000615,2025-12-07T20:35:00,2025-12-07T21:40:00,android,tablet,GB,False
S0002945,U002292,2025-08-17T20:27:00,2025-08-17T21:56:00,ios,mobile,GB,False
S0002946,U002923,2025-03-17T13:51:00,2025-03-17T15:38:00,android,mobile,GB,False
S0002947,U003773,2025-12-20T16:24:00,2025-12-20T17:23:00,android,tablet,GB,False
S0002948,U001753,2025-07-08T16:57:00,2025-07-08T18:23:00,android,tablet,GB,False
S0002949,U000750,2025-08-31T20:29:00,2025-08-31T22:03:00,android,mobile,GB,False
S0002950,U002518,2025-10-06T11:45:00,2025-10-06T12:27:00,ctv,streaming_stick,GB,False
S0002951,U001917,2025-05-31T19:42:00,2025-05-31T20:58:00,ios,tablet,GB,False
S0002952,U000168,2025-09-09T17:32:00,2025-09-09T18:08:00,web,desktop,GB,False
S0002953,U003687,2025-05-01T15:43:00,2025-05-01T16:21:00,ctv,smart_tv,GB,False
S0002954,U003084,2025-08-03T18:14:00,2025-08-03T20:11:00,web,mobile,GB,False
S0002955,U000273,2025-06-22T19:52:00,2025-06-22T20:57:00,android,mobile,GB,False
S0002956,U003258,2025-01-23T19:03:00,2025-01-23T19:26:00,ios,mobile,GB,False
S0002957,U000201,2025-04-08T12:58:00,2025-04-08T14:44:00,web,mobile,GB,False
S0002958,U002313,2025-11-23T09:58:00,2025-11-23T10:14:00,android,mobile,GB,False
S0002959,U003611,2025-09-15T16:03:00,2025-09-15T17:57:00,web,desktop,GB,False
S0002960,U001388,2025-08-08T20:31:00,2025-08-08T20:51:00,ios,mobile,GB,False
S0002961,U000209,2025-11-02T16:18:00,2025-11-02T16:58:00,ios,mobile,GB,False
S0002962,U000221,2025-07-15T13:27:00,2025-07-15T13:49:00,ios,tablet,GB,False
S0002963,U003259,2025-12-07T20:49:00,2025-12-07T22:25:00,android,mobile,GB,False
S0002964,U000258,2025-03-09T23:20:00,2025-03-10T01:16:00,ios,mobile,GB,False
S0002965,U003745,2025-09-05T07:10:00,2025-09-05T08:55:00,ios,mobile,GB,False
S0002966,U003220,2025-03-15T12:28:00,2025-03-15T13:29:00,ios,tablet,GB,False
S0002967,U003076,2025-01-14T06:33:00,2025-01-14T07:21:00,ios,mobile,GB,False
S0002968,U001417,2025-11-02T12:21:00,2025-11-02T13:46:00,web,tablet,GB,False
S0002969,U000984,2025-04-06T11:20:00,2025-04-06T13:11:00,android,mobile,GB,False
S0002970,U002644,2025-08-09T08:25:00,2025-08-09T08:49:00,ctv,smart_tv,GB,True
S0002971,U002022,2025-03-08T17:02:00,2025-03-08T18:27:00,ctv,smart_tv,GB,False
S0002972,U001826,2025-07-22T14:34:00,2025-07-22T14:44:00,web,desktop,GB,False
S0002973,U001780,2025-08-11T06:45:00,2025-08-11T08:07:00,android,tablet,GB,True
S0002974,U003673,2025-01-12T08:21:00,2025-01-12T09:41:00,ios,tablet,GB,False
S0002975,U003029,2025-05-23T16:12:00,2025-05-23T16:52:00,web,tablet,GB,False
S0002976,U002907,2025-02-13T14:02:00,2025-02-13T14:30:00,android,tablet,GB,False
S0002977,U001797,2025-08-02T17:08:00,2025-08-02T17:54:00,android,mobile,GB,False
S0002978,U001365,2025-02-24T17:16:00,2025-02-24T18:53:00,ios,tablet,GB,False
S0002979,U002594,2025-09-24T17:39:00,2025-09-24T17:48:00,ctv,smart_tv,GB,False
S0002980,U000103,2025-05-17T06:41:00,2025-05-17T06:57:00,web,desktop,GB,False
S0002981,U001560,2025-08-02T16:07:00,2025-08-02T16:43:00,ctv,smart_tv,GB,False
S0002982,U003547,2025-04-13T13:50:00,2025-04-13T15:36:00,web,mobile,GB,False
S0002983,U000128,2025-04-07T11:48:00,2025-04-07T12:42:00,ios,mobile,GB,False
S0002984,U001094,2025-07-27T13:17:00,2025-07-27T14:15:00,android,mobile,GB,False
S0002985,U003239,2025-11-22T15:35:00,2025-11-22T15:54:00,ios,mobile,GB,False
S0002986,U003825,2025-07-31T15:41:00,2025-07-31T17:22:00,android,tablet,GB,True
S0002987,U001994,2025-10-20T09:41:00,2025-10-20T11:14:00,android,tablet,GB,False
S0002988,U002830,2025-12-09T18:34:00,2025-12-09T18:51:00,web,desktop,GB,False
S0002989,U001801,2025-01-16T11:39:00,2025-01-16T12:51:00,ctv,streaming_stick,GB,False
S0002990,U003895,2025-10-27T21:28:00,2025-10-27T21:41:00,web,tablet,GB,False
S0002991,U000211,2025-06-28T16:52:00,2025-06-28T17:39:00,ctv,streaming_stick,GB,True
S0002992,U003205,2025-04-04T20:43:00,2025-04-04T22:00:00,android,mobile,GB,False
S0002993,U002542,2025-06-05T19:28:00,2025-06-05T19:33:00,ios,tablet,GB,False
S0002994,U002825,2025-02-12T14:25:00,2025-02-12T14:38:00,android,mobile,GB,False
S0002995,U001788,2025-07-31T23:22:00,2025-07-31T23:35:00,ios,tablet,GB,False
S0002996,U001523,2025-09-14T18:01:00,2025-09-14T18:28:00,web,desktop,GB,False
S0002997,U000448,2025-04-02T21:52:00,2025-04-02T23:04:00,android,tablet,GB,False
S0002998,U002716,2025-07-16T16:33:00,2025-07-16T17:22:00,ios,tablet,GB,False
S0002999,U000863,2025-11-07T13:49:00,2025-11-07T15:03:00,ios,mobile,GB,True
S0003000,U001127,2025-04-29T21:43:00,2025-04-29T22:58:00,ios,tablet,GB,False
S0003001,U003354,2025-11-29T10:50:00,2025-11-29T11:52:00,web,tablet,GB,False
S0003002,U000562,2025-02-22T13:06:00,2025-02-22T13:28:00,android,tablet,GB,False
S0003003,U000740,2025-09-25T15:46:00,2025-09-25T16:55:00,android,tablet,GB,False
S0003004,U002390,2025-11-21T17:59:00,2025-11-21T18:25:00,ctv,streaming_stick,GB,False
S0003005,U003503,2025-02-16T19:44:00,2025-02-16T20:27:00,android,mobile,GB,False
S0003006,U001737,2025-02-05T18:10:00,2025-02-05T19:34:00,web,tablet,GB,False
S0003007,U003665,2025-10-29T17:34:00,2025-10-29T18:22:00,ctv,smart_tv,GB,False
S0003008,U000681,2025-03-04T22:19:00,2025-03-04T22:47:00,ctv,smart_tv,GB,False
S0003009,U000325,2025-09-05T19:37:00,2025-09-05T21:10:00,web,mobile,GB,False
S0003010,U002987,2025-05-12T21:46:00,2025-05-12T23:11:00,ctv,smart_tv,GB,False
S0003011,U003147,2025-02-10T19:45:00,2025-02-10T20:12:00,ios,mobile,GB,True
S0003012,U002708,2025-10-26T14:50:00,2025-10-26T15:34:00,web,desktop,GB,False
S0003013,U002903,2025-05-22T14:41:00,2025-05-22T14:55:00,web,tablet,GB,False
S0003014,U003416,2025-10-02T15:33:00,2025-10-02T16:43:00,android,mobile,GB,False
S0003015,U000315,2025-10-20T21:16:00,2025-10-20T22:28:00,web,mobile,GB,False
S0003016,U003413,2025-04-22T06:00:00,2025-04-22T07:19:00,ios,tablet,GB,False
S0003017,U003413,2025-02-01T21:26:00,2025-02-01T22:52:00,android,tablet,GB,False
S0003018,U003055,2025-03-17T18:09:00,2025-03-17T19:58:00,android,mobile,GB,False
S0003019,U000327,2025-09-19T22:05:00,2025-09-19T23:49:00,web,desktop,GB,False
S0003020,U003257,2025-05-04T23:58:00,2025-05-05T01:09:00,web,mobile,GB,False
S0003021,U002353,2025-11-17T17:46:00,2025-11-17T17:55:00,ios,tablet,GB,False
S0003022,U000616,2025-11-14T23:27:00,2025-11-15T00:25:00,web,tablet,GB,False
S0003023,U001435,2025-08-06T14:23:00,2025-08-06T14:57:00,android,tablet,GB,False
S0003024,U003672,2025-03-18T15:56:00,2025-03-18T17:04:00,ctv,smart_tv,GB,False
S0003025,U000282,2025-08-16T13:43:00,2025-08-16T15:06:00,ios,tablet,GB,False
S0003026,U003807,2025-12-14T09:40:00,2025-12-14T11:05:00,ios,mobile,GB,False
S0003027,U000385,2025-10-30T15:56:00,2025-10-30T16:36:00,android,tablet,GB,False
S0003028,U003689,2025-09-17T14:11:00,2025-09-17T15:28:00,web,desktop,GB,False
S0003029,U000212,2025-12-13T22:38:00,2025-12-13T23:01:00,ctv,streaming_stick,GB,False
S0003030,U002384,2025-07-25T17:26:00,2025-07-25T19:16:00,ios,tablet,GB,False
S0003031,U000511,2025-08-26T07:03:00,2025-08-26T07:19:00,web,mobile,GB,False
S0003032,U003469,2025-09-01T12:35:00,2025-09-01T14:09:00,android,mobile,GB,False
S0003033,U001318,2025-03-01T16:21:00,2025-03-01T17:27:00,ios,tablet,GB,False
S0003034,U000176,2025-12-01T12:26:00,2025-12-01T14:14:00,web,desktop,GB,False
S0003035,U001901,2025-12-14T21:42:00,2025-12-14T23:09:00,ios,tablet,GB,False
S0003036,U002678,2025-03-18T19:10:00,2025-03-18T19:59:00,android,tablet,GB,False
S0003037,U003271,2025-04-08T14:44:00,2025-04-08T15:17:00,android,tablet,GB,False
S0003038,U003162,2025-02-08T17:02:00,2025-02-08T17:10:00,web,mobile,GB,False
S0003039,U003979,2025-11-16T20:33:00,2025-11-16T21:01:00,android,mobile,GB,False
S0003040,U003337,2025-02-18T12:05:00,2025-02-18T12:22:00,ios,tablet,GB,True
S0003041,U003616,2025-08-21T15:44:00,2025-08-21T15:59:00,ios,mobile,GB,True
S0003042,U002417,2025-12-18T12:21:00,2025-12-18T14:13:00,web,desktop,GB,False
S0003043,U000941,2025-11-08T21:24:00,2025-11-08T21:57:00,ios,tablet,GB,False
S0003044,U001240,2025-05-22T20:34:00,2025-05-22T20:53:00,ios,tablet,GB,False
S0003045,U001574,2025-12-14T08:12:00,2025-12-14T10:08:00,web,desktop,GB,False
S0003046,U001602,2025-06-26T15:48:00,2025-06-26T17:37:00,web,tablet,GB,True
S0003047,U000286,2025-08-22T15:56:00,2025-08-22T17:10:00,ios,mobile,GB,False
S0003048,U003158,2025-07-30T08:44:00,2025-07-30T10:36:00,ios,mobile,GB,False
S0003049,U001625,2025-07-06T15:57:00,2025-07-06T16:30:00,ios,tablet,GB,True
S0003050,U003648,2025-07-30T20:35:00,2025-07-30T21:57:00,web,desktop,GB,False
S0003051,U001270,2025-08-31T13:59:00,2025-08-31T14:13:00,android,mobile,GB,False
S0003052,U002439,2025-07-10T14:39:00,2025-07-10T14:56:00,ctv,smart_tv,GB,False
S0003053,U001414,2025-09-11T16:17:00,2025-09-11T17:19:00,web,tablet,GB,False
S0003054,U000270,2025-10-10T17:52:00,2025-10-10T18:50:00,android,tablet,GB,False
S0003055,U003509,2025-08-16T19:23:00,2025-08-16T20:00:00,ios,mobile,GB,False
S0003056,U003182,2025-04-07T20:46:00,2025-04-07T22:41:00,web,tablet,GB,False
S0003057,U001124,2025-04-07T07:33:00,2025-04-07T09:12:00,web,desktop,GB,False
S0003058,U003858,2025-03-24T21:47:00,2025-03-24T23:06:00,android,mobile,GB,False
S0003059,U002521,2025-01-19T09:09:00,2025-01-19T11:01:00,ios,tablet,GB,False
S0003060,U001012,2025-06-08T17:43:00,2025-06-08T19:16:00,android,mobile,GB,False
S0003061,U000253,2025-01-21T10:52:00,2025-01-21T11:58:00,ctv,streaming_stick,GB,False
S0003062,U001066,2025-10-18T11:32:00,2025-10-18T12:02:00,android,mobile,GB,False
S0003063,U002320,2025-02-27T06:45:00,2025-02-27T07:44:00,ios,mobile,GB,False
S0003064,U003432,2025-12-16T19:56:00,2025-12-16T20:38:00,android,mobile,GB,False
S0003065,U000301,2025-06-02T18:41:00,2025-06-02T19:57:00,android,mobile,GB,False
S0003066,U001898,2025-05-20T18:24:00,2025-05-20T19:25:00,ios,tablet,GB,False
S0003067,U003744,2025-03-17T10:49:00,2025-03-17T12:28:00,web,mobile,GB,False
S0003068,U003454,2025-11-28T16:43:00,2025-11-28T17:05:00,android,mobile,GB,False
S0003069,U003218,2025-07-27T18:41:00,2025-07-27T19:18:00,web,desktop,GB,False
S0003070,U001612,2025-05-07T13:42:00,2025-05-07T14:43:00,ios,tablet,GB,False
S0003071,U000782,2025-09-20T20:29:00,2025-09-20T20:58:00,android,tablet,GB,False
S0003072,U000350,2025-05-28T18:11:00,2025-05-28T18:56:00,ctv,streaming_stick,GB,False
S0003073,U001925,2025-05-29T13:14:00,2025-05-29T13:34:00,ios,tablet,GB,False
S0003074,U003724,2025-07-17T09:26:00,2025-07-17T10:35:00,ios,tablet,GB,False
S0003075,U003598,2025-03-16T17:02:00,2025-03-16T18:37:00,web,tablet,GB,False
S0003076,U001764,2025-05-30T14:59:00,2025-05-30T16:29:00,web,tablet,GB,False
S0003077,U001219,2025-05-28T19:33:00,2025-05-28T21:28:00,web,desktop,GB,False
S0003078,U003105,2025-11-16T17:30:00,2025-11-16T17:48:00,android,tablet,GB,False
S0003079,U002000,2025-10-04T19:35:00,2025-10-04T19:50:00,ctv,smart_tv,GB,False
S0003080,U002863,2025-08-20T18:04:00,2025-08-20T18:54:00,ctv,streaming_stick,GB,False
S0003081,U000665,2025-08-27T17:13:00,2025-08-27T18:54:00,ios,mobile,GB,False
S0003082,U003487,2025-04-06T07:03:00,2025-04-06T08:50:00,ctv,smart_tv,GB,False
S0003083,U001630,2025-03-29T11:11:00,2025-03-29T12:38:00,android,mobile,GB,False
S0003084,U000392,2025-10-16T17:55:00,2025-10-16T18:10:00,android,tablet,GB,False
S0003085,U003234,2025-09-01T12:26:00,2025-09-01T13:20:00,web,desktop,GB,False
S0003086,U003086,2025-08-23T21:37:00,2025-08-23T22:38:00,android,tablet,GB,False
S0003087,U003938,2025-09-26T08:11:00,2025-09-26T09:07:00,ios,tablet,GB,False
S0003088,U000388,2025-08-10T19:11:00,2025-08-10T20:08:00,android,mobile,GB,False
S0003089,U001490,2025-01-28T15:59:00,2025-01-28T16:24:00,android,mobile,GB,False
S0003090,U003731,2025-08-20T09:46:00,2025-08-20T10:08:00,web,desktop,GB,False
S0003091,U001452,2025-08-16T21:01:00,2025-08-16T22:23:00,web,tablet,GB,False
S0003092,U003091,2025-02-25T19:30:00,2025-02-25T20:01:00,web,desktop,GB,False
S0003093,U003948,2025-10-11T20:09:00,2025-10-11T21:09:00,android,mobile,GB,False
S0003094,U001697,2025-09-14T20:00:00,2025-09-14T20:46:00,android,tablet,GB,False
S0003095,U001428,2025-03-07T06:06:00,2025-03-07T06:27:00,ctv,smart_tv,GB,False
S0003096,U002099,2025-08-29T06:17:00,2025-08-29T06:56:00,android,mobile,GB,False
S0003097,U003488,2025-09-05T09:44:00,2025-09-05T11:17:00,ctv,streaming_stick,GB,False
S0003098,U002655,2025-09-10T16:06:00,2025-09-10T17:44:00,ctv,smart_tv,GB,False
S0003099,U001465,2025-04-21T18:36:00,2025-04-21T20:08:00,android,mobile,GB,False
S0003100,U002421,2025-08-03T15:57:00,2025-08-03T17:46:00,ios,mobile,GB,False
S0003101,U000482,2025-03-10T18:25:00,2025-03-10T18:38:00,ios,mobile,GB,False
S0003102,U002408,2025-09-28T18:30:00,2025-09-28T19:37:00,android,mobile,GB,False
S0003103,U002697,2025-11-07T16:35:00,2025-11-07T18:09:00,ctv,smart_tv,GB,False
S0003104,U002011,2025-04-27T22:10:00,2025-04-27T23:08:00,ios,tablet,GB,False
S0003105,U003338,2025-08-12T17:49:00,2025-08-12T18:51:00,ios,mobile,GB,False
S0003106,U000114,2025-04-14T14:08:00,2025-04-14T15:15:00,web,desktop,GB,False
S0003107,U002761,2025-01-20T23:29:00,2025-01-20T23:43:00,ios,tablet,GB,False
S0003108,U003686,2025-09-06T14:16:00,2025-09-06T15:22:00,android,mobile,GB,False
S0003109,U003531,2025-01-15T17:24:00,2025-01-15T18:01:00,android,tablet,GB,False
S0003110,U000483,2025-01-12T14:25:00,2025-01-12T16:09:00,web,tablet,GB,True
S0003111,U000629,2025-03-15T17:21:00,2025-03-15T17:41:00,android,tablet,GB,False
S0003112,U002980,2025-01-04T16:03:00,2025-01-04T16:17:00,ios,tablet,GB,False
S0003113,U003260,2025-10-11T09:56:00,2025-10-11T10:55:00,ios,tablet,GB,False
S0003114,U003546,2025-12-18T06:13:00,2025-12-18T07:40:00,android,tablet,GB,False
S0003115,U000891,2025-08-09T11:14:00,2025-08-09T12:19:00,android,mobile,GB,False
S0003116,U001374,2025-04-18T11:11:00,2025-04-18T12:48:00,ctv,streaming_stick,GB,False
S0003117,U003986,2025-05-21T21:44:00,2025-05-21T22:12:00,web,tablet,GB,False
S0003118,U000228,2025-08-20T19:38:00,2025-08-20T21:18:00,ios,mobile,GB,False
S0003119,U002937,2025-12-24T08:09:00,2025-12-24T08:41:00,ios,tablet,GB,False
S0003120,U001930,2025-01-23T18:24:00,2025-01-23T19:08:00,android,mobile,GB,True
S0003121,U000092,2025-02-24T14:24:00,2025-02-24T15:32:00,ios,tablet,GB,False
S0003122,U002759,2025-01-12T17:31:00,2025-01-12T19:05:00,web,tablet,GB,False
S0003123,U000408,2025-01-09T15:31:00,2025-01-09T16:29:00,ios,tablet,GB,False
S0003124,U002368,2025-10-21T11:19:00,2025-10-21T12:35:00,ios,mobile,GB,False
S0003125,U002336,2025-05-22T18:03:00,2025-05-22T19:57:00,ios,mobile,GB,False
S0003126,U000801,2025-06-15T09:04:00,2025-06-15T10:40:00,ios,tablet,GB,False
S0003127,U001746,2025-04-01T18:09:00,2025-04-01T19:08:00,web,tablet,GB,False
S0003128,U003985,2025-09-10T21:39:00,2025-09-10T22:04:00,ios,tablet,GB,False
S0003129,U000551,2025-02-19T21:50:00,2025-02-19T23:04:00,ios,tablet,GB,False
S0003130,U000267,2025-10-03T16:24:00,2025-10-03T17:15:00,android,mobile,GB,False
S0003131,U002662,2025-02-22T13:39:00,2025-02-22T14:03:00,ctv,streaming_stick,GB,False
S0003132,U003961,2025-12-21T09:37:00,2025-12-21T10:10:00,android,mobile,GB,False
S0003133,U001563,2025-09-03T13:05:00,2025-09-03T13:31:00,ios,tablet,GB,False
S0003134,U002926,2025-09-06T06:16:00,2025-09-06T06:55:00,ios,tablet,GB,False
S0003135,U001943,2025-10-17T13:04:00,2025-10-17T13:38:00,android,tablet,GB,False
S0003136,U000213,2025-09-17T21:08:00,2025-09-17T22:44:00,ios,mobile,GB,False
S0003137,U003113,2025-06-12T18:20:00,2025-06-12T19:46:00,android,mobile,GB,False
S0003138,U001154,2025-10-28T12:05:00,2025-10-28T13:26:00,web,desktop,GB,False
S0003139,U000749,2025-03-19T13:41:00,2025-03-19T15:00:00,ctv,smart_tv,GB,False
S0003140,U000939,2025-11-18T10:18:00,2025-11-18T10:38:00,ctv,smart_tv,GB,False
S0003141,U001737,2025-12-03T08:35:00,2025-12-03T10:34:00,ios,mobile,GB,False
S0003142,U001690,2025-11-11T06:09:00,2025-11-11T07:19:00,android,mobile,GB,False
S0003143,U003258,2025-02-09T18:40:00,2025-02-09T19:01:00,ios,mobile,GB,True
S0003144,U001470,2025-02-16T20:21:00,2025-02-16T21:13:00,web,mobile,GB,False
S0003145,U001042,2025-12-20T15:56:00,2025-12-20T16:12:00,android,tablet,GB,False
S0003146,U000265,2025-07-03T10:33:00,2025-07-03T11:46:00,ctv,streaming_stick,GB,False
S0003147,U001189,2025-11-13T07:43:00,2025-11-13T08:20:00,android,mobile,GB,False
S0003148,U002841,2025-01-15T13:56:00,2025-01-15T14:14:00,ios,tablet,GB,False
S0003149,U003036,2025-05-31T18:24:00,2025-05-31T19:04:00,ios,tablet,GB,False
S0003150,U003551,2025-10-14T09:08:00,2025-10-14T09:34:00,web,desktop,GB,False
S0003151,U001241,2025-04-28T14:32:00,2025-04-28T14:41:00,ios,tablet,GB,False
S0003152,U001301,2025-10-16T18:47:00,2025-10-16T20:30:00,ios,tablet,GB,False
S0003153,U002443,2025-07-30T14:51:00,2025-07-30T16:33:00,ios,mobile,GB,False
S0003154,U003373,2025-03-13T15:18:00,2025-03-13T15:59:00,web,mobile,GB,False
S0003155,U000790,2025-11-15T17:45:00,2025-11-15T19:45:00,ctv,smart_tv,GB,False
S0003156,U002893,2025-11-01T23:11:00,2025-11-02T00:34:00,web,desktop,GB,False
S0003157,U002316,2025-02-16T11:05:00,2025-02-16T11:51:00,android,tablet,GB,False
S0003158,U000035,2025-04-15T15:40:00,2025-04-15T17:06:00,ctv,smart_tv,GB,False
S0003159,U002810,2025-01-05T17:59:00,2025-01-05T19:22:00,web,desktop,GB,False
S0003160,U003190,2025-12-22T18:29:00,2025-12-22T20:22:00,ios,mobile,GB,False
S0003161,U001832,2025-07-05T19:21:00,2025-07-05T20:15:00,ctv,streaming_stick,GB,False
S0003162,U002828,2025-05-26T15:19:00,2025-05-26T17:18:00,web,tablet,GB,False
S0003163,U002884,2025-06-22T15:50:00,2025-06-22T16:42:00,android,tablet,GB,False
S0003164,U002864,2025-10-24T13:38:00,2025-10-24T15:15:00,ctv,smart_tv,GB,False
S0003165,U003452,2025-11-02T17:03:00,2025-11-02T17:53:00,web,mobile,GB,False
S0003166,U003494,2025-07-19T20:53:00,2025-07-19T21:49:00,web,desktop,GB,False
S0003167,U000549,2025-02-19T08:06:00,2025-02-19T08:57:00,android,tablet,GB,False
S0003168,U000104,2025-05-03T12:54:00,2025-05-03T13:19:00,ios,mobile,GB,False
S0003169,U001983,2025-12-07T17:26:00,2025-12-07T18:41:00,ctv,streaming_stick,GB,False
S0003170,U003773,2025-08-06T22:05:00,2025-08-06T22:17:00,ctv,smart_tv,GB,False
S0003171,U002551,2025-01-04T15:09:00,2025-01-04T17:08:00,android,mobile,GB,False
S0003172,U003006,2025-04-01T13:33:00,2025-04-01T14:21:00,ios,mobile,GB,False
S0003173,U001398,2025-01-19T22:16:00,2025-01-19T22:46:00,android,tablet,GB,False
S0003174,U003249,2025-02-09T17:03:00,2025-02-09T17:37:00,android,tablet,GB,False
S0003175,U003895,2025-11-17T08:56:00,2025-11-17T10:09:00,ios,tablet,GB,False
S0003176,U000899,2025-10-31T23:15:00,2025-11-01T00:40:00,ctv,streaming_stick,GB,False
S0003177,U002010,2025-04-17T14:35:00,2025-04-17T15:23:00,ios,tablet,GB,False
S0003178,U002554,2025-09-17T14:13:00,2025-09-17T15:06:00,ctv,smart_tv,GB,False
S0003179,U002672,2025-05-09T23:05:00,2025-05-09T23:18:00,android,mobile,GB,False
S0003180,U000561,2025-02-21T17:22:00,2025-02-21T17:33:00,ios,tablet,GB,False
S0003181,U003449,2025-01-14T14:03:00,2025-01-14T15:44:00,ios,mobile,GB,False
S0003182,U002335,2025-05-22T15:24:00,2025-05-22T17:18:00,ios,mobile,GB,False
S0003183,U000723,2025-07-28T19:53:00,2025-07-28T20:29:00,ios,tablet,GB,False
S0003184,U001015,2025-11-21T10:43:00,2025-11-21T11:07:00,web,tablet,GB,False
S0003185,U003173,2025-08-31T10:22:00,2025-08-31T11:57:00,web,mobile,GB,False
S0003186,U003848,2025-12-29T15:18:00,2025-12-29T15:43:00,ios,mobile,GB,False
S0003187,U000427,2025-12-22T19:37:00,2025-12-22T21:02:00,ios,mobile,GB,False
S0003188,U001776,2025-08-03T06:37:00,2025-08-03T07:45:00,android,mobile,GB,True
S0003189,U000779,2025-07-06T09:05:00,2025-07-06T09:13:00,ctv,streaming_stick,GB,False
S0003190,U002581,2025-10-05T15:49:00,2025-10-05T16:48:00,android,tablet,GB,False
S0003191,U002438,2025-04-26T06:50:00,2025-04-26T07:55:00,ios,mobile,GB,False
S0003192,U001552,2025-06-10T12:46:00,2025-06-10T13:53:00,android,tablet,GB,True
S0003193,U001620,2025-03-11T14:13:00,2025-03-11T15:23:00,ios,mobile,GB,False
S0003194,U000279,2025-02-26T11:49:00,2025-02-26T13:13:00,ios,mobile,GB,False
S0003195,U001229,2025-10-05T22:19:00,2025-10-05T23:06:00,ios,mobile,GB,False
S0003196,U000233,2025-05-20T09:16:00,2025-05-20T10:16:00,web,mobile,GB,False
S0003197,U000636,2025-03-11T15:57:00,2025-03-11T17:21:00,ios,mobile,GB,False
S0003198,U002581,2025-05-21T09:06:00,2025-05-21T09:48:00,web,mobile,GB,False
S0003199,U001577,2025-09-07T15:12:00,2025-09-07T15:33:00,web,tablet,GB,False
S0003200,U003632,2025-09-24T10:10:00,2025-09-24T11:52:00,ios,mobile,GB,False
S0003201,U000512,2025-08-11T19:54:00,2025-08-11T20:33:00,ctv,streaming_stick,GB,False
S0003202,U003676,2025-10-24T16:58:00,2025-10-24T17:31:00,android,mobile,GB,False
S0003203,U002221,2025-02-03T15:04:00,2025-02-03T15:56:00,android,mobile,GB,False
S0003204,U002184,2025-05-25T13:02:00,2025-05-25T13:14:00,ctv,streaming_stick,GB,True
S0003205,U001039,2025-11-25T09:42:00,2025-11-25T10:07:00,android,mobile,GB,False
S0003206,U002920,2025-10-26T23:14:00,2025-10-26T23:38:00,android,tablet,GB,False
S0003207,U001217,2025-01-18T21:14:00,2025-01-18T22:23:00,android,tablet,GB,False
S0003208,U000856,2025-12-01T13:39:00,2025-12-01T14:58:00,ios,tablet,GB,False
S0003209,U002909,2025-06-13T12:30:00,2025-06-13T13:35:00,ctv,smart_tv,GB,False
S0003210,U003177,2025-07-30T18:04:00,2025-07-30T18:57:00,web,tablet,GB,False
S0003211,U001047,2025-03-04T13:58:00,2025-03-04T14:39:00,web,mobile,GB,False
S0003212,U001658,2025-06-15T14:32:00,2025-06-15T15:23:00,web,desktop,GB,False
S0003213,U001433,2025-10-20T16:46:00,2025-10-20T18:46:00,ios,tablet,GB,False
S0003214,U002169,2025-04-23T22:30:00,2025-04-23T23:33:00,android,mobile,GB,False
S0003215,U001033,2025-10-12T13:45:00,2025-10-12T15:07:00,ios,tablet,GB,False
S0003216,U003341,2025-04-25T21:51:00,2025-04-25T23:04:00,web,desktop,GB,False
S0003217,U000594,2025-04-06T09:53:00,2025-04-06T11:36:00,android,mobile,GB,False
S0003218,U003657,2025-08-03T10:05:00,2025-08-03T11:47:00,ctv,streaming_stick,GB,False
S0003219,U001867,2025-02-21T17:09:00,2025-02-21T18:55:00,web,tablet,GB,False
S0003220,U002463,2025-04-22T23:09:00,2025-04-23T00:09:00,ios,mobile,GB,False
S0003221,U003306,2025-02-18T06:03:00,2025-02-18T08:03:00,web,tablet,GB,False
S0003222,U003284,2025-02-08T21:22:00,2025-02-08T21:59:00,ctv,streaming_stick,GB,False
S0003223,U000152,2025-10-12T21:03:00,2025-10-12T22:17:00,ios,mobile,GB,False
S0003224,U001676,2025-06-11T20:39:00,2025-06-11T21:15:00,ios,mobile,GB,False
S0003225,U001549,2025-05-04T22:13:00,2025-05-04T23:07:00,web,desktop,GB,False
S0003226,U001759,2025-10-18T17:27:00,2025-10-18T18:18:00,android,tablet,GB,False
S0003227,U003695,2025-01-08T14:33:00,2025-01-08T15:49:00,android,mobile,GB,False
S0003228,U000211,2025-03-18T14:38:00,2025-03-18T14:54:00,ios,mobile,GB,False
S0003229,U002709,2025-09-04T21:10:00,2025-09-04T22:08:00,android,mobile,GB,False
S0003230,U001493,2025-01-21T16:41:00,2025-01-21T17:37:00,web,desktop,GB,False
S0003231,U001852,2025-06-24T19:31:00,2025-06-24T19:37:00,ctv,smart_tv,GB,True
S0003232,U003166,2025-05-26T08:23:00,2025-05-26T09:34:00,web,tablet,GB,False
S0003233,U000534,2025-12-14T13:20:00,2025-12-14T14:40:00,web,desktop,GB,False
S0003234,U003614,2025-06-21T15:32:00,2025-06-21T17:22:00,web,tablet,GB,False
S0003235,U001981,2025-06-29T12:25:00,2025-06-29T13:31:00,web,desktop,GB,False
S0003236,U001656,2025-12-13T11:30:00,2025-12-13T13:28:00,ios,mobile,GB,False
S0003237,U000778,2025-09-01T20:35:00,2025-09-01T22:26:00,ios,tablet,GB,True
S0003238,U001675,2025-12-30T22:59:00,2025-12-31T00:17:00,ios,mobile,GB,False
S0003239,U002804,2025-01-17T09:12:00,2025-01-17T10:00:00,ios,tablet,GB,False
S0003240,U000597,2025-11-24T17:57:00,2025-11-24T19:20:00,ctv,smart_tv,GB,False
S0003241,U003831,2025-04-23T13:27:00,2025-04-23T13:51:00,web,tablet,GB,False
S0003242,U002558,2025-07-22T13:04:00,2025-07-22T13:43:00,ios,mobile,GB,False
S0003243,U001941,2025-11-21T13:36:00,2025-11-21T15:14:00,android,tablet,GB,False
S0003244,U000498,2025-07-14T15:46:00,2025-07-14T15:51:00,ios,mobile,GB,False
S0003245,U003369,2025-10-28T18:10:00,2025-10-28T18:17:00,ios,mobile,GB,False
S0003246,U001598,2025-09-01T20:52:00,2025-09-01T21:42:00,ios,mobile,GB,False
S0003247,U003338,2025-11-04T23:40:00,2025-11-05T00:08:00,ios,mobile,GB,False
S0003248,U003861,2025-06-14T07:01:00,2025-06-14T08:43:00,ios,mobile,GB,False
S0003249,U000209,2025-04-13T23:30:00,2025-04-14T01:26:00,ios,tablet,GB,False
S0003250,U002713,2025-08-31T08:12:00,2025-08-31T10:07:00,web,tablet,GB,False
S0003251,U003619,2025-09-14T19:40:00,2025-09-14T20:36:00,android,tablet,GB,False
S0003252,U000808,2025-09-19T20:33:00,2025-09-19T22:12:00,android,mobile,GB,False
S0003253,U001907,2025-11-19T14:18:00,2025-11-19T15:27:00,ctv,smart_tv,GB,False
S0003254,U002175,2025-07-20T10:35:00,2025-07-20T12:07:00,ios,mobile,GB,False
S0003255,U003820,2025-01-04T15:54:00,2025-01-04T16:04:00,ctv,streaming_stick,GB,False
S0003256,U001203,2025-02-03T16:32:00,2025-02-03T17:43:00,android,tablet,GB,True
S0003257,U002739,2025-02-06T20:14:00,2025-02-06T20:29:00,ios,tablet,GB,False
S0003258,U003629,2025-10-17T14:12:00,2025-10-17T15:56:00,android,mobile,GB,True
S0003259,U001036,2025-04-15T16:24:00,2025-04-15T17:06:00,ios,tablet,GB,False
S0003260,U000314,2025-08-22T16:48:00,2025-08-22T17:05:00,web,tablet,GB,False
S0003261,U001872,2025-11-14T10:27:00,2025-11-14T11:13:00,android,tablet,GB,False
S0003262,U001311,2025-04-23T21:04:00,2025-04-23T22:01:00,ctv,smart_tv,GB,False
S0003263,U001977,2025-02-21T13:41:00,2025-02-21T14:01:00,web,tablet,GB,False
S0003264,U003119,2025-03-07T12:57:00,2025-03-07T13:28:00,android,tablet,GB,False
S0003265,U003683,2025-07-25T15:37:00,2025-07-25T15:48:00,android,mobile,GB,True
S0003266,U001853,2025-06-07T17:55:00,2025-06-07T18:07:00,web,tablet,GB,False
S0003267,U002395,2025-11-10T23:05:00,2025-11-10T23:35:00,android,mobile,GB,True
S0003268,U001219,2025-11-03T07:00:00,2025-11-03T07:30:00,ios,mobile,GB,False
S0003269,U003556,2025-07-07T21:41:00,2025-07-07T23:36:00,web,desktop,GB,False
S0003270,U003496,2025-12-04T11:15:00,2025-12-04T13:02:00,android,mobile,GB,False
S0003271,U003851,2025-09-12T15:48:00,2025-09-12T16:22:00,ctv,smart_tv,GB,False
S0003272,U000272,2025-05-14T10:38:00,2025-05-14T11:18:00,android,tablet,GB,False
S0003273,U001650,2025-06-30T17:31:00,2025-06-30T18:54:00,web,tablet,GB,False
S0003274,U002719,2025-04-07T11:52:00,2025-04-07T12:12:00,android,mobile,GB,False
S0003275,U000119,2025-10-04T18:38:00,2025-10-04T19:06:00,android,mobile,GB,False
S0003276,U002761,2025-12-13T09:05:00,2025-12-13T09:47:00,ios,mobile,GB,False
S0003277,U003518,2025-06-29T12:03:00,2025-06-29T13:13:00,web,desktop,GB,False
S0003278,U003311,2025-08-24T20:04:00,2025-08-24T21:08:00,ios,mobile,GB,False
S0003279,U002236,2025-12-20T22:37:00,2025-12-20T23:13:00,ctv,smart_tv,GB,False
S0003280,U000898,2025-05-12T10:09:00,2025-05-12T11:51:00,ios,tablet,GB,False
S0003281,U002742,2025-12-15T15:07:00,2025-12-15T16:01:00,android,tablet,GB,False
S0003282,U000458,2025-09-01T14:41:00,2025-09-01T15:41:00,android,mobile,GB,False
S0003283,U003406,2025-03-19T08:16:00,2025-03-19T10:13:00,web,mobile,GB,False
S0003284,U000896,2025-12-14T10:18:00,2025-12-14T10:46:00,ctv,smart_tv,GB,False
S0003285,U000094,2025-03-04T20:56:00,2025-03-04T21:09:00,ios,mobile,GB,False
S0003286,U003063,2025-06-14T14:32:00,2025-06-14T15:00:00,ctv,streaming_stick,GB,True
S0003287,U002798,2025-12-21T10:17:00,2025-12-21T10:54:00,android,mobile,GB,False
S0003288,U001538,2025-06-07T19:21:00,2025-06-07T19:57:00,web,tablet,GB,False
S0003289,U000011,2025-09-19T17:38:00,2025-09-19T19:26:00,android,mobile,GB,False
S0003290,U000961,2025-11-17T12:48:00,2025-11-17T14:27:00,android,mobile,GB,False
S0003291,U002916,2025-08-14T20:38:00,2025-08-14T21:53:00,ios,tablet,GB,False
S0003292,U001519,2025-03-17T14:49:00,2025-03-17T15:02:00,web,mobile,GB,False
S0003293,U000499,2025-06-12T15:54:00,2025-06-12T16:10:00,web,tablet,GB,False
S0003294,U000495,2025-03-10T13:36:00,2025-03-10T15:00:00,ios,tablet,GB,False
S0003295,U000006,2025-03-05T12:48:00,2025-03-05T13:06:00,ctv,streaming_stick,GB,False
S0003296,U003582,2025-06-08T19:48:00,2025-06-08T21:39:00,android,mobile,GB,True
S0003297,U002880,2025-12-05T10:07:00,2025-12-05T10:18:00,ctv,smart_tv,GB,False
S0003298,U002861,2025-12-20T10:45:00,2025-12-20T12:30:00,android,tablet,GB,False
S0003299,U002341,2025-08-30T13:26:00,2025-08-30T15:21:00,android,tablet,GB,False
S0003300,U001924,2025-04-10T13:50:00,2025-04-10T14:19:00,ios,mobile,GB,False
S0003301,U003273,2025-04-21T18:19:00,2025-04-21T19:33:00,web,tablet,GB,False
S0003302,U001488,2025-10-05T14:19:00,2025-10-05T16:17:00,ios,mobile,GB,False
S0003303,U002012,2025-06-21T14:33:00,2025-06-21T15:51:00,ios,tablet,GB,False
S0003304,U001036,2025-05-15T19:37:00,2025-05-15T20:31:00,web,desktop,GB,False
S0003305,U003318,2025-06-16T21:38:00,2025-06-16T23:01:00,ios,mobile,GB,False
S0003306,U002403,2025-07-18T12:12:00,2025-07-18T12:23:00,android,mobile,GB,False
S0003307,U001765,2025-09-20T10:01:00,2025-09-20T10:20:00,web,mobile,GB,False
S0003308,U001423,2025-04-17T16:03:00,2025-04-17T16:16:00,web,mobile,GB,False
S0003309,U003359,2025-05-03T18:44:00,2025-05-03T20:09:00,android,tablet,GB,False
S0003310,U003233,2025-12-04T11:35:00,2025-12-04T13:30:00,ios,tablet,GB,False
S0003311,U003754,2025-09-01T21:14:00,2025-09-01T22:37:00,android,tablet,GB,True
S0003312,U000423,2025-04-01T20:06:00,2025-04-01T21:20:00,android,tablet,GB,False
S0003313,U002090,2025-01-20T15:50:00,2025-01-20T17:44:00,ios,tablet,GB,False
S0003314,U000340,2025-11-18T15:13:00,2025-11-18T15:53:00,android,tablet,GB,False
S0003315,U003969,2025-12-29T15:43:00,2025-12-29T16:58:00,ctv,streaming_stick,GB,False
S0003316,U001941,2025-12-21T18:59:00,2025-12-21T19:23:00,web,mobile,GB,False
S0003317,U000546,2025-01-21T17:58:00,2025-01-21T19:35:00,ctv,streaming_stick,GB,False
S0003318,U001533,2025-01-18T21:56:00,2025-01-18T22:07:00,ios,mobile,GB,False
S0003319,U002846,2025-09-26T18:38:00,2025-09-26T18:49:00,web,tablet,GB,False
S0003320,U001771,2025-05-06T20:11:00,2025-05-06T20:20:00,ios,tablet,GB,False
S0003321,U001921,2025-12-23T09:55:00,2025-12-23T11:40:00,ios,tablet,GB,False
S0003322,U003785,2025-02-09T21:23:00,2025-02-09T21:56:00,android,tablet,GB,False
S0003323,U003962,2025-12-26T15:03:00,2025-12-26T16:51:00,android,mobile,GB,False
S0003324,U003668,2025-01-27T23:26:00,2025-01-28T00:53:00,ios,mobile,GB,False
S0003325,U003633,2025-05-13T22:17:00,2025-05-13T23:20:00,web,desktop,GB,False
S0003326,U003381,2025-08-29T13:00:00,2025-08-29T14:03:00,android,tablet,GB,True
S0003327,U000595,2025-07-02T10:43:00,2025-07-02T11:32:00,web,desktop,GB,False
S0003328,U001494,2025-06-23T22:26:00,2025-06-24T00:24:00,ios,tablet,GB,False
S0003329,U000503,2025-01-19T20:26:00,2025-01-19T22:18:00,web,desktop,GB,False
S0003330,U001297,2025-01-25T18:16:00,2025-01-25T18:23:00,ios,mobile,GB,False
S0003331,U002947,2025-09-29T15:56:00,2025-09-29T17:25:00,ios,mobile,GB,False
S0003332,U000040,2025-11-07T18:14:00,2025-11-07T19:04:00,ios,tablet,GB,False
S0003333,U003332,2025-04-10T16:16:00,2025-04-10T17:31:00,web,desktop,GB,False
S0003334,U000531,2025-10-06T16:06:00,2025-10-06T17:46:00,web,desktop,GB,False
S0003335,U000151,2025-09-26T22:44:00,2025-09-27T00:32:00,ios,tablet,GB,False
S0003336,U002235,2025-10-06T12:43:00,2025-10-06T14:18:00,ios,mobile,GB,False
S0003337,U002983,2025-04-08T13:21:00,2025-04-08T15:04:00,ios,tablet,GB,False
S0003338,U002827,2025-05-26T08:13:00,2025-05-26T09:55:00,web,tablet,GB,False
S0003339,U003090,2025-10-10T21:29:00,2025-10-10T23:14:00,web,mobile,GB,True
S0003340,U003559,2025-10-18T12:07:00,2025-10-18T13:22:00,android,mobile,GB,False
S0003341,U000898,2025-04-09T13:36:00,2025-04-09T14:23:00,web,tablet,GB,True
S0003342,U001697,2025-05-07T13:01:00,2025-05-07T14:32:00,ctv,smart_tv,GB,False
S0003343,U003519,2025-10-11T18:34:00,2025-10-11T19:09:00,android,mobile,GB,False
S0003344,U000806,2025-09-24T15:42:00,2025-09-24T17:11:00,web,tablet,GB,False
S0003345,U003054,2025-10-09T11:40:00,2025-10-09T13:31:00,ios,tablet,GB,False
S0003346,U003827,2025-10-19T18:04:00,2025-10-19T18:45:00,ios,tablet,GB,False
S0003347,U002197,2025-06-21T08:21:00,2025-06-21T09:18:00,web,tablet,GB,False
S0003348,U001653,2025-08-25T12:02:00,2025-08-25T13:00:00,ios,mobile,GB,False
S0003349,U001201,2025-09-26T15:18:00,2025-09-26T17:09:00,ios,tablet,GB,False
S0003350,U003740,2025-12-09T16:39:00,2025-12-09T16:57:00,android,tablet,GB,False
S0003351,U002542,2025-08-15T14:12:00,2025-08-15T15:38:00,ios,tablet,GB,False
S0003352,U002002,2025-09-19T06:16:00,2025-09-19T08:00:00,android,mobile,GB,False
S0003353,U000167,2025-04-12T23:27:00,2025-04-13T01:22:00,web,desktop,GB,True
S0003354,U001108,2025-09-10T16:29:00,2025-09-10T16:36:00,android,mobile,GB,False
S0003355,U001865,2025-04-21T09:32:00,2025-04-21T09:43:00,android,tablet,GB,False
S0003356,U001999,2025-08-05T11:55:00,2025-08-05T12:23:00,android,mobile,GB,False
S0003357,U001506,2025-02-06T23:00:00,2025-02-06T23:36:00,ios,tablet,GB,False
S0003358,U000549,2025-12-24T15:27:00,2025-12-24T16:50:00,web,desktop,GB,False
S0003359,U003056,2025-08-10T20:56:00,2025-08-10T22:01:00,web,mobile,GB,True
S0003360,U003256,2025-09-11T11:16:00,2025-09-11T11:32:00,ios,tablet,GB,False
S0003361,U002284,2025-06-29T18:13:00,2025-06-29T19:50:00,ios,tablet,GB,False
S0003362,U003955,2025-11-17T07:22:00,2025-11-17T07:52:00,ios,mobile,GB,False
S0003363,U001267,2025-05-31T15:18:00,2025-05-31T16:35:00,web,desktop,GB,False
S0003364,U003374,2025-01-22T17:04:00,2025-01-22T18:47:00,android,mobile,GB,True
S0003365,U002971,2025-05-19T14:22:00,2025-05-19T14:36:00,android,mobile,GB,False
S0003366,U002416,2025-12-08T11:29:00,2025-12-08T13:20:00,android,tablet,GB,False
S0003367,U002720,2025-04-26T17:08:00,2025-04-26T17:53:00,android,mobile,GB,False
S0003368,U002431,2025-10-09T20:41:00,2025-10-09T22:17:00,android,tablet,GB,False
S0003369,U001970,2025-03-13T15:30:00,2025-03-13T17:24:00,web,desktop,GB,False
S0003370,U000661,2025-04-13T21:33:00,2025-04-13T22:32:00,android,tablet,GB,False
S0003371,U001917,2025-02-02T11:35:00,2025-02-02T13:26:00,web,tablet,GB,False
S0003372,U002153,2025-09-17T09:49:00,2025-09-17T10:39:00,web,mobile,GB,False
S0003373,U002638,2025-04-07T13:41:00,2025-04-07T14:54:00,ctv,smart_tv,GB,False
S0003374,U001273,2025-12-27T21:56:00,2025-12-27T23:24:00,web,desktop,GB,False
S0003375,U001385,2025-02-16T13:16:00,2025-02-16T13:58:00,ios,tablet,GB,True
S0003376,U001347,2025-11-06T16:14:00,2025-11-06T16:29:00,ios,tablet,GB,False
S0003377,U000703,2025-11-15T09:00:00,2025-11-15T10:31:00,web,tablet,GB,False
S0003378,U001782,2025-07-27T14:52:00,2025-07-27T15:27:00,ios,mobile,GB,True
S0003379,U002680,2025-01-14T14:47:00,2025-01-14T15:43:00,ctv,smart_tv,GB,False
S0003380,U002670,2025-01-26T13:53:00,2025-01-26T14:00:00,web,desktop,GB,False
S0003381,U000655,2025-08-27T21:00:00,2025-08-27T21:38:00,web,mobile,GB,False
S0003382,U003843,2025-09-14T23:03:00,2025-09-14T23:17:00,ctv,streaming_stick,GB,False
S0003383,U001977,2025-01-11T16:15:00,2025-01-11T16:38:00,web,mobile,GB,False
S0003384,U003466,2025-12-19T16:52:00,2025-12-19T18:50:00,web,mobile,GB,False
S0003385,U000594,2025-04-26T11:38:00,2025-04-26T12:21:00,web,tablet,GB,False
S0003386,U001537,2025-01-11T10:07:00,2025-01-11T11:46:00,ios,mobile,GB,False
S0003387,U000552,2025-08-12T17:58:00,2025-08-12T19:09:00,web,mobile,GB,False
S0003388,U001471,2025-09-24T19:08:00,2025-09-24T19:14:00,ios,tablet,GB,False
S0003389,U002437,2025-10-23T15:12:00,2025-10-23T15:49:00,web,tablet,GB,False
S0003390,U000714,2025-09-10T13:25:00,2025-09-10T14:34:00,android,mobile,GB,False
S0003391,U000489,2025-02-18T15:22:00,2025-02-18T16:02:00,ios,mobile,GB,False
S0003392,U001425,2025-02-08T23:56:00,2025-02-09T01:21:00,web,tablet,GB,False
S0003393,U003460,2025-07-03T15:27:00,2025-07-03T16:26:00,android,mobile,GB,False
S0003394,U000058,2025-10-14T06:11:00,2025-10-14T06:19:00,android,tablet,GB,True
S0003395,U002320,2025-11-30T22:44:00,2025-12-01T00:05:00,web,tablet,GB,False
S0003396,U000236,2025-07-27T14:39:00,2025-07-27T15:26:00,android,tablet,GB,False
S0003397,U003901,2025-10-14T16:32:00,2025-10-14T17:19:00,ios,mobile,GB,False
S0003398,U000808,2025-02-04T21:36:00,2025-02-04T22:07:00,android,mobile,GB,True
S0003399,U003535,2025-09-24T17:35:00,2025-09-24T17:56:00,web,desktop,GB,False
S0003400,U001671,2025-05-26T14:03:00,2025-05-26T15:51:00,web,tablet,GB,False
S0003401,U002046,2025-06-06T12:10:00,2025-06-06T12:27:00,web,tablet,GB,False
S0003402,U001603,2025-04-12T23:56:00,2025-04-13T01:32:00,web,mobile,GB,False
S0003403,U003482,2025-03-07T20:32:00,2025-03-07T20:49:00,ios,tablet,GB,False
S0003404,U001154,2025-12-27T11:41:00,2025-12-27T13:03:00,ios,mobile,GB,False
S0003405,U003925,2025-07-01T13:50:00,2025-07-01T15:42:00,ios,tablet,GB,False
S0003406,U001485,2025-12-22T22:04:00,2025-12-22T22:33:00,web,mobile,GB,False
S0003407,U003337,2025-11-24T20:55:00,2025-11-24T21:32:00,web,mobile,GB,False
S0003408,U002340,2025-12-20T19:11:00,2025-12-20T21:10:00,ios,mobile,GB,False
S0003409,U000561,2025-03-15T12:47:00,2025-03-15T13:49:00,ctv,smart_tv,GB,False
S0003410,U000034,2025-11-21T19:44:00,2025-11-21T20:06:00,android,mobile,GB,False
S0003411,U003989,2025-01-31T17:43:00,2025-01-31T19:22:00,ios,tablet,GB,False
S0003412,U000238,2025-02-01T14:48:00,2025-02-01T15:07:00,android,mobile,GB,True
S0003413,U003428,2025-01-13T19:24:00,2025-01-13T21:06:00,ios,mobile,GB,False
S0003414,U002697,2025-12-18T17:21:00,2025-12-18T17:50:00,android,tablet,GB,False
S0003415,U000993,2025-12-07T17:30:00,2025-12-07T18:01:00,ios,mobile,GB,False
S0003416,U002995,2025-08-15T16:45:00,2025-08-15T18:41:00,ios,mobile,GB,False
S0003417,U001931,2025-09-21T18:01:00,2025-09-21T19:50:00,web,desktop,GB,False
S0003418,U002885,2025-11-05T09:47:00,2025-11-05T10:29:00,android,tablet,GB,False
S0003419,U000767,2025-11-29T16:38:00,2025-11-29T18:36:00,android,mobile,GB,False
S0003420,U000339,2025-08-31T13:21:00,2025-08-31T14:55:00,ios,mobile,GB,False
S0003421,U001842,2025-09-11T20:56:00,2025-09-11T21:04:00,android,mobile,GB,False
S0003422,U000455,2025-04-13T12:24:00,2025-04-13T14:07:00,ctv,smart_tv,GB,False
S0003423,U001550,2025-02-05T14:38:00,2025-02-05T14:59:00,ios,mobile,GB,False
S0003424,U002671,2025-11-01T12:46:00,2025-11-01T13:00:00,web,tablet,GB,False
S0003425,U003896,2025-12-02T13:01:00,2025-12-02T14:49:00,android,tablet,GB,False
S0003426,U002917,2025-08-05T16:38:00,2025-08-05T17:45:00,ios,mobile,GB,False
S0003427,U002665,2025-01-16T09:58:00,2025-01-16T10:13:00,web,tablet,GB,False
S0003428,U003933,2025-07-11T18:48:00,2025-07-11T19:26:00,ios,mobile,GB,False
S0003429,U001991,2025-10-12T09:57:00,2025-10-12T11:05:00,ctv,smart_tv,GB,False
S0003430,U003343,2025-11-04T21:01:00,2025-11-04T22:47:00,ios,tablet,GB,False
S0003431,U001943,2025-03-14T16:12:00,2025-03-14T16:47:00,android,mobile,GB,False
S0003432,U001018,2025-01-13T17:48:00,2025-01-13T18:49:00,ios,mobile,GB,False
S0003433,U003796,2025-12-26T20:10:00,2025-12-26T21:04:00,ctv,smart_tv,GB,False
S0003434,U003353,2025-03-04T21:45:00,2025-03-04T22:36:00,ctv,smart_tv,GB,False
S0003435,U003170,2025-09-24T15:23:00,2025-09-24T15:56:00,ios,mobile,GB,False
S0003436,U003802,2025-12-14T16:18:00,2025-12-14T16:46:00,ios,tablet,GB,False
S0003437,U000835,2025-10-30T20:55:00,2025-10-30T21:25:00,android,mobile,GB,False
S0003438,U000584,2025-07-29T12:58:00,2025-07-29T13:42:00,ios,mobile,GB,False
S0003439,U002298,2025-02-27T21:54:00,2025-02-27T22:46:00,web,mobile,GB,False
S0003440,U001382,2025-01-06T09:14:00,2025-01-06T10:40:00,android,tablet,GB,False
S0003441,U003215,2025-09-13T13:48:00,2025-09-13T14:48:00,ctv,streaming_stick,GB,False
S0003442,U002201,2025-04-10T13:44:00,2025-04-10T15:17:00,ctv,streaming_stick,GB,False
S0003443,U001882,2025-08-26T09:32:00,2025-08-26T09:39:00,android,mobile,GB,False
S0003444,U001441,2025-03-30T15:30:00,2025-03-30T15:52:00,ios,mobile,GB,False
S0003445,U000315,2025-12-15T13:09:00,2025-12-15T13:19:00,ios,tablet,GB,False
S0003446,U003752,2025-09-07T16:25:00,2025-09-07T18:06:00,ios,tablet,GB,False
S0003447,U002139,2025-06-03T12:18:00,2025-06-03T13:51:00,web,desktop,GB,False
S0003448,U003842,2025-03-28T12:45:00,2025-03-28T14:19:00,ctv,streaming_stick,GB,False
S0003449,U001671,2025-10-09T21:27:00,2025-10-09T21:47:00,android,tablet,GB,False
S0003450,U003910,2025-06-30T23:31:00,2025-07-01T00:39:00,web,mobile,GB,False
S0003451,U001974,2025-01-30T12:22:00,2025-01-30T14:10:00,android,tablet,GB,True
S0003452,U003230,2025-06-28T20:47:00,2025-06-28T22:09:00,ctv,smart_tv,GB,False
S0003453,U003817,2025-12-05T14:21:00,2025-12-05T16:07:00,web,mobile,GB,False
S0003454,U000727,2025-08-22T17:07:00,2025-08-22T18:32:00,android,mobile,GB,False
S0003455,U000589,2025-12-29T13:30:00,2025-12-29T14:35:00,ios,mobile,GB,False
S0003456,U000897,2025-10-26T14:46:00,2025-10-26T14:57:00,ctv,smart_tv,GB,False
S0003457,U003888,2025-12-05T22:43:00,2025-12-06T00:43:00,ios,tablet,GB,False
S0003458,U003466,2025-05-16T21:14:00,2025-05-16T21:59:00,android,mobile,GB,False
S0003459,U000140,2025-08-19T15:54:00,2025-08-19T16:39:00,web,tablet,GB,False
S0003460,U003351,2025-02-04T09:37:00,2025-02-04T09:45:00,web,desktop,GB,False
S0003461,U003888,2025-10-06T13:43:00,2025-10-06T14:18:00,ios,tablet,GB,False
S0003462,U003151,2025-08-26T14:07:00,2025-08-26T14:54:00,android,tablet,GB,False
S0003463,U003008,2025-04-08T15:19:00,2025-04-08T15:25:00,ios,tablet,GB,True
S0003464,U000456,2025-07-02T20:05:00,2025-07-02T20:31:00,web,desktop,GB,False
S0003465,U002732,2025-07-31T15:24:00,2025-07-31T16:58:00,ctv,streaming_stick,GB,False
S0003466,U002515,2025-05-29T14:15:00,2025-05-29T15:26:00,ios,tablet,GB,False
S0003467,U000930,2025-08-13T20:52:00,2025-08-13T21:35:00,web,desktop,GB,False
S0003468,U000103,2025-01-21T15:29:00,2025-01-21T15:58:00,ctv,smart_tv,GB,False
S0003469,U001010,2025-05-16T09:57:00,2025-05-16T10:41:00,web,mobile,GB,False
S0003470,U001970,2025-09-03T19:36:00,2025-09-03T20:49:00,android,tablet,GB,False
S0003471,U000719,2025-01-30T17:54:00,2025-01-30T19:26:00,ios,mobile,GB,False
S0003472,U000672,2025-03-21T06:39:00,2025-03-21T07:51:00,ctv,smart_tv,GB,False
S0003473,U003404,2025-07-24T15:45:00,2025-07-24T15:57:00,ios,tablet,GB,True
S0003474,U001945,2025-01-23T19:06:00,2025-01-23T19:27:00,ios,tablet,GB,False
S0003475,U002126,2025-08-23T07:17:00,2025-08-23T07:34:00,web,tablet,GB,False
S0003476,U003605,2025-10-03T14:02:00,2025-10-03T14:18:00,web,desktop,GB,True
S0003477,U000820,2025-04-10T14:59:00,2025-04-10T16:30:00,web,mobile,GB,False
S0003478,U003544,2025-01-24T19:20:00,2025-01-24T20:17:00,android,mobile,GB,False
S0003479,U002085,2025-10-13T22:51:00,2025-10-13T23:32:00,ios,mobile,GB,False
S0003480,U003928,2025-02-24T19:16:00,2025-02-24T19:54:00,ios,tablet,GB,False
S0003481,U001594,2025-09-11T16:15:00,2025-09-11T16:41:00,android,tablet,GB,False
S0003482,U000259,2025-10-20T13:26:00,2025-10-20T15:01:00,android,mobile,GB,False
S0003483,U003650,2025-04-08T13:08:00,2025-04-08T14:42:00,ios,mobile,GB,False
S0003484,U002492,2025-10-12T14:06:00,2025-10-12T15:20:00,ios,tablet,GB,False
S0003485,U003780,2025-07-14T17:35:00,2025-07-14T19:02:00,web,tablet,GB,False
S0003486,U002100,2025-12-22T15:12:00,2025-12-22T16:16:00,ios,tablet,GB,False
S0003487,U002984,2025-07-16T16:51:00,2025-07-16T17:00:00,android,tablet,GB,False
S0003488,U002121,2025-08-12T14:07:00,2025-08-12T15:00:00,ios,tablet,GB,False
S0003489,U000895,2025-09-27T15:52:00,2025-09-27T16:45:00,ctv,streaming_stick,GB,False
S0003490,U003550,2025-03-05T08:59:00,2025-03-05T09:18:00,ctv,smart_tv,GB,False
S0003491,U002072,2025-12-05T18:24:00,2025-12-05T19:07:00,ios,mobile,GB,False
S0003492,U000020,2025-07-07T16:20:00,2025-07-07T17:39:00,web,desktop,GB,False
S0003493,U001324,2025-12-23T16:22:00,2025-12-23T16:44:00,android,mobile,GB,False
S0003494,U000709,2025-05-06T22:42:00,2025-05-06T23:55:00,android,tablet,GB,False
S0003495,U001624,2025-08-12T18:29:00,2025-08-12T18:38:00,ctv,smart_tv,GB,False
S0003496,U001500,2025-12-10T15:41:00,2025-12-10T17:04:00,ctv,smart_tv,GB,False
S0003497,U001653,2025-11-13T22:34:00,2025-11-14T00:09:00,ctv,smart_tv,GB,False
S0003498,U002495,2025-12-26T08:24:00,2025-12-26T09:51:00,android,tablet,GB,False
S0003499,U000973,2025-03-12T18:27:00,2025-03-12T19:34:00,android,mobile,GB,False
S0003500,U000984,2025-12-18T12:03:00,2025-12-18T12:18:00,ios,tablet,GB,False
S0003501,U003000,2025-02-05T09:10:00,2025-02-05T09:17:00,ios,mobile,GB,False
S0003502,U000581,2025-04-02T10:15:00,2025-04-02T10:28:00,ctv,smart_tv,GB,False
S0003503,U002740,2025-11-13T16:14:00,2025-11-13T17:29:00,android,mobile,GB,False
S0003504,U002705,2025-05-23T21:01:00,2025-05-23T22:23:00,ios,mobile,GB,False
S0003505,U002208,2025-05-29T15:11:00,2025-05-29T15:47:00,ios,tablet,GB,False
S0003506,U001571,2025-03-13T13:37:00,2025-03-13T15:15:00,android,tablet,GB,False
S0003507,U003574,2025-04-25T16:55:00,2025-04-25T18:48:00,android,tablet,GB,False
S0003508,U000540,2025-04-15T12:59:00,2025-04-15T14:24:00,android,tablet,GB,False
S0003509,U000715,2025-01-05T11:14:00,2025-01-05T12:41:00,web,desktop,GB,False
S0003510,U002591,2025-01-11T17:56:00,2025-01-11T19:40:00,android,tablet,GB,False
S0003511,U000293,2025-12-09T12:55:00,2025-12-09T13:31:00,ios,tablet,GB,False
S0003512,U000656,2025-04-14T16:35:00,2025-04-14T17:55:00,web,desktop,GB,False
S0003513,U002588,2025-06-29T19:44:00,2025-06-29T21:29:00,ios,tablet,GB,False
S0003514,U001379,2025-12-15T14:36:00,2025-12-15T15:37:00,web,tablet,GB,False
S0003515,U000087,2025-08-22T18:14:00,2025-08-22T18:37:00,ctv,streaming_stick,GB,False
S0003516,U002794,2025-12-27T18:01:00,2025-12-27T19:20:00,android,tablet,GB,True
S0003517,U000976,2025-07-20T13:58:00,2025-07-20T14:32:00,web,mobile,GB,False
S0003518,U002878,2025-04-27T12:57:00,2025-04-27T13:44:00,web,tablet,GB,False
S0003519,U003438,2025-12-21T10:42:00,2025-12-21T11:41:00,ctv,smart_tv,GB,False
S0003520,U003374,2025-03-31T23:04:00,2025-04-01T00:13:00,android,mobile,GB,False
S0003521,U003221,2025-11-22T14:21:00,2025-11-22T15:42:00,ios,mobile,GB,False
S0003522,U000256,2025-01-27T19:24:00,2025-01-27T20:28:00,web,tablet,GB,False
S0003523,U003852,2025-12-01T21:12:00,2025-12-01T21:53:00,android,mobile,GB,False
S0003524,U003021,2025-01-15T14:25:00,2025-01-15T14:38:00,web,tablet,GB,False
S0003525,U002756,2025-08-30T10:26:00,2025-08-30T11:33:00,ctv,streaming_stick,GB,False
S0003526,U001245,2025-10-04T16:45:00,2025-10-04T17:46:00,android,tablet,GB,False
S0003527,U001972,2025-11-24T12:26:00,2025-11-24T13:20:00,android,tablet,GB,False
S0003528,U002825,2025-08-16T12:46:00,2025-08-16T13:29:00,ios,mobile,GB,False
S0003529,U000513,2025-09-19T16:56:00,2025-09-19T17:27:00,web,desktop,GB,False
S0003530,U003774,2025-04-13T18:36:00,2025-04-13T20:19:00,ctv,smart_tv,GB,False
S0003531,U001523,2025-06-04T10:40:00,2025-06-04T10:48:00,web,tablet,GB,False
S0003532,U001664,2025-04-25T21:51:00,2025-04-25T23:41:00,ios,tablet,GB,False
S0003533,U001846,2025-06-30T21:39:00,2025-06-30T23:39:00,ios,tablet,GB,False
S0003534,U003101,2025-07-11T12:59:00,2025-07-11T13:08:00,android,mobile,GB,False
S0003535,U001628,2025-05-18T17:40:00,2025-05-18T17:47:00,web,desktop,GB,False
S0003536,U001362,2025-02-19T21:45:00,2025-02-19T23:09:00,web,desktop,GB,False
S0003537,U000191,2025-03-28T14:55:00,2025-03-28T15:53:00,android,tablet,GB,False
S0003538,U000417,2025-06-29T19:54:00,2025-06-29T20:00:00,ios,tablet,GB,False
S0003539,U001003,2025-05-15T09:53:00,2025-05-15T11:01:00,ctv,streaming_stick,GB,False
S0003540,U000963,2025-04-05T12:29:00,2025-04-05T13:10:00,android,tablet,GB,False
S0003541,U001333,2025-11-16T20:45:00,2025-11-16T21:30:00,ios,mobile,GB,False
S0003542,U003613,2025-08-08T23:05:00,2025-08-09T00:23:00,ios,tablet,GB,False
S0003543,U001735,2025-07-13T12:47:00,2025-07-13T13:06:00,android,tablet,GB,False
S0003544,U000122,2025-11-26T16:35:00,2025-11-26T17:45:00,android,mobile,GB,False
S0003545,U001058,2025-10-13T20:39:00,2025-10-13T21:22:00,android,tablet,GB,False
S0003546,U003577,2025-08-09T19:44:00,2025-08-09T21:19:00,ctv,smart_tv,GB,False
S0003547,U002127,2025-12-14T17:10:00,2025-12-14T19:05:00,android,mobile,GB,False
S0003548,U001279,2025-01-20T17:09:00,2025-01-20T17:58:00,web,tablet,GB,False
S0003549,U000048,2025-05-29T11:26:00,2025-05-29T12:44:00,android,mobile,GB,False
S0003550,U000186,2025-06-11T12:24:00,2025-06-11T13:32:00,ios,mobile,GB,False
S0003551,U002403,2025-12-05T15:21:00,2025-12-05T16:49:00,android,tablet,GB,True
S0003552,U001784,2025-05-08T10:09:00,2025-05-08T10:29:00,web,desktop,GB,False
S0003553,U002162,2025-08-11T17:25:00,2025-08-11T18:24:00,ios,mobile,GB,False
S0003554,U002505,2025-03-13T11:15:00,2025-03-13T13:12:00,ios,tablet,GB,False
S0003555,U000933,2025-06-05T23:25:00,2025-06-05T23:38:00,ctv,streaming_stick,GB,False
S0003556,U002327,2025-06-04T16:23:00,2025-06-04T18:03:00,android,tablet,GB,False
S0003557,U000276,2025-08-14T19:18:00,2025-08-14T20:41:00,android,mobile,GB,False
S0003558,U002637,2025-07-06T22:24:00,2025-07-06T22:44:00,android,mobile,GB,False
S0003559,U003502,2025-11-25T21:55:00,2025-11-25T23:09:00,web,tablet,GB,False
S0003560,U000895,2025-03-19T09:43:00,2025-03-19T10:55:00,web,desktop,GB,False
S0003561,U001545,2025-06-04T20:06:00,2025-06-04T20:57:00,android,mobile,GB,False
S0003562,U000445,2025-09-07T10:03:00,2025-09-07T11:07:00,web,desktop,GB,False
S0003563,U002100,2025-02-06T14:18:00,2025-02-06T15:58:00,android,tablet,GB,False
S0003564,U000233,2025-05-28T07:56:00,2025-05-28T08:07:00,android,tablet,GB,False
S0003565,U003132,2025-05-31T14:46:00,2025-05-31T16:33:00,ctv,streaming_stick,GB,False
S0003566,U003592,2025-03-13T17:50:00,2025-03-13T18:15:00,web,mobile,GB,False
S0003567,U002544,2025-08-05T22:27:00,2025-08-06T00:15:00,ios,mobile,GB,False
S0003568,U003322,2025-03-25T17:33:00,2025-03-25T19:13:00,ctv,streaming_stick,GB,False
S0003569,U000635,2025-09-11T13:35:00,2025-09-11T14:26:00,ios,tablet,GB,False
S0003570,U003086,2025-04-16T21:22:00,2025-04-16T22:41:00,ctv,smart_tv,GB,False
S0003571,U000813,2025-10-10T11:13:00,2025-10-10T12:28:00,web,mobile,GB,False
S0003572,U002057,2025-10-30T12:47:00,2025-10-30T13:48:00,ios,tablet,GB,False
S0003573,U001772,2025-11-06T17:11:00,2025-11-06T17:55:00,android,mobile,GB,False
S0003574,U001869,2025-08-30T10:30:00,2025-08-30T11:59:00,ios,mobile,GB,False
S0003575,U001461,2025-04-08T09:47:00,2025-04-08T10:27:00,android,mobile,GB,False
S0003576,U001734,2025-03-19T09:43:00,2025-03-19T10:43:00,ios,tablet,GB,False
S0003577,U001775,2025-12-29T16:59:00,2025-12-29T17:38:00,web,mobile,GB,False
S0003578,U003894,2025-03-11T13:20:00,2025-03-11T14:50:00,web,mobile,GB,False
S0003579,U002456,2025-06-10T08:39:00,2025-06-10T09:20:00,android,tablet,GB,False
S0003580,U003520,2025-04-24T14:56:00,2025-04-24T16:52:00,web,desktop,GB,False
S0003581,U002319,2025-01-16T23:19:00,2025-01-16T23:58:00,android,tablet,GB,False
S0003582,U001493,2025-09-11T17:04:00,2025-09-11T18:22:00,ctv,streaming_stick,GB,False
S0003583,U002578,2025-12-23T17:05:00,2025-12-23T17:43:00,ios,tablet,GB,True
S0003584,U002513,2025-08-21T19:05:00,2025-08-21T20:15:00,ctv,streaming_stick,GB,False
S0003585,U003398,2025-05-10T20:20:00,2025-05-10T22:13:00,ctv,streaming_stick,GB,False
S0003586,U003947,2025-03-31T10:29:00,2025-03-31T11:25:00,ios,mobile,GB,False
S0003587,U001990,2025-01-31T13:29:00,2025-01-31T13:57:00,web,tablet,GB,False
S0003588,U001765,2025-03-08T17:05:00,2025-03-08T18:55:00,ios,mobile,GB,False
S0003589,U000314,2025-10-21T16:40:00,2025-10-21T18:15:00,ios,tablet,GB,False
S0003590,U001414,2025-08-17T18:37:00,2025-08-17T20:23:00,android,mobile,GB,False
S0003591,U003282,2025-05-16T20:03:00,2025-05-16T20:15:00,web,mobile,GB,False
S0003592,U001704,2025-05-02T19:00:00,2025-05-02T20:25:00,ctv,streaming_stick,GB,False
S0003593,U002305,2025-01-13T19:47:00,2025-01-13T20:44:00,ios,mobile,GB,False
S0003594,U000953,2025-01-25T19:28:00,2025-01-25T20:25:00,ctv,streaming_stick,GB,False
S0003595,U002227,2025-02-13T22:10:00,2025-02-13T23:50:00,ctv,streaming_stick,GB,False
S0003596,U002252,2025-05-06T10:46:00,2025-05-06T12:03:00,web,mobile,GB,False
S0003597,U002237,2025-07-11T22:19:00,2025-07-11T22:29:00,ios,mobile,GB,False
S0003598,U003154,2025-08-01T20:09:00,2025-08-01T20:15:00,android,mobile,GB,False
S0003599,U000669,2025-03-11T23:31:00,2025-03-12T00:03:00,android,mobile,GB,False
S0003600,U001865,2025-12-14T21:51:00,2025-12-14T23:47:00,android,tablet,GB,False
S0003601,U001972,2025-04-07T15:43:00,2025-04-07T16:59:00,ios,tablet,GB,False
S0003602,U001106,2025-09-14T19:17:00,2025-09-14T19:25:00,web,mobile,GB,False
S0003603,U001343,2025-10-07T06:46:00,2025-10-07T08:04:00,android,tablet,GB,False
S0003604,U000879,2025-08-14T08:39:00,2025-08-14T10:38:00,web,mobile,GB,False
S0003605,U002253,2025-06-23T11:17:00,2025-06-23T11:26:00,android,tablet,GB,False
S0003606,U002588,2025-04-03T16:18:00,2025-04-03T17:07:00,android,mobile,GB,False
S0003607,U002225,2025-03-15T10:33:00,2025-03-15T10:46:00,ios,mobile,GB,False
S0003608,U001966,2025-10-08T11:59:00,2025-10-08T13:50:00,web,desktop,GB,False
S0003609,U000491,2025-04-20T12:36:00,2025-04-20T14:10:00,android,mobile,GB,False
S0003610,U001470,2025-04-19T14:49:00,2025-04-19T16:03:00,ctv,smart_tv,GB,False
S0003611,U002106,2025-06-24T13:02:00,2025-06-24T14:33:00,android,tablet,GB,False
S0003612,U002000,2025-04-18T15:51:00,2025-04-18T17:50:00,android,mobile,GB,False
S0003613,U000952,2025-12-27T18:39:00,2025-12-27T19:36:00,android,mobile,GB,False
S0003614,U002047,2025-12-10T13:20:00,2025-12-10T14:50:00,android,tablet,GB,False
S0003615,U003517,2025-07-02T14:15:00,2025-07-02T15:26:00,ctv,smart_tv,GB,False
S0003616,U003685,2025-09-19T11:28:00,2025-09-19T11:34:00,ctv,smart_tv,GB,False
S0003617,U003818,2025-09-13T15:15:00,2025-09-13T15:24:00,android,tablet,GB,False
S0003618,U001280,2025-01-31T15:28:00,2025-01-31T15:37:00,ctv,streaming_stick,GB,False
S0003619,U000870,2025-12-11T08:42:00,2025-12-11T09:20:00,ios,mobile,GB,False
S0003620,U003213,2025-05-06T10:01:00,2025-05-06T10:17:00,web,tablet,GB,False
S0003621,U001411,2025-02-06T10:16:00,2025-02-06T11:54:00,android,tablet,GB,False
S0003622,U003517,2025-11-24T11:41:00,2025-11-24T13:07:00,ctv,smart_tv,GB,False
S0003623,U001829,2025-10-30T13:07:00,2025-10-30T14:59:00,web,tablet,GB,False
S0003624,U002364,2025-11-27T14:46:00,2025-11-27T16:17:00,ctv,smart_tv,GB,False
S0003625,U000425,2025-12-25T22:32:00,2025-12-25T22:44:00,web,mobile,GB,False
S0003626,U000026,2025-02-17T13:49:00,2025-02-17T15:16:00,web,desktop,GB,False
S0003627,U002733,2025-10-19T22:04:00,2025-10-19T22:28:00,android,mobile,GB,False
S0003628,U002505,2025-10-09T18:57:00,2025-10-09T19:40:00,web,desktop,GB,False
S0003629,U001330,2025-04-25T06:39:00,2025-04-25T07:50:00,android,tablet,GB,True
S0003630,U001309,2025-04-07T15:06:00,2025-04-07T16:04:00,ios,tablet,GB,False
S0003631,U002264,2025-08-03T11:43:00,2025-08-03T12:20:00,ios,tablet,GB,False
S0003632,U001181,2025-04-26T15:25:00,2025-04-26T16:11:00,android,tablet,GB,False
S0003633,U000411,2025-11-17T06:38:00,2025-11-17T07:49:00,android,tablet,GB,False
S0003634,U001494,2025-08-19T18:11:00,2025-08-19T19:37:00,android,mobile,GB,False
S0003635,U001789,2025-10-24T11:46:00,2025-10-24T13:17:00,web,desktop,GB,False
S0003636,U003230,2025-10-04T13:26:00,2025-10-04T13:40:00,ios,mobile,GB,False
S0003637,U000777,2025-05-05T07:28:00,2025-05-05T08:23:00,web,mobile,GB,False
S0003638,U002582,2025-08-17T20:16:00,2025-08-17T21:41:00,android,tablet,GB,True
S0003639,U000053,2025-06-03T15:42:00,2025-06-03T17:38:00,web,tablet,GB,False
S0003640,U003731,2025-04-08T14:24:00,2025-04-08T14:32:00,ios,tablet,GB,False
S0003641,U000359,2025-10-09T23:42:00,2025-10-10T00:47:00,web,desktop,GB,False
S0003642,U002870,2025-12-12T14:11:00,2025-12-12T14:39:00,web,desktop,GB,False
S0003643,U003120,2025-04-07T23:50:00,2025-04-08T01:01:00,ios,mobile,GB,False
S0003644,U000289,2025-11-20T20:29:00,2025-11-20T20:47:00,android,tablet,GB,True
S0003645,U001174,2025-11-26T15:24:00,2025-11-26T15:36:00,android,tablet,GB,False
S0003646,U003050,2025-08-21T13:29:00,2025-08-21T15:02:00,web,desktop,GB,False
S0003647,U001860,2025-03-24T19:29:00,2025-03-24T20:38:00,ios,mobile,GB,True
S0003648,U001678,2025-09-14T09:37:00,2025-09-14T10:07:00,ios,tablet,GB,True
S0003649,U002566,2025-12-20T17:50:00,2025-12-20T19:38:00,web,desktop,GB,False
S0003650,U002058,2025-03-06T20:58:00,2025-03-06T21:57:00,ctv,streaming_stick,GB,False
S0003651,U000989,2025-02-11T16:37:00,2025-02-11T16:54:00,ctv,streaming_stick,GB,False
S0003652,U001298,2025-07-06T15:29:00,2025-07-06T15:52:00,ios,tablet,GB,False
S0003653,U003393,2025-12-12T10:19:00,2025-12-12T12:13:00,android,tablet,GB,False
S0003654,U000758,2025-09-18T07:25:00,2025-09-18T09:14:00,android,mobile,GB,False
S0003655,U000238,2025-07-28T09:27:00,2025-07-28T10:31:00,android,tablet,GB,False
S0003656,U000360,2025-05-23T09:07:00,2025-05-23T09:45:00,ctv,streaming_stick,GB,False
S0003657,U000213,2025-03-19T16:58:00,2025-03-19T17:31:00,ios,mobile,GB,False
S0003658,U000820,2025-09-23T07:47:00,2025-09-23T09:16:00,android,mobile,GB,False
S0003659,U001835,2025-02-07T12:19:00,2025-02-07T13:26:00,android,mobile,GB,False
S0003660,U003387,2025-08-11T15:15:00,2025-08-11T16:28:00,web,tablet,GB,False
S0003661,U001729,2025-02-04T17:23:00,2025-02-04T17:54:00,ios,tablet,GB,False
S0003662,U001589,2025-05-05T21:55:00,2025-05-05T23:32:00,ctv,smart_tv,GB,False
S0003663,U001971,2025-06-02T12:34:00,2025-06-02T13:09:00,ios,mobile,GB,False
S0003664,U001813,2025-06-25T21:00:00,2025-06-25T22:15:00,android,mobile,GB,False
S0003665,U000787,2025-01-19T21:18:00,2025-01-19T22:17:00,web,mobile,GB,False
S0003666,U003416,2025-06-29T09:40:00,2025-06-29T10:54:00,ios,mobile,GB,False
S0003667,U002115,2025-09-07T08:10:00,2025-09-07T09:49:00,android,mobile,GB,False
S0003668,U001216,2025-05-02T14:19:00,2025-05-02T16:17:00,android,mobile,GB,False
S0003669,U001097,2025-11-27T14:49:00,2025-11-27T16:26:00,ios,tablet,GB,False
S0003670,U003521,2025-10-20T23:31:00,2025-10-21T00:18:00,ios,mobile,GB,False
S0003671,U003221,2025-09-08T15:37:00,2025-09-08T16:20:00,android,mobile,GB,False
S0003672,U001851,2025-08-26T17:51:00,2025-08-26T18:02:00,android,mobile,GB,False
S0003673,U002421,2025-07-12T15:39:00,2025-07-12T16:24:00,web,tablet,GB,False
S0003674,U002523,2025-05-06T15:59:00,2025-05-06T17:32:00,android,mobile,GB,True
S0003675,U000823,2025-01-16T23:29:00,2025-01-16T23:48:00,ios,tablet,GB,False
S0003676,U000217,2025-08-28T08:51:00,2025-08-28T10:23:00,ios,mobile,GB,False
S0003677,U001620,2025-03-25T13:35:00,2025-03-25T13:53:00,web,mobile,GB,False
S0003678,U003624,2025-12-26T18:16:00,2025-12-26T19:01:00,ios,mobile,GB,False
S0003679,U000665,2025-03-10T13:40:00,2025-03-10T15:35:00,android,tablet,GB,False
S0003680,U003112,2025-11-18T16:40:00,2025-11-18T18:07:00,web,tablet,GB,False
S0003681,U003045,2025-02-15T13:33:00,2025-02-15T13:56:00,web,desktop,GB,False
S0003682,U002507,2025-11-09T23:50:00,2025-11-10T00:18:00,web,mobile,GB,False
S0003683,U002346,2025-10-01T14:42:00,2025-10-01T15:28:00,android,tablet,GB,True
S0003684,U001710,2025-07-25T14:33:00,2025-07-25T15:29:00,web,desktop,GB,False
S0003685,U000335,2025-05-02T13:23:00,2025-05-02T14:38:00,ios,mobile,GB,False
S0003686,U003484,2025-12-11T22:43:00,2025-12-12T00:24:00,ios,mobile,GB,True
S0003687,U001638,2025-08-05T20:48:00,2025-08-05T21:54:00,android,tablet,GB,False
S0003688,U003266,2025-04-07T23:01:00,2025-04-07T23:11:00,web,desktop,GB,False
S0003689,U001120,2025-10-04T07:01:00,2025-10-04T09:01:00,android,mobile,GB,False
S0003690,U003999,2025-11-05T21:31:00,2025-11-05T22:43:00,web,tablet,GB,False
S0003691,U003877,2025-10-27T18:07:00,2025-10-27T18:13:00,ctv,streaming_stick,GB,False
S0003692,U002541,2025-12-06T16:10:00,2025-12-06T18:01:00,android,tablet,GB,False
S0003693,U002362,2025-04-12T17:44:00,2025-04-12T19:13:00,web,mobile,GB,False
S0003694,U003627,2025-02-16T14:02:00,2025-02-16T14:10:00,web,mobile,GB,False
S0003695,U001973,2025-04-12T13:56:00,2025-04-12T15:26:00,web,mobile,GB,True
S0003696,U002511,2025-08-19T21:31:00,2025-08-19T23:31:00,web,tablet,GB,True
S0003697,U000763,2025-06-29T22:42:00,2025-06-29T23:33:00,web,tablet,GB,True
S0003698,U003631,2025-08-19T22:37:00,2025-08-19T22:43:00,web,tablet,GB,False
S0003699,U000234,2025-10-29T16:16:00,2025-10-29T16:39:00,android,mobile,GB,False
S0003700,U001456,2025-04-14T17:16:00,2025-04-14T18:38:00,ios,tablet,GB,False
S0003701,U003170,2025-02-12T22:43:00,2025-02-12T23:26:00,web,tablet,GB,False
S0003702,U000030,2025-12-03T17:12:00,2025-12-03T17:48:00,web,tablet,GB,False
S0003703,U000894,2025-05-03T10:31:00,2025-05-03T12:30:00,ios,mobile,GB,False
S0003704,U002375,2025-11-29T17:30:00,2025-11-29T18:58:00,web,mobile,GB,False
S0003705,U002034,2025-01-07T16:46:00,2025-01-07T17:56:00,ctv,smart_tv,GB,False
S0003706,U003436,2025-08-16T21:46:00,2025-08-16T23:02:00,web,tablet,GB,True
S0003707,U002983,2025-08-03T20:30:00,2025-08-03T21:42:00,android,tablet,GB,False
S0003708,U000845,2025-05-29T17:12:00,2025-05-29T18:50:00,ctv,smart_tv,GB,False
S0003709,U002778,2025-04-23T15:49:00,2025-04-23T16:02:00,android,tablet,GB,False
S0003710,U002079,2025-04-12T11:25:00,2025-04-12T13:21:00,android,mobile,GB,False
S0003711,U001605,2025-06-17T07:01:00,2025-06-17T07:46:00,web,tablet,GB,True
S0003712,U000997,2025-02-19T21:50:00,2025-02-19T23:36:00,ctv,streaming_stick,GB,False
S0003713,U000968,2025-10-12T18:53:00,2025-10-12T19:34:00,android,tablet,GB,False
S0003714,U001450,2025-11-17T22:26:00,2025-11-18T00:14:00,android,tablet,GB,False
S0003715,U001439,2025-01-07T12:42:00,2025-01-07T14:10:00,ctv,smart_tv,GB,False
S0003716,U001774,2025-03-28T15:15:00,2025-03-28T15:43:00,android,mobile,GB,False
S0003717,U001645,2025-08-19T10:33:00,2025-08-19T11:37:00,ctv,smart_tv,GB,True
S0003718,U000756,2025-01-09T16:31:00,2025-01-09T17:18:00,android,mobile,GB,False
S0003719,U003668,2025-10-19T12:40:00,2025-10-19T14:33:00,web,desktop,GB,False
S0003720,U000047,2025-06-30T14:54:00,2025-06-30T16:46:00,android,tablet,GB,False
S0003721,U003765,2025-05-21T21:22:00,2025-05-21T22:44:00,ios,tablet,GB,False
S0003722,U003868,2025-08-15T08:56:00,2025-08-15T10:54:00,ios,mobile,GB,True
S0003723,U000660,2025-10-15T13:11:00,2025-10-15T14:48:00,ctv,smart_tv,GB,False
S0003724,U000869,2025-04-22T10:49:00,2025-04-22T11:25:00,ios,mobile,GB,False
S0003725,U000944,2025-11-28T08:46:00,2025-11-28T09:12:00,android,mobile,GB,False
S0003726,U001538,2025-03-08T16:43:00,2025-03-08T16:48:00,web,desktop,GB,False
S0003727,U003567,2025-01-14T11:49:00,2025-01-14T12:51:00,ios,mobile,GB,False
S0003728,U000206,2025-03-30T13:25:00,2025-03-30T14:46:00,web,tablet,GB,False
S0003729,U002095,2025-08-11T18:14:00,2025-08-11T20:03:00,ctv,smart_tv,GB,False
S0003730,U000480,2025-05-25T13:31:00,2025-05-25T15:24:00,ios,tablet,GB,False
S0003731,U001436,2025-11-12T14:31:00,2025-11-12T15:28:00,web,mobile,GB,False
S0003732,U000144,2025-07-15T19:59:00,2025-07-15T21:42:00,android,tablet,GB,False
S0003733,U001333,2025-05-06T16:57:00,2025-05-06T17:51:00,web,tablet,GB,False
S0003734,U003156,2025-04-29T22:06:00,2025-04-29T22:46:00,ios,mobile,GB,False
S0003735,U000033,2025-07-05T19:39:00,2025-07-05T20:23:00,web,mobile,GB,True
S0003736,U001267,2025-01-15T09:37:00,2025-01-15T10:49:00,web,mobile,GB,False
S0003737,U002863,2025-11-10T14:45:00,2025-11-10T16:29:00,android,mobile,GB,False
S0003738,U003769,2025-04-06T16:18:00,2025-04-06T16:24:00,ios,tablet,GB,False
S0003739,U002859,2025-07-30T17:32:00,2025-07-30T17:38:00,android,tablet,GB,False
S0003740,U002233,2025-02-05T11:03:00,2025-02-05T11:14:00,android,mobile,GB,False
S0003741,U002629,2025-10-11T21:44:00,2025-10-11T22:35:00,web,mobile,GB,False
S0003742,U003528,2025-10-18T20:16:00,2025-10-18T21:30:00,ctv,streaming_stick,GB,False
S0003743,U003390,2025-03-03T15:00:00,2025-03-03T15:35:00,web,desktop,GB,False
S0003744,U002981,2025-10-08T19:35:00,2025-10-08T20:50:00,web,tablet,GB,False
S0003745,U000675,2025-11-13T13:08:00,2025-11-13T14:46:00,android,tablet,GB,False
S0003746,U001687,2025-08-06T16:14:00,2025-08-06T17:02:00,android,mobile,GB,False
S0003747,U000836,2025-03-16T10:43:00,2025-03-16T11:24:00,android,tablet,GB,False
S0003748,U000753,2025-07-06T14:23:00,2025-07-06T15:53:00,ctv,streaming_stick,GB,False
S0003749,U001846,2025-06-23T17:54:00,2025-06-23T18:09:00,web,desktop,GB,False
S0003750,U000542,2025-08-22T22:43:00,2025-08-22T23:11:00,ios,tablet,GB,False
S0003751,U003641,2025-05-23T14:28:00,2025-05-23T15:01:00,ios,tablet,GB,False
S0003752,U001645,2025-09-14T13:18:00,2025-09-14T14:26:00,web,tablet,GB,False
S0003753,U000012,2025-06-07T06:47:00,2025-06-07T07:00:00,ios,tablet,GB,False
S0003754,U001580,2025-09-17T15:40:00,2025-09-17T15:51:00,web,tablet,GB,True
S0003755,U003996,2025-02-25T07:18:00,2025-02-25T08:28:00,ctv,smart_tv,GB,True
S0003756,U003130,2025-03-16T22:43:00,2025-03-17T00:24:00,web,desktop,GB,False
S0003757,U002307,2025-02-01T19:34:00,2025-02-01T21:27:00,android,mobile,GB,False
S0003758,U001166,2025-07-18T17:53:00,2025-07-18T18:40:00,ios,tablet,GB,False
S0003759,U002866,2025-03-31T23:38:00,2025-04-01T00:35:00,web,mobile,GB,False
S0003760,U000243,2025-05-08T19:11:00,2025-05-08T20:56:00,ios,mobile,GB,False
S0003761,U001942,2025-03-15T17:35:00,2025-03-15T18:32:00,android,tablet,GB,False
S0003762,U002119,2025-12-04T16:30:00,2025-12-04T17:16:00,ctv,smart_tv,GB,False
S0003763,U001861,2025-10-27T13:56:00,2025-10-27T15:12:00,ios,tablet,GB,False
S0003764,U001843,2025-06-21T16:28:00,2025-06-21T16:47:00,android,tablet,GB,False
S0003765,U003722,2025-11-14T21:44:00,2025-11-14T22:05:00,web,tablet,GB,False
S0003766,U002125,2025-01-10T22:12:00,2025-01-10T22:44:00,ctv,streaming_stick,GB,False
S0003767,U002201,2025-08-16T11:26:00,2025-08-16T13:09:00,android,tablet,GB,False
S0003768,U002955,2025-09-23T10:26:00,2025-09-23T10:39:00,web,mobile,GB,False
S0003769,U002694,2025-07-24T13:30:00,2025-07-24T15:03:00,android,mobile,GB,False
S0003770,U000189,2025-12-11T16:52:00,2025-12-11T18:28:00,android,mobile,GB,True
S0003771,U001260,2025-12-30T17:11:00,2025-12-30T18:50:00,android,tablet,GB,False
S0003772,U000365,2025-05-24T14:58:00,2025-05-24T16:36:00,android,mobile,GB,False
S0003773,U000529,2025-05-27T17:05:00,2025-05-27T17:44:00,web,desktop,GB,False
S0003774,U003325,2025-06-25T20:16:00,2025-06-25T22:00:00,ios,mobile,GB,False
S0003775,U003191,2025-05-09T12:13:00,2025-05-09T13:27:00,android,mobile,GB,False
S0003776,U001415,2025-07-15T22:38:00,2025-07-16T00:38:00,web,tablet,GB,False
S0003777,U000520,2025-02-05T08:16:00,2025-02-05T09:49:00,ctv,streaming_stick,GB,False
S0003778,U001474,2025-10-06T11:37:00,2025-10-06T12:18:00,android,mobile,GB,False
S0003779,U001012,2025-08-15T08:00:00,2025-08-15T09:02:00,ios,mobile,GB,False
S0003780,U002980,2025-11-04T20:25:00,2025-11-04T21:07:00,android,tablet,GB,False
S0003781,U001621,2025-09-10T21:41:00,2025-09-10T21:51:00,ctv,smart_tv,GB,False
S0003782,U003567,2025-04-04T12:04:00,2025-04-04T13:07:00,web,desktop,GB,False
S0003783,U001873,2025-12-20T18:43:00,2025-12-20T19:01:00,android,mobile,GB,False
S0003784,U000148,2025-06-10T20:25:00,2025-06-10T20:31:00,ios,tablet,GB,False
S0003785,U000388,2025-03-03T15:53:00,2025-03-03T16:02:00,web,mobile,GB,False
S0003786,U002204,2025-03-22T15:02:00,2025-03-22T16:29:00,ios,mobile,GB,False
S0003787,U001111,2025-06-29T11:05:00,2025-06-29T12:46:00,web,desktop,GB,False
S0003788,U003341,2025-03-04T15:33:00,2025-03-04T17:22:00,android,tablet,GB,False
S0003789,U000750,2025-12-22T20:23:00,2025-12-22T21:20:00,ios,tablet,GB,False
S0003790,U002275,2025-05-20T23:24:00,2025-05-21T00:50:00,ios,tablet,GB,False
S0003791,U002652,2025-07-12T16:00:00,2025-07-12T17:43:00,web,mobile,GB,False
S0003792,U003812,2025-04-27T14:52:00,2025-04-27T16:33:00,ctv,streaming_stick,GB,False
S0003793,U002957,2025-11-06T11:40:00,2025-11-06T13:27:00,ios,tablet,GB,True
S0003794,U003928,2025-02-07T19:12:00,2025-02-07T20:47:00,ctv,smart_tv,GB,False
S0003795,U001437,2025-03-02T12:07:00,2025-03-02T12:23:00,android,mobile,GB,False
S0003796,U002814,2025-08-12T18:18:00,2025-08-12T19:03:00,ctv,smart_tv,GB,False
S0003797,U003620,2025-10-20T18:36:00,2025-10-20T20:28:00,ctv,smart_tv,GB,True
S0003798,U003476,2025-01-10T12:46:00,2025-01-10T13:17:00,android,mobile,GB,False
S0003799,U001945,2025-07-27T09:32:00,2025-07-27T10:19:00,android,mobile,GB,False
S0003800,U000659,2025-08-13T08:27:00,2025-08-13T09:04:00,android,tablet,GB,False
S0003801,U000025,2025-12-26T18:30:00,2025-12-26T19:31:00,android,mobile,GB,False
S0003802,U002931,2025-01-07T14:47:00,2025-01-07T15:11:00,android,tablet,GB,False
S0003803,U000179,2025-10-13T14:22:00,2025-10-13T15:29:00,ios,mobile,GB,False
S0003804,U003346,2025-02-24T15:16:00,2025-02-24T15:59:00,android,tablet,GB,False
S0003805,U000307,2025-10-07T20:20:00,2025-10-07T21:34:00,web,tablet,GB,False
S0003806,U002945,2025-06-29T14:25:00,2025-06-29T14:59:00,web,tablet,GB,False
S0003807,U001005,2025-07-16T19:31:00,2025-07-16T20:37:00,ios,mobile,GB,False
S0003808,U002100,2025-04-17T16:05:00,2025-04-17T16:16:00,android,tablet,GB,True
S0003809,U000884,2025-11-02T17:52:00,2025-11-02T19:35:00,web,mobile,GB,False
S0003810,U001891,2025-05-11T06:16:00,2025-05-11T07:26:00,android,mobile,GB,False
S0003811,U001915,2025-08-11T16:30:00,2025-08-11T18:15:00,web,tablet,GB,False
S0003812,U003510,2025-02-24T08:11:00,2025-02-24T08:22:00,web,desktop,GB,True
S0003813,U000441,2025-09-27T16:07:00,2025-09-27T17:39:00,web,tablet,GB,False
S0003814,U001430,2025-08-25T17:39:00,2025-08-25T18:50:00,ctv,streaming_stick,GB,False
S0003815,U000901,2025-07-20T16:40:00,2025-07-20T17:38:00,android,tablet,GB,False
S0003816,U000058,2025-04-24T21:33:00,2025-04-24T23:11:00,android,mobile,GB,False
S0003817,U003169,2025-10-10T17:10:00,2025-10-10T17:38:00,android,mobile,GB,False
S0003818,U000868,2025-12-14T15:08:00,2025-12-14T16:12:00,ios,tablet,GB,False
S0003819,U001365,2025-01-15T17:34:00,2025-01-15T19:28:00,android,tablet,GB,False
S0003820,U003434,2025-01-24T14:25:00,2025-01-24T15:16:00,ios,mobile,GB,False
S0003821,U003390,2025-07-27T15:46:00,2025-07-27T17:29:00,android,tablet,GB,False
S0003822,U002240,2025-03-04T11:00:00,2025-03-04T12:10:00,ctv,streaming_stick,GB,False
S0003823,U003348,2025-11-05T15:00:00,2025-11-05T15:10:00,ctv,smart_tv,GB,False
S0003824,U001742,2025-06-21T15:36:00,2025-06-21T16:50:00,web,tablet,GB,False
S0003825,U001450,2025-07-25T15:52:00,2025-07-25T17:18:00,ios,mobile,GB,True
S0003826,U003070,2025-09-11T21:00:00,2025-09-11T21:05:00,web,tablet,GB,False
S0003827,U000315,2025-11-28T08:13:00,2025-11-28T10:10:00,android,tablet,GB,False
S0003828,U000011,2025-02-05T14:58:00,2025-02-05T15:03:00,web,desktop,GB,True
S0003829,U001477,2025-07-09T17:19:00,2025-07-09T18:52:00,android,mobile,GB,False
S0003830,U002674,2025-04-05T13:25:00,2025-04-05T13:38:00,ctv,streaming_stick,GB,False
S0003831,U003754,2025-09-24T13:56:00,2025-09-24T15:51:00,ctv,streaming_stick,GB,False
S0003832,U001598,2025-04-12T11:22:00,2025-04-12T12:28:00,web,tablet,GB,False
S0003833,U002096,2025-11-02T14:42:00,2025-11-02T16:23:00,ctv,streaming_stick,GB,False
S0003834,U003343,2025-12-12T18:48:00,2025-12-12T20:38:00,ios,tablet,GB,False
S0003835,U003100,2025-05-14T18:11:00,2025-05-14T18:57:00,android,mobile,GB,False
S0003836,U002383,2025-12-15T17:00:00,2025-12-15T17:13:00,web,tablet,GB,False
S0003837,U000991,2025-10-14T16:05:00,2025-10-14T17:40:00,ctv,streaming_stick,GB,False
S0003838,U002981,2025-05-24T19:19:00,2025-05-24T21:17:00,ios,mobile,GB,False
S0003839,U002033,2025-06-09T17:20:00,2025-06-09T18:40:00,android,mobile,GB,False
S0003840,U000310,2025-10-13T14:37:00,2025-10-13T15:24:00,web,desktop,GB,False
S0003841,U003130,2025-02-22T23:27:00,2025-02-22T23:51:00,android,mobile,GB,False
S0003842,U002264,2025-02-20T17:02:00,2025-02-20T18:37:00,android,mobile,GB,False
S0003843,U001378,2025-04-14T11:52:00,2025-04-14T13:18:00,android,mobile,GB,False
S0003844,U003674,2025-05-27T19:05:00,2025-05-27T20:51:00,ios,tablet,GB,False
S0003845,U000587,2025-01-10T11:21:00,2025-01-10T12:44:00,web,desktop,GB,False
S0003846,U002139,2025-08-16T12:54:00,2025-08-16T13:27:00,android,tablet,GB,False
S0003847,U001096,2025-01-04T16:22:00,2025-01-04T16:32:00,web,mobile,GB,False
S0003848,U002720,2025-10-28T16:17:00,2025-10-28T17:59:00,ios,tablet,GB,False
S0003849,U003135,2025-04-22T19:52:00,2025-04-22T20:43:00,android,tablet,GB,False
S0003850,U003289,2025-08-27T23:00:00,2025-08-28T00:05:00,ios,mobile,GB,True
S0003851,U001784,2025-08-31T11:14:00,2025-08-31T13:14:00,android,mobile,GB,False
S0003852,U000395,2025-08-30T21:12:00,2025-08-30T22:16:00,ios,mobile,GB,False
S0003853,U002222,2025-03-04T16:17:00,2025-03-04T17:31:00,android,mobile,GB,False
S0003854,U002375,2025-03-18T16:34:00,2025-03-18T18:27:00,ctv,streaming_stick,GB,False
S0003855,U000206,2025-03-27T14:20:00,2025-03-27T15:31:00,android,mobile,GB,False
S0003856,U000625,2025-04-12T23:13:00,2025-04-12T23:20:00,ios,tablet,GB,False
S0003857,U003544,2025-08-20T18:15:00,2025-08-20T19:40:00,android,mobile,GB,False
S0003858,U000173,2025-11-24T12:43:00,2025-11-24T14:15:00,ctv,streaming_stick,GB,False
S0003859,U003249,2025-08-02T13:50:00,2025-08-02T15:42:00,web,desktop,GB,False
S0003860,U001885,2025-12-07T08:45:00,2025-12-07T09:43:00,ios,tablet,GB,False
S0003861,U002558,2025-04-12T15:39:00,2025-04-12T16:52:00,ctv,smart_tv,GB,False
S0003862,U002072,2025-01-11T10:56:00,2025-01-11T12:30:00,ctv,smart_tv,GB,False
S0003863,U003054,2025-05-28T14:16:00,2025-05-28T15:29:00,web,tablet,GB,False
S0003864,U002310,2025-03-30T23:10:00,2025-03-31T01:06:00,android,mobile,GB,False
S0003865,U003238,2025-06-30T11:20:00,2025-06-30T13:15:00,android,mobile,GB,True
S0003866,U002457,2025-09-04T16:32:00,2025-09-04T18:08:00,android,tablet,GB,False
S0003867,U001285,2025-08-27T17:02:00,2025-08-27T17:08:00,web,mobile,GB,False
S0003868,U001640,2025-01-23T09:28:00,2025-01-23T11:17:00,web,mobile,GB,False
S0003869,U002504,2025-05-25T19:41:00,2025-05-25T21:01:00,web,tablet,GB,True
S0003870,U002459,2025-10-16T19:14:00,2025-10-16T20:11:00,ctv,smart_tv,GB,False
S0003871,U002870,2025-09-06T06:46:00,2025-09-06T08:27:00,ios,tablet,GB,False
S0003872,U001719,2025-09-10T17:57:00,2025-09-10T18:43:00,ios,tablet,GB,False
S0003873,U000843,2025-02-06T18:10:00,2025-02-06T19:48:00,android,mobile,GB,False
S0003874,U002428,2025-03-13T21:05:00,2025-03-13T22:15:00,ios,mobile,GB,False
S0003875,U002196,2025-02-26T15:09:00,2025-02-26T16:41:00,ios,mobile,GB,False
S0003876,U001044,2025-07-22T16:26:00,2025-07-22T16:41:00,ios,mobile,GB,False
S0003877,U000060,2025-10-05T17:38:00,2025-10-05T18:43:00,web,desktop,GB,False
S0003878,U000921,2025-01-23T19:08:00,2025-01-23T20:33:00,web,tablet,GB,False
S0003879,U001194,2025-11-07T18:07:00,2025-11-07T20:01:00,web,desktop,GB,False
S0003880,U002801,2025-05-23T13:17:00,2025-05-23T14:31:00,android,tablet,GB,True
S0003881,U000552,2025-06-11T19:47:00,2025-06-11T21:28:00,web,tablet,GB,False
S0003882,U001370,2025-01-31T15:22:00,2025-01-31T15:34:00,ios,tablet,GB,False
S0003883,U003666,2025-11-22T23:45:00,2025-11-23T00:18:00,android,mobile,GB,False
S0003884,U000089,2025-10-08T11:09:00,2025-10-08T11:15:00,web,mobile,GB,False
S0003885,U003219,2025-06-22T19:35:00,2025-06-22T19:54:00,android,tablet,GB,False
S0003886,U002347,2025-08-17T22:55:00,2025-08-17T23:19:00,ios,tablet,GB,False
S0003887,U003716,2025-07-12T09:02:00,2025-07-12T09:33:00,web,mobile,GB,False
S0003888,U000463,2025-03-30T06:20:00,2025-03-30T08:06:00,web,mobile,GB,False
S0003889,U002753,2025-02-03T12:56:00,2025-02-03T14:13:00,web,mobile,GB,False
S0003890,U002404,2025-11-08T13:50:00,2025-11-08T15:35:00,android,mobile,GB,False
S0003891,U001669,2025-09-09T06:01:00,2025-09-09T06:33:00,ios,tablet,GB,False
S0003892,U001548,2025-07-03T13:31:00,2025-07-03T15:30:00,web,mobile,GB,False
S0003893,U003918,2025-10-19T22:37:00,2025-10-20T00:34:00,ctv,streaming_stick,GB,False
S0003894,U001987,2025-02-28T17:46:00,2025-02-28T17:52:00,ios,tablet,GB,False
S0003895,U001083,2025-08-11T13:46:00,2025-08-11T15:41:00,android,mobile,GB,False
S0003896,U003043,2025-06-03T08:39:00,2025-06-03T09:48:00,android,mobile,GB,False
S0003897,U003274,2025-12-04T09:33:00,2025-12-04T11:29:00,ios,mobile,GB,False
S0003898,U003576,2025-08-13T13:49:00,2025-08-13T15:31:00,web,desktop,GB,False
S0003899,U003317,2025-02-16T16:09:00,2025-02-16T18:05:00,web,mobile,GB,True
S0003900,U000777,2025-08-10T21:29:00,2025-08-10T23:24:00,web,mobile,GB,False
S0003901,U000761,2025-04-11T14:51:00,2025-04-11T15:16:00,web,mobile,GB,False
S0003902,U003008,2025-01-15T15:20:00,2025-01-15T16:04:00,ios,tablet,GB,False
S0003903,U003668,2025-06-12T19:39:00,2025-06-12T20:14:00,ios,mobile,GB,False
S0003904,U002396,2025-12-15T21:07:00,2025-12-15T23:02:00,ios,tablet,GB,False
S0003905,U001308,2025-09-12T18:09:00,2025-09-12T18:34:00,ctv,smart_tv,GB,False
S0003906,U000006,2025-04-20T19:00:00,2025-04-20T19:06:00,android,tablet,GB,False
S0003907,U001320,2025-04-01T12:48:00,2025-04-01T14:12:00,web,desktop,GB,False
S0003908,U001181,2025-05-16T18:31:00,2025-05-16T19:51:00,web,desktop,GB,False
S0003909,U002346,2025-04-09T06:30:00,2025-04-09T06:44:00,ios,tablet,GB,False
S0003910,U001245,2025-11-07T07:45:00,2025-11-07T08:32:00,ios,mobile,GB,False
S0003911,U001104,2025-04-22T22:06:00,2025-04-22T22:42:00,android,mobile,GB,False
S0003912,U003630,2025-07-02T18:09:00,2025-07-02T19:47:00,ios,mobile,GB,False
S0003913,U002784,2025-02-06T14:43:00,2025-02-06T16:25:00,ios,mobile,GB,False
S0003914,U002006,2025-12-17T11:15:00,2025-12-17T12:24:00,ctv,streaming_stick,GB,False
S0003915,U001471,2025-04-30T22:50:00,2025-04-30T23:07:00,ios,tablet,GB,False
S0003916,U003534,2025-04-07T07:50:00,2025-04-07T09:20:00,web,desktop,GB,False
S0003917,U001794,2025-03-22T14:43:00,2025-03-22T15:24:00,android,tablet,GB,True
S0003918,U001452,2025-07-03T14:21:00,2025-07-03T16:13:00,ios,tablet,GB,False
S0003919,U001647,2025-03-22T11:52:00,2025-03-22T13:11:00,android,mobile,GB,True
S0003920,U003315,2025-03-25T15:40:00,2025-03-25T15:45:00,ios,mobile,GB,False
S0003921,U000280,2025-08-28T15:01:00,2025-08-28T15:16:00,android,mobile,GB,False
S0003922,U002818,2025-08-26T17:50:00,2025-08-26T18:09:00,ios,tablet,GB,False
S0003923,U001377,2025-11-21T16:52:00,2025-11-21T17:47:00,ios,tablet,GB,False
S0003924,U000634,2025-09-08T18:47:00,2025-09-08T19:28:00,web,mobile,GB,False
S0003925,U001058,2025-07-13T14:18:00,2025-07-13T14:50:00,ios,tablet,GB,False
S0003926,U003459,2025-06-21T23:55:00,2025-06-22T01:16:00,android,tablet,GB,False
S0003927,U001201,2025-04-21T10:34:00,2025-04-21T12:19:00,ctv,smart_tv,GB,False
S0003928,U002072,2025-04-03T17:23:00,2025-04-03T18:13:00,ctv,smart_tv,GB,False
S0003929,U002735,2025-04-07T13:24:00,2025-04-07T14:02:00,ios,tablet,GB,True
S0003930,U001832,2025-06-05T20:59:00,2025-06-05T22:17:00,web,tablet,GB,False
S0003931,U000441,2025-07-10T10:19:00,2025-07-10T10:31:00,web,mobile,GB,False
S0003932,U001075,2025-06-14T13:13:00,2025-06-14T13:26:00,ios,tablet,GB,False
S0003933,U002356,2025-04-01T14:06:00,2025-04-01T14:30:00,web,tablet,GB,False
S0003934,U001046,2025-07-27T19:12:00,2025-07-27T20:14:00,ios,mobile,GB,True
S0003935,U002682,2025-11-03T14:04:00,2025-11-03T14:36:00,ctv,smart_tv,GB,False
S0003936,U002485,2025-12-14T19:53:00,2025-12-14T20:16:00,ctv,smart_tv,GB,False
S0003937,U002949,2025-02-20T14:16:00,2025-02-20T16:00:00,ctv,streaming_stick,GB,False
S0003938,U002860,2025-08-31T17:59:00,2025-08-31T18:27:00,web,tablet,GB,False
S0003939,U000492,2025-02-14T22:48:00,2025-02-14T23:20:00,android,mobile,GB,False
S0003940,U001977,2025-04-13T13:56:00,2025-04-13T14:04:00,ios,mobile,GB,False
S0003941,U003499,2025-02-17T13:34:00,2025-02-17T14:26:00,web,tablet,GB,False
S0003942,U003888,2025-12-01T13:54:00,2025-12-01T15:32:00,ios,tablet,GB,False
S0003943,U001903,2025-10-11T21:20:00,2025-10-11T21:42:00,web,mobile,GB,False
S0003944,U001770,2025-12-02T20:24:00,2025-12-02T21:39:00,ios,tablet,GB,False
S0003945,U002420,2025-09-07T17:42:00,2025-09-07T19:25:00,web,desktop,GB,False
S0003946,U002212,2025-11-04T11:44:00,2025-11-04T13:20:00,android,tablet,GB,False
S0003947,U002694,2025-04-25T17:07:00,2025-04-25T18:02:00,android,mobile,GB,False
S0003948,U000566,2025-02-24T22:31:00,2025-02-24T22:40:00,ios,mobile,GB,False
S0003949,U001187,2025-10-06T17:51:00,2025-10-06T18:56:00,android,tablet,GB,False
S0003950,U001226,2025-03-11T10:43:00,2025-03-11T11:47:00,ios,tablet,GB,False
S0003951,U000526,2025-10-17T20:49:00,2025-10-17T21:01:00,web,desktop,GB,False
S0003952,U001705,2025-08-05T10:20:00,2025-08-05T11:30:00,android,mobile,GB,False
S0003953,U003764,2025-09-03T10:25:00,2025-09-03T11:54:00,web,mobile,GB,False
S0003954,U001779,2025-02-03T17:24:00,2025-02-03T19:15:00,ios,tablet,GB,True
S0003955,U001092,2025-11-20T19:17:00,2025-11-20T20:47:00,ios,tablet,GB,False
S0003956,U001398,2025-11-12T18:32:00,2025-11-12T19:28:00,web,mobile,GB,False
S0003957,U001451,2025-10-14T23:47:00,2025-10-15T00:29:00,web,mobile,GB,False
S0003958,U000706,2025-09-10T21:26:00,2025-09-10T22:27:00,ios,mobile,GB,False
S0003959,U000973,2025-07-08T11:53:00,2025-07-08T12:32:00,ctv,streaming_stick,GB,False
S0003960,U001910,2025-04-04T09:09:00,2025-04-04T10:02:00,android,mobile,GB,False
S0003961,U003902,2025-09-22T14:54:00,2025-09-22T15:49:00,web,mobile,GB,False
S0003962,U001335,2025-08-02T18:37:00,2025-08-02T19:44:00,ctv,streaming_stick,GB,False
S0003963,U000260,2025-12-01T23:32:00,2025-12-02T01:24:00,web,mobile,GB,False
S0003964,U002272,2025-05-01T13:52:00,2025-05-01T14:35:00,web,tablet,GB,False
S0003965,U001473,2025-01-06T21:21:00,2025-01-06T21:43:00,android,tablet,GB,False
S0003966,U003263,2025-09-01T22:54:00,2025-09-01T23:21:00,web,desktop,GB,False
S0003967,U003870,2025-09-17T11:04:00,2025-09-17T12:29:00,ctv,smart_tv,GB,False
S0003968,U002905,2025-05-13T11:07:00,2025-05-13T11:56:00,ios,tablet,GB,False
S0003969,U001277,2025-02-05T19:24:00,2025-02-05T19:45:00,ios,mobile,GB,False
S0003970,U001863,2025-12-30T11:02:00,2025-12-30T11:10:00,android,mobile,GB,False
S0003971,U000463,2025-08-11T16:22:00,2025-08-11T16:46:00,ctv,smart_tv,GB,False
S0003972,U002736,2025-10-04T06:55:00,2025-10-04T08:31:00,android,tablet,GB,False
S0003973,U002601,2025-05-03T13:33:00,2025-05-03T14:58:00,android,mobile,GB,False
S0003974,U001531,2025-10-13T12:42:00,2025-10-13T14:10:00,android,mobile,GB,False
S0003975,U001603,2025-10-26T23:25:00,2025-10-27T01:05:00,web,mobile,GB,False
S0003976,U002140,2025-06-17T13:06:00,2025-06-17T13:35:00,android,tablet,GB,False
S0003977,U001756,2025-12-10T13:41:00,2025-12-10T14:27:00,android,mobile,GB,False
S0003978,U000477,2025-05-29T11:50:00,2025-05-29T12:12:00,ctv,smart_tv,GB,False
S0003979,U002280,2025-09-23T22:37:00,2025-09-23T23:08:00,ios,tablet,GB,False
S0003980,U003245,2025-02-17T15:27:00,2025-02-17T16:42:00,android,tablet,GB,False
S0003981,U001476,2025-10-30T17:17:00,2025-10-30T17:24:00,web,mobile,GB,False
S0003982,U003532,2025-08-26T23:30:00,2025-08-27T00:53:00,ios,tablet,GB,False
S0003983,U000632,2025-09-12T23:47:00,2025-09-13T00:01:00,ios,mobile,GB,False
S0003984,U000100,2025-07-12T22:03:00,2025-07-12T23:15:00,ctv,streaming_stick,GB,False
S0003985,U002220,2025-05-01T15:32:00,2025-05-01T16:44:00,web,mobile,GB,False
S0003986,U003063,2025-07-06T11:07:00,2025-07-06T12:01:00,ios,tablet,GB,False
S0003987,U000676,2025-02-26T18:03:00,2025-02-26T19:15:00,android,mobile,GB,False
S0003988,U002813,2025-05-10T17:41:00,2025-05-10T18:26:00,android,tablet,GB,False
S0003989,U002998,2025-11-30T10:51:00,2025-11-30T12:24:00,ctv,smart_tv,GB,False
S0003990,U003633,2025-05-06T11:35:00,2025-05-06T11:53:00,ios,tablet,GB,False
S0003991,U003051,2025-03-17T15:26:00,2025-03-17T16:46:00,ios,tablet,GB,False
S0003992,U000415,2025-07-12T17:03:00,2025-07-12T18:36:00,ios,mobile,GB,False
S0003993,U003839,2025-08-28T08:07:00,2025-08-28T09:28:00,web,desktop,GB,False
S0003994,U001554,2025-11-09T15:50:00,2025-11-09T17:23:00,web,tablet,GB,False
S0003995,U001390,2025-11-24T21:59:00,2025-11-24T22:31:00,ctv,streaming_stick,GB,False
S0003996,U001761,2025-12-24T16:22:00,2025-12-24T17:06:00,web,mobile,GB,False
S0003997,U000738,2025-10-26T11:30:00,2025-10-26T11:50:00,web,desktop,GB,False
S0003998,U001307,2025-01-06T13:31:00,2025-01-06T14:29:00,ios,tablet,GB,False
S0003999,U002078,2025-01-14T15:21:00,2025-01-14T17:21:00,ctv,smart_tv,GB,False
S0004000,U000197,2025-10-25T15:16:00,2025-10-25T15:28:00,web,mobile,GB,False
S0004001,U003763,2025-09-22T14:24:00,2025-09-22T15:03:00,ios,tablet,GB,False
S0004002,U003098,2025-06-10T19:36:00,2025-06-10T20:10:00,android,mobile,GB,False
S0004003,U002181,2025-10-18T13:26:00,2025-10-18T14:40:00,ctv,streaming_stick,GB,True
S0004004,U000514,2025-12-07T16:27:00,2025-12-07T17:07:00,web,desktop,GB,False
S0004005,U000825,2025-09-12T21:23:00,2025-09-12T22:56:00,web,tablet,GB,False
S0004006,U001385,2025-12-18T17:30:00,2025-12-18T18:08:00,android,mobile,GB,False
S0004007,U000886,2025-03-04T21:09:00,2025-03-04T22:23:00,web,tablet,GB,False
S0004008,U001178,2025-11-23T20:01:00,2025-11-23T20:36:00,android,mobile,GB,False
S0004009,U000766,2025-09-20T14:22:00,2025-09-20T14:56:00,ios,tablet,GB,False
S0004010,U000266,2025-04-07T17:24:00,2025-04-07T18:39:00,ios,mobile,GB,False
S0004011,U000945,2025-07-20T14:52:00,2025-07-20T15:08:00,web,mobile,GB,False
S0004012,U000892,2025-09-26T09:07:00,2025-09-26T10:10:00,android,tablet,GB,False
S0004013,U003194,2025-03-31T19:30:00,2025-03-31T20:14:00,web,desktop,GB,False
S0004014,U003527,2025-04-02T13:40:00,2025-04-02T13:51:00,ios,mobile,GB,False
S0004015,U003505,2025-02-25T17:00:00,2025-02-25T18:12:00,web,tablet,GB,False
S0004016,U001114,2025-01-02T16:38:00,2025-01-02T18:14:00,web,mobile,GB,False
S0004017,U003276,2025-01-28T08:31:00,2025-01-28T09:46:00,android,tablet,GB,False
S0004018,U001057,2025-06-23T19:00:00,2025-06-23T19:56:00,android,mobile,GB,False
S0004019,U001996,2025-09-19T10:29:00,2025-09-19T11:18:00,ios,mobile,GB,True
S0004020,U000982,2025-06-23T23:37:00,2025-06-24T00:35:00,ios,tablet,GB,False
S0004021,U002282,2025-04-06T08:10:00,2025-04-06T08:48:00,web,desktop,GB,True
S0004022,U001994,2025-10-14T09:39:00,2025-10-14T11:12:00,web,desktop,GB,False
S0004023,U003746,2025-04-18T22:09:00,2025-04-18T22:47:00,ios,tablet,GB,False
S0004024,U002001,2025-11-13T13:19:00,2025-11-13T13:55:00,ios,mobile,GB,False
S0004025,U000414,2025-03-01T16:33:00,2025-03-01T17:37:00,ctv,smart_tv,GB,False
S0004026,U003442,2025-07-31T18:14:00,2025-07-31T18:52:00,web,desktop,GB,True
S0004027,U003307,2025-04-14T07:22:00,2025-04-14T08:26:00,ctv,smart_tv,GB,False
S0004028,U002316,2025-08-20T23:07:00,2025-08-21T00:16:00,ios,mobile,GB,False
S0004029,U000904,2025-09-06T10:08:00,2025-09-06T11:29:00,android,tablet,GB,False
S0004030,U001701,2025-12-04T15:21:00,2025-12-04T16:05:00,ctv,smart_tv,GB,False
S0004031,U000383,2025-11-29T18:14:00,2025-11-29T19:03:00,ios,mobile,GB,False
S0004032,U003716,2025-06-11T14:09:00,2025-06-11T14:41:00,web,desktop,GB,False
S0004033,U000689,2025-06-06T21:58:00,2025-06-06T23:10:00,ios,tablet,GB,False
S0004034,U001967,2025-09-10T09:22:00,2025-09-10T10:12:00,ctv,smart_tv,GB,False
S0004035,U000942,2025-12-26T14:51:00,2025-12-26T16:30:00,ios,mobile,GB,False
S0004036,U003637,2025-10-05T23:58:00,2025-10-06T00:05:00,android,tablet,GB,False
S0004037,U002074,2025-02-21T15:26:00,2025-02-21T17:25:00,android,tablet,GB,False
S0004038,U002661,2025-08-11T16:36:00,2025-08-11T17:19:00,android,mobile,GB,False
S0004039,U003615,2025-09-09T11:08:00,2025-09-09T11:19:00,android,tablet,GB,False
S0004040,U001297,2025-06-04T16:58:00,2025-06-04T17:15:00,web,desktop,GB,False
S0004041,U003354,2025-09-28T17:15:00,2025-09-28T19:13:00,ios,tablet,GB,False
S0004042,U003825,2025-05-05T09:33:00,2025-05-05T10:33:00,android,mobile,GB,False
S0004043,U003899,2025-10-22T10:50:00,2025-10-22T11:36:00,android,tablet,GB,False
S0004044,U002835,2025-11-07T11:47:00,2025-11-07T13:34:00,android,tablet,GB,False
S0004045,U003726,2025-07-23T11:58:00,2025-07-23T13:14:00,ios,tablet,GB,False
S0004046,U003432,2025-01-04T12:00:00,2025-01-04T13:45:00,android,mobile,GB,False
S0004047,U000290,2025-05-17T07:39:00,2025-05-17T09:13:00,ios,mobile,GB,False
S0004048,U003983,2025-03-01T10:58:00,2025-03-01T12:14:00,android,mobile,GB,True
S0004049,U002512,2025-09-15T16:06:00,2025-09-15T16:49:00,web,desktop,GB,False
S0004050,U000603,2025-02-27T11:24:00,2025-02-27T11:47:00,web,tablet,GB,False
S0004051,U001040,2025-09-28T13:01:00,2025-09-28T13:14:00,ctv,smart_tv,GB,False
S0004052,U001707,2025-12-09T09:52:00,2025-12-09T09:59:00,android,tablet,GB,False
S0004053,U001508,2025-07-17T16:05:00,2025-07-17T16:19:00,ctv,streaming_stick,GB,False
S0004054,U001036,2025-04-25T20:38:00,2025-04-25T21:11:00,web,mobile,GB,False
S0004055,U001062,2025-09-22T17:49:00,2025-09-22T18:14:00,android,mobile,GB,False
S0004056,U002885,2025-05-05T13:45:00,2025-05-05T14:51:00,android,tablet,GB,False
S0004057,U000685,2025-03-27T18:53:00,2025-03-27T19:54:00,android,tablet,GB,False
S0004058,U002434,2025-10-20T09:20:00,2025-10-20T11:19:00,android,mobile,GB,False
S0004059,U001818,2025-04-12T06:30:00,2025-04-12T08:04:00,android,tablet,GB,False
S0004060,U001033,2025-07-22T13:48:00,2025-07-22T15:48:00,ctv,smart_tv,GB,True
S0004061,U003625,2025-12-05T13:27:00,2025-12-05T15:02:00,android,tablet,GB,False
S0004062,U003576,2025-12-09T22:27:00,2025-12-09T23:18:00,android,tablet,GB,False
S0004063,U002016,2025-09-13T21:20:00,2025-09-13T23:01:00,web,tablet,GB,False
S0004064,U002368,2025-04-15T17:20:00,2025-04-15T18:59:00,web,desktop,GB,False
S0004065,U001199,2025-10-28T11:01:00,2025-10-28T11:15:00,ios,tablet,GB,False
S0004066,U001508,2025-10-14T11:00:00,2025-10-14T11:35:00,android,mobile,GB,True
S0004067,U000673,2025-09-17T12:19:00,2025-09-17T12:49:00,web,tablet,GB,False
S0004068,U003948,2025-08-06T12:37:00,2025-08-06T14:23:00,ios,tablet,GB,False
S0004069,U002663,2025-10-20T13:03:00,2025-10-20T14:43:00,web,mobile,GB,False
S0004070,U002507,2025-07-28T20:19:00,2025-07-28T21:03:00,ios,tablet,GB,False
S0004071,U001511,2025-02-18T15:36:00,2025-02-18T16:00:00,web,mobile,GB,False
S0004072,U000207,2025-09-27T15:50:00,2025-09-27T16:30:00,web,desktop,GB,False
S0004073,U002696,2025-05-17T19:21:00,2025-05-17T20:07:00,web,tablet,GB,False
S0004074,U003587,2025-11-27T19:52:00,2025-11-27T21:16:00,web,mobile,GB,False
S0004075,U000581,2025-04-11T18:37:00,2025-04-11T20:09:00,ctv,smart_tv,GB,False
S0004076,U000124,2025-02-03T06:21:00,2025-02-03T07:21:00,ctv,smart_tv,GB,False
S0004077,U003700,2025-08-31T16:14:00,2025-08-31T17:51:00,android,tablet,GB,False
S0004078,U001055,2025-06-05T13:42:00,2025-06-05T14:06:00,ctv,streaming_stick,GB,False
S0004079,U000472,2025-12-16T15:50:00,2025-12-16T16:16:00,android,tablet,GB,False
S0004080,U001772,2025-10-25T12:18:00,2025-10-25T13:27:00,android,tablet,GB,False
S0004081,U001310,2025-07-04T15:08:00,2025-07-04T16:56:00,android,mobile,GB,False
S0004082,U000818,2025-03-06T19:43:00,2025-03-06T20:39:00,android,tablet,GB,True
S0004083,U002819,2025-10-08T08:29:00,2025-10-08T09:14:00,ctv,streaming_stick,GB,False
S0004084,U000098,2025-07-08T13:29:00,2025-07-08T14:20:00,web,tablet,GB,True
S0004085,U001070,2025-05-01T15:36:00,2025-05-01T17:10:00,ctv,streaming_stick,GB,False
S0004086,U002094,2025-03-17T19:51:00,2025-03-17T21:23:00,android,mobile,GB,False
S0004087,U003502,2025-11-26T18:28:00,2025-11-26T19:39:00,ctv,streaming_stick,GB,False
S0004088,U003513,2025-09-03T16:55:00,2025-09-03T18:37:00,ios,mobile,GB,False
S0004089,U000615,2025-07-11T17:38:00,2025-07-11T19:13:00,android,mobile,GB,False
S0004090,U001509,2025-08-20T12:11:00,2025-08-20T12:34:00,android,tablet,GB,False
S0004091,U002879,2025-02-16T15:22:00,2025-02-16T16:03:00,web,desktop,GB,False
S0004092,U002553,2025-03-27T08:57:00,2025-03-27T10:20:00,ctv,smart_tv,GB,False
S0004093,U002585,2025-03-18T12:35:00,2025-03-18T13:04:00,web,mobile,GB,False
S0004094,U002656,2025-08-03T09:33:00,2025-08-03T10:12:00,android,mobile,GB,False
S0004095,U001661,2025-03-15T15:22:00,2025-03-15T16:28:00,android,tablet,GB,False
S0004096,U000549,2025-12-05T18:52:00,2025-12-05T19:34:00,android,mobile,GB,False
S0004097,U001967,2025-05-18T14:14:00,2025-05-18T14:45:00,android,mobile,GB,False
S0004098,U002975,2025-03-04T12:28:00,2025-03-04T12:38:00,android,mobile,GB,False
S0004099,U000870,2025-05-15T06:59:00,2025-05-15T08:46:00,android,tablet,GB,False
S0004100,U000479,2025-11-24T20:30:00,2025-11-24T22:17:00,ios,tablet,GB,False
S0004101,U001067,2025-02-26T22:48:00,2025-02-26T23:39:00,web,tablet,GB,False
S0004102,U001830,2025-02-12T14:03:00,2025-02-12T14:26:00,android,tablet,GB,False
S0004103,U001644,2025-11-08T16:05:00,2025-11-08T17:23:00,ctv,streaming_stick,GB,False
S0004104,U001495,2025-05-06T15:05:00,2025-05-06T16:20:00,web,mobile,GB,False
S0004105,U000112,2025-01-05T17:14:00,2025-01-05T19:12:00,ios,tablet,GB,True
S0004106,U000588,2025-07-09T13:37:00,2025-07-09T14:59:00,ctv,smart_tv,GB,False
S0004107,U000803,2025-01-06T19:45:00,2025-01-06T21:26:00,android,mobile,GB,False
S0004108,U003343,2025-11-22T14:48:00,2025-11-22T15:30:00,ios,mobile,GB,False
S0004109,U000010,2025-07-05T16:51:00,2025-07-05T17:27:00,android,mobile,GB,False
S0004110,U001699,2025-08-17T19:54:00,2025-08-17T20:10:00,ios,mobile,GB,True
S0004111,U002893,2025-02-13T18:40:00,2025-02-13T20:28:00,android,mobile,GB,True
S0004112,U000557,2025-03-23T12:45:00,2025-03-23T13:29:00,web,tablet,GB,False
S0004113,U002819,2025-06-13T12:27:00,2025-06-13T14:01:00,ios,tablet,GB,False
S0004114,U001635,2025-07-19T15:19:00,2025-07-19T17:16:00,web,desktop,GB,False
S0004115,U000706,2025-04-23T23:10:00,2025-04-23T23:47:00,web,mobile,GB,False
S0004116,U003720,2025-03-27T22:14:00,2025-03-27T23:38:00,ios,mobile,GB,False
S0004117,U000587,2025-04-22T16:46:00,2025-04-22T18:25:00,ios,tablet,GB,False
S0004118,U000203,2025-12-24T08:29:00,2025-12-24T09:48:00,android,tablet,GB,False
S0004119,U003549,2025-02-18T14:01:00,2025-02-18T15:40:00,web,mobile,GB,False
S0004120,U002571,2025-07-31T18:52:00,2025-07-31T19:44:00,ctv,smart_tv,GB,False
S0004121,U003521,2025-12-05T08:23:00,2025-12-05T09:50:00,ios,tablet,GB,False
S0004122,U002562,2025-11-12T11:14:00,2025-11-12T12:42:00,ctv,smart_tv,GB,False
S0004123,U001115,2025-11-24T16:00:00,2025-11-24T17:35:00,web,mobile,GB,False
S0004124,U003909,2025-01-28T18:26:00,2025-01-28T19:04:00,ctv,smart_tv,GB,False
S0004125,U003775,2025-08-17T17:50:00,2025-08-17T19:10:00,ios,tablet,GB,False
S0004126,U003708,2025-05-18T14:39:00,2025-05-18T16:07:00,ctv,smart_tv,GB,False
S0004127,U001090,2025-09-25T21:27:00,2025-09-25T21:57:00,android,mobile,GB,False
S0004128,U002532,2025-09-18T06:11:00,2025-09-18T07:46:00,android,tablet,GB,False
S0004129,U002336,2025-01-28T07:19:00,2025-01-28T08:21:00,android,mobile,GB,False
S0004130,U003967,2025-05-28T17:19:00,2025-05-28T17:42:00,ctv,smart_tv,GB,False
S0004131,U000731,2025-09-21T21:09:00,2025-09-21T21:57:00,android,mobile,GB,False
S0004132,U003368,2025-11-01T08:41:00,2025-11-01T09:54:00,web,mobile,GB,False
S0004133,U001798,2025-04-05T10:27:00,2025-04-05T11:50:00,web,mobile,GB,False
S0004134,U002282,2025-03-28T23:37:00,2025-03-29T00:33:00,ios,mobile,GB,False
S0004135,U001682,2025-03-01T18:17:00,2025-03-01T20:08:00,ios,mobile,GB,True
S0004136,U002723,2025-04-17T13:57:00,2025-04-17T14:14:00,web,tablet,GB,False
S0004137,U001711,2025-11-12T15:12:00,2025-11-12T16:20:00,web,tablet,GB,False
S0004138,U003453,2025-06-02T07:29:00,2025-06-02T09:19:00,android,tablet,GB,True
S0004139,U003376,2025-12-05T16:54:00,2025-12-05T17:53:00,ctv,smart_tv,GB,False
S0004140,U002954,2025-04-07T14:37:00,2025-04-07T16:09:00,ios,tablet,GB,False
S0004141,U000057,2025-03-18T10:38:00,2025-03-18T11:21:00,android,mobile,GB,False
S0004142,U001000,2025-04-12T10:30:00,2025-04-12T12:18:00,android,tablet,GB,False
S0004143,U002648,2025-01-21T17:52:00,2025-01-21T18:17:00,ctv,streaming_stick,GB,False
S0004144,U000268,2025-07-11T21:55:00,2025-07-11T22:28:00,android,mobile,GB,False
S0004145,U000741,2025-11-21T06:41:00,2025-11-21T07:49:00,ios,tablet,GB,False
S0004146,U000816,2025-02-10T14:56:00,2025-02-10T15:32:00,ios,tablet,GB,False
S0004147,U000597,2025-09-19T15:19:00,2025-09-19T17:17:00,ios,mobile,GB,True
S0004148,U002333,2025-04-18T10:30:00,2025-04-18T11:29:00,web,desktop,GB,False
S0004149,U003529,2025-03-05T16:59:00,2025-03-05T17:56:00,web,desktop,GB,False
S0004150,U002051,2025-05-13T22:57:00,2025-05-14T00:22:00,android,tablet,GB,False
S0004151,U003236,2025-03-13T16:32:00,2025-03-13T17:31:00,ios,mobile,GB,False
S0004152,U000967,2025-06-15T15:15:00,2025-06-15T17:02:00,ctv,smart_tv,GB,False
S0004153,U002515,2025-12-04T13:24:00,2025-12-04T13:54:00,ios,mobile,GB,False
S0004154,U000095,2025-02-25T16:34:00,2025-02-25T17:22:00,ios,mobile,GB,False
S0004155,U000967,2025-07-05T12:22:00,2025-07-05T13:43:00,ctv,streaming_stick,GB,False
S0004156,U001056,2025-12-02T21:15:00,2025-12-02T23:04:00,android,tablet,GB,False
S0004157,U000695,2025-04-11T20:20:00,2025-04-11T22:16:00,android,mobile,GB,True
S0004158,U002359,2025-06-05T12:46:00,2025-06-05T13:57:00,android,tablet,GB,False
S0004159,U000658,2025-09-13T18:42:00,2025-09-13T19:09:00,ios,tablet,GB,False
S0004160,U002227,2025-07-13T12:19:00,2025-07-13T13:34:00,web,mobile,GB,False
S0004161,U002631,2025-10-08T17:24:00,2025-10-08T18:34:00,ctv,streaming_stick,GB,False
S0004162,U001632,2025-06-11T10:30:00,2025-06-11T12:13:00,android,tablet,GB,False
S0004163,U003031,2025-04-15T14:25:00,2025-04-15T14:58:00,web,tablet,GB,False
S0004164,U003565,2025-01-07T19:41:00,2025-01-07T21:19:00,ctv,streaming_stick,GB,False
S0004165,U001261,2025-02-23T13:40:00,2025-02-23T13:56:00,ios,tablet,GB,False
S0004166,U000721,2025-02-08T23:20:00,2025-02-08T23:27:00,ctv,streaming_stick,GB,False
S0004167,U000512,2025-10-12T11:51:00,2025-10-12T12:41:00,web,tablet,GB,False
S0004168,U000264,2025-02-13T17:06:00,2025-02-13T18:36:00,ios,mobile,GB,False
S0004169,U000102,2025-06-07T18:42:00,2025-06-07T19:56:00,ios,tablet,GB,False
S0004170,U001250,2025-11-29T18:06:00,2025-11-29T18:15:00,ctv,smart_tv,GB,False
S0004171,U001626,2025-07-02T09:31:00,2025-07-02T11:16:00,android,tablet,GB,False
S0004172,U000780,2025-07-02T13:23:00,2025-07-02T15:15:00,ios,tablet,GB,False
S0004173,U001190,2025-12-20T18:20:00,2025-12-20T19:33:00,ios,mobile,GB,False
S0004174,U001463,2025-03-18T08:02:00,2025-03-18T08:22:00,android,mobile,GB,False
S0004175,U001571,2025-08-08T15:43:00,2025-08-08T17:02:00,web,desktop,GB,False
S0004176,U001878,2025-03-04T16:03:00,2025-03-04T16:24:00,ctv,streaming_stick,GB,False
S0004177,U001909,2025-08-17T14:53:00,2025-08-17T15:44:00,ios,tablet,GB,False
S0004178,U001814,2025-04-29T09:43:00,2025-04-29T11:04:00,android,tablet,GB,False
S0004179,U001569,2025-02-17T09:10:00,2025-02-17T10:58:00,ctv,streaming_stick,GB,False
S0004180,U001374,2025-04-27T23:35:00,2025-04-28T00:30:00,web,tablet,GB,False
S0004181,U003624,2025-10-02T15:37:00,2025-10-02T16:07:00,android,mobile,GB,False
S0004182,U003039,2025-06-24T16:15:00,2025-06-24T17:40:00,android,tablet,GB,False
S0004183,U000538,2025-04-21T09:55:00,2025-04-21T11:39:00,ios,mobile,GB,False
S0004184,U003035,2025-08-30T09:13:00,2025-08-30T11:07:00,ios,mobile,GB,False
S0004185,U003737,2025-12-09T16:19:00,2025-12-09T17:45:00,ios,tablet,GB,False
S0004186,U001819,2025-05-07T17:17:00,2025-05-07T17:32:00,android,tablet,GB,False
S0004187,U003891,2025-06-03T20:44:00,2025-06-03T21:12:00,web,mobile,GB,False
S0004188,U002225,2025-10-21T14:44:00,2025-10-21T15:08:00,ios,tablet,GB,False
S0004189,U000026,2025-08-24T13:45:00,2025-08-24T14:33:00,ios,tablet,GB,False
S0004190,U000067,2025-01-07T10:58:00,2025-01-07T12:37:00,web,mobile,GB,False
S0004191,U001323,2025-05-23T20:32:00,2025-05-23T22:26:00,ios,mobile,GB,False
S0004192,U000259,2025-04-29T15:47:00,2025-04-29T16:14:00,ctv,smart_tv,GB,False
S0004193,U002899,2025-07-25T20:33:00,2025-07-25T21:23:00,web,mobile,GB,False
S0004194,U000621,2025-04-19T18:39:00,2025-04-19T20:33:00,android,tablet,GB,False
S0004195,U002422,2025-05-26T15:31:00,2025-05-26T17:04:00,web,mobile,GB,False
S0004196,U001040,2025-08-05T16:31:00,2025-08-05T17:12:00,ctv,smart_tv,GB,False
S0004197,U002153,2025-03-02T17:59:00,2025-03-02T18:47:00,android,tablet,GB,False
S0004198,U002693,2025-01-09T16:16:00,2025-01-09T16:57:00,android,mobile,GB,False
S0004199,U001490,2025-06-25T18:48:00,2025-06-25T19:06:00,android,mobile,GB,True
S0004200,U001708,2025-01-18T19:46:00,2025-01-18T20:48:00,android,tablet,GB,False
S0004201,U000101,2025-12-18T13:23:00,2025-12-18T13:56:00,web,tablet,GB,True
S0004202,U002683,2025-11-22T11:05:00,2025-11-22T11:56:00,android,tablet,GB,False
S0004203,U001132,2025-02-13T23:34:00,2025-02-13T23:54:00,android,mobile,GB,False
S0004204,U003920,2025-05-04T19:33:00,2025-05-04T19:45:00,web,mobile,GB,False
S0004205,U002248,2025-12-28T14:12:00,2025-12-28T15:15:00,ctv,streaming_stick,GB,False
S0004206,U000438,2025-08-02T06:59:00,2025-08-02T07:24:00,ctv,smart_tv,GB,False
S0004207,U001736,2025-05-17T14:48:00,2025-05-17T15:58:00,android,tablet,GB,False
S0004208,U003373,2025-03-08T18:24:00,2025-03-08T18:48:00,ios,tablet,GB,False
S0004209,U001206,2025-09-15T10:42:00,2025-09-15T10:50:00,ios,tablet,GB,False
S0004210,U003074,2025-04-10T19:27:00,2025-04-10T20:16:00,android,tablet,GB,False
S0004211,U000612,2025-04-07T19:18:00,2025-04-07T21:11:00,web,mobile,GB,False
S0004212,U000957,2025-02-22T14:49:00,2025-02-22T15:08:00,web,mobile,GB,False
S0004213,U003588,2025-06-02T14:09:00,2025-06-02T14:38:00,android,tablet,GB,False
S0004214,U003117,2025-06-05T09:23:00,2025-06-05T10:55:00,android,tablet,GB,True
S0004215,U000287,2025-04-17T15:12:00,2025-04-17T17:04:00,android,mobile,GB,False
S0004216,U001413,2025-05-07T14:29:00,2025-05-07T15:25:00,web,mobile,GB,False
S0004217,U001136,2025-06-03T19:46:00,2025-06-03T20:49:00,ios,tablet,GB,False
S0004218,U000008,2025-12-28T17:18:00,2025-12-28T19:02:00,ios,mobile,GB,False
S0004219,U001599,2025-08-22T06:43:00,2025-08-22T07:11:00,ctv,smart_tv,GB,False
S0004220,U002445,2025-09-02T20:12:00,2025-09-02T20:34:00,ios,mobile,GB,False
S0004221,U001243,2025-09-04T11:43:00,2025-09-04T12:11:00,android,mobile,GB,False
S0004222,U000492,2025-01-12T10:11:00,2025-01-12T11:30:00,ios,tablet,GB,False
S0004223,U000064,2025-02-25T08:24:00,2025-02-25T09:00:00,android,mobile,GB,False
S0004224,U002388,2025-12-08T22:06:00,2025-12-08T23:28:00,android,mobile,GB,False
S0004225,U001836,2025-10-15T18:15:00,2025-10-15T18:59:00,android,tablet,GB,True
S0004226,U000871,2025-12-13T06:42:00,2025-12-13T07:47:00,android,tablet,GB,False
S0004227,U003472,2025-08-25T11:56:00,2025-08-25T13:17:00,web,tablet,GB,False
S0004228,U000777,2025-12-13T14:53:00,2025-12-13T16:35:00,ios,mobile,GB,False
S0004229,U003022,2025-03-29T12:58:00,2025-03-29T13:54:00,web,desktop,GB,False
S0004230,U002415,2025-11-11T17:57:00,2025-11-11T19:39:00,ios,mobile,GB,False
S0004231,U000740,2025-09-09T16:46:00,2025-09-09T17:56:00,web,mobile,GB,False
S0004232,U001267,2025-02-23T13:13:00,2025-02-23T14:23:00,ctv,smart_tv,GB,False
S0004233,U003290,2025-02-16T12:56:00,2025-02-16T13:05:00,web,desktop,GB,True
S0004234,U002432,2025-11-22T15:10:00,2025-11-22T15:32:00,web,mobile,GB,False
S0004235,U003955,2025-08-04T09:38:00,2025-08-04T11:34:00,web,mobile,GB,False
S0004236,U001682,2025-06-17T14:37:00,2025-06-17T15:39:00,web,mobile,GB,False
S0004237,U000614,2025-04-18T23:59:00,2025-04-19T01:12:00,web,mobile,GB,False
S0004238,U002625,2025-05-30T21:45:00,2025-05-30T23:31:00,android,tablet,GB,False
S0004239,U000174,2025-06-21T14:18:00,2025-06-21T15:25:00,ios,mobile,GB,False
S0004240,U003789,2025-02-24T20:30:00,2025-02-24T21:33:00,ios,mobile,GB,False
S0004241,U003939,2025-11-01T14:16:00,2025-11-01T14:26:00,ios,tablet,GB,False
S0004242,U003796,2025-04-12T14:46:00,2025-04-12T15:29:00,web,desktop,GB,False
S0004243,U001224,2025-08-21T10:16:00,2025-08-21T12:10:00,android,tablet,GB,False
S0004244,U002911,2025-06-07T12:47:00,2025-06-07T14:33:00,ctv,streaming_stick,GB,False
S0004245,U000784,2025-12-30T13:58:00,2025-12-30T15:49:00,ios,mobile,GB,False
S0004246,U002012,2025-03-20T16:03:00,2025-03-20T17:39:00,android,mobile,GB,False
S0004247,U003578,2025-10-05T20:56:00,2025-10-05T22:26:00,web,mobile,GB,False
S0004248,U003181,2025-12-14T17:32:00,2025-12-14T18:52:00,ctv,smart_tv,GB,False
S0004249,U000611,2025-08-11T23:37:00,2025-08-12T01:29:00,web,mobile,GB,False
S0004250,U000238,2025-09-30T20:16:00,2025-09-30T21:23:00,ctv,smart_tv,GB,False
S0004251,U002152,2025-05-21T14:05:00,2025-05-21T15:42:00,ios,tablet,GB,False
S0004252,U001360,2025-02-04T16:01:00,2025-02-04T16:49:00,android,mobile,GB,True
S0004253,U001340,2025-12-02T15:49:00,2025-12-02T16:45:00,ctv,smart_tv,GB,True
S0004254,U003462,2025-01-12T17:27:00,2025-01-12T18:29:00,web,mobile,GB,True
S0004255,U001234,2025-01-11T07:08:00,2025-01-11T08:03:00,ctv,streaming_stick,GB,False
S0004256,U001980,2025-05-25T14:08:00,2025-05-25T15:37:00,ctv,streaming_stick,GB,False
S0004257,U000178,2025-08-23T15:05:00,2025-08-23T16:22:00,android,tablet,GB,False
S0004258,U002352,2025-12-18T13:14:00,2025-12-18T13:20:00,android,mobile,GB,True
S0004259,U002077,2025-02-01T15:37:00,2025-02-01T16:57:00,android,tablet,GB,False
S0004260,U001980,2025-08-23T09:18:00,2025-08-23T11:12:00,ios,mobile,GB,False
S0004261,U003578,2025-10-02T19:20:00,2025-10-02T21:13:00,web,desktop,GB,False
S0004262,U001811,2025-02-27T18:49:00,2025-02-27T19:00:00,web,tablet,GB,False
S0004263,U001574,2025-08-14T16:43:00,2025-08-14T17:04:00,ios,mobile,GB,False
S0004264,U000310,2025-11-14T15:57:00,2025-11-14T17:26:00,ios,mobile,GB,False
S0004265,U002466,2025-04-28T16:12:00,2025-04-28T16:55:00,ctv,smart_tv,GB,False
S0004266,U000237,2025-06-09T17:13:00,2025-06-09T18:56:00,web,desktop,GB,False
S0004267,U000454,2025-03-08T10:27:00,2025-03-08T11:18:00,android,tablet,GB,False
S0004268,U002053,2025-09-02T19:48:00,2025-09-02T21:05:00,web,mobile,GB,False
S0004269,U003845,2025-08-16T17:33:00,2025-08-16T19:01:00,web,tablet,GB,False
S0004270,U001013,2025-11-07T10:34:00,2025-11-07T10:46:00,android,tablet,GB,False
S0004271,U000985,2025-12-09T16:16:00,2025-12-09T17:27:00,android,tablet,GB,True
S0004272,U003323,2025-11-10T15:13:00,2025-11-10T15:26:00,android,mobile,GB,False
S0004273,U001342,2025-06-17T08:18:00,2025-06-17T10:05:00,android,mobile,GB,False
S0004274,U002726,2025-03-02T23:06:00,2025-03-03T00:39:00,web,tablet,GB,False
S0004275,U003976,2025-10-28T09:22:00,2025-10-28T10:06:00,android,mobile,GB,False
S0004276,U001918,2025-06-13T22:18:00,2025-06-13T22:54:00,web,tablet,GB,False
S0004277,U000383,2025-12-26T14:51:00,2025-12-26T16:49:00,web,tablet,GB,False
S0004278,U000577,2025-05-30T18:47:00,2025-05-30T20:10:00,ctv,streaming_stick,GB,False
S0004279,U000245,2025-01-13T13:57:00,2025-01-13T14:05:00,ctv,smart_tv,GB,False
S0004280,U002391,2025-01-27T18:44:00,2025-01-27T20:23:00,android,tablet,GB,False
S0004281,U002573,2025-05-05T22:13:00,2025-05-05T23:09:00,ctv,smart_tv,GB,False
S0004282,U001525,2025-08-26T12:23:00,2025-08-26T12:36:00,web,desktop,GB,False
S0004283,U000895,2025-07-05T14:56:00,2025-07-05T16:41:00,ios,mobile,GB,False
S0004284,U000293,2025-11-12T13:06:00,2025-11-12T14:07:00,ios,mobile,GB,False
S0004285,U001308,2025-10-12T19:07:00,2025-10-12T20:18:00,ios,tablet,GB,False
S0004286,U000399,2025-04-27T19:00:00,2025-04-27T19:05:00,android,mobile,GB,False
S0004287,U001216,2025-02-19T11:41:00,2025-02-19T13:01:00,web,mobile,GB,False
S0004288,U000674,2025-12-17T21:14:00,2025-12-17T22:56:00,ios,mobile,GB,False
S0004289,U000452,2025-07-07T15:29:00,2025-07-07T16:30:00,ios,mobile,GB,False
S0004290,U001177,2025-08-28T16:32:00,2025-08-28T17:17:00,ctv,smart_tv,GB,True
S0004291,U003745,2025-11-25T17:19:00,2025-11-25T18:22:00,android,mobile,GB,False
S0004292,U000642,2025-05-05T20:44:00,2025-05-05T22:17:00,web,desktop,GB,False
S0004293,U003603,2025-04-27T11:00:00,2025-04-27T12:50:00,web,desktop,GB,True
S0004294,U000424,2025-05-17T17:17:00,2025-05-17T17:35:00,android,mobile,GB,False
S0004295,U001453,2025-03-13T09:10:00,2025-03-13T11:05:00,android,mobile,GB,False
S0004296,U001519,2025-10-10T16:52:00,2025-10-10T16:57:00,web,desktop,GB,False
S0004297,U002221,2025-07-18T14:23:00,2025-07-18T15:44:00,android,mobile,GB,False
S0004298,U003453,2025-02-18T18:55:00,2025-02-18T19:07:00,web,mobile,GB,True
S0004299,U002966,2025-06-29T10:41:00,2025-06-29T12:39:00,web,tablet,GB,False
S0004300,U002259,2025-10-02T16:51:00,2025-10-02T17:07:00,ios,tablet,GB,False
S0004301,U001258,2025-09-04T12:42:00,2025-09-04T14:20:00,ios,mobile,GB,False
S0004302,U000569,2025-12-05T16:34:00,2025-12-05T17:53:00,ios,tablet,GB,False
S0004303,U003647,2025-07-13T07:28:00,2025-07-13T08:23:00,web,desktop,GB,False
S0004304,U000338,2025-12-14T16:01:00,2025-12-14T17:41:00,android,tablet,GB,False
S0004305,U001427,2025-06-28T08:51:00,2025-06-28T09:49:00,web,tablet,GB,False
S0004306,U003535,2025-11-21T23:52:00,2025-11-22T01:27:00,ios,mobile,GB,False
S0004307,U001817,2025-04-24T07:19:00,2025-04-24T08:04:00,ios,tablet,GB,False
S0004308,U003186,2025-11-27T16:59:00,2025-11-27T18:31:00,ctv,streaming_stick,GB,False
S0004309,U002273,2025-05-05T20:40:00,2025-05-05T21:23:00,ctv,streaming_stick,GB,False
S0004310,U000857,2025-01-05T22:59:00,2025-01-06T00:27:00,ctv,streaming_stick,GB,False
S0004311,U000368,2025-08-26T13:32:00,2025-08-26T15:00:00,ctv,smart_tv,GB,False
S0004312,U001571,2025-11-16T16:11:00,2025-11-16T16:19:00,web,tablet,GB,False
S0004313,U002728,2025-12-22T16:36:00,2025-12-22T18:14:00,ios,tablet,GB,False
S0004314,U000600,2025-10-23T15:17:00,2025-10-23T16:13:00,ctv,smart_tv,GB,False
S0004315,U001615,2025-09-29T10:26:00,2025-09-29T11:47:00,web,tablet,GB,True
S0004316,U003168,2025-02-16T19:39:00,2025-02-16T20:40:00,ios,tablet,GB,False
S0004317,U001693,2025-04-24T15:55:00,2025-04-24T17:51:00,android,mobile,GB,False
S0004318,U000089,2025-10-06T15:19:00,2025-10-06T15:28:00,web,desktop,GB,False
S0004319,U002182,2025-08-03T13:46:00,2025-08-03T13:53:00,android,mobile,GB,True
S0004320,U002736,2025-02-02T16:34:00,2025-02-02T17:19:00,ctv,smart_tv,GB,False
S0004321,U003698,2025-06-12T15:55:00,2025-06-12T16:18:00,ctv,smart_tv,GB,False
S0004322,U002099,2025-07-02T10:03:00,2025-07-02T11:06:00,ctv,streaming_stick,GB,False
S0004323,U003422,2025-01-25T11:48:00,2025-01-25T12:45:00,ios,tablet,GB,False
S0004324,U001946,2025-02-15T20:42:00,2025-02-15T22:07:00,android,mobile,GB,False
S0004325,U002411,2025-08-13T11:28:00,2025-08-13T12:04:00,web,tablet,GB,False
S0004326,U002050,2025-08-25T16:30:00,2025-08-25T17:09:00,ios,tablet,GB,False
S0004327,U001043,2025-09-25T14:48:00,2025-09-25T16:38:00,android,mobile,GB,False
S0004328,U001708,2025-09-28T10:09:00,2025-09-28T11:06:00,web,tablet,GB,False
S0004329,U003398,2025-09-02T15:10:00,2025-09-02T16:53:00,web,mobile,GB,False
S0004330,U003715,2025-08-29T10:11:00,2025-08-29T12:00:00,android,tablet,GB,False
S0004331,U000429,2025-09-14T18:25:00,2025-09-14T19:34:00,android,tablet,GB,False
S0004332,U001078,2025-09-08T15:38:00,2025-09-08T16:03:00,web,tablet,GB,False
S0004333,U002336,2025-12-20T11:18:00,2025-12-20T11:38:00,ios,tablet,GB,False
S0004334,U001465,2025-11-17T14:04:00,2025-11-17T15:09:00,ios,mobile,GB,False
S0004335,U001656,2025-03-31T19:36:00,2025-03-31T19:58:00,android,tablet,GB,False
S0004336,U001754,2025-06-20T20:57:00,2025-06-20T21:10:00,android,tablet,GB,False
S0004337,U003737,2025-02-03T13:03:00,2025-02-03T14:24:00,ios,mobile,GB,False
S0004338,U003964,2025-02-22T16:55:00,2025-02-22T18:47:00,ios,mobile,GB,False
S0004339,U003573,2025-12-18T12:20:00,2025-12-18T13:50:00,android,tablet,GB,False
S0004340,U003796,2025-05-15T16:52:00,2025-05-15T17:26:00,ios,tablet,GB,False
S0004341,U002301,2025-02-25T16:31:00,2025-02-25T17:12:00,web,mobile,GB,False
S0004342,U003871,2025-08-07T17:47:00,2025-08-07T18:34:00,web,tablet,GB,False
S0004343,U001549,2025-02-21T20:49:00,2025-02-21T21:51:00,android,tablet,GB,False
S0004344,U003550,2025-12-11T08:29:00,2025-12-11T10:03:00,android,tablet,GB,False
S0004345,U001542,2025-12-02T23:56:00,2025-12-03T01:13:00,web,desktop,GB,False
S0004346,U003796,2025-01-22T23:19:00,2025-01-23T00:03:00,ios,tablet,GB,False
S0004347,U002210,2025-01-05T18:27:00,2025-01-05T18:36:00,android,mobile,GB,False
S0004348,U003953,2025-05-03T18:14:00,2025-05-03T20:06:00,ios,tablet,GB,False
S0004349,U001637,2025-08-08T13:32:00,2025-08-08T14:37:00,web,tablet,GB,False
S0004350,U003324,2025-11-18T12:25:00,2025-11-18T13:47:00,web,desktop,GB,False
S0004351,U001017,2025-02-06T12:30:00,2025-02-06T12:37:00,ios,tablet,GB,False
S0004352,U001928,2025-04-08T19:48:00,2025-04-08T21:37:00,web,tablet,GB,False
S0004353,U000272,2025-07-18T17:27:00,2025-07-18T19:00:00,web,desktop,GB,True
S0004354,U001592,2025-08-31T17:57:00,2025-08-31T18:55:00,ios,mobile,GB,False
S0004355,U003837,2025-01-11T19:21:00,2025-01-11T21:18:00,android,tablet,GB,False
S0004356,U001223,2025-06-26T07:03:00,2025-06-26T08:16:00,ctv,smart_tv,GB,True
S0004357,U000038,2025-09-28T17:26:00,2025-09-28T17:31:00,ctv,smart_tv,GB,False
S0004358,U000759,2025-03-04T17:00:00,2025-03-04T18:46:00,web,desktop,GB,False
S0004359,U002196,2025-11-07T08:03:00,2025-11-07T09:50:00,android,mobile,GB,False
S0004360,U001008,2025-11-23T20:14:00,2025-11-23T21:49:00,web,mobile,GB,False
S0004361,U001643,2025-11-21T17:49:00,2025-11-21T17:58:00,ios,mobile,GB,False
S0004362,U002425,2025-11-26T14:38:00,2025-11-26T15:01:00,android,mobile,GB,False
S0004363,U000683,2025-11-16T17:20:00,2025-11-16T19:05:00,web,desktop,GB,False
S0004364,U001935,2025-12-15T21:21:00,2025-12-15T22:38:00,android,tablet,GB,False
S0004365,U001497,2025-11-26T15:54:00,2025-11-26T17:43:00,ios,mobile,GB,False
S0004366,U003384,2025-06-25T15:51:00,2025-06-25T16:57:00,ios,mobile,GB,False
S0004367,U000350,2025-03-19T10:44:00,2025-03-19T11:30:00,android,tablet,GB,False
S0004368,U002108,2025-09-03T17:27:00,2025-09-03T18:53:00,ios,tablet,GB,False
S0004369,U002346,2025-02-20T15:20:00,2025-02-20T16:13:00,android,tablet,GB,False
S0004370,U000700,2025-10-01T20:04:00,2025-10-01T22:01:00,android,tablet,GB,False
S0004371,U002741,2025-06-18T17:58:00,2025-06-18T18:14:00,web,mobile,GB,False
S0004372,U001374,2025-01-07T13:01:00,2025-01-07T14:56:00,ctv,smart_tv,GB,False
S0004373,U000777,2025-06-21T16:05:00,2025-06-21T16:23:00,android,tablet,GB,False
S0004374,U002160,2025-04-28T10:55:00,2025-04-28T12:06:00,android,mobile,GB,False
S0004375,U002502,2025-01-19T09:01:00,2025-01-19T09:18:00,ios,tablet,GB,False
S0004376,U002707,2025-10-21T13:10:00,2025-10-21T13:59:00,android,tablet,GB,False
S0004377,U001331,2025-05-02T15:39:00,2025-05-02T16:22:00,android,tablet,GB,False
S0004378,U003410,2025-11-16T20:37:00,2025-11-16T22:37:00,android,tablet,GB,False
S0004379,U002702,2025-01-02T16:00:00,2025-01-02T17:38:00,ios,tablet,GB,False
S0004380,U001299,2025-12-02T17:08:00,2025-12-02T18:57:00,android,mobile,GB,False
S0004381,U001369,2025-04-07T23:32:00,2025-04-08T00:07:00,android,tablet,GB,False
S0004382,U002848,2025-03-12T17:21:00,2025-03-12T17:40:00,ios,tablet,GB,False
S0004383,U003731,2025-10-15T22:37:00,2025-10-15T23:24:00,ios,mobile,GB,False
S0004384,U003347,2025-01-18T11:24:00,2025-01-18T11:57:00,android,mobile,GB,False
S0004385,U003022,2025-07-08T13:37:00,2025-07-08T15:01:00,ios,mobile,GB,False
S0004386,U000050,2025-05-29T14:34:00,2025-05-29T15:48:00,ios,tablet,GB,False
S0004387,U000639,2025-05-20T07:07:00,2025-05-20T08:09:00,web,tablet,GB,True
S0004388,U002058,2025-09-06T23:19:00,2025-09-07T01:19:00,ctv,streaming_stick,GB,False
S0004389,U002156,2025-09-28T11:10:00,2025-09-28T12:11:00,web,mobile,GB,False
S0004390,U002128,2025-09-26T21:29:00,2025-09-26T22:47:00,ctv,streaming_stick,GB,False
S0004391,U000281,2025-03-04T17:06:00,2025-03-04T17:50:00,web,mobile,GB,False
S0004392,U003331,2025-04-23T12:40:00,2025-04-23T13:49:00,web,tablet,GB,False
S0004393,U002761,2025-09-16T15:14:00,2025-09-16T16:08:00,web,mobile,GB,False
S0004394,U002678,2025-12-29T15:57:00,2025-12-29T17:24:00,ios,tablet,GB,False
S0004395,U002232,2025-05-13T20:31:00,2025-05-13T21:22:00,web,tablet,GB,False
S0004396,U001881,2025-07-29T22:33:00,2025-07-29T22:41:00,web,tablet,GB,False
S0004397,U002838,2025-02-19T10:11:00,2025-02-19T10:53:00,ios,tablet,GB,False
S0004398,U000305,2025-02-13T19:01:00,2025-02-13T20:29:00,ctv,streaming_stick,GB,True
S0004399,U003108,2025-05-06T14:08:00,2025-05-06T16:02:00,web,desktop,GB,False
S0004400,U001330,2025-11-22T11:25:00,2025-11-22T11:58:00,ctv,streaming_stick,GB,False
S0004401,U002558,2025-12-24T15:57:00,2025-12-24T16:32:00,ios,tablet,GB,False
S0004402,U003104,2025-03-17T16:19:00,2025-03-17T17:56:00,ctv,smart_tv,GB,False
S0004403,U001512,2025-09-16T09:48:00,2025-09-16T10:44:00,android,mobile,GB,False
S0004404,U001908,2025-08-29T07:35:00,2025-08-29T08:52:00,ctv,smart_tv,GB,False
S0004405,U002106,2025-02-28T15:08:00,2025-02-28T16:40:00,android,mobile,GB,False
S0004406,U001650,2025-07-14T14:34:00,2025-07-14T15:43:00,web,tablet,GB,False
S0004407,U001120,2025-10-27T13:15:00,2025-10-27T13:31:00,android,tablet,GB,False
S0004408,U000810,2025-01-15T14:11:00,2025-01-15T14:51:00,ctv,smart_tv,GB,False
S0004409,U002268,2025-08-22T13:21:00,2025-08-22T15:13:00,web,desktop,GB,False
S0004410,U001489,2025-03-07T15:31:00,2025-03-07T17:11:00,ios,mobile,GB,False
S0004411,U001088,2025-05-29T10:03:00,2025-05-29T11:51:00,ctv,smart_tv,GB,False
S0004412,U000668,2025-06-30T08:40:00,2025-06-30T09:11:00,ios,mobile,GB,False
S0004413,U003898,2025-01-30T11:53:00,2025-01-30T12:55:00,android,tablet,GB,False
S0004414,U001528,2025-11-30T14:49:00,2025-11-30T16:06:00,web,desktop,GB,False
S0004415,U002857,2025-08-07T08:23:00,2025-08-07T08:38:00,ctv,smart_tv,GB,False
S0004416,U001047,2025-11-30T10:45:00,2025-11-30T11:12:00,web,tablet,GB,False
S0004417,U002078,2025-03-15T08:13:00,2025-03-15T09:12:00,ios,mobile,GB,False
S0004418,U000361,2025-10-18T19:13:00,2025-10-18T19:37:00,web,tablet,GB,False
S0004419,U002403,2025-05-24T23:43:00,2025-05-25T01:10:00,android,tablet,GB,False
S0004420,U000389,2025-03-16T15:41:00,2025-03-16T17:13:00,ctv,smart_tv,GB,False
S0004421,U003953,2025-10-01T14:00:00,2025-10-01T15:02:00,ctv,streaming_stick,GB,False
S0004422,U001653,2025-01-02T21:02:00,2025-01-02T22:10:00,ios,mobile,GB,False
S0004423,U000948,2025-12-12T16:09:00,2025-12-12T17:46:00,ctv,streaming_stick,GB,False
S0004424,U001011,2025-11-14T16:20:00,2025-11-14T16:39:00,web,tablet,GB,False
S0004425,U003030,2025-06-27T13:12:00,2025-06-27T13:26:00,ios,mobile,GB,False
S0004426,U002683,2025-06-30T19:17:00,2025-06-30T20:27:00,web,desktop,GB,False
S0004427,U003651,2025-07-25T18:19:00,2025-07-25T19:13:00,ctv,streaming_stick,GB,False
S0004428,U001402,2025-06-10T17:36:00,2025-06-10T18:15:00,web,mobile,GB,False
S0004429,U000524,2025-11-21T13:00:00,2025-11-21T14:13:00,ios,mobile,GB,False
S0004430,U003076,2025-07-04T13:36:00,2025-07-04T14:14:00,ctv,smart_tv,GB,False
S0004431,U003401,2025-12-18T13:58:00,2025-12-18T15:52:00,android,mobile,GB,False
S0004432,U001049,2025-06-03T17:09:00,2025-06-03T18:51:00,android,tablet,GB,False
S0004433,U000096,2025-08-04T06:36:00,2025-08-04T07:42:00,android,mobile,GB,False
S0004434,U002874,2025-10-15T07:20:00,2025-10-15T08:23:00,android,tablet,GB,False
S0004435,U002834,2025-12-09T19:59:00,2025-12-09T20:30:00,android,tablet,GB,False
S0004436,U000668,2025-10-09T16:25:00,2025-10-09T18:20:00,web,tablet,GB,False
S0004437,U000213,2025-08-10T23:02:00,2025-08-10T23:27:00,android,tablet,GB,False
S0004438,U003667,2025-11-26T21:41:00,2025-11-26T22:30:00,ctv,streaming_stick,GB,False
S0004439,U002879,2025-10-09T20:37:00,2025-10-09T22:27:00,android,mobile,GB,False
S0004440,U003356,2025-11-13T21:42:00,2025-11-13T22:43:00,android,tablet,GB,False
S0004441,U001088,2025-11-22T12:45:00,2025-11-22T14:31:00,ios,mobile,GB,False
S0004442,U000495,2025-01-15T19:56:00,2025-01-15T21:15:00,android,mobile,GB,False
S0004443,U001034,2025-05-01T08:52:00,2025-05-01T10:06:00,ios,tablet,GB,False
S0004444,U001065,2025-09-28T09:46:00,2025-09-28T10:53:00,ios,mobile,GB,False
S0004445,U000526,2025-08-09T06:05:00,2025-08-09T07:46:00,android,tablet,GB,False
S0004446,U001498,2025-05-01T22:07:00,2025-05-01T23:46:00,ios,tablet,GB,False
S0004447,U000108,2025-10-06T14:29:00,2025-10-06T16:03:00,android,tablet,GB,False
S0004448,U003610,2025-12-18T19:56:00,2025-12-18T20:29:00,web,tablet,GB,False
S0004449,U002121,2025-05-09T06:50:00,2025-05-09T07:31:00,web,desktop,GB,False
S0004450,U001582,2025-05-22T16:27:00,2025-05-22T16:43:00,android,tablet,GB,False
S0004451,U002519,2025-06-03T13:58:00,2025-06-03T15:16:00,web,desktop,GB,False
S0004452,U002688,2025-12-06T12:00:00,2025-12-06T12:40:00,android,tablet,GB,False
S0004453,U003774,2025-04-08T15:28:00,2025-04-08T17:25:00,web,desktop,GB,False
S0004454,U003718,2025-11-22T06:26:00,2025-11-22T08:02:00,android,mobile,GB,False
S0004455,U000430,2025-06-24T18:42:00,2025-06-24T20:06:00,ctv,smart_tv,GB,False
S0004456,U000503,2025-08-15T11:07:00,2025-08-15T12:06:00,ctv,streaming_stick,GB,False
S0004457,U001184,2025-07-19T23:20:00,2025-07-20T00:37:00,web,desktop,GB,False
S0004458,U003929,2025-08-21T16:30:00,2025-08-21T16:52:00,ios,tablet,GB,False
S0004459,U003061,2025-09-11T11:36:00,2025-09-11T12:25:00,android,mobile,GB,False
S0004460,U001758,2025-10-01T16:52:00,2025-10-01T18:08:00,web,tablet,GB,False
S0004461,U002033,2025-02-24T13:59:00,2025-02-24T14:19:00,android,mobile,GB,False
S0004462,U000189,2025-09-12T07:43:00,2025-09-12T08:18:00,ctv,smart_tv,GB,False
S0004463,U001134,2025-12-26T15:04:00,2025-12-26T16:43:00,android,tablet,GB,False
S0004464,U000177,2025-09-13T11:43:00,2025-09-13T13:42:00,ios,mobile,GB,False
S0004465,U001413,2025-06-16T13:30:00,2025-06-16T14:46:00,ios,mobile,GB,False
S0004466,U000230,2025-08-09T19:00:00,2025-08-09T20:07:00,web,desktop,GB,False
S0004467,U001577,2025-06-22T15:33:00,2025-06-22T16:02:00,android,mobile,GB,False
S0004468,U002946,2025-08-18T16:45:00,2025-08-18T18:17:00,android,tablet,GB,False
S0004469,U001638,2025-05-26T13:22:00,2025-05-26T13:29:00,ctv,smart_tv,GB,False
S0004470,U000928,2025-03-05T11:40:00,2025-03-05T12:50:00,web,desktop,GB,False
S0004471,U003647,2025-05-11T20:31:00,2025-05-11T21:09:00,android,mobile,GB,False
S0004472,U002786,2025-07-04T19:24:00,2025-07-04T20:10:00,ios,mobile,GB,False
S0004473,U003649,2025-09-04T22:29:00,2025-09-05T00:03:00,android,mobile,GB,False
S0004474,U001058,2025-10-28T12:44:00,2025-10-28T13:23:00,web,tablet,GB,False
S0004475,U000489,2025-01-10T13:37:00,2025-01-10T15:32:00,ios,tablet,GB,True
S0004476,U001588,2025-01-07T20:45:00,2025-01-07T21:53:00,web,mobile,GB,False
S0004477,U000518,2025-10-14T12:53:00,2025-10-14T13:25:00,ios,mobile,GB,False
S0004478,U000215,2025-04-04T15:14:00,2025-04-04T16:25:00,web,tablet,GB,False
S0004479,U002287,2025-06-12T15:52:00,2025-06-12T16:15:00,ctv,smart_tv,GB,False
S0004480,U001640,2025-02-04T16:22:00,2025-02-04T17:29:00,android,mobile,GB,False
S0004481,U000309,2025-09-09T12:07:00,2025-09-09T13:13:00,android,tablet,GB,False
S0004482,U003251,2025-10-03T19:41:00,2025-10-03T21:02:00,ios,tablet,GB,True
S0004483,U001609,2025-05-24T12:46:00,2025-05-24T13:43:00,web,tablet,GB,False
S0004484,U000655,2025-04-17T14:04:00,2025-04-17T15:24:00,android,mobile,GB,False
S0004485,U000443,2025-01-06T08:12:00,2025-01-06T08:20:00,ios,mobile,GB,False
S0004486,U001553,2025-06-14T16:25:00,2025-06-14T17:40:00,ios,mobile,GB,False
S0004487,U002813,2025-09-24T11:52:00,2025-09-24T13:06:00,ios,tablet,GB,False
S0004488,U003708,2025-12-17T17:48:00,2025-12-17T18:05:00,android,mobile,GB,False
S0004489,U003633,2025-12-10T17:47:00,2025-12-10T19:27:00,android,mobile,GB,False
S0004490,U003478,2025-09-09T12:40:00,2025-09-09T13:04:00,web,tablet,GB,False
S0004491,U000027,2025-12-26T14:06:00,2025-12-26T16:00:00,ios,mobile,GB,False
S0004492,U002879,2025-08-29T16:30:00,2025-08-29T17:04:00,web,tablet,GB,False
S0004493,U003984,2025-10-31T15:08:00,2025-10-31T15:20:00,web,desktop,GB,False
S0004494,U002133,2025-02-18T08:15:00,2025-02-18T09:14:00,android,tablet,GB,False
S0004495,U002282,2025-09-02T19:03:00,2025-09-02T19:21:00,ios,tablet,GB,False
S0004496,U003069,2025-08-30T09:26:00,2025-08-30T10:15:00,ctv,streaming_stick,GB,False
S0004497,U001773,2025-03-26T17:26:00,2025-03-26T19:26:00,android,mobile,GB,False
S0004498,U002517,2025-03-12T17:28:00,2025-03-12T19:05:00,ios,mobile,GB,False
S0004499,U000857,2025-08-11T14:36:00,2025-08-11T14:43:00,android,tablet,GB,False
S0004500,U000833,2025-02-04T20:34:00,2025-02-04T22:20:00,ios,tablet,GB,False
S0004501,U002403,2025-12-03T15:42:00,2025-12-03T17:29:00,ctv,smart_tv,GB,False
S0004502,U000875,2025-01-24T17:11:00,2025-01-24T17:32:00,android,tablet,GB,False
S0004503,U000041,2025-09-10T17:44:00,2025-09-10T19:28:00,android,tablet,GB,False
S0004504,U000390,2025-10-22T17:54:00,2025-10-22T18:56:00,android,tablet,GB,False
S0004505,U002089,2025-05-23T09:35:00,2025-05-23T10:07:00,ctv,smart_tv,GB,False
S0004506,U000887,2025-03-17T07:43:00,2025-03-17T09:38:00,ios,tablet,GB,False
S0004507,U003299,2025-02-25T13:30:00,2025-02-25T14:03:00,android,mobile,GB,False
S0004508,U003038,2025-03-30T22:11:00,2025-03-30T22:22:00,ctv,streaming_stick,GB,False
S0004509,U003321,2025-11-11T07:06:00,2025-11-11T07:57:00,ios,mobile,GB,False
S0004510,U000307,2025-12-06T16:50:00,2025-12-06T18:10:00,ios,tablet,GB,False
S0004511,U000543,2025-10-02T22:30:00,2025-10-02T23:06:00,web,mobile,GB,False
S0004512,U001126,2025-11-02T13:49:00,2025-11-02T14:41:00,web,tablet,GB,False
S0004513,U001466,2025-11-27T23:03:00,2025-11-28T00:59:00,android,mobile,GB,False
S0004514,U003480,2025-02-05T23:45:00,2025-02-06T01:27:00,android,mobile,GB,False
S0004515,U003634,2025-08-26T13:28:00,2025-08-26T15:09:00,web,desktop,GB,False
S0004516,U000995,2025-12-17T15:40:00,2025-12-17T16:38:00,android,mobile,GB,False
S0004517,U002547,2025-11-20T15:21:00,2025-11-20T17:08:00,ios,tablet,GB,False
S0004518,U000891,2025-05-17T14:49:00,2025-05-17T16:23:00,web,desktop,GB,True
S0004519,U003422,2025-03-10T15:25:00,2025-03-10T16:14:00,web,tablet,GB,True
S0004520,U003279,2025-01-19T15:53:00,2025-01-19T16:44:00,ios,mobile,GB,False
S0004521,U002053,2025-12-23T17:26:00,2025-12-23T19:26:00,ios,mobile,GB,False
S0004522,U000542,2025-10-29T17:07:00,2025-10-29T18:29:00,android,mobile,GB,False
S0004523,U002958,2025-07-12T12:16:00,2025-07-12T12:48:00,android,tablet,GB,False
S0004524,U002451,2025-02-05T11:26:00,2025-02-05T11:59:00,android,tablet,GB,False
S0004525,U001787,2025-08-16T18:42:00,2025-08-16T20:20:00,web,desktop,GB,False
S0004526,U000253,2025-10-01T18:59:00,2025-10-01T20:26:00,ios,tablet,GB,False
S0004527,U001908,2025-07-30T21:41:00,2025-07-30T23:00:00,android,mobile,GB,False
S0004528,U003943,2025-02-14T08:54:00,2025-02-14T09:42:00,web,tablet,GB,False
S0004529,U003132,2025-03-07T23:51:00,2025-03-08T00:31:00,android,tablet,GB,False
S0004530,U003836,2025-09-20T21:11:00,2025-09-20T22:37:00,android,tablet,GB,False
S0004531,U003121,2025-04-09T15:21:00,2025-04-09T17:18:00,ios,mobile,GB,False
S0004532,U003324,2025-08-14T18:07:00,2025-08-14T18:45:00,ios,tablet,GB,False
S0004533,U001692,2025-07-12T09:29:00,2025-07-12T10:14:00,ios,mobile,GB,False
S0004534,U002450,2025-12-20T23:00:00,2025-12-20T23:12:00,ctv,streaming_stick,GB,False
S0004535,U001511,2025-10-12T22:35:00,2025-10-12T22:54:00,web,tablet,GB,False
S0004536,U001616,2025-05-08T12:18:00,2025-05-08T12:31:00,web,mobile,GB,False
S0004537,U003992,2025-03-29T11:04:00,2025-03-29T11:37:00,android,mobile,GB,False
S0004538,U000293,2025-03-18T21:55:00,2025-03-18T23:18:00,ios,mobile,GB,False
S0004539,U001879,2025-11-16T21:59:00,2025-11-16T22:26:00,web,tablet,GB,False
S0004540,U001003,2025-04-11T21:14:00,2025-04-11T22:44:00,web,tablet,GB,False
S0004541,U003694,2025-04-15T11:44:00,2025-04-15T12:30:00,android,mobile,GB,False
S0004542,U000580,2025-07-19T20:08:00,2025-07-19T20:47:00,ios,mobile,GB,False
S0004543,U003929,2025-01-23T07:17:00,2025-01-23T09:04:00,ios,tablet,GB,False
S0004544,U002804,2025-05-09T15:27:00,2025-05-09T16:49:00,ios,mobile,GB,True
S0004545,U003539,2025-03-31T15:37:00,2025-03-31T17:12:00,ctv,smart_tv,GB,False
S0004546,U000089,2025-06-11T08:35:00,2025-06-11T09:03:00,android,tablet,GB,True
S0004547,U002606,2025-11-15T10:35:00,2025-11-15T11:01:00,ctv,streaming_stick,GB,False
S0004548,U002534,2025-04-20T16:12:00,2025-04-20T17:46:00,ios,tablet,GB,False
S0004549,U001187,2025-05-17T08:47:00,2025-05-17T09:15:00,ios,tablet,GB,False
S0004550,U001093,2025-10-02T14:18:00,2025-10-02T14:48:00,android,mobile,GB,False
S0004551,U000039,2025-11-15T23:14:00,2025-11-15T23:34:00,ios,tablet,GB,False
S0004552,U001080,2025-08-19T16:24:00,2025-08-19T17:49:00,ios,mobile,GB,False
S0004553,U003979,2025-06-22T15:16:00,2025-06-22T16:46:00,android,tablet,GB,False
S0004554,U001347,2025-03-11T12:24:00,2025-03-11T12:38:00,ios,mobile,GB,False
S0004555,U003424,2025-01-17T22:49:00,2025-01-18T00:43:00,ios,mobile,GB,False
S0004556,U000277,2025-04-22T17:12:00,2025-04-22T18:47:00,android,tablet,GB,False
S0004557,U002520,2025-01-08T12:49:00,2025-01-08T13:12:00,ios,mobile,GB,False
S0004558,U002688,2025-03-27T14:31:00,2025-03-27T15:01:00,ctv,streaming_stick,GB,False
S0004559,U003163,2025-11-27T15:24:00,2025-11-27T17:01:00,ios,mobile,GB,False
S0004560,U000494,2025-12-26T14:42:00,2025-12-26T16:28:00,android,tablet,GB,False
S0004561,U002498,2025-01-13T19:57:00,2025-01-13T20:23:00,ios,mobile,GB,False
S0004562,U000036,2025-08-22T16:35:00,2025-08-22T18:21:00,android,tablet,GB,False
S0004563,U001474,2025-01-01T20:31:00,2025-01-01T20:39:00,web,mobile,GB,False
S0004564,U001979,2025-12-15T23:33:00,2025-12-16T01:27:00,web,desktop,GB,False
S0004565,U003714,2025-12-10T07:37:00,2025-12-10T07:43:00,web,desktop,GB,False
S0004566,U000449,2025-01-26T16:11:00,2025-01-26T18:00:00,web,desktop,GB,False
S0004567,U000690,2025-04-12T20:34:00,2025-04-12T22:26:00,web,desktop,GB,False
S0004568,U001971,2025-02-28T21:06:00,2025-02-28T22:10:00,ios,tablet,GB,False
S0004569,U003452,2025-05-27T23:51:00,2025-05-28T00:06:00,web,mobile,GB,False
S0004570,U003708,2025-03-13T16:59:00,2025-03-13T18:30:00,ios,tablet,GB,False
S0004571,U001509,2025-01-26T16:37:00,2025-01-26T16:53:00,ctv,streaming_stick,GB,False
S0004572,U001240,2025-12-30T18:03:00,2025-12-30T18:54:00,web,desktop,GB,False
S0004573,U000817,2025-08-29T08:23:00,2025-08-29T09:35:00,ctv,smart_tv,GB,False
S0004574,U001350,2025-04-20T11:54:00,2025-04-20T12:18:00,ios,tablet,GB,False
S0004575,U003783,2025-01-30T13:11:00,2025-01-30T14:32:00,ctv,streaming_stick,GB,False
S0004576,U001094,2025-11-11T07:06:00,2025-11-11T08:46:00,web,desktop,GB,False
S0004577,U003204,2025-02-04T15:03:00,2025-02-04T16:25:00,ctv,smart_tv,GB,False
S0004578,U000106,2025-11-29T08:46:00,2025-11-29T09:22:00,android,tablet,GB,True
S0004579,U001119,2025-04-21T22:02:00,2025-04-21T23:11:00,web,tablet,GB,False
S0004580,U000055,2025-04-15T12:22:00,2025-04-15T13:30:00,ios,mobile,GB,False
S0004581,U001459,2025-03-04T18:59:00,2025-03-04T20:49:00,web,tablet,GB,False
S0004582,U000725,2025-07-05T09:17:00,2025-07-05T10:18:00,android,mobile,GB,False
S0004583,U000988,2025-06-16T12:37:00,2025-06-16T14:05:00,android,mobile,GB,False
S0004584,U002371,2025-12-04T21:52:00,2025-12-04T23:00:00,android,tablet,GB,False
S0004585,U002933,2025-11-28T20:33:00,2025-11-28T22:14:00,ios,tablet,GB,False
S0004586,U000522,2025-07-18T10:45:00,2025-07-18T11:15:00,android,mobile,GB,False
S0004587,U000584,2025-12-06T10:05:00,2025-12-06T11:09:00,ios,tablet,GB,False
S0004588,U002747,2025-10-17T12:37:00,2025-10-17T13:28:00,android,tablet,GB,False
S0004589,U001091,2025-06-21T18:17:00,2025-06-21T20:01:00,android,mobile,GB,False
S0004590,U000969,2025-10-11T11:01:00,2025-10-11T11:07:00,android,mobile,GB,False
S0004591,U003529,2025-08-08T16:26:00,2025-08-08T16:43:00,android,mobile,GB,False
S0004592,U002287,2025-06-02T20:26:00,2025-06-02T20:35:00,ctv,streaming_stick,GB,False
S0004593,U003971,2025-12-17T20:33:00,2025-12-17T21:30:00,ios,tablet,GB,False
S0004594,U001194,2025-11-13T17:35:00,2025-11-13T19:15:00,web,desktop,GB,False
S0004595,U003948,2025-03-21T13:50:00,2025-03-21T15:06:00,ios,tablet,GB,False
S0004596,U001257,2025-12-21T11:10:00,2025-12-21T12:00:00,android,tablet,GB,False
S0004597,U001318,2025-05-07T18:50:00,2025-05-07T19:36:00,ctv,smart_tv,GB,False
S0004598,U003059,2025-02-03T23:12:00,2025-02-03T23:26:00,ios,mobile,GB,False
S0004599,U003470,2025-09-17T13:30:00,2025-09-17T14:18:00,web,mobile,GB,True
S0004600,U001096,2025-11-07T20:59:00,2025-11-07T22:24:00,web,desktop,GB,False
S0004601,U000322,2025-12-19T21:06:00,2025-12-19T21:49:00,ctv,streaming_stick,GB,False
S0004602,U000742,2025-06-04T11:58:00,2025-06-04T13:08:00,ios,tablet,GB,False
S0004603,U003021,2025-10-19T17:59:00,2025-10-19T19:37:00,ios,mobile,GB,False
S0004604,U001643,2025-03-03T14:34:00,2025-03-03T14:53:00,ctv,smart_tv,GB,False
S0004605,U001985,2025-03-23T14:40:00,2025-03-23T16:32:00,ios,tablet,GB,False
S0004606,U003816,2025-01-22T22:23:00,2025-01-22T23:09:00,ios,tablet,GB,False
S0004607,U000201,2025-04-10T06:43:00,2025-04-10T07:02:00,ctv,smart_tv,GB,False
S0004608,U001960,2025-08-26T16:03:00,2025-08-26T16:39:00,web,mobile,GB,False
S0004609,U000429,2025-02-15T21:37:00,2025-02-15T22:21:00,web,desktop,GB,False
S0004610,U003722,2025-02-09T08:12:00,2025-02-09T09:10:00,ctv,streaming_stick,GB,False
S0004611,U001766,2025-08-11T12:35:00,2025-08-11T14:09:00,ctv,smart_tv,GB,False
S0004612,U002538,2025-06-29T16:45:00,2025-06-29T18:44:00,ios,mobile,GB,False
S0004613,U001756,2025-07-21T16:55:00,2025-07-21T17:43:00,ctv,smart_tv,GB,False
S0004614,U002661,2025-06-19T11:56:00,2025-06-19T12:35:00,ctv,smart_tv,GB,False
S0004615,U002835,2025-11-08T07:24:00,2025-11-08T09:11:00,ios,mobile,GB,False
S0004616,U001380,2025-12-15T21:25:00,2025-12-15T22:02:00,web,tablet,GB,False
S0004617,U000907,2025-03-26T12:01:00,2025-03-26T13:53:00,android,tablet,GB,False
S0004618,U000122,2025-11-29T11:02:00,2025-11-29T12:14:00,ios,tablet,GB,False
S0004619,U000831,2025-09-20T16:47:00,2025-09-20T17:57:00,ios,tablet,GB,False
S0004620,U002245,2025-02-04T09:37:00,2025-02-04T10:33:00,android,mobile,GB,False
S0004621,U002085,2025-10-05T12:52:00,2025-10-05T13:30:00,ios,tablet,GB,False
S0004622,U002696,2025-02-27T21:50:00,2025-02-27T22:03:00,android,mobile,GB,False
S0004623,U000210,2025-11-17T10:34:00,2025-11-17T11:53:00,ios,mobile,GB,False
S0004624,U003708,2025-04-11T11:00:00,2025-04-11T12:41:00,android,mobile,GB,False
S0004625,U000868,2025-03-23T17:07:00,2025-03-23T17:54:00,android,mobile,GB,False
S0004626,U001441,2025-09-17T12:37:00,2025-09-17T14:11:00,android,mobile,GB,False
S0004627,U000452,2025-06-21T16:55:00,2025-06-21T17:01:00,web,desktop,GB,False
S0004628,U000352,2025-12-12T13:09:00,2025-12-12T14:43:00,web,mobile,GB,False
S0004629,U001625,2025-06-13T14:15:00,2025-06-13T16:14:00,web,desktop,GB,False
S0004630,U000691,2025-02-22T11:46:00,2025-02-22T12:14:00,android,tablet,GB,True
S0004631,U003668,2025-06-19T21:00:00,2025-06-19T22:24:00,android,tablet,GB,False
S0004632,U000940,2025-10-21T09:35:00,2025-10-21T09:47:00,ctv,streaming_stick,GB,False
S0004633,U001607,2025-07-23T17:12:00,2025-07-23T17:19:00,android,tablet,GB,False
S0004634,U002968,2025-05-07T15:30:00,2025-05-07T16:15:00,android,mobile,GB,False
S0004635,U001701,2025-07-16T21:14:00,2025-07-16T21:53:00,android,tablet,GB,False
S0004636,U000535,2025-05-19T12:01:00,2025-05-19T13:34:00,web,mobile,GB,False
S0004637,U000370,2025-03-10T18:00:00,2025-03-10T18:49:00,ios,tablet,GB,False
S0004638,U003359,2025-05-26T19:18:00,2025-05-26T20:35:00,web,mobile,GB,False
S0004639,U003101,2025-11-26T18:05:00,2025-11-26T18:29:00,ios,mobile,GB,False
S0004640,U000603,2025-11-25T09:38:00,2025-11-25T10:33:00,ios,tablet,GB,False
S0004641,U003656,2025-11-22T14:34:00,2025-11-22T15:32:00,web,desktop,GB,False
S0004642,U000367,2025-09-02T10:25:00,2025-09-02T11:55:00,android,tablet,GB,False
S0004643,U001456,2025-09-20T13:33:00,2025-09-20T14:04:00,ios,mobile,GB,False
S0004644,U000887,2025-07-29T16:13:00,2025-07-29T16:25:00,ctv,streaming_stick,GB,False
S0004645,U001156,2025-01-25T16:30:00,2025-01-25T18:14:00,ctv,smart_tv,GB,False
S0004646,U001662,2025-08-28T15:33:00,2025-08-28T17:08:00,ios,mobile,GB,False
S0004647,U000002,2025-11-25T11:25:00,2025-11-25T13:22:00,ctv,smart_tv,GB,False
S0004648,U001447,2025-01-27T20:26:00,2025-01-27T20:52:00,web,tablet,GB,False
S0004649,U001247,2025-07-09T11:01:00,2025-07-09T12:50:00,ios,mobile,GB,False
S0004650,U001729,2025-02-22T19:35:00,2025-02-22T20:43:00,android,tablet,GB,False
S0004651,U000850,2025-05-28T15:41:00,2025-05-28T17:25:00,web,tablet,GB,False
S0004652,U000079,2025-01-29T19:19:00,2025-01-29T21:08:00,web,mobile,GB,False
S0004653,U002030,2025-03-03T13:21:00,2025-03-03T13:59:00,ios,mobile,GB,False
S0004654,U003354,2025-08-21T09:50:00,2025-08-21T11:10:00,android,mobile,GB,False
S0004655,U001206,2025-10-26T11:36:00,2025-10-26T12:35:00,ios,tablet,GB,False
S0004656,U003522,2025-09-01T22:01:00,2025-09-01T23:07:00,android,tablet,GB,False
S0004657,U000474,2025-11-01T22:43:00,2025-11-02T00:03:00,ios,tablet,GB,False
S0004658,U001490,2025-04-26T08:17:00,2025-04-26T10:03:00,android,tablet,GB,False
S0004659,U003431,2025-08-28T13:03:00,2025-08-28T13:58:00,web,tablet,GB,False
S0004660,U003588,2025-11-14T23:30:00,2025-11-14T23:35:00,android,tablet,GB,False
S0004661,U002558,2025-02-01T15:15:00,2025-02-01T15:50:00,ios,tablet,GB,False
S0004662,U001998,2025-01-13T19:00:00,2025-01-13T21:00:00,web,desktop,GB,False
S0004663,U000820,2025-09-24T14:32:00,2025-09-24T16:24:00,android,mobile,GB,False
S0004664,U002385,2025-10-22T08:16:00,2025-10-22T09:49:00,ios,tablet,GB,False
S0004665,U000998,2025-07-19T12:04:00,2025-07-19T13:35:00,ctv,streaming_stick,GB,False
S0004666,U000205,2025-09-14T18:56:00,2025-09-14T20:02:00,web,desktop,GB,False
S0004667,U000657,2025-03-05T13:58:00,2025-03-05T14:11:00,android,tablet,GB,False
S0004668,U002834,2025-07-20T07:43:00,2025-07-20T09:40:00,web,tablet,GB,False
S0004669,U003094,2025-05-29T14:50:00,2025-05-29T14:57:00,android,tablet,GB,False
S0004670,U002986,2025-09-15T17:35:00,2025-09-15T17:43:00,ctv,streaming_stick,GB,False
S0004671,U002008,2025-01-30T09:40:00,2025-01-30T10:09:00,ios,mobile,GB,False
S0004672,U002846,2025-12-11T16:59:00,2025-12-11T17:13:00,ios,tablet,GB,False
S0004673,U003508,2025-11-15T11:07:00,2025-11-15T12:14:00,ctv,smart_tv,GB,True
S0004674,U001333,2025-07-19T14:24:00,2025-07-19T14:42:00,android,tablet,GB,False
S0004675,U001059,2025-10-24T20:42:00,2025-10-24T21:59:00,ctv,streaming_stick,GB,False
S0004676,U002089,2025-11-02T13:05:00,2025-11-02T13:38:00,android,tablet,GB,False
S0004677,U002997,2025-10-29T17:47:00,2025-10-29T19:41:00,ios,mobile,GB,False
S0004678,U002587,2025-01-16T14:18:00,2025-01-16T15:05:00,web,tablet,GB,False
S0004679,U001267,2025-05-27T18:46:00,2025-05-27T19:21:00,web,desktop,GB,False
S0004680,U002821,2025-06-28T10:56:00,2025-06-28T12:16:00,ctv,streaming_stick,GB,False
S0004681,U003168,2025-01-13T12:42:00,2025-01-13T14:40:00,ctv,streaming_stick,GB,False
S0004682,U002991,2025-10-24T16:05:00,2025-10-24T17:05:00,ios,mobile,GB,False
S0004683,U003726,2025-04-19T11:10:00,2025-04-19T11:30:00,android,mobile,GB,True
S0004684,U000923,2025-09-18T17:30:00,2025-09-18T17:51:00,android,tablet,GB,False
S0004685,U003430,2025-06-14T17:06:00,2025-06-14T18:26:00,ios,mobile,GB,False
S0004686,U000800,2025-04-20T21:01:00,2025-04-20T22:14:00,ios,mobile,GB,False
S0004687,U002595,2025-01-09T22:30:00,2025-01-09T23:30:00,ios,tablet,GB,False
S0004688,U001132,2025-06-08T13:21:00,2025-06-08T14:16:00,web,desktop,GB,False
S0004689,U000559,2025-08-30T11:43:00,2025-08-30T13:41:00,android,mobile,GB,False
S0004690,U002551,2025-10-20T17:17:00,2025-10-20T19:11:00,android,tablet,GB,False
S0004691,U000228,2025-09-22T17:33:00,2025-09-22T18:51:00,android,mobile,GB,False
S0004692,U001578,2025-12-28T23:24:00,2025-12-29T00:26:00,ios,mobile,GB,False
S0004693,U002076,2025-07-29T23:02:00,2025-07-29T23:10:00,android,tablet,GB,False
S0004694,U003555,2025-12-27T21:31:00,2025-12-27T21:39:00,android,tablet,GB,False
S0004695,U002419,2025-06-27T18:13:00,2025-06-27T18:52:00,ctv,smart_tv,GB,False
S0004696,U001593,2025-12-19T15:25:00,2025-12-19T16:30:00,web,tablet,GB,False
S0004697,U000996,2025-11-04T14:02:00,2025-11-04T15:22:00,ctv,smart_tv,GB,False
S0004698,U001263,2025-05-26T15:29:00,2025-05-26T16:06:00,ios,mobile,GB,False
S0004699,U003493,2025-04-11T17:13:00,2025-04-11T17:56:00,ios,tablet,GB,False
S0004700,U003823,2025-02-14T11:01:00,2025-02-14T11:28:00,android,mobile,GB,False
S0004701,U001244,2025-05-13T22:09:00,2025-05-13T23:52:00,web,tablet,GB,True
S0004702,U001818,2025-02-04T13:38:00,2025-02-04T14:41:00,ios,mobile,GB,False
S0004703,U001422,2025-03-29T15:05:00,2025-03-29T16:27:00,ios,mobile,GB,False
S0004704,U001718,2025-08-26T14:02:00,2025-08-26T15:30:00,android,mobile,GB,True
S0004705,U001586,2025-04-16T21:33:00,2025-04-16T23:08:00,ios,mobile,GB,False
S0004706,U000038,2025-05-01T19:12:00,2025-05-01T20:24:00,ios,tablet,GB,False
S0004707,U002077,2025-12-17T23:28:00,2025-12-17T23:52:00,ios,mobile,GB,False
S0004708,U003974,2025-10-13T18:06:00,2025-10-13T18:56:00,ios,mobile,GB,False
S0004709,U000393,2025-11-07T11:31:00,2025-11-07T11:48:00,web,tablet,GB,False
S0004710,U000102,2025-10-24T19:54:00,2025-10-24T20:56:00,web,desktop,GB,False
S0004711,U001102,2025-05-30T14:49:00,2025-05-30T16:22:00,web,desktop,GB,False
S0004712,U001670,2025-09-16T18:11:00,2025-09-16T19:20:00,web,tablet,GB,False
S0004713,U002497,2025-01-21T14:20:00,2025-01-21T14:58:00,ios,mobile,GB,False
S0004714,U002236,2025-02-08T18:00:00,2025-02-08T19:23:00,android,mobile,GB,False
S0004715,U001678,2025-10-07T16:56:00,2025-10-07T18:24:00,ios,mobile,GB,False
S0004716,U002470,2025-03-21T15:19:00,2025-03-21T16:25:00,ctv,smart_tv,GB,False
S0004717,U000974,2025-01-17T09:05:00,2025-01-17T09:53:00,android,tablet,GB,False
S0004718,U001162,2025-04-14T11:21:00,2025-04-14T12:44:00,web,tablet,GB,False
S0004719,U003440,2025-08-24T07:20:00,2025-08-24T07:51:00,android,mobile,GB,True
S0004720,U001755,2025-08-17T23:35:00,2025-08-18T00:33:00,ctv,streaming_stick,GB,False
S0004721,U001681,2025-01-31T10:31:00,2025-01-31T11:30:00,ios,mobile,GB,False
S0004722,U000219,2025-11-15T10:45:00,2025-11-15T11:51:00,android,tablet,GB,False
S0004723,U001519,2025-07-10T18:25:00,2025-07-10T19:49:00,web,tablet,GB,False
S0004724,U002253,2025-01-30T18:38:00,2025-01-30T19:01:00,web,tablet,GB,False
S0004725,U003162,2025-08-19T17:23:00,2025-08-19T18:39:00,web,desktop,GB,False
S0004726,U002984,2025-05-02T12:03:00,2025-05-02T12:11:00,ctv,smart_tv,GB,False
S0004727,U001819,2025-01-18T11:33:00,2025-01-18T13:29:00,ios,mobile,GB,False
S0004728,U000248,2025-12-14T15:51:00,2025-12-14T16:06:00,web,mobile,GB,True
S0004729,U001720,2025-04-10T19:29:00,2025-04-10T20:05:00,ios,tablet,GB,False
S0004730,U003417,2025-05-08T18:03:00,2025-05-08T19:34:00,ctv,smart_tv,GB,False
S0004731,U000125,2025-10-23T15:42:00,2025-10-23T16:00:00,android,tablet,GB,False
S0004732,U000447,2025-04-25T07:34:00,2025-04-25T07:48:00,web,mobile,GB,False
S0004733,U003968,2025-02-12T07:21:00,2025-02-12T07:28:00,ios,mobile,GB,False
S0004734,U001895,2025-11-28T15:56:00,2025-11-28T16:59:00,android,tablet,GB,False
S0004735,U000707,2025-09-30T18:49:00,2025-09-30T19:25:00,ios,tablet,GB,False
S0004736,U000461,2025-04-08T21:35:00,2025-04-08T22:25:00,android,tablet,GB,False
S0004737,U002692,2025-06-02T16:09:00,2025-06-02T16:32:00,web,desktop,GB,False
S0004738,U003375,2025-06-19T15:59:00,2025-06-19T16:25:00,web,tablet,GB,False
S0004739,U000865,2025-10-22T09:45:00,2025-10-22T10:03:00,ios,mobile,GB,False
S0004740,U003043,2025-03-15T13:55:00,2025-03-15T15:24:00,ios,mobile,GB,False
S0004741,U003749,2025-04-01T14:25:00,2025-04-01T15:35:00,android,tablet,GB,False
S0004742,U003848,2025-09-26T16:25:00,2025-09-26T17:59:00,android,mobile,GB,False
S0004743,U001434,2025-03-14T19:32:00,2025-03-14T21:22:00,ctv,streaming_stick,GB,False
S0004744,U002251,2025-06-06T09:29:00,2025-06-06T11:23:00,web,mobile,GB,False
S0004745,U000705,2025-11-11T09:28:00,2025-11-11T09:43:00,ctv,smart_tv,GB,False
S0004746,U001162,2025-07-25T17:59:00,2025-07-25T19:47:00,web,tablet,GB,False
S0004747,U003798,2025-09-25T13:48:00,2025-09-25T15:20:00,web,mobile,GB,True
S0004748,U003553,2025-11-19T08:54:00,2025-11-19T10:34:00,ios,mobile,GB,False
S0004749,U000692,2025-03-12T14:56:00,2025-03-12T16:41:00,web,desktop,GB,False
S0004750,U003267,2025-05-02T15:51:00,2025-05-02T16:35:00,ios,mobile,GB,False
S0004751,U003637,2025-11-28T14:58:00,2025-11-28T16:07:00,ios,mobile,GB,True
S0004752,U000527,2025-10-16T09:23:00,2025-10-16T10:52:00,web,desktop,GB,False
S0004753,U001914,2025-04-21T15:17:00,2025-04-21T15:45:00,android,mobile,GB,False
S0004754,U000435,2025-06-12T18:01:00,2025-06-12T19:18:00,ios,mobile,GB,False
S0004755,U000543,2025-05-17T14:00:00,2025-05-17T14:48:00,ctv,smart_tv,GB,False
S0004756,U002431,2025-03-03T10:43:00,2025-03-03T11:26:00,android,tablet,GB,False
S0004757,U002986,2025-12-09T18:52:00,2025-12-09T19:10:00,ctv,streaming_stick,GB,False
S0004758,U001172,2025-04-13T13:22:00,2025-04-13T13:34:00,android,tablet,GB,True
S0004759,U003338,2025-09-14T09:38:00,2025-09-14T10:22:00,android,tablet,GB,False
S0004760,U003144,2025-08-21T19:51:00,2025-08-21T20:28:00,ctv,streaming_stick,GB,False
S0004761,U001485,2025-07-09T18:38:00,2025-07-09T19:42:00,web,mobile,GB,False
S0004762,U003311,2025-06-29T19:09:00,2025-06-29T19:49:00,ios,mobile,GB,True
S0004763,U000014,2025-06-16T13:50:00,2025-06-16T15:41:00,ios,mobile,GB,False
S0004764,U000695,2025-12-11T11:26:00,2025-12-11T12:22:00,web,tablet,GB,False
S0004765,U001846,2025-05-31T16:22:00,2025-05-31T17:02:00,web,tablet,GB,False
S0004766,U002934,2025-08-21T11:13:00,2025-08-21T11:56:00,android,tablet,GB,False
S0004767,U001535,2025-12-05T06:09:00,2025-12-05T06:45:00,android,tablet,GB,False
S0004768,U000125,2025-03-23T16:24:00,2025-03-23T17:56:00,android,tablet,GB,False
S0004769,U002207,2025-07-13T09:32:00,2025-07-13T09:54:00,ctv,streaming_stick,GB,False
S0004770,U001342,2025-01-22T14:03:00,2025-01-22T15:20:00,android,tablet,GB,False
S0004771,U003532,2025-02-28T06:09:00,2025-02-28T07:59:00,web,mobile,GB,False
S0004772,U003824,2025-02-24T19:12:00,2025-02-24T19:23:00,android,mobile,GB,False
S0004773,U003263,2025-07-19T22:15:00,2025-07-19T23:36:00,web,desktop,GB,False
S0004774,U001679,2025-08-07T14:25:00,2025-08-07T15:31:00,ios,tablet,GB,False
S0004775,U001130,2025-07-02T17:57:00,2025-07-02T19:15:00,android,mobile,GB,False
S0004776,U003328,2025-02-11T16:16:00,2025-02-11T16:45:00,web,desktop,GB,False
S0004777,U003157,2025-01-17T21:26:00,2025-01-17T22:44:00,android,tablet,GB,True
S0004778,U003109,2025-06-05T18:16:00,2025-06-05T18:53:00,web,tablet,GB,False
S0004779,U003653,2025-11-12T13:08:00,2025-11-12T14:35:00,android,tablet,GB,True
S0004780,U000312,2025-01-08T17:40:00,2025-01-08T17:50:00,web,mobile,GB,False
S0004781,U000856,2025-04-28T11:49:00,2025-04-28T13:47:00,android,mobile,GB,False
S0004782,U000368,2025-11-20T22:29:00,2025-11-20T22:47:00,ctv,smart_tv,GB,True
S0004783,U000081,2025-05-22T22:16:00,2025-05-22T23:58:00,android,tablet,GB,False
S0004784,U003692,2025-09-30T16:37:00,2025-09-30T17:01:00,android,mobile,GB,False
S0004785,U001265,2025-06-07T18:47:00,2025-06-07T20:12:00,web,desktop,GB,False
S0004786,U001988,2025-11-21T15:41:00,2025-11-21T16:14:00,android,tablet,GB,False
S0004787,U000254,2025-02-26T15:06:00,2025-02-26T16:16:00,ios,tablet,GB,False
S0004788,U000656,2025-07-02T07:00:00,2025-07-02T07:57:00,ctv,streaming_stick,GB,False
S0004789,U002318,2025-02-22T13:39:00,2025-02-22T15:07:00,android,mobile,GB,True
S0004790,U003732,2025-01-13T18:45:00,2025-01-13T19:51:00,web,mobile,GB,False
S0004791,U001169,2025-08-17T17:48:00,2025-08-17T19:01:00,android,mobile,GB,False
S0004792,U000226,2025-04-30T22:56:00,2025-04-30T23:31:00,web,tablet,GB,False
S0004793,U000963,2025-04-21T18:44:00,2025-04-21T19:01:00,ios,mobile,GB,False
S0004794,U000368,2025-05-26T16:56:00,2025-05-26T18:00:00,ios,tablet,GB,True
S0004795,U000268,2025-02-01T11:38:00,2025-02-01T11:46:00,web,desktop,GB,False
S0004796,U003682,2025-12-30T16:59:00,2025-12-30T18:56:00,ios,mobile,GB,False
S0004797,U000872,2025-01-30T14:01:00,2025-01-30T15:05:00,ios,mobile,GB,False
S0004798,U003570,2025-01-04T11:45:00,2025-01-04T12:57:00,android,tablet,GB,False
S0004799,U003471,2025-08-29T15:50:00,2025-08-29T16:15:00,web,desktop,GB,False
S0004800,U002680,2025-10-01T19:04:00,2025-10-01T19:16:00,ios,tablet,GB,False
S0004801,U003013,2025-05-29T08:52:00,2025-05-29T10:21:00,web,tablet,GB,False
S0004802,U003286,2025-02-07T23:22:00,2025-02-08T00:14:00,ios,mobile,GB,False
S0004803,U001300,2025-12-27T15:28:00,2025-12-27T16:51:00,ios,tablet,GB,False
S0004804,U000012,2025-03-04T21:27:00,2025-03-04T22:57:00,ios,tablet,GB,False
S0004805,U001560,2025-02-14T21:13:00,2025-02-14T21:54:00,android,mobile,GB,True
S0004806,U002615,2025-03-16T19:08:00,2025-03-16T20:07:00,ctv,streaming_stick,GB,False
S0004807,U002465,2025-12-05T22:50:00,2025-12-05T23:50:00,android,tablet,GB,False
S0004808,U003682,2025-11-12T19:52:00,2025-11-12T19:58:00,ios,tablet,GB,True
S0004809,U001915,2025-07-24T19:00:00,2025-07-24T19:38:00,android,mobile,GB,False
S0004810,U000999,2025-05-19T17:18:00,2025-05-19T18:35:00,ios,tablet,GB,False
S0004811,U003363,2025-10-10T12:06:00,2025-10-10T12:11:00,ios,mobile,GB,False
S0004812,U003587,2025-07-02T15:40:00,2025-07-02T17:35:00,web,mobile,GB,False
S0004813,U000285,2025-12-18T17:32:00,2025-12-18T18:16:00,ios,mobile,GB,False
S0004814,U000083,2025-06-27T14:43:00,2025-06-27T16:35:00,ios,tablet,GB,False
S0004815,U001187,2025-01-13T10:12:00,2025-01-13T10:22:00,ctv,smart_tv,GB,False
S0004816,U003375,2025-04-11T16:40:00,2025-04-11T17:16:00,android,mobile,GB,False
S0004817,U001112,2025-08-19T09:54:00,2025-08-19T10:24:00,web,mobile,GB,False
S0004818,U001067,2025-09-06T11:29:00,2025-09-06T12:44:00,ctv,streaming_stick,GB,True
S0004819,U003263,2025-11-29T18:20:00,2025-11-29T19:46:00,web,mobile,GB,False
S0004820,U002880,2025-02-13T13:18:00,2025-02-13T14:35:00,ios,tablet,GB,False
S0004821,U002754,2025-08-18T18:27:00,2025-08-18T19:24:00,ios,mobile,GB,False
S0004822,U000370,2025-05-29T18:25:00,2025-05-29T19:52:00,web,desktop,GB,False
S0004823,U002302,2025-06-17T13:29:00,2025-06-17T14:17:00,web,tablet,GB,False
S0004824,U001346,2025-01-13T13:32:00,2025-01-13T14:06:00,android,mobile,GB,False
S0004825,U002627,2025-07-27T08:59:00,2025-07-27T09:33:00,android,mobile,GB,False
S0004826,U003691,2025-11-07T15:09:00,2025-11-07T16:58:00,web,mobile,GB,False
S0004827,U003069,2025-11-16T11:35:00,2025-11-16T12:11:00,web,mobile,GB,False
S0004828,U003015,2025-10-01T13:46:00,2025-10-01T15:20:00,ctv,smart_tv,GB,False
S0004829,U002298,2025-06-12T10:27:00,2025-06-12T12:20:00,web,mobile,GB,False
S0004830,U002852,2025-06-27T09:41:00,2025-06-27T09:58:00,web,mobile,GB,False
S0004831,U000614,2025-03-26T14:39:00,2025-03-26T16:22:00,ctv,smart_tv,GB,False
S0004832,U003127,2025-05-21T18:39:00,2025-05-21T20:02:00,ios,mobile,GB,False
S0004833,U000195,2025-06-04T16:09:00,2025-06-04T18:07:00,ios,mobile,GB,False
S0004834,U001557,2025-12-15T16:47:00,2025-12-15T17:16:00,android,tablet,GB,False
S0004835,U002053,2025-09-15T14:18:00,2025-09-15T16:15:00,ios,tablet,GB,True
S0004836,U001224,2025-02-09T16:51:00,2025-02-09T17:13:00,android,tablet,GB,False
S0004837,U000331,2025-09-12T21:26:00,2025-09-12T21:43:00,android,mobile,GB,False
S0004838,U001042,2025-12-03T22:27:00,2025-12-03T22:45:00,ios,mobile,GB,False
S0004839,U001807,2025-04-21T14:04:00,2025-04-21T14:27:00,web,desktop,GB,False
S0004840,U000260,2025-08-17T14:06:00,2025-08-17T14:41:00,ios,tablet,GB,False
S0004841,U002645,2025-10-31T16:22:00,2025-10-31T17:15:00,ios,tablet,GB,False
S0004842,U000725,2025-03-08T15:38:00,2025-03-08T16:50:00,android,mobile,GB,False
S0004843,U003138,2025-02-22T13:02:00,2025-02-22T13:19:00,ios,tablet,GB,False
S0004844,U003283,2025-07-22T21:29:00,2025-07-22T22:03:00,android,mobile,GB,False
S0004845,U003670,2025-07-01T12:02:00,2025-07-01T13:37:00,web,desktop,GB,False
S0004846,U000918,2025-05-30T13:05:00,2025-05-30T13:14:00,web,desktop,GB,False
S0004847,U000700,2025-06-01T15:18:00,2025-06-01T16:52:00,ios,mobile,GB,False
S0004848,U001787,2025-02-25T22:22:00,2025-02-25T23:39:00,android,tablet,GB,False
S0004849,U002631,2025-07-31T20:44:00,2025-07-31T21:02:00,ctv,streaming_stick,GB,False
S0004850,U002084,2025-03-15T15:39:00,2025-03-15T17:00:00,ios,mobile,GB,False
S0004851,U000701,2025-11-06T20:45:00,2025-11-06T21:52:00,android,mobile,GB,False
S0004852,U000824,2025-04-19T08:23:00,2025-04-19T09:12:00,android,mobile,GB,False
S0004853,U002543,2025-07-23T09:22:00,2025-07-23T10:10:00,ctv,streaming_stick,GB,False
S0004854,U000569,2025-03-08T21:28:00,2025-03-08T22:52:00,web,desktop,GB,False
S0004855,U002699,2025-01-18T09:11:00,2025-01-18T10:24:00,ios,mobile,GB,True
S0004856,U001411,2025-12-20T08:11:00,2025-12-20T09:39:00,android,tablet,GB,False
S0004857,U002237,2025-04-24T18:07:00,2025-04-24T18:23:00,ios,mobile,GB,False
S0004858,U002343,2025-07-05T13:23:00,2025-07-05T13:45:00,ios,mobile,GB,False
S0004859,U002632,2025-01-11T18:24:00,2025-01-11T18:32:00,ios,tablet,GB,False
S0004860,U001624,2025-03-12T21:00:00,2025-03-12T21:11:00,ios,mobile,GB,False
S0004861,U002501,2025-10-22T08:31:00,2025-10-22T10:03:00,ios,mobile,GB,False
S0004862,U003825,2025-12-26T12:42:00,2025-12-26T13:39:00,ios,tablet,GB,False
S0004863,U002472,2025-03-24T13:22:00,2025-03-24T13:58:00,ios,mobile,GB,False
S0004864,U001310,2025-03-08T11:35:00,2025-03-08T12:14:00,ctv,smart_tv,GB,False
S0004865,U001088,2025-10-20T13:33:00,2025-10-20T14:12:00,web,desktop,GB,False
S0004866,U001767,2025-01-23T13:52:00,2025-01-23T14:20:00,android,mobile,GB,False
S0004867,U003007,2025-04-06T15:49:00,2025-04-06T16:05:00,ios,tablet,GB,False
S0004868,U003697,2025-12-30T09:41:00,2025-12-30T10:51:00,android,mobile,GB,True
S0004869,U003548,2025-12-07T16:55:00,2025-12-07T18:50:00,android,mobile,GB,False
S0004870,U001876,2025-11-27T15:11:00,2025-11-27T16:33:00,ios,tablet,GB,True
S0004871,U003779,2025-12-04T15:56:00,2025-12-04T16:16:00,web,desktop,GB,False
S0004872,U001300,2025-11-24T20:29:00,2025-11-24T21:04:00,ctv,streaming_stick,GB,False
S0004873,U001798,2025-08-21T23:50:00,2025-08-22T00:51:00,ios,mobile,GB,False
S0004874,U002994,2025-08-02T17:41:00,2025-08-02T19:20:00,android,tablet,GB,False
S0004875,U002003,2025-08-03T07:42:00,2025-08-03T08:47:00,web,mobile,GB,False
S0004876,U003109,2025-03-11T17:06:00,2025-03-11T18:27:00,web,desktop,GB,False
S0004877,U000044,2025-09-19T20:42:00,2025-09-19T22:25:00,android,tablet,GB,False
S0004878,U002919,2025-06-18T19:29:00,2025-06-18T21:12:00,ios,mobile,GB,True
S0004879,U000608,2025-12-02T18:23:00,2025-12-02T19:51:00,ios,tablet,GB,False
S0004880,U000605,2025-05-11T15:43:00,2025-05-11T17:36:00,ios,tablet,GB,False
S0004881,U001170,2025-04-02T18:10:00,2025-04-02T19:25:00,ctv,smart_tv,GB,False
S0004882,U003409,2025-04-11T06:43:00,2025-04-11T07:51:00,web,desktop,GB,False
S0004883,U000515,2025-06-05T16:00:00,2025-06-05T17:27:00,android,tablet,GB,True
S0004884,U001120,2025-05-28T13:52:00,2025-05-28T14:20:00,ios,tablet,GB,False
S0004885,U002048,2025-09-14T09:09:00,2025-09-14T10:15:00,ctv,smart_tv,GB,False
S0004886,U003168,2025-08-28T15:43:00,2025-08-28T15:50:00,web,mobile,GB,False
S0004887,U003769,2025-05-27T12:52:00,2025-05-27T13:59:00,ios,tablet,GB,False
S0004888,U003727,2025-06-22T17:36:00,2025-06-22T18:58:00,android,mobile,GB,False
S0004889,U002284,2025-09-12T14:24:00,2025-09-12T15:15:00,ios,mobile,GB,False
S0004890,U002259,2025-02-24T23:59:00,2025-02-25T00:07:00,ios,tablet,GB,True
S0004891,U003280,2025-02-17T08:09:00,2025-02-17T08:42:00,android,tablet,GB,False
S0004892,U002492,2025-10-16T12:06:00,2025-10-16T13:15:00,android,tablet,GB,False
S0004893,U003487,2025-07-17T17:37:00,2025-07-17T18:23:00,ios,tablet,GB,False
S0004894,U001636,2025-12-10T17:21:00,2025-12-10T18:17:00,ctv,streaming_stick,GB,False
S0004895,U000047,2025-09-10T15:09:00,2025-09-10T15:49:00,web,desktop,GB,False
S0004896,U001281,2025-01-31T16:07:00,2025-01-31T18:01:00,web,desktop,GB,False
S0004897,U001886,2025-12-28T15:21:00,2025-12-28T17:11:00,android,tablet,GB,False
S0004898,U002454,2025-11-16T13:49:00,2025-11-16T15:05:00,android,tablet,GB,False
S0004899,U001222,2025-12-13T13:40:00,2025-12-13T14:25:00,web,mobile,GB,False
S0004900,U003828,2025-06-29T13:18:00,2025-06-29T13:33:00,web,mobile,GB,False
S0004901,U001891,2025-06-24T17:11:00,2025-06-24T17:34:00,ios,mobile,GB,False
S0004902,U002443,2025-12-06T23:38:00,2025-12-07T00:39:00,ios,tablet,GB,False
S0004903,U002110,2025-12-26T13:00:00,2025-12-26T14:51:00,web,mobile,GB,False
S0004904,U002139,2025-11-01T08:33:00,2025-11-01T09:34:00,android,tablet,GB,False
S0004905,U002312,2025-08-27T13:48:00,2025-08-27T13:56:00,web,mobile,GB,True
S0004906,U002992,2025-10-23T08:42:00,2025-10-23T08:48:00,ios,tablet,GB,False
S0004907,U000636,2025-09-21T10:16:00,2025-09-21T11:34:00,ios,tablet,GB,True
S0004908,U003260,2025-06-08T10:53:00,2025-06-08T12:01:00,android,mobile,GB,False
S0004909,U002467,2025-08-23T13:10:00,2025-08-23T14:19:00,ios,tablet,GB,False
S0004910,U001519,2025-07-27T11:40:00,2025-07-27T12:23:00,ios,tablet,GB,False
S0004911,U000959,2025-10-31T16:51:00,2025-10-31T18:28:00,android,mobile,GB,False
S0004912,U002826,2025-01-18T13:02:00,2025-01-18T13:19:00,android,mobile,GB,False
S0004913,U001182,2025-04-28T18:31:00,2025-04-28T19:23:00,web,mobile,GB,False
S0004914,U002620,2025-12-20T18:36:00,2025-12-20T19:45:00,android,tablet,GB,False
S0004915,U002572,2025-09-18T19:21:00,2025-09-18T20:24:00,ios,tablet,GB,False
S0004916,U000124,2025-08-29T14:48:00,2025-08-29T16:48:00,ios,tablet,GB,False
S0004917,U001477,2025-10-19T17:05:00,2025-10-19T18:18:00,android,mobile,GB,False
S0004918,U002562,2025-11-15T12:22:00,2025-11-15T13:02:00,ctv,smart_tv,GB,False
S0004919,U003447,2025-03-30T16:05:00,2025-03-30T17:39:00,ios,tablet,GB,False
S0004920,U002398,2025-09-25T08:34:00,2025-09-25T10:34:00,ctv,streaming_stick,GB,False
S0004921,U001819,2025-12-14T19:57:00,2025-12-14T20:42:00,ios,mobile,GB,False
S0004922,U000557,2025-05-23T13:45:00,2025-05-23T14:05:00,ios,mobile,GB,False
S0004923,U002940,2025-05-25T17:09:00,2025-05-25T18:47:00,web,tablet,GB,False
S0004924,U001022,2025-10-14T22:46:00,2025-10-14T23:30:00,android,tablet,GB,False
S0004925,U000140,2025-05-03T22:19:00,2025-05-03T22:41:00,ios,mobile,GB,False
S0004926,U000934,2025-01-13T13:44:00,2025-01-13T15:23:00,ios,tablet,GB,True
S0004927,U002048,2025-01-27T20:42:00,2025-01-27T21:42:00,android,mobile,GB,False
S0004928,U002088,2025-03-20T06:41:00,2025-03-20T06:59:00,ctv,smart_tv,GB,False
S0004929,U001052,2025-09-19T22:32:00,2025-09-19T23:29:00,web,mobile,GB,False
S0004930,U001196,2025-01-01T10:10:00,2025-01-01T10:55:00,android,tablet,GB,True
S0004931,U000685,2025-03-05T09:34:00,2025-03-05T10:43:00,ctv,smart_tv,GB,False
S0004932,U000670,2025-03-13T15:44:00,2025-03-13T16:06:00,ios,tablet,GB,False
S0004933,U000524,2025-03-08T14:08:00,2025-03-08T15:51:00,android,mobile,GB,False
S0004934,U002014,2025-05-09T08:28:00,2025-05-09T08:47:00,ctv,smart_tv,GB,False
S0004935,U002832,2025-03-01T06:32:00,2025-03-01T08:02:00,ctv,smart_tv,GB,False
S0004936,U002389,2025-06-25T22:02:00,2025-06-25T23:57:00,android,mobile,GB,True
S0004937,U003019,2025-02-27T19:46:00,2025-02-27T21:01:00,web,tablet,GB,False
S0004938,U003196,2025-05-22T18:31:00,2025-05-22T19:25:00,ctv,smart_tv,GB,False
S0004939,U001163,2025-09-16T17:58:00,2025-09-16T19:01:00,android,tablet,GB,False
S0004940,U001584,2025-02-12T14:49:00,2025-02-12T16:22:00,android,mobile,GB,False
S0004941,U001682,2025-07-19T14:42:00,2025-07-19T16:07:00,android,tablet,GB,False
S0004942,U001784,2025-09-20T16:38:00,2025-09-20T17:39:00,ios,mobile,GB,False
S0004943,U002628,2025-07-15T16:52:00,2025-07-15T17:16:00,ctv,streaming_stick,GB,False
S0004944,U002129,2025-02-14T14:56:00,2025-02-14T15:24:00,android,tablet,GB,False
S0004945,U001746,2025-06-15T13:32:00,2025-06-15T15:14:00,web,mobile,GB,False
S0004946,U000709,2025-05-17T19:26:00,2025-05-17T20:39:00,ios,tablet,GB,False
S0004947,U000817,2025-04-02T10:45:00,2025-04-02T12:28:00,web,mobile,GB,False
S0004948,U000730,2025-04-08T11:03:00,2025-04-08T11:49:00,android,mobile,GB,False
S0004949,U001142,2025-06-01T21:05:00,2025-06-01T23:05:00,web,mobile,GB,False
S0004950,U000710,2025-01-04T22:47:00,2025-01-04T23:34:00,ios,mobile,GB,False
S0004951,U002585,2025-09-01T16:00:00,2025-09-01T17:27:00,web,tablet,GB,False
S0004952,U000614,2025-02-19T17:15:00,2025-02-19T18:08:00,ios,tablet,GB,False
S0004953,U001704,2025-11-17T21:23:00,2025-11-17T21:44:00,ctv,streaming_stick,GB,False
S0004954,U001333,2025-11-08T23:55:00,2025-11-09T01:05:00,android,mobile,GB,True
S0004955,U002853,2025-01-14T10:47:00,2025-01-14T11:13:00,android,mobile,GB,False
S0004956,U003016,2025-07-08T19:51:00,2025-07-08T20:47:00,android,tablet,GB,False
S0004957,U000644,2025-09-01T22:55:00,2025-09-02T00:32:00,web,desktop,GB,False
S0004958,U000070,2025-02-27T20:20:00,2025-02-27T21:37:00,web,tablet,GB,False
S0004959,U000869,2025-01-28T14:51:00,2025-01-28T16:27:00,android,mobile,GB,False
S0004960,U002046,2025-03-26T18:19:00,2025-03-26T19:36:00,android,mobile,GB,False
S0004961,U003842,2025-08-28T15:12:00,2025-08-28T15:52:00,android,mobile,GB,True
S0004962,U000081,2025-06-29T17:08:00,2025-06-29T17:28:00,ios,mobile,GB,False
S0004963,U002397,2025-10-26T12:40:00,2025-10-26T13:40:00,ios,tablet,GB,False
S0004964,U003537,2025-09-18T17:53:00,2025-09-18T19:17:00,ios,mobile,GB,False
S0004965,U001532,2025-02-16T17:57:00,2025-02-16T18:17:00,ctv,streaming_stick,GB,False
S0004966,U003849,2025-08-28T13:38:00,2025-08-28T14:07:00,android,mobile,GB,False
S0004967,U000339,2025-02-05T11:12:00,2025-02-05T13:06:00,ios,tablet,GB,False
S0004968,U001488,2025-11-28T16:22:00,2025-11-28T17:47:00,android,tablet,GB,False
S0004969,U001246,2025-08-23T16:34:00,2025-08-23T17:49:00,ctv,smart_tv,GB,False
S0004970,U001402,2025-05-15T10:45:00,2025-05-15T11:45:00,ios,mobile,GB,False
S0004971,U000913,2025-05-17T07:11:00,2025-05-17T08:45:00,web,mobile,GB,False
S0004972,U000952,2025-05-17T14:58:00,2025-05-17T16:31:00,android,mobile,GB,False
S0004973,U003676,2025-11-11T22:35:00,2025-11-11T23:34:00,ios,mobile,GB,True
S0004974,U002707,2025-09-03T21:48:00,2025-09-03T21:56:00,android,tablet,GB,False
S0004975,U001062,2025-02-12T15:01:00,2025-02-12T15:22:00,web,desktop,GB,False
S0004976,U003707,2025-02-20T22:40:00,2025-02-21T00:34:00,ios,mobile,GB,False
S0004977,U002793,2025-03-20T16:29:00,2025-03-20T17:39:00,ios,tablet,GB,False
S0004978,U003143,2025-01-25T20:13:00,2025-01-25T20:28:00,ios,mobile,GB,False
S0004979,U003821,2025-09-20T23:14:00,2025-09-21T00:14:00,web,mobile,GB,False
S0004980,U001305,2025-09-09T10:13:00,2025-09-09T10:36:00,web,mobile,GB,False
S0004981,U002410,2025-03-17T09:21:00,2025-03-17T10:38:00,ios,mobile,GB,False
S0004982,U000640,2025-11-18T20:06:00,2025-11-18T20:54:00,web,tablet,GB,False
S0004983,U003961,2025-01-18T14:05:00,2025-01-18T15:19:00,android,mobile,GB,False
S0004984,U001373,2025-10-18T15:08:00,2025-10-18T15:33:00,web,mobile,GB,False
S0004985,U000415,2025-10-24T10:44:00,2025-10-24T11:53:00,web,tablet,GB,False
S0004986,U003640,2025-01-25T08:03:00,2025-01-25T08:36:00,ios,tablet,GB,False
S0004987,U003422,2025-02-21T18:14:00,2025-02-21T18:35:00,android,mobile,GB,False
S0004988,U000949,2025-01-15T11:31:00,2025-01-15T12:11:00,ios,tablet,GB,False
S0004989,U001641,2025-07-25T16:00:00,2025-07-25T17:02:00,ctv,smart_tv,GB,False
S0004990,U002969,2025-11-06T12:18:00,2025-11-06T14:10:00,ios,tablet,GB,False
S0004991,U003337,2025-11-07T06:37:00,2025-11-07T06:56:00,ios,tablet,GB,True
S0004992,U000886,2025-08-15T16:53:00,2025-08-15T18:19:00,web,desktop,GB,False
S0004993,U002764,2025-05-19T13:25:00,2025-05-19T13:30:00,ios,mobile,GB,True
S0004994,U002356,2025-10-28T11:21:00,2025-10-28T12:45:00,ctv,streaming_stick,GB,False
S0004995,U002705,2025-09-06T20:42:00,2025-09-06T22:28:00,web,desktop,GB,False
S0004996,U003236,2025-09-29T20:21:00,2025-09-29T21:07:00,ios,tablet,GB,False
S0004997,U000437,2025-04-23T06:06:00,2025-04-23T08:06:00,ios,tablet,GB,True
S0004998,U003595,2025-06-26T21:08:00,2025-06-26T22:40:00,ios,mobile,GB,True
S0004999,U001943,2025-04-12T14:43:00,2025-04-12T15:25:00,ios,tablet,GB,False
S0005000,U000687,2025-07-09T17:59:00,2025-07-09T19:42:00,android,tablet,GB,False
S0005001,U001526,2025-03-06T17:11:00,2025-03-06T18:05:00,ios,mobile,GB,False
S0005002,U001271,2025-02-11T13:33:00,2025-02-11T14:20:00,web,tablet,GB,False
S0005003,U001633,2025-05-31T20:20:00,2025-05-31T21:48:00,web,tablet,GB,False
S0005004,U001386,2025-04-25T19:35:00,2025-04-25T20:52:00,ios,tablet,GB,False
S0005005,U000063,2025-03-02T23:30:00,2025-03-03T00:52:00,web,mobile,GB,False
S0005006,U000740,2025-02-03T20:53:00,2025-02-03T22:46:00,ios,mobile,GB,True
S0005007,U000493,2025-04-16T10:48:00,2025-04-16T11:08:00,ios,mobile,GB,False
S0005008,U000458,2025-08-26T23:13:00,2025-08-26T23:22:00,web,mobile,GB,False
S0005009,U001289,2025-06-19T14:47:00,2025-06-19T14:56:00,android,mobile,GB,False
S0005010,U001128,2025-01-12T10:28:00,2025-01-12T12:19:00,web,tablet,GB,False
S0005011,U001854,2025-12-10T15:17:00,2025-12-10T17:00:00,android,mobile,GB,False
S0005012,U000033,2025-09-30T12:16:00,2025-09-30T12:42:00,ios,mobile,GB,False
S0005013,U000169,2025-02-11T07:32:00,2025-02-11T09:19:00,android,tablet,GB,False
S0005014,U000518,2025-11-07T17:30:00,2025-11-07T18:25:00,android,tablet,GB,False
S0005015,U001684,2025-12-31T12:07:00,2025-12-31T12:37:00,web,desktop,GB,False
S0005016,U001703,2025-03-30T17:17:00,2025-03-30T17:32:00,android,mobile,GB,False
S0005017,U002976,2025-12-30T13:06:00,2025-12-30T14:06:00,android,mobile,GB,False
S0005018,U003168,2025-08-28T15:50:00,2025-08-28T16:14:00,web,tablet,GB,False
S0005019,U001658,2025-10-29T12:55:00,2025-10-29T13:35:00,web,mobile,GB,False
S0005020,U001712,2025-07-22T12:28:00,2025-07-22T13:53:00,web,mobile,GB,False
S0005021,U002063,2025-12-04T16:21:00,2025-12-04T17:59:00,web,mobile,GB,False
S0005022,U000613,2025-06-23T15:17:00,2025-06-23T17:02:00,ctv,streaming_stick,GB,False
S0005023,U003271,2025-12-10T20:05:00,2025-12-10T22:05:00,ios,mobile,GB,False
S0005024,U003105,2025-08-02T11:07:00,2025-08-02T12:14:00,web,mobile,GB,False
S0005025,U001139,2025-07-29T15:14:00,2025-07-29T15:32:00,android,mobile,GB,False
S0005026,U000598,2025-04-03T15:22:00,2025-04-03T16:39:00,web,tablet,GB,False
S0005027,U001862,2025-12-07T15:55:00,2025-12-07T16:24:00,web,mobile,GB,False
S0005028,U001963,2025-12-23T20:52:00,2025-12-23T21:51:00,android,tablet,GB,False
S0005029,U001025,2025-07-12T07:38:00,2025-07-12T07:56:00,ios,tablet,GB,False
S0005030,U002987,2025-02-23T14:39:00,2025-02-23T15:38:00,android,tablet,GB,False
S0005031,U001069,2025-04-29T13:44:00,2025-04-29T14:59:00,android,mobile,GB,False
S0005032,U002542,2025-03-06T23:15:00,2025-03-07T00:46:00,ios,tablet,GB,False
S0005033,U000943,2025-03-18T10:57:00,2025-03-18T12:24:00,ctv,smart_tv,GB,False
S0005034,U002282,2025-12-22T16:57:00,2025-12-22T18:05:00,ios,tablet,GB,False
S0005035,U001343,2025-01-27T16:50:00,2025-01-27T18:25:00,android,tablet,GB,False
S0005036,U003559,2025-09-11T14:23:00,2025-09-11T15:47:00,android,tablet,GB,False
S0005037,U002484,2025-05-03T11:32:00,2025-05-03T11:42:00,web,mobile,GB,False
S0005038,U003517,2025-12-12T06:18:00,2025-12-12T07:09:00,web,mobile,GB,True
S0005039,U001859,2025-09-08T09:48:00,2025-09-08T10:29:00,android,mobile,GB,False
S0005040,U002398,2025-01-28T14:43:00,2025-01-28T16:35:00,ios,tablet,GB,False
S0005041,U003783,2025-01-08T15:26:00,2025-01-08T16:42:00,web,tablet,GB,False
S0005042,U001773,2025-12-26T06:32:00,2025-12-26T08:24:00,web,mobile,GB,False
S0005043,U001333,2025-07-31T14:08:00,2025-07-31T15:56:00,android,tablet,GB,False
S0005044,U001346,2025-05-28T16:21:00,2025-05-28T17:14:00,ctv,smart_tv,GB,False
S0005045,U001333,2025-05-25T12:58:00,2025-05-25T14:08:00,ctv,streaming_stick,GB,False
S0005046,U002313,2025-01-03T18:59:00,2025-01-03T19:04:00,android,mobile,GB,False
S0005047,U001152,2025-01-31T18:53:00,2025-01-31T20:36:00,ios,tablet,GB,False
S0005048,U001482,2025-12-25T22:47:00,2025-12-25T23:05:00,android,mobile,GB,False
S0005049,U003226,2025-09-06T10:56:00,2025-09-06T12:53:00,web,mobile,GB,True
S0005050,U000660,2025-12-30T07:46:00,2025-12-30T09:03:00,web,mobile,GB,False
S0005051,U002539,2025-01-08T14:36:00,2025-01-08T15:10:00,android,tablet,GB,False
S0005052,U002089,2025-03-24T19:05:00,2025-03-24T20:58:00,android,mobile,GB,False
S0005053,U003001,2025-02-14T13:50:00,2025-02-14T15:03:00,web,tablet,GB,False
S0005054,U002006,2025-04-29T16:37:00,2025-04-29T18:37:00,ctv,smart_tv,GB,False
S0005055,U003438,2025-06-13T14:15:00,2025-06-13T14:43:00,ctv,smart_tv,GB,False
S0005056,U000194,2025-10-27T12:32:00,2025-10-27T13:41:00,web,desktop,GB,False
S0005057,U002636,2025-03-12T13:27:00,2025-03-12T15:23:00,android,tablet,GB,False
S0005058,U003341,2025-07-27T13:28:00,2025-07-27T14:49:00,ios,mobile,GB,False
S0005059,U003774,2025-06-22T10:19:00,2025-06-22T10:40:00,android,tablet,GB,False
S0005060,U001886,2025-03-02T14:17:00,2025-03-02T15:53:00,web,tablet,GB,False
S0005061,U002859,2025-07-13T12:59:00,2025-07-13T14:43:00,ios,mobile,GB,False
S0005062,U002396,2025-11-11T22:02:00,2025-11-11T22:48:00,ios,tablet,GB,False
S0005063,U003551,2025-10-16T16:17:00,2025-10-16T17:39:00,ios,tablet,GB,False
S0005064,U002885,2025-12-30T12:57:00,2025-12-30T13:03:00,web,desktop,GB,True
S0005065,U002263,2025-11-26T11:36:00,2025-11-26T13:08:00,android,tablet,GB,True
S0005066,U003649,2025-08-19T09:31:00,2025-08-19T10:00:00,android,tablet,GB,False
S0005067,U003564,2025-08-06T23:23:00,2025-08-07T01:06:00,ios,tablet,GB,False
S0005068,U003514,2025-11-29T16:49:00,2025-11-29T17:54:00,android,mobile,GB,False
S0005069,U000782,2025-04-24T18:49:00,2025-04-24T19:17:00,android,tablet,GB,False
S0005070,U002564,2025-11-15T23:02:00,2025-11-16T00:10:00,ios,tablet,GB,False
S0005071,U001207,2025-08-03T15:03:00,2025-08-03T15:15:00,android,tablet,GB,False
S0005072,U002184,2025-02-18T14:01:00,2025-02-18T15:04:00,ios,tablet,GB,False
S0005073,U000370,2025-01-24T20:57:00,2025-01-24T22:02:00,android,tablet,GB,False
S0005074,U000576,2025-07-17T17:06:00,2025-07-17T17:34:00,ctv,streaming_stick,GB,False
S0005075,U002576,2025-01-26T20:09:00,2025-01-26T21:25:00,ctv,streaming_stick,GB,False
S0005076,U001852,2025-08-15T17:18:00,2025-08-15T19:16:00,android,mobile,GB,False
S0005077,U001549,2025-09-30T16:02:00,2025-09-30T16:39:00,ios,mobile,GB,False
S0005078,U002345,2025-12-07T07:44:00,2025-12-07T08:13:00,web,mobile,GB,False
S0005079,U003319,2025-07-05T17:31:00,2025-07-05T18:51:00,web,tablet,GB,False
S0005080,U000784,2025-01-06T14:01:00,2025-01-06T14:10:00,ctv,smart_tv,GB,False
S0005081,U002434,2025-12-10T12:21:00,2025-12-10T13:42:00,android,tablet,GB,False
S0005082,U000008,2025-06-22T13:52:00,2025-06-22T15:36:00,android,tablet,GB,False
S0005083,U002927,2025-04-19T12:27:00,2025-04-19T12:33:00,android,mobile,GB,False
S0005084,U003141,2025-04-09T19:28:00,2025-04-09T19:50:00,android,tablet,GB,False
S0005085,U001749,2025-03-22T22:55:00,2025-03-22T23:42:00,android,mobile,GB,False
S0005086,U002878,2025-02-10T18:28:00,2025-02-10T19:53:00,android,tablet,GB,True
S0005087,U002083,2025-10-06T18:07:00,2025-10-06T19:23:00,ios,tablet,GB,False
S0005088,U001771,2025-12-14T16:05:00,2025-12-14T17:39:00,ios,mobile,GB,False
S0005089,U003641,2025-06-02T14:13:00,2025-06-02T14:22:00,ios,mobile,GB,False
S0005090,U001240,2025-01-03T16:47:00,2025-01-03T17:27:00,ios,tablet,GB,False
S0005091,U002075,2025-05-07T17:27:00,2025-05-07T19:22:00,android,tablet,GB,False
S0005092,U002908,2025-06-20T13:30:00,2025-06-20T13:47:00,ios,mobile,GB,False
S0005093,U002375,2025-04-26T18:55:00,2025-04-26T20:27:00,android,mobile,GB,False
S0005094,U003376,2025-07-04T15:03:00,2025-07-04T16:08:00,web,tablet,GB,False
S0005095,U000078,2025-03-21T17:32:00,2025-03-21T18:38:00,android,mobile,GB,False
S0005096,U000654,2025-05-17T13:01:00,2025-05-17T14:53:00,ios,mobile,GB,False
S0005097,U001383,2025-12-30T09:05:00,2025-12-30T10:09:00,web,mobile,GB,False
S0005098,U000496,2025-03-15T09:15:00,2025-03-15T09:35:00,android,mobile,GB,False
S0005099,U000949,2025-04-15T10:52:00,2025-04-15T12:19:00,ios,mobile,GB,False
S0005100,U002231,2025-01-11T08:06:00,2025-01-11T09:27:00,ctv,smart_tv,GB,False
S0005101,U003602,2025-09-25T17:30:00,2025-09-25T18:07:00,ctv,smart_tv,GB,False
S0005102,U000126,2025-07-31T15:23:00,2025-07-31T16:26:00,web,mobile,GB,False
S0005103,U000826,2025-02-27T23:03:00,2025-02-27T23:30:00,ios,tablet,GB,False
S0005104,U002475,2025-01-03T17:32:00,2025-01-03T19:24:00,ios,mobile,GB,False
S0005105,U002625,2025-03-18T16:09:00,2025-03-18T17:56:00,ios,mobile,GB,False
S0005106,U002056,2025-04-09T15:54:00,2025-04-09T16:15:00,ios,tablet,GB,False
S0005107,U000302,2025-10-12T23:21:00,2025-10-13T01:19:00,ios,mobile,GB,False
S0005108,U001973,2025-01-18T23:39:00,2025-01-19T01:06:00,ios,mobile,GB,False
S0005109,U003846,2025-05-13T15:52:00,2025-05-13T16:48:00,ctv,smart_tv,GB,False
S0005110,U003333,2025-01-28T19:58:00,2025-01-28T20:12:00,ios,mobile,GB,False
S0005111,U003121,2025-06-19T08:26:00,2025-06-19T10:19:00,android,mobile,GB,False
S0005112,U002277,2025-04-02T08:56:00,2025-04-02T10:44:00,android,mobile,GB,False
S0005113,U002641,2025-12-05T17:54:00,2025-12-05T19:46:00,android,tablet,GB,False
S0005114,U002288,2025-04-21T09:26:00,2025-04-21T10:42:00,android,tablet,GB,False
S0005115,U003141,2025-02-10T19:23:00,2025-02-10T19:43:00,web,tablet,GB,False
S0005116,U001716,2025-04-12T16:49:00,2025-04-12T17:04:00,android,tablet,GB,False
S0005117,U003470,2025-05-28T20:16:00,2025-05-28T21:45:00,android,mobile,GB,False
S0005118,U002701,2025-10-03T20:38:00,2025-10-03T22:02:00,android,tablet,GB,True
S0005119,U000220,2025-05-01T07:35:00,2025-05-01T08:10:00,android,tablet,GB,False
S0005120,U003802,2025-09-27T10:40:00,2025-09-27T10:45:00,ctv,smart_tv,GB,False
S0005121,U003529,2025-04-11T13:52:00,2025-04-11T15:04:00,ctv,smart_tv,GB,False
S0005122,U000501,2025-10-17T12:56:00,2025-10-17T14:51:00,ios,mobile,GB,False
S0005123,U001834,2025-08-20T16:32:00,2025-08-20T17:22:00,ctv,streaming_stick,GB,True
S0005124,U001255,2025-12-23T15:08:00,2025-12-23T15:16:00,web,mobile,GB,False
S0005125,U000052,2025-05-29T16:33:00,2025-05-29T17:36:00,ctv,smart_tv,GB,True
S0005126,U000834,2025-05-23T14:40:00,2025-05-23T16:17:00,ios,tablet,GB,False
S0005127,U003667,2025-08-11T17:07:00,2025-08-11T18:47:00,ios,tablet,GB,False
S0005128,U002880,2025-12-31T16:11:00,2025-12-31T17:35:00,web,desktop,GB,False
S0005129,U000859,2025-04-27T16:47:00,2025-04-27T17:55:00,web,tablet,GB,False
S0005130,U002187,2025-01-26T14:58:00,2025-01-26T16:41:00,web,desktop,GB,False
S0005131,U000472,2025-12-04T14:24:00,2025-12-04T15:37:00,ios,tablet,GB,False
S0005132,U001763,2025-02-02T07:40:00,2025-02-02T09:34:00,ios,mobile,GB,False
S0005133,U003474,2025-04-16T13:43:00,2025-04-16T14:11:00,ctv,streaming_stick,GB,False
S0005134,U001136,2025-09-10T12:47:00,2025-09-10T13:44:00,ios,tablet,GB,False
S0005135,U000814,2025-03-19T17:47:00,2025-03-19T19:07:00,web,mobile,GB,False
S0005136,U000532,2025-09-02T07:49:00,2025-09-02T08:06:00,ctv,smart_tv,GB,False
S0005137,U001274,2025-10-02T15:21:00,2025-10-02T17:11:00,web,tablet,GB,False
S0005138,U000866,2025-08-08T06:38:00,2025-08-08T07:32:00,web,tablet,GB,False
S0005139,U002706,2025-11-16T09:13:00,2025-11-16T09:19:00,ctv,smart_tv,GB,False
S0005140,U002027,2025-03-12T16:32:00,2025-03-12T17:35:00,ios,tablet,GB,False
S0005141,U003794,2025-12-27T19:43:00,2025-12-27T20:06:00,ios,mobile,GB,False
S0005142,U002843,2025-10-05T14:43:00,2025-10-05T16:19:00,ios,tablet,GB,False
S0005143,U000253,2025-08-24T14:37:00,2025-08-24T16:10:00,web,mobile,GB,False
S0005144,U002100,2025-03-21T14:48:00,2025-03-21T14:56:00,android,tablet,GB,False
S0005145,U001725,2025-08-26T11:44:00,2025-08-26T12:59:00,ios,mobile,GB,False
S0005146,U001513,2025-12-01T13:38:00,2025-12-01T15:28:00,ctv,streaming_stick,GB,False
S0005147,U001419,2025-03-28T12:56:00,2025-03-28T14:08:00,web,mobile,GB,False
S0005148,U000694,2025-03-05T09:45:00,2025-03-05T10:00:00,web,mobile,GB,True
S0005149,U002955,2025-10-19T18:17:00,2025-10-19T18:45:00,ios,tablet,GB,False
S0005150,U003892,2025-02-23T12:19:00,2025-02-23T12:44:00,android,tablet,GB,False
S0005151,U003728,2025-10-03T16:13:00,2025-10-03T17:06:00,web,tablet,GB,False
S0005152,U002521,2025-05-22T14:48:00,2025-05-22T15:45:00,ios,tablet,GB,False
S0005153,U000926,2025-03-04T17:12:00,2025-03-04T18:30:00,ios,tablet,GB,False
S0005154,U001542,2025-02-02T15:54:00,2025-02-02T17:35:00,android,tablet,GB,False
S0005155,U002565,2025-08-28T23:30:00,2025-08-29T00:32:00,android,tablet,GB,False
S0005156,U002435,2025-03-30T06:12:00,2025-03-30T06:33:00,ios,mobile,GB,False
S0005157,U002099,2025-04-10T15:11:00,2025-04-10T15:26:00,android,tablet,GB,False
S0005158,U002316,2025-01-15T16:57:00,2025-01-15T17:21:00,android,tablet,GB,False
S0005159,U002889,2025-02-26T22:30:00,2025-02-26T23:02:00,ios,tablet,GB,False
S0005160,U000881,2025-09-09T09:55:00,2025-09-09T10:03:00,web,tablet,GB,False
S0005161,U003266,2025-02-06T17:05:00,2025-02-06T17:37:00,web,mobile,GB,False
S0005162,U003722,2025-10-27T08:34:00,2025-10-27T09:41:00,web,mobile,GB,False
S0005163,U000781,2025-09-12T14:11:00,2025-09-12T15:17:00,android,mobile,GB,False
S0005164,U000659,2025-07-24T08:11:00,2025-07-24T08:29:00,web,tablet,GB,False
S0005165,U003755,2025-02-09T14:18:00,2025-02-09T14:57:00,web,mobile,GB,False
S0005166,U001868,2025-09-24T16:16:00,2025-09-24T17:30:00,android,tablet,GB,False
S0005167,U000544,2025-08-18T23:16:00,2025-08-19T01:08:00,web,desktop,GB,False
S0005168,U001235,2025-05-15T10:09:00,2025-05-15T11:57:00,android,tablet,GB,True
S0005169,U000855,2025-08-26T14:19:00,2025-08-26T15:50:00,web,mobile,GB,False
S0005170,U003054,2025-02-13T23:30:00,2025-02-14T00:13:00,ios,tablet,GB,False
S0005171,U002108,2025-08-06T17:31:00,2025-08-06T17:50:00,web,mobile,GB,False
S0005172,U000858,2025-11-12T16:22:00,2025-11-12T17:15:00,ctv,streaming_stick,GB,False
S0005173,U001899,2025-05-07T23:46:00,2025-05-08T00:45:00,web,mobile,GB,False
S0005174,U002943,2025-06-10T14:54:00,2025-06-10T15:42:00,android,tablet,GB,False
S0005175,U003089,2025-09-23T23:47:00,2025-09-24T00:09:00,web,desktop,GB,False
S0005176,U001719,2025-04-27T18:52:00,2025-04-27T19:00:00,ctv,smart_tv,GB,False
S0005177,U003926,2025-11-20T11:08:00,2025-11-20T12:20:00,web,tablet,GB,False
S0005178,U000978,2025-04-09T21:39:00,2025-04-09T21:48:00,ios,mobile,GB,False
S0005179,U000186,2025-02-14T14:20:00,2025-02-14T14:45:00,ctv,streaming_stick,GB,False
S0005180,U003250,2025-04-04T10:31:00,2025-04-04T12:24:00,android,tablet,GB,False
S0005181,U000061,2025-04-10T18:39:00,2025-04-10T19:58:00,ios,mobile,GB,False
S0005182,U000385,2025-10-01T21:11:00,2025-10-01T22:38:00,android,mobile,GB,False
S0005183,U002482,2025-02-01T14:32:00,2025-02-01T14:54:00,ios,tablet,GB,False
S0005184,U001146,2025-07-01T18:35:00,2025-07-01T19:54:00,android,tablet,GB,False
S0005185,U003059,2025-12-11T08:22:00,2025-12-11T09:34:00,android,mobile,GB,False
S0005186,U001099,2025-06-20T21:00:00,2025-06-20T21:29:00,android,tablet,GB,False
S0005187,U001768,2025-09-05T22:53:00,2025-09-05T23:28:00,android,mobile,GB,False
S0005188,U002433,2025-08-21T22:53:00,2025-08-21T23:42:00,android,tablet,GB,True
S0005189,U003564,2025-06-28T20:31:00,2025-06-28T21:29:00,ctv,smart_tv,GB,False
S0005190,U003603,2025-10-09T10:16:00,2025-10-09T12:10:00,ios,mobile,GB,False
S0005191,U000254,2025-01-09T17:05:00,2025-01-09T18:56:00,android,mobile,GB,False
S0005192,U000360,2025-08-03T12:37:00,2025-08-03T12:54:00,ctv,streaming_stick,GB,False
S0005193,U000169,2025-06-28T18:31:00,2025-06-28T19:24:00,android,tablet,GB,False
S0005194,U001179,2025-03-16T20:51:00,2025-03-16T21:21:00,android,mobile,GB,False
S0005195,U002726,2025-03-25T21:09:00,2025-03-25T22:24:00,ctv,streaming_stick,GB,False
S0005196,U000365,2025-06-09T16:59:00,2025-06-09T18:15:00,android,mobile,GB,False
S0005197,U001718,2025-01-19T14:12:00,2025-01-19T16:09:00,android,tablet,GB,False
S0005198,U000317,2025-08-10T15:45:00,2025-08-10T17:22:00,ctv,smart_tv,GB,False
S0005199,U003024,2025-10-15T11:17:00,2025-10-15T12:37:00,ios,mobile,GB,False
S0005200,U002138,2025-11-04T15:26:00,2025-11-04T16:47:00,web,mobile,GB,False
S0005201,U001858,2025-12-10T13:05:00,2025-12-10T13:41:00,ctv,streaming_stick,GB,False
S0005202,U002108,2025-02-04T08:14:00,2025-02-04T08:22:00,web,tablet,GB,True
S0005203,U000165,2025-10-10T17:46:00,2025-10-10T19:07:00,ctv,streaming_stick,GB,False
S0005204,U000442,2025-05-11T19:19:00,2025-05-11T21:00:00,ctv,streaming_stick,GB,False
S0005205,U002955,2025-10-22T17:04:00,2025-10-22T17:52:00,ctv,streaming_stick,GB,False
S0005206,U000506,2025-06-07T20:24:00,2025-06-07T20:54:00,web,mobile,GB,False
S0005207,U001807,2025-08-24T13:20:00,2025-08-24T14:51:00,web,tablet,GB,False
S0005208,U003416,2025-02-17T19:38:00,2025-02-17T20:20:00,android,mobile,GB,False
S0005209,U002922,2025-01-22T09:30:00,2025-01-22T09:52:00,android,tablet,GB,False
S0005210,U001253,2025-06-30T07:32:00,2025-06-30T08:48:00,android,tablet,GB,False
S0005211,U001875,2025-02-03T15:22:00,2025-02-03T16:05:00,web,tablet,GB,False
S0005212,U002870,2025-08-28T14:30:00,2025-08-28T15:32:00,ios,mobile,GB,False
S0005213,U002266,2025-03-28T09:47:00,2025-03-28T11:43:00,android,mobile,GB,False
S0005214,U001583,2025-04-15T18:09:00,2025-04-15T19:02:00,ios,mobile,GB,False
S0005215,U001770,2025-08-20T11:03:00,2025-08-20T11:15:00,android,mobile,GB,False
S0005216,U000267,2025-07-02T20:39:00,2025-07-02T20:52:00,android,tablet,GB,False
S0005217,U001921,2025-08-14T12:44:00,2025-08-14T14:31:00,ctv,smart_tv,GB,False
S0005218,U003724,2025-02-28T13:06:00,2025-02-28T14:13:00,ios,mobile,GB,False
S0005219,U002526,2025-04-23T18:28:00,2025-04-23T18:50:00,android,mobile,GB,False
S0005220,U000542,2025-05-31T12:51:00,2025-05-31T13:14:00,ios,mobile,GB,False
S0005221,U000234,2025-03-31T23:46:00,2025-04-01T00:21:00,ctv,smart_tv,GB,True
S0005222,U003197,2025-01-02T19:30:00,2025-01-02T19:54:00,ios,mobile,GB,False
S0005223,U000604,2025-05-18T21:17:00,2025-05-18T21:29:00,ios,tablet,GB,False
S0005224,U000416,2025-05-25T17:34:00,2025-05-25T18:36:00,web,mobile,GB,True
S0005225,U001384,2025-01-24T14:47:00,2025-01-24T15:15:00,ios,mobile,GB,False
S0005226,U003136,2025-11-29T20:19:00,2025-11-29T21:42:00,web,tablet,GB,False
S0005227,U003894,2025-04-12T11:50:00,2025-04-12T13:28:00,android,mobile,GB,False
S0005228,U000360,2025-09-23T20:11:00,2025-09-23T21:55:00,ios,mobile,GB,False
S0005229,U000998,2025-02-13T15:45:00,2025-02-13T16:03:00,web,desktop,GB,False
S0005230,U003089,2025-07-22T17:22:00,2025-07-22T18:16:00,android,mobile,GB,True
S0005231,U002108,2025-08-14T10:05:00,2025-08-14T10:18:00,web,tablet,GB,False
S0005232,U003250,2025-09-06T17:03:00,2025-09-06T17:47:00,android,tablet,GB,True
S0005233,U003366,2025-05-15T21:12:00,2025-05-15T21:18:00,android,tablet,GB,False
S0005234,U003989,2025-12-19T12:42:00,2025-12-19T13:07:00,web,tablet,GB,False
S0005235,U002527,2025-07-08T12:41:00,2025-07-08T13:14:00,ctv,streaming_stick,GB,True
S0005236,U003904,2025-11-25T21:29:00,2025-11-25T21:39:00,android,tablet,GB,False
S0005237,U002277,2025-08-19T15:41:00,2025-08-19T16:39:00,android,tablet,GB,True
S0005238,U000837,2025-01-14T14:22:00,2025-01-14T15:40:00,web,mobile,GB,False
S0005239,U002428,2025-08-13T17:00:00,2025-08-13T17:22:00,android,tablet,GB,False
S0005240,U000416,2025-01-24T21:06:00,2025-01-24T21:13:00,ctv,streaming_stick,GB,False
S0005241,U001354,2025-08-11T23:11:00,2025-08-11T23:32:00,web,desktop,GB,False
S0005242,U001671,2025-02-23T19:36:00,2025-02-23T20:48:00,ios,mobile,GB,False
S0005243,U001280,2025-02-12T11:14:00,2025-02-12T11:54:00,android,tablet,GB,False
S0005244,U000447,2025-12-25T19:24:00,2025-12-25T21:06:00,web,desktop,GB,False
S0005245,U001646,2025-04-03T13:13:00,2025-04-03T14:11:00,ctv,streaming_stick,GB,False
S0005246,U000293,2025-09-23T13:28:00,2025-09-23T14:40:00,android,mobile,GB,False
S0005247,U001556,2025-08-26T09:01:00,2025-08-26T10:57:00,ios,tablet,GB,False
S0005248,U000184,2025-04-12T17:48:00,2025-04-12T18:13:00,android,mobile,GB,True
S0005249,U003791,2025-04-03T14:30:00,2025-04-03T15:02:00,ios,tablet,GB,False
S0005250,U002474,2025-10-11T13:42:00,2025-10-11T15:16:00,ios,mobile,GB,False
S0005251,U001663,2025-07-03T16:09:00,2025-07-03T17:54:00,ctv,smart_tv,GB,True
S0005252,U000377,2025-05-01T19:27:00,2025-05-01T20:27:00,web,desktop,GB,False
S0005253,U001341,2025-11-21T16:59:00,2025-11-21T18:05:00,ctv,smart_tv,GB,False
S0005254,U002006,2025-12-17T22:57:00,2025-12-18T00:20:00,ios,tablet,GB,False
S0005255,U000837,2025-09-24T20:46:00,2025-09-24T21:15:00,web,mobile,GB,False
S0005256,U001936,2025-09-20T14:21:00,2025-09-20T15:35:00,ios,tablet,GB,False
S0005257,U002869,2025-07-07T15:56:00,2025-07-07T16:40:00,web,desktop,GB,False
S0005258,U002202,2025-04-08T12:06:00,2025-04-08T13:48:00,android,mobile,GB,False
S0005259,U002432,2025-11-11T17:50:00,2025-11-11T18:08:00,web,tablet,GB,True
S0005260,U002927,2025-04-06T21:06:00,2025-04-06T23:01:00,ios,tablet,GB,False
S0005261,U002005,2025-05-25T15:28:00,2025-05-25T17:08:00,ios,tablet,GB,False
S0005262,U001545,2025-12-04T11:35:00,2025-12-04T12:16:00,ios,tablet,GB,False
S0005263,U003155,2025-07-23T22:37:00,2025-07-24T00:04:00,web,desktop,GB,False
S0005264,U001184,2025-02-01T09:47:00,2025-02-01T09:55:00,android,mobile,GB,False
S0005265,U000924,2025-02-21T11:51:00,2025-02-21T13:08:00,ctv,smart_tv,GB,False
S0005266,U001054,2025-07-26T18:12:00,2025-07-26T18:24:00,android,tablet,GB,False
S0005267,U001827,2025-10-25T14:36:00,2025-10-25T16:01:00,web,tablet,GB,False
S0005268,U003256,2025-01-24T21:14:00,2025-01-24T23:01:00,ios,tablet,GB,False
S0005269,U003183,2025-09-27T12:38:00,2025-09-27T14:34:00,web,desktop,GB,False
S0005270,U003479,2025-12-24T18:54:00,2025-12-24T20:07:00,android,tablet,GB,False
S0005271,U000162,2025-02-16T13:13:00,2025-02-16T14:31:00,ctv,streaming_stick,GB,False
S0005272,U000509,2025-04-30T16:19:00,2025-04-30T18:09:00,android,mobile,GB,False
S0005273,U003008,2025-04-08T20:12:00,2025-04-08T21:40:00,web,desktop,GB,True
S0005274,U003261,2025-03-28T16:36:00,2025-03-28T17:23:00,ctv,smart_tv,GB,False
S0005275,U000388,2025-05-29T12:23:00,2025-05-29T14:19:00,android,mobile,GB,False
S0005276,U001390,2025-05-27T18:18:00,2025-05-27T19:15:00,web,tablet,GB,False
S0005277,U001204,2025-07-04T14:37:00,2025-07-04T16:13:00,android,tablet,GB,True
S0005278,U003695,2025-05-24T13:07:00,2025-05-24T14:33:00,web,mobile,GB,False
S0005279,U001258,2025-10-30T15:26:00,2025-10-30T16:08:00,web,mobile,GB,False
S0005280,U000634,2025-03-20T19:39:00,2025-03-20T21:00:00,ios,mobile,GB,False
S0005281,U000225,2025-03-30T08:27:00,2025-03-30T08:47:00,ios,mobile,GB,False
S0005282,U000630,2025-01-05T13:13:00,2025-01-05T14:18:00,web,mobile,GB,False
S0005283,U003125,2025-04-13T11:29:00,2025-04-13T11:50:00,ios,tablet,GB,False
S0005284,U000440,2025-06-07T16:39:00,2025-06-07T18:30:00,android,tablet,GB,False
S0005285,U002254,2025-11-08T16:59:00,2025-11-08T18:05:00,web,mobile,GB,False
S0005286,U000458,2025-03-16T08:46:00,2025-03-16T10:26:00,android,tablet,GB,False
S0005287,U001035,2025-06-11T17:42:00,2025-06-11T18:45:00,ctv,streaming_stick,GB,False
S0005288,U001946,2025-03-09T14:02:00,2025-03-09T15:36:00,ios,tablet,GB,False
S0005289,U001773,2025-10-14T15:04:00,2025-10-14T16:22:00,ios,tablet,GB,False
S0005290,U003610,2025-12-07T15:29:00,2025-12-07T16:17:00,android,tablet,GB,False
S0005291,U003617,2025-12-06T22:29:00,2025-12-06T23:52:00,web,desktop,GB,False
S0005292,U001766,2025-06-29T09:50:00,2025-06-29T10:31:00,android,tablet,GB,True
S0005293,U003244,2025-08-11T11:29:00,2025-08-11T12:16:00,ctv,smart_tv,GB,False
S0005294,U001665,2025-10-14T17:00:00,2025-10-14T17:25:00,ctv,streaming_stick,GB,False
S0005295,U002548,2025-12-21T13:23:00,2025-12-21T14:08:00,ios,mobile,GB,False
S0005296,U003502,2025-09-07T19:20:00,2025-09-07T21:04:00,web,desktop,GB,False
S0005297,U002111,2025-12-07T21:09:00,2025-12-07T21:25:00,web,tablet,GB,False
S0005298,U001804,2025-11-23T14:24:00,2025-11-23T16:24:00,web,mobile,GB,False
S0005299,U002485,2025-08-13T11:00:00,2025-08-13T12:09:00,ios,tablet,GB,False
S0005300,U001130,2025-04-23T18:49:00,2025-04-23T20:30:00,android,tablet,GB,False
S0005301,U001150,2025-06-06T23:50:00,2025-06-07T01:45:00,android,tablet,GB,False
S0005302,U000051,2025-12-31T15:35:00,2025-12-31T17:19:00,android,tablet,GB,False
S0005303,U003104,2025-10-25T09:37:00,2025-10-25T10:44:00,ctv,streaming_stick,GB,False
S0005304,U001499,2025-12-25T20:57:00,2025-12-25T22:13:00,ios,tablet,GB,False
S0005305,U001239,2025-05-08T18:21:00,2025-05-08T19:59:00,android,tablet,GB,False
S0005306,U002812,2025-08-04T10:25:00,2025-08-04T12:10:00,web,tablet,GB,False
S0005307,U003299,2025-10-22T21:45:00,2025-10-22T23:36:00,ios,mobile,GB,False
S0005308,U003276,2025-02-23T15:11:00,2025-02-23T15:23:00,ios,tablet,GB,False
S0005309,U000098,2025-02-27T17:38:00,2025-02-27T17:48:00,web,tablet,GB,False
S0005310,U000090,2025-06-11T07:52:00,2025-06-11T09:34:00,ctv,streaming_stick,GB,False
S0005311,U001157,2025-01-01T23:01:00,2025-01-02T00:25:00,ctv,streaming_stick,GB,True
S0005312,U001917,2025-06-05T15:19:00,2025-06-05T15:43:00,web,desktop,GB,False
S0005313,U000920,2025-10-28T14:43:00,2025-10-28T16:12:00,web,mobile,GB,False
S0005314,U001306,2025-10-15T10:12:00,2025-10-15T10:24:00,android,mobile,GB,True
S0005315,U001907,2025-12-16T15:25:00,2025-12-16T15:55:00,android,mobile,GB,False
S0005316,U001354,2025-07-15T12:11:00,2025-07-15T12:34:00,ctv,streaming_stick,GB,False
S0005317,U003865,2025-08-18T19:38:00,2025-08-18T20:42:00,ctv,smart_tv,GB,False
S0005318,U003951,2025-02-17T22:00:00,2025-02-17T23:09:00,web,tablet,GB,True
S0005319,U003535,2025-11-04T18:19:00,2025-11-04T19:38:00,ctv,streaming_stick,GB,False
S0005320,U000179,2025-09-24T13:58:00,2025-09-24T15:09:00,ios,tablet,GB,False
S0005321,U003658,2025-04-05T19:03:00,2025-04-05T20:44:00,ios,mobile,GB,False
S0005322,U002681,2025-03-25T13:48:00,2025-03-25T14:57:00,web,mobile,GB,False
S0005323,U002638,2025-08-09T15:21:00,2025-08-09T15:30:00,web,desktop,GB,False
S0005324,U001652,2025-04-08T20:14:00,2025-04-08T20:41:00,ios,tablet,GB,False
S0005325,U000363,2025-10-16T15:40:00,2025-10-16T16:01:00,ios,mobile,GB,False
S0005326,U001685,2025-11-26T16:02:00,2025-11-26T16:29:00,ios,mobile,GB,False
S0005327,U000771,2025-10-14T11:50:00,2025-10-14T13:24:00,android,tablet,GB,False
S0005328,U003000,2025-01-13T15:37:00,2025-01-13T16:21:00,android,tablet,GB,False
S0005329,U003715,2025-10-31T09:31:00,2025-10-31T10:35:00,web,desktop,GB,False
S0005330,U000139,2025-11-14T10:29:00,2025-11-14T12:05:00,ios,mobile,GB,False
S0005331,U003242,2025-04-07T10:10:00,2025-04-07T10:51:00,android,tablet,GB,False
S0005332,U002505,2025-12-10T06:16:00,2025-12-10T06:52:00,android,tablet,GB,False
S0005333,U002172,2025-09-10T06:07:00,2025-09-10T06:25:00,android,tablet,GB,False
S0005334,U000931,2025-03-06T12:53:00,2025-03-06T13:48:00,ios,tablet,GB,False
S0005335,U001053,2025-11-12T20:15:00,2025-11-12T21:58:00,web,desktop,GB,False
S0005336,U002795,2025-12-13T17:53:00,2025-12-13T18:55:00,android,mobile,GB,False
S0005337,U002320,2025-08-17T16:59:00,2025-08-17T17:57:00,ios,mobile,GB,False
S0005338,U002223,2025-05-26T07:30:00,2025-05-26T09:06:00,android,mobile,GB,False
S0005339,U002756,2025-07-17T16:44:00,2025-07-17T18:25:00,ctv,smart_tv,GB,False
S0005340,U002920,2025-08-30T19:05:00,2025-08-30T20:00:00,ios,mobile,GB,True
S0005341,U002894,2025-11-17T13:55:00,2025-11-17T15:24:00,web,tablet,GB,False
S0005342,U003836,2025-08-19T12:00:00,2025-08-19T13:24:00,ios,tablet,GB,False
S0005343,U001687,2025-03-09T13:14:00,2025-03-09T13:57:00,android,tablet,GB,False
S0005344,U003686,2025-06-08T14:25:00,2025-06-08T15:09:00,android,mobile,GB,False
S0005345,U000873,2025-07-28T16:09:00,2025-07-28T16:49:00,ios,tablet,GB,True
S0005346,U000924,2025-11-04T20:35:00,2025-11-04T21:35:00,ios,tablet,GB,False
S0005347,U003274,2025-09-24T21:00:00,2025-09-24T22:34:00,ios,tablet,GB,False
S0005348,U002901,2025-03-20T16:10:00,2025-03-20T16:53:00,ios,mobile,GB,False
S0005349,U001201,2025-03-14T12:55:00,2025-03-14T13:21:00,android,mobile,GB,False
S0005350,U002556,2025-06-10T16:21:00,2025-06-10T17:48:00,ios,mobile,GB,False
S0005351,U000395,2025-12-29T21:02:00,2025-12-29T21:55:00,ctv,streaming_stick,GB,False
S0005352,U003865,2025-01-27T06:43:00,2025-01-27T06:48:00,ctv,streaming_stick,GB,False
S0005353,U002448,2025-10-21T16:09:00,2025-10-21T16:18:00,ios,mobile,GB,False
S0005354,U000443,2025-08-11T17:47:00,2025-08-11T19:44:00,web,desktop,GB,False
S0005355,U002139,2025-01-25T18:23:00,2025-01-25T20:02:00,web,tablet,GB,False
S0005356,U000475,2025-11-30T18:14:00,2025-11-30T19:33:00,ctv,smart_tv,GB,False
S0005357,U003329,2025-01-05T18:39:00,2025-01-05T19:45:00,ctv,streaming_stick,GB,False
S0005358,U003313,2025-11-10T10:06:00,2025-11-10T10:12:00,android,tablet,GB,False
S0005359,U003812,2025-02-04T17:06:00,2025-02-04T18:27:00,android,tablet,GB,False
S0005360,U002306,2025-03-27T14:16:00,2025-03-27T15:23:00,android,tablet,GB,False
S0005361,U001805,2025-07-06T17:58:00,2025-07-06T19:18:00,ios,mobile,GB,False
S0005362,U001187,2025-12-07T14:58:00,2025-12-07T15:19:00,ios,mobile,GB,False
S0005363,U000496,2025-10-09T23:40:00,2025-10-10T01:25:00,ctv,smart_tv,GB,False
S0005364,U003598,2025-09-03T07:39:00,2025-09-03T08:22:00,ios,mobile,GB,False
S0005365,U001505,2025-08-16T09:13:00,2025-08-16T11:11:00,android,tablet,GB,False
S0005366,U000493,2025-07-18T19:51:00,2025-07-18T21:24:00,ios,mobile,GB,False
S0005367,U001260,2025-08-06T22:01:00,2025-08-06T22:21:00,android,mobile,GB,False
S0005368,U001925,2025-08-23T06:59:00,2025-08-23T07:17:00,android,mobile,GB,False
S0005369,U000186,2025-05-09T06:44:00,2025-05-09T07:40:00,web,tablet,GB,False
S0005370,U003336,2025-10-09T23:29:00,2025-10-10T00:49:00,android,tablet,GB,False
S0005371,U001533,2025-01-17T08:25:00,2025-01-17T08:47:00,ios,mobile,GB,False
S0005372,U000275,2025-09-04T21:34:00,2025-09-04T22:03:00,ios,tablet,GB,False
S0005373,U000944,2025-07-01T06:12:00,2025-07-01T07:43:00,ios,mobile,GB,False
S0005374,U003172,2025-08-29T08:28:00,2025-08-29T09:24:00,android,mobile,GB,False
S0005375,U000050,2025-10-14T09:03:00,2025-10-14T09:56:00,web,tablet,GB,True
S0005376,U000580,2025-05-10T13:14:00,2025-05-10T14:16:00,ios,mobile,GB,False
S0005377,U003453,2025-08-03T15:51:00,2025-08-03T17:08:00,android,tablet,GB,False
S0005378,U002073,2025-05-11T15:28:00,2025-05-11T15:50:00,web,desktop,GB,False
S0005379,U001154,2025-11-15T16:31:00,2025-11-15T17:50:00,ios,tablet,GB,False
S0005380,U001749,2025-03-09T20:21:00,2025-03-09T22:13:00,ios,tablet,GB,False
S0005381,U000128,2025-09-19T10:24:00,2025-09-19T10:30:00,ios,mobile,GB,False
S0005382,U001382,2025-04-19T16:38:00,2025-04-19T18:00:00,ctv,smart_tv,GB,False
S0005383,U003273,2025-03-12T21:41:00,2025-03-12T23:13:00,ios,tablet,GB,False
S0005384,U002897,2025-03-12T16:16:00,2025-03-12T18:15:00,ios,mobile,GB,False
S0005385,U003559,2025-10-03T18:15:00,2025-10-03T19:58:00,android,mobile,GB,False
S0005386,U000783,2025-10-27T21:56:00,2025-10-27T23:13:00,web,tablet,GB,False
S0005387,U003251,2025-02-01T15:22:00,2025-02-01T16:58:00,web,desktop,GB,False
S0005388,U000789,2025-08-18T21:19:00,2025-08-18T22:38:00,web,desktop,GB,False
S0005389,U001209,2025-11-19T15:06:00,2025-11-19T16:45:00,android,tablet,GB,False
S0005390,U001865,2025-04-27T17:56:00,2025-04-27T19:19:00,ctv,streaming_stick,GB,False
S0005391,U002702,2025-03-01T17:31:00,2025-03-01T17:57:00,android,tablet,GB,False
S0005392,U000019,2025-08-23T15:40:00,2025-08-23T16:09:00,ios,tablet,GB,False
S0005393,U000928,2025-04-14T14:18:00,2025-04-14T14:50:00,web,tablet,GB,False
S0005394,U001302,2025-09-30T18:24:00,2025-09-30T19:32:00,ios,tablet,GB,True
S0005395,U003929,2025-10-30T14:30:00,2025-10-30T15:03:00,web,desktop,GB,False
S0005396,U003955,2025-02-03T14:19:00,2025-02-03T16:13:00,web,mobile,GB,False
S0005397,U000685,2025-01-18T16:54:00,2025-01-18T17:03:00,android,tablet,GB,True
S0005398,U001139,2025-07-06T17:46:00,2025-07-06T19:37:00,web,mobile,GB,False
S0005399,U000961,2025-06-20T15:01:00,2025-06-20T15:16:00,ios,mobile,GB,False
S0005400,U003513,2025-07-30T12:16:00,2025-07-30T13:37:00,android,mobile,GB,False
S0005401,U002212,2025-12-26T22:21:00,2025-12-26T23:25:00,android,tablet,GB,False
S0005402,U002388,2025-12-20T16:05:00,2025-12-20T17:56:00,ios,tablet,GB,False
S0005403,U002250,2025-05-14T14:25:00,2025-05-14T14:43:00,web,desktop,GB,False
S0005404,U000884,2025-05-22T19:56:00,2025-05-22T21:03:00,web,desktop,GB,False
S0005405,U002230,2025-01-08T14:03:00,2025-01-08T15:00:00,ios,mobile,GB,False
S0005406,U003597,2025-04-10T09:07:00,2025-04-10T10:54:00,android,mobile,GB,False
S0005407,U002380,2025-05-11T14:24:00,2025-05-11T16:17:00,android,tablet,GB,False
S0005408,U001322,2025-02-10T10:48:00,2025-02-10T12:41:00,web,mobile,GB,False
S0005409,U003335,2025-02-09T16:25:00,2025-02-09T16:56:00,ctv,smart_tv,GB,False
S0005410,U003109,2025-01-20T23:57:00,2025-01-21T01:25:00,web,tablet,GB,False
S0005411,U002132,2025-10-15T12:50:00,2025-10-15T12:55:00,android,mobile,GB,True
S0005412,U003280,2025-06-04T21:05:00,2025-06-04T22:20:00,ios,mobile,GB,False
S0005413,U002388,2025-02-14T21:43:00,2025-02-14T23:35:00,ios,tablet,GB,False
S0005414,U002807,2025-05-17T18:36:00,2025-05-17T18:46:00,android,mobile,GB,False
S0005415,U002269,2025-02-02T11:01:00,2025-02-02T11:31:00,android,mobile,GB,False
S0005416,U000052,2025-12-17T15:46:00,2025-12-17T16:45:00,android,mobile,GB,False
S0005417,U000821,2025-06-23T14:40:00,2025-06-23T15:32:00,android,tablet,GB,False
S0005418,U001569,2025-04-03T07:59:00,2025-04-03T08:45:00,ios,tablet,GB,False
S0005419,U000630,2025-06-12T06:41:00,2025-06-12T07:24:00,web,tablet,GB,False
S0005420,U003953,2025-08-19T07:44:00,2025-08-19T08:42:00,ios,tablet,GB,False
S0005421,U002747,2025-10-06T13:42:00,2025-10-06T13:56:00,android,tablet,GB,False
S0005422,U003258,2025-10-30T08:17:00,2025-10-30T08:59:00,ios,tablet,GB,False
S0005423,U002157,2025-01-10T14:22:00,2025-01-10T16:14:00,android,tablet,GB,False
S0005424,U002634,2025-01-07T12:33:00,2025-01-07T13:04:00,android,tablet,GB,False
S0005425,U000580,2025-01-05T16:04:00,2025-01-05T16:49:00,ios,mobile,GB,False
S0005426,U001050,2025-10-14T19:12:00,2025-10-14T20:45:00,web,desktop,GB,False
S0005427,U003788,2025-01-03T15:56:00,2025-01-03T17:05:00,web,tablet,GB,False
S0005428,U003479,2025-04-07T13:42:00,2025-04-07T15:36:00,android,tablet,GB,False
S0005429,U000505,2025-08-27T17:36:00,2025-08-27T19:01:00,web,tablet,GB,False
S0005430,U000603,2025-09-10T11:42:00,2025-09-10T12:34:00,android,tablet,GB,False
S0005431,U002569,2025-06-04T21:26:00,2025-06-04T22:27:00,web,desktop,GB,False
S0005432,U003353,2025-03-10T14:24:00,2025-03-10T15:08:00,ios,mobile,GB,False
S0005433,U002512,2025-05-12T11:41:00,2025-05-12T11:49:00,ctv,streaming_stick,GB,False
S0005434,U002868,2025-03-22T19:55:00,2025-03-22T21:17:00,ios,tablet,GB,False
S0005435,U002049,2025-09-22T15:57:00,2025-09-22T17:07:00,ctv,streaming_stick,GB,True
S0005436,U001644,2025-06-13T10:33:00,2025-06-13T11:49:00,ios,tablet,GB,False
S0005437,U000915,2025-08-07T16:27:00,2025-08-07T18:16:00,web,mobile,GB,False
S0005438,U000847,2025-12-04T06:39:00,2025-12-04T07:31:00,web,desktop,GB,False
S0005439,U001426,2025-08-29T12:11:00,2025-08-29T13:33:00,android,tablet,GB,False
S0005440,U001693,2025-07-17T09:45:00,2025-07-17T10:07:00,ios,tablet,GB,False
S0005441,U003972,2025-05-20T10:08:00,2025-05-20T11:00:00,android,tablet,GB,False
S0005442,U000948,2025-10-10T20:38:00,2025-10-10T20:45:00,ios,mobile,GB,False
S0005443,U002096,2025-09-11T16:31:00,2025-09-11T17:01:00,ios,tablet,GB,False
S0005444,U002432,2025-07-30T19:17:00,2025-07-30T19:44:00,ctv,streaming_stick,GB,False
S0005445,U001517,2025-08-30T13:49:00,2025-08-30T14:48:00,ctv,streaming_stick,GB,False
S0005446,U000197,2025-06-24T11:14:00,2025-06-24T12:01:00,ctv,streaming_stick,GB,False
S0005447,U002660,2025-03-21T16:32:00,2025-03-21T16:42:00,ios,tablet,GB,False
S0005448,U000327,2025-10-25T19:24:00,2025-10-25T21:22:00,ctv,streaming_stick,GB,False
S0005449,U001756,2025-06-14T14:40:00,2025-06-14T15:10:00,android,mobile,GB,False
S0005450,U002597,2025-10-21T10:51:00,2025-10-21T11:53:00,android,tablet,GB,False
S0005451,U001880,2025-07-14T20:03:00,2025-07-14T21:47:00,ios,tablet,GB,True
S0005452,U003288,2025-03-29T15:49:00,2025-03-29T17:30:00,android,mobile,GB,False
S0005453,U000980,2025-06-19T23:08:00,2025-06-19T23:54:00,ios,tablet,GB,False
S0005454,U001395,2025-07-11T21:15:00,2025-07-11T21:53:00,ios,mobile,GB,False
S0005455,U000196,2025-02-13T10:39:00,2025-02-13T10:51:00,web,tablet,GB,False
S0005456,U000862,2025-11-16T19:28:00,2025-11-16T20:31:00,ctv,streaming_stick,GB,False
S0005457,U001167,2025-12-04T23:18:00,2025-12-05T01:07:00,ios,tablet,GB,False
S0005458,U002730,2025-06-28T07:06:00,2025-06-28T08:22:00,android,mobile,GB,False
S0005459,U001977,2025-10-24T18:42:00,2025-10-24T20:42:00,ctv,streaming_stick,GB,False
S0005460,U002490,2025-09-03T18:29:00,2025-09-03T18:44:00,android,tablet,GB,False
S0005461,U002148,2025-08-18T16:58:00,2025-08-18T18:13:00,ios,tablet,GB,False
S0005462,U000226,2025-10-29T10:29:00,2025-10-29T12:20:00,web,desktop,GB,False
S0005463,U002919,2025-12-11T11:48:00,2025-12-11T12:58:00,ios,tablet,GB,False
S0005464,U003874,2025-01-16T17:19:00,2025-01-16T18:08:00,android,mobile,GB,False
S0005465,U002402,2025-11-12T17:06:00,2025-11-12T19:04:00,android,tablet,GB,False
S0005466,U003025,2025-07-18T09:30:00,2025-07-18T09:39:00,ctv,smart_tv,GB,False
S0005467,U002780,2025-02-19T07:28:00,2025-02-19T07:58:00,ctv,smart_tv,GB,False
S0005468,U001425,2025-09-21T12:45:00,2025-09-21T13:05:00,ctv,streaming_stick,GB,False
S0005469,U002998,2025-07-09T21:44:00,2025-07-09T22:16:00,android,mobile,GB,False
S0005470,U002860,2025-11-11T17:28:00,2025-11-11T18:59:00,ios,tablet,GB,False
S0005471,U002665,2025-02-25T14:48:00,2025-02-25T15:42:00,ctv,streaming_stick,GB,False
S0005472,U001817,2025-09-17T15:19:00,2025-09-17T16:23:00,android,mobile,GB,False
S0005473,U001392,2025-08-19T11:49:00,2025-08-19T12:25:00,android,tablet,GB,False
S0005474,U003995,2025-12-21T15:36:00,2025-12-21T15:53:00,ios,mobile,GB,False
S0005475,U001953,2025-11-27T11:13:00,2025-11-27T12:20:00,web,tablet,GB,False
S0005476,U001059,2025-10-05T17:18:00,2025-10-05T18:20:00,web,desktop,GB,False
S0005477,U000320,2025-09-27T16:32:00,2025-09-27T17:09:00,ios,mobile,GB,False
S0005478,U003949,2025-10-13T11:24:00,2025-10-13T12:45:00,ios,mobile,GB,False
S0005479,U000371,2025-06-29T08:14:00,2025-06-29T08:29:00,android,tablet,GB,False
S0005480,U002594,2025-02-10T13:53:00,2025-02-10T14:14:00,android,mobile,GB,False
S0005481,U003398,2025-11-08T22:17:00,2025-11-09T00:09:00,ios,tablet,GB,False
S0005482,U001664,2025-10-31T20:06:00,2025-10-31T21:41:00,android,mobile,GB,False
S0005483,U000483,2025-11-06T23:44:00,2025-11-07T00:25:00,android,mobile,GB,False
S0005484,U002782,2025-06-23T18:36:00,2025-06-23T18:50:00,web,tablet,GB,False
S0005485,U000019,2025-09-12T17:52:00,2025-09-12T19:39:00,ios,mobile,GB,False
S0005486,U000489,2025-11-07T17:28:00,2025-11-07T17:51:00,android,tablet,GB,False
S0005487,U003942,2025-05-29T12:03:00,2025-05-29T13:56:00,ios,mobile,GB,False
S0005488,U001678,2025-02-03T14:31:00,2025-02-03T14:50:00,ios,tablet,GB,False
S0005489,U002431,2025-04-20T18:38:00,2025-04-20T20:03:00,ios,mobile,GB,False
S0005490,U002044,2025-09-20T17:31:00,2025-09-20T19:16:00,android,tablet,GB,False
S0005491,U001125,2025-03-06T13:40:00,2025-03-06T15:13:00,web,mobile,GB,False
S0005492,U001779,2025-03-06T12:46:00,2025-03-06T13:37:00,android,tablet,GB,False
S0005493,U001702,2025-02-21T06:40:00,2025-02-21T08:13:00,web,mobile,GB,False
S0005494,U002792,2025-04-08T12:21:00,2025-04-08T14:00:00,android,tablet,GB,False
S0005495,U000308,2025-09-30T13:18:00,2025-09-30T14:26:00,android,mobile,GB,True
S0005496,U001533,2025-04-18T08:47:00,2025-04-18T10:45:00,android,tablet,GB,False
S0005497,U001843,2025-09-21T15:24:00,2025-09-21T16:53:00,android,mobile,GB,False
S0005498,U001283,2025-09-20T13:14:00,2025-09-20T14:31:00,ctv,streaming_stick,GB,False
S0005499,U002885,2025-03-02T12:14:00,2025-03-02T12:34:00,android,tablet,GB,False
S0005500,U000534,2025-07-28T17:10:00,2025-07-28T19:10:00,web,mobile,GB,False
S0005501,U002009,2025-08-15T19:57:00,2025-08-15T20:11:00,ctv,smart_tv,GB,False
S0005502,U003993,2025-01-31T20:53:00,2025-01-31T21:09:00,ios,mobile,GB,True
S0005503,U000920,2025-04-23T09:10:00,2025-04-23T10:30:00,ios,mobile,GB,False
S0005504,U003705,2025-05-11T14:31:00,2025-05-11T16:21:00,android,tablet,GB,False
S0005505,U003941,2025-07-15T17:41:00,2025-07-15T18:24:00,ios,tablet,GB,False
S0005506,U000722,2025-07-25T12:32:00,2025-07-25T13:46:00,web,mobile,GB,False
S0005507,U000364,2025-08-04T15:09:00,2025-08-04T16:35:00,web,mobile,GB,False
S0005508,U002000,2025-04-25T12:12:00,2025-04-25T13:54:00,ios,tablet,GB,False
S0005509,U003041,2025-12-08T14:19:00,2025-12-08T15:53:00,android,tablet,GB,False
S0005510,U000620,2025-05-13T16:42:00,2025-05-13T18:10:00,ios,tablet,GB,False
S0005511,U001629,2025-09-23T21:53:00,2025-09-23T23:27:00,web,tablet,GB,False
S0005512,U002110,2025-11-13T15:40:00,2025-11-13T16:03:00,android,mobile,GB,False
S0005513,U001276,2025-11-02T08:17:00,2025-11-02T09:22:00,android,tablet,GB,False
S0005514,U003644,2025-07-12T12:54:00,2025-07-12T14:42:00,ios,tablet,GB,False
S0005515,U001383,2025-12-17T15:23:00,2025-12-17T16:50:00,web,tablet,GB,False
S0005516,U000533,2025-12-03T13:09:00,2025-12-03T15:00:00,ctv,smart_tv,GB,False
S0005517,U000470,2025-11-13T20:03:00,2025-11-13T21:24:00,ios,tablet,GB,False
S0005518,U000962,2025-02-25T17:09:00,2025-02-25T18:39:00,web,desktop,GB,False
S0005519,U003929,2025-10-28T14:41:00,2025-10-28T16:26:00,ios,mobile,GB,False
S0005520,U002478,2025-10-22T21:23:00,2025-10-22T22:48:00,web,mobile,GB,False
S0005521,U001430,2025-02-11T22:49:00,2025-02-12T00:18:00,ctv,smart_tv,GB,False
S0005522,U001933,2025-04-19T23:36:00,2025-04-20T01:14:00,ios,tablet,GB,False
S0005523,U002167,2025-05-15T18:21:00,2025-05-15T19:54:00,android,tablet,GB,False
S0005524,U000870,2025-05-17T10:38:00,2025-05-17T11:00:00,ctv,streaming_stick,GB,False
S0005525,U001154,2025-10-14T21:05:00,2025-10-14T21:12:00,android,mobile,GB,False
S0005526,U000677,2025-04-05T18:47:00,2025-04-05T19:02:00,android,mobile,GB,True
S0005527,U002327,2025-07-12T14:00:00,2025-07-12T14:22:00,ios,mobile,GB,True
S0005528,U000390,2025-11-20T11:46:00,2025-11-20T12:58:00,web,tablet,GB,False
S0005529,U000427,2025-03-10T16:22:00,2025-03-10T16:50:00,web,mobile,GB,False
S0005530,U000108,2025-10-28T22:04:00,2025-10-28T23:49:00,ctv,smart_tv,GB,False
S0005531,U003981,2025-05-08T12:33:00,2025-05-08T12:55:00,web,tablet,GB,False
S0005532,U001381,2025-10-15T19:30:00,2025-10-15T20:53:00,ios,tablet,GB,False
S0005533,U000822,2025-04-28T20:22:00,2025-04-28T21:40:00,android,mobile,GB,False
S0005534,U002143,2025-01-01T08:00:00,2025-01-01T08:07:00,android,tablet,GB,False
S0005535,U001613,2025-07-03T23:45:00,2025-07-04T00:28:00,ctv,smart_tv,GB,False
S0005536,U000389,2025-08-22T14:10:00,2025-08-22T15:44:00,android,mobile,GB,False
S0005537,U003280,2025-04-14T13:02:00,2025-04-14T14:39:00,android,mobile,GB,False
S0005538,U000419,2025-10-16T10:33:00,2025-10-16T12:30:00,ios,mobile,GB,False
S0005539,U001655,2025-02-20T14:28:00,2025-02-20T14:37:00,android,tablet,GB,False
S0005540,U000624,2025-01-01T18:09:00,2025-01-01T19:30:00,android,tablet,GB,False
S0005541,U001740,2025-08-02T13:17:00,2025-08-02T14:38:00,android,tablet,GB,False
S0005542,U001298,2025-07-31T15:37:00,2025-07-31T16:01:00,ios,tablet,GB,False
S0005543,U000563,2025-10-04T19:09:00,2025-10-04T19:35:00,android,tablet,GB,False
S0005544,U002749,2025-06-27T16:49:00,2025-06-27T16:57:00,web,desktop,GB,False
S0005545,U001658,2025-10-28T18:55:00,2025-10-28T20:01:00,web,desktop,GB,True
S0005546,U002724,2025-11-27T14:25:00,2025-11-27T14:43:00,ios,mobile,GB,False
S0005547,U002866,2025-04-21T20:57:00,2025-04-21T22:18:00,web,desktop,GB,False
S0005548,U003373,2025-12-19T20:03:00,2025-12-19T20:27:00,android,tablet,GB,False
S0005549,U003949,2025-06-22T18:29:00,2025-06-22T19:07:00,android,mobile,GB,False
S0005550,U003108,2025-05-29T06:15:00,2025-05-29T07:28:00,ios,mobile,GB,False
S0005551,U002921,2025-05-03T20:47:00,2025-05-03T22:24:00,ctv,smart_tv,GB,False
S0005552,U000319,2025-12-02T19:30:00,2025-12-02T21:10:00,web,tablet,GB,True
S0005553,U001046,2025-03-26T15:36:00,2025-03-26T17:26:00,android,tablet,GB,False
S0005554,U001185,2025-12-29T21:10:00,2025-12-29T21:26:00,ios,mobile,GB,True
S0005555,U002528,2025-01-17T08:54:00,2025-01-17T09:08:00,android,tablet,GB,False
S0005556,U000607,2025-10-19T14:52:00,2025-10-19T16:18:00,android,mobile,GB,False
S0005557,U002922,2025-12-15T17:44:00,2025-12-15T19:38:00,ctv,smart_tv,GB,False
S0005558,U000173,2025-03-20T12:57:00,2025-03-20T14:06:00,ios,tablet,GB,False
S0005559,U001746,2025-04-22T17:40:00,2025-04-22T17:50:00,ios,mobile,GB,True
S0005560,U002040,2025-01-18T11:06:00,2025-01-18T12:47:00,ctv,smart_tv,GB,False
S0005561,U000118,2025-05-01T11:27:00,2025-05-01T12:29:00,android,tablet,GB,False
S0005562,U002406,2025-09-20T12:09:00,2025-09-20T13:20:00,ios,tablet,GB,False
S0005563,U001218,2025-05-19T10:24:00,2025-05-19T11:22:00,android,tablet,GB,False
S0005564,U001383,2025-03-26T15:14:00,2025-03-26T15:47:00,android,mobile,GB,True
S0005565,U001935,2025-08-10T18:48:00,2025-08-10T20:08:00,ios,mobile,GB,False
S0005566,U003548,2025-06-12T18:16:00,2025-06-12T19:11:00,ctv,smart_tv,GB,False
S0005567,U001939,2025-12-02T20:30:00,2025-12-02T21:54:00,android,tablet,GB,False
S0005568,U002043,2025-07-15T14:41:00,2025-07-15T15:34:00,android,mobile,GB,False
S0005569,U000219,2025-11-30T22:46:00,2025-11-30T23:36:00,android,tablet,GB,False
S0005570,U000106,2025-08-03T12:25:00,2025-08-03T14:02:00,ios,tablet,GB,False
S0005571,U000800,2025-02-08T19:02:00,2025-02-08T20:31:00,ios,tablet,GB,False
S0005572,U001914,2025-10-02T20:44:00,2025-10-02T21:24:00,android,tablet,GB,False
S0005573,U003883,2025-01-28T12:27:00,2025-01-28T14:01:00,ios,tablet,GB,False
S0005574,U000790,2025-03-20T14:20:00,2025-03-20T15:12:00,android,mobile,GB,False
S0005575,U002261,2025-05-27T21:12:00,2025-05-27T21:36:00,web,tablet,GB,False
S0005576,U001415,2025-12-05T14:19:00,2025-12-05T15:22:00,web,mobile,GB,False
S0005577,U002672,2025-08-27T14:57:00,2025-08-27T15:53:00,web,desktop,GB,False
S0005578,U003778,2025-05-09T11:16:00,2025-05-09T12:42:00,web,desktop,GB,False
S0005579,U001660,2025-02-16T15:45:00,2025-02-16T17:13:00,web,mobile,GB,False
S0005580,U002361,2025-10-09T12:24:00,2025-10-09T12:34:00,ios,tablet,GB,False
S0005581,U003603,2025-09-20T10:48:00,2025-09-20T12:38:00,ios,mobile,GB,True
S0005582,U000437,2025-06-02T15:23:00,2025-06-02T15:32:00,ios,mobile,GB,False
S0005583,U000429,2025-10-24T16:15:00,2025-10-24T16:52:00,ctv,streaming_stick,GB,False
S0005584,U003558,2025-07-28T18:47:00,2025-07-28T20:41:00,android,mobile,GB,False
S0005585,U002151,2025-08-29T17:50:00,2025-08-29T19:37:00,android,tablet,GB,False
S0005586,U000579,2025-09-30T19:49:00,2025-09-30T19:56:00,web,mobile,GB,False
S0005587,U003762,2025-08-17T22:11:00,2025-08-17T23:43:00,android,mobile,GB,False
S0005588,U002509,2025-12-13T16:38:00,2025-12-13T18:33:00,android,mobile,GB,False
S0005589,U003815,2025-06-27T20:10:00,2025-06-27T21:16:00,ctv,streaming_stick,GB,False
S0005590,U001911,2025-07-10T17:03:00,2025-07-10T18:58:00,ios,tablet,GB,False
S0005591,U003766,2025-12-13T17:38:00,2025-12-13T18:31:00,ios,mobile,GB,False
S0005592,U003672,2025-07-28T17:45:00,2025-07-28T19:05:00,android,tablet,GB,True
S0005593,U003565,2025-05-17T18:41:00,2025-05-17T19:47:00,ctv,smart_tv,GB,False
S0005594,U001798,2025-02-09T08:40:00,2025-02-09T10:11:00,ios,tablet,GB,False
S0005595,U002286,2025-06-28T12:59:00,2025-06-28T14:51:00,ios,tablet,GB,False
S0005596,U000877,2025-08-22T16:17:00,2025-08-22T17:50:00,web,desktop,GB,False
S0005597,U000054,2025-11-28T14:12:00,2025-11-28T15:48:00,web,tablet,GB,False
S0005598,U001923,2025-09-13T06:09:00,2025-09-13T07:30:00,web,desktop,GB,False
S0005599,U003153,2025-01-29T20:08:00,2025-01-29T21:26:00,web,desktop,GB,False
S0005600,U003659,2025-08-11T16:30:00,2025-08-11T16:57:00,ios,tablet,GB,False
S0005601,U001083,2025-09-24T12:39:00,2025-09-24T13:16:00,web,mobile,GB,False
S0005602,U001853,2025-03-24T12:35:00,2025-03-24T13:58:00,ios,tablet,GB,False
S0005603,U002796,2025-07-30T21:18:00,2025-07-30T21:58:00,web,tablet,GB,False
S0005604,U001427,2025-02-17T15:13:00,2025-02-17T16:18:00,ctv,streaming_stick,GB,False
S0005605,U001165,2025-09-17T10:34:00,2025-09-17T11:57:00,web,desktop,GB,False
S0005606,U001675,2025-08-10T14:55:00,2025-08-10T16:31:00,ios,tablet,GB,False
S0005607,U000812,2025-12-25T15:09:00,2025-12-25T16:21:00,ios,tablet,GB,False
S0005608,U003660,2025-11-24T23:58:00,2025-11-25T01:21:00,ctv,smart_tv,GB,False
S0005609,U001967,2025-10-18T17:55:00,2025-10-18T19:08:00,ctv,streaming_stick,GB,True
S0005610,U003987,2025-09-14T19:37:00,2025-09-14T21:09:00,ios,mobile,GB,False
S0005611,U002594,2025-09-09T15:24:00,2025-09-09T16:49:00,android,tablet,GB,False
S0005612,U000923,2025-05-15T16:26:00,2025-05-15T16:55:00,ios,mobile,GB,False
S0005613,U003490,2025-02-27T20:26:00,2025-02-27T22:20:00,android,mobile,GB,False
S0005614,U003802,2025-07-04T17:40:00,2025-07-04T19:27:00,web,mobile,GB,False
S0005615,U001664,2025-04-15T11:25:00,2025-04-15T12:46:00,ctv,streaming_stick,GB,False
S0005616,U001520,2025-09-20T16:59:00,2025-09-20T18:31:00,web,mobile,GB,False
S0005617,U000223,2025-11-05T20:17:00,2025-11-05T21:42:00,android,mobile,GB,False
S0005618,U000696,2025-05-27T23:01:00,2025-05-27T23:37:00,ctv,streaming_stick,GB,False
S0005619,U002257,2025-02-14T16:11:00,2025-02-14T17:07:00,ctv,smart_tv,GB,False
S0005620,U002526,2025-10-11T18:52:00,2025-10-11T20:01:00,android,mobile,GB,False
S0005621,U000365,2025-11-14T13:39:00,2025-11-14T15:06:00,ios,tablet,GB,False
S0005622,U003345,2025-10-21T10:06:00,2025-10-21T10:24:00,ios,mobile,GB,False
S0005623,U002347,2025-04-06T18:59:00,2025-04-06T20:50:00,ios,tablet,GB,True
S0005624,U000297,2025-04-05T15:34:00,2025-04-05T15:56:00,web,tablet,GB,False
S0005625,U002818,2025-10-25T19:16:00,2025-10-25T20:09:00,android,mobile,GB,False
S0005626,U001410,2025-07-07T07:54:00,2025-07-07T09:35:00,web,mobile,GB,False
S0005627,U001654,2025-12-12T10:31:00,2025-12-12T10:49:00,android,mobile,GB,False
S0005628,U000320,2025-11-10T17:44:00,2025-11-10T18:43:00,ios,mobile,GB,False
S0005629,U001396,2025-08-10T09:19:00,2025-08-10T10:15:00,web,mobile,GB,False
S0005630,U000451,2025-08-25T14:46:00,2025-08-25T16:04:00,ctv,streaming_stick,GB,False
S0005631,U000864,2025-01-16T16:49:00,2025-01-16T18:15:00,android,mobile,GB,False
S0005632,U002834,2025-12-20T17:54:00,2025-12-20T18:57:00,ctv,smart_tv,GB,False
S0005633,U000784,2025-08-23T12:26:00,2025-08-23T13:32:00,android,mobile,GB,False
S0005634,U000780,2025-07-03T06:16:00,2025-07-03T07:19:00,web,mobile,GB,False
S0005635,U001127,2025-04-08T15:55:00,2025-04-08T16:56:00,web,mobile,GB,False
S0005636,U000977,2025-09-08T10:42:00,2025-09-08T11:13:00,android,mobile,GB,False
S0005637,U001300,2025-11-18T21:58:00,2025-11-18T22:10:00,android,mobile,GB,False
S0005638,U000430,2025-06-27T13:27:00,2025-06-27T15:23:00,ios,tablet,GB,False
S0005639,U001066,2025-01-02T15:41:00,2025-01-02T17:03:00,ios,mobile,GB,False
S0005640,U003184,2025-07-03T16:20:00,2025-07-03T16:40:00,web,desktop,GB,True
S0005641,U000678,2025-12-02T18:29:00,2025-12-02T20:22:00,ios,tablet,GB,True
S0005642,U002021,2025-12-19T17:09:00,2025-12-19T17:28:00,android,mobile,GB,False
S0005643,U001559,2025-11-15T17:36:00,2025-11-15T18:56:00,web,tablet,GB,False
S0005644,U001151,2025-04-12T21:41:00,2025-04-12T23:28:00,web,desktop,GB,True
S0005645,U003568,2025-08-07T22:28:00,2025-08-07T23:17:00,android,tablet,GB,False
S0005646,U000729,2025-10-19T16:32:00,2025-10-19T17:57:00,ios,tablet,GB,False
S0005647,U002747,2025-10-14T16:41:00,2025-10-14T18:14:00,ios,tablet,GB,False
S0005648,U002240,2025-10-28T14:29:00,2025-10-28T16:28:00,web,tablet,GB,False
S0005649,U003632,2025-01-13T17:58:00,2025-01-13T19:07:00,ios,tablet,GB,False
S0005650,U001274,2025-10-04T08:54:00,2025-10-04T09:00:00,ios,tablet,GB,False
S0005651,U001957,2025-04-16T12:37:00,2025-04-16T13:05:00,android,tablet,GB,False
S0005652,U003760,2025-02-07T16:10:00,2025-02-07T16:49:00,ios,mobile,GB,False
S0005653,U002178,2025-02-17T18:03:00,2025-02-17T19:39:00,web,desktop,GB,False
S0005654,U000799,2025-06-21T08:55:00,2025-06-21T09:04:00,android,tablet,GB,False
S0005655,U003161,2025-11-30T13:21:00,2025-11-30T15:08:00,ctv,streaming_stick,GB,False
S0005656,U000401,2025-12-28T19:12:00,2025-12-28T20:24:00,android,tablet,GB,False
S0005657,U003417,2025-01-12T06:25:00,2025-01-12T08:24:00,web,tablet,GB,False
S0005658,U003963,2025-03-08T14:07:00,2025-03-08T16:02:00,android,mobile,GB,False
S0005659,U003117,2025-04-17T20:45:00,2025-04-17T21:53:00,ctv,smart_tv,GB,False
S0005660,U002384,2025-07-05T19:57:00,2025-07-05T21:30:00,ios,mobile,GB,False
S0005661,U002416,2025-03-09T12:58:00,2025-03-09T14:38:00,ios,mobile,GB,False
S0005662,U002257,2025-08-25T21:41:00,2025-08-25T22:25:00,ctv,streaming_stick,GB,False
S0005663,U000047,2025-10-17T21:50:00,2025-10-17T22:57:00,ios,tablet,GB,False
S0005664,U003272,2025-04-29T06:37:00,2025-04-29T08:07:00,ios,mobile,GB,False
S0005665,U001987,2025-10-17T15:10:00,2025-10-17T16:27:00,ctv,smart_tv,GB,False
S0005666,U002918,2025-04-04T17:27:00,2025-04-04T19:19:00,ctv,smart_tv,GB,False
S0005667,U002210,2025-05-07T22:20:00,2025-05-07T23:07:00,web,mobile,GB,False
S0005668,U003618,2025-08-06T23:54:00,2025-08-07T01:20:00,ios,tablet,GB,False
S0005669,U000191,2025-10-29T10:49:00,2025-10-29T12:18:00,android,tablet,GB,False
S0005670,U003894,2025-08-29T17:07:00,2025-08-29T18:51:00,ctv,streaming_stick,GB,False
S0005671,U000947,2025-11-30T23:10:00,2025-12-01T01:06:00,android,tablet,GB,False
S0005672,U003740,2025-03-26T17:29:00,2025-03-26T18:45:00,ios,tablet,GB,False
S0005673,U003023,2025-07-14T16:18:00,2025-07-14T17:07:00,web,tablet,GB,False
S0005674,U001608,2025-01-27T19:12:00,2025-01-27T19:42:00,ios,mobile,GB,False
S0005675,U001497,2025-08-28T09:44:00,2025-08-28T11:34:00,ios,mobile,GB,False
S0005676,U001147,2025-01-17T21:07:00,2025-01-17T21:34:00,web,tablet,GB,False
S0005677,U003548,2025-11-15T09:06:00,2025-11-15T10:05:00,ios,mobile,GB,False
S0005678,U001599,2025-12-03T16:52:00,2025-12-03T17:11:00,web,desktop,GB,False
S0005679,U002506,2025-07-20T14:52:00,2025-07-20T15:55:00,web,desktop,GB,False
S0005680,U003092,2025-11-09T12:47:00,2025-11-09T14:38:00,android,mobile,GB,False
S0005681,U001766,2025-11-19T08:11:00,2025-11-19T09:28:00,ios,mobile,GB,False
S0005682,U000002,2025-02-16T17:05:00,2025-02-16T17:20:00,android,tablet,GB,False
S0005683,U003970,2025-11-27T21:49:00,2025-11-27T23:44:00,ios,tablet,GB,False
S0005684,U001190,2025-01-10T23:09:00,2025-01-11T00:10:00,android,mobile,GB,False
S0005685,U000291,2025-04-06T13:19:00,2025-04-06T14:02:00,ios,mobile,GB,False
S0005686,U003605,2025-02-22T15:11:00,2025-02-22T16:10:00,android,mobile,GB,False
S0005687,U003910,2025-06-29T17:57:00,2025-06-29T19:52:00,ctv,smart_tv,GB,False
S0005688,U001676,2025-10-24T22:59:00,2025-10-24T23:05:00,ios,mobile,GB,True
S0005689,U001067,2025-06-06T10:04:00,2025-06-06T11:32:00,ios,tablet,GB,False
S0005690,U001238,2025-10-28T14:34:00,2025-10-28T15:54:00,ctv,smart_tv,GB,True
S0005691,U002876,2025-06-10T11:16:00,2025-06-10T12:33:00,ios,mobile,GB,False
S0005692,U003913,2025-03-13T14:38:00,2025-03-13T15:30:00,android,tablet,GB,False
S0005693,U003465,2025-04-10T11:00:00,2025-04-10T11:47:00,android,mobile,GB,False
S0005694,U000876,2025-05-15T19:56:00,2025-05-15T21:08:00,android,tablet,GB,False
S0005695,U000203,2025-11-18T15:40:00,2025-11-18T16:21:00,ios,mobile,GB,False
S0005696,U000801,2025-10-24T12:00:00,2025-10-24T13:51:00,android,tablet,GB,False
S0005697,U001225,2025-01-13T06:54:00,2025-01-13T07:04:00,android,mobile,GB,False
S0005698,U000561,2025-09-12T17:10:00,2025-09-12T17:30:00,ios,mobile,GB,True
S0005699,U001661,2025-04-19T22:57:00,2025-04-19T23:06:00,ios,mobile,GB,False
S0005700,U001360,2025-08-30T06:47:00,2025-08-30T08:38:00,web,mobile,GB,False
S0005701,U000832,2025-05-05T14:21:00,2025-05-05T14:33:00,ios,tablet,GB,False
S0005702,U001737,2025-05-05T18:46:00,2025-05-05T19:31:00,ios,tablet,GB,False
S0005703,U003219,2025-01-04T13:16:00,2025-01-04T14:34:00,ctv,streaming_stick,GB,False
S0005704,U001970,2025-12-04T15:12:00,2025-12-04T16:18:00,web,desktop,GB,False
S0005705,U002172,2025-05-15T23:42:00,2025-05-16T01:24:00,ios,mobile,GB,False
S0005706,U001493,2025-10-08T23:54:00,2025-10-09T00:54:00,ios,mobile,GB,False
S0005707,U001231,2025-01-13T23:42:00,2025-01-14T00:04:00,ctv,smart_tv,GB,False
S0005708,U000992,2025-06-25T21:13:00,2025-06-25T21:41:00,android,mobile,GB,False
S0005709,U003812,2025-12-31T18:51:00,2025-12-31T19:45:00,web,mobile,GB,False
S0005710,U001704,2025-01-01T17:08:00,2025-01-01T17:49:00,web,mobile,GB,False
S0005711,U002911,2025-02-13T16:19:00,2025-02-13T17:36:00,android,tablet,GB,False
S0005712,U003324,2025-02-09T13:56:00,2025-02-09T14:31:00,ios,mobile,GB,False
S0005713,U001685,2025-01-17T14:35:00,2025-01-17T14:56:00,web,tablet,GB,False
S0005714,U002725,2025-10-17T17:20:00,2025-10-17T19:10:00,ios,tablet,GB,False
S0005715,U001979,2025-06-08T18:54:00,2025-06-08T20:23:00,ios,tablet,GB,False
S0005716,U000890,2025-03-22T21:11:00,2025-03-22T22:59:00,ios,mobile,GB,False
S0005717,U000090,2025-05-29T22:28:00,2025-05-29T23:34:00,web,tablet,GB,False
S0005718,U002916,2025-12-03T18:14:00,2025-12-03T19:49:00,web,tablet,GB,False
S0005719,U003330,2025-02-11T23:18:00,2025-02-11T23:33:00,ios,tablet,GB,False
S0005720,U000853,2025-08-22T15:19:00,2025-08-22T15:43:00,android,tablet,GB,False
S0005721,U002377,2025-04-27T14:11:00,2025-04-27T14:20:00,ios,tablet,GB,True
S0005722,U003658,2025-02-08T21:11:00,2025-02-08T21:47:00,android,mobile,GB,True
S0005723,U003080,2025-11-28T15:54:00,2025-11-28T17:52:00,android,mobile,GB,False
S0005724,U003141,2025-06-05T14:12:00,2025-06-05T15:57:00,ios,mobile,GB,False
S0005725,U003254,2025-11-11T06:15:00,2025-11-11T07:11:00,web,tablet,GB,False
S0005726,U000993,2025-04-24T15:37:00,2025-04-24T16:36:00,android,tablet,GB,False
S0005727,U002963,2025-01-19T06:56:00,2025-01-19T07:59:00,ios,tablet,GB,False
S0005728,U001364,2025-09-29T12:09:00,2025-09-29T12:25:00,web,tablet,GB,False
S0005729,U003515,2025-09-18T23:15:00,2025-09-18T23:29:00,ios,mobile,GB,False
S0005730,U001098,2025-06-30T22:36:00,2025-06-30T22:48:00,web,desktop,GB,True
S0005731,U000294,2025-03-23T22:40:00,2025-03-23T22:51:00,ios,mobile,GB,False
S0005732,U000747,2025-10-12T09:43:00,2025-10-12T11:16:00,ios,mobile,GB,True
S0005733,U001257,2025-11-05T14:52:00,2025-11-05T16:18:00,ios,tablet,GB,False
S0005734,U001009,2025-06-22T13:22:00,2025-06-22T14:08:00,android,tablet,GB,False
S0005735,U000685,2025-10-08T18:20:00,2025-10-08T20:18:00,android,mobile,GB,False
S0005736,U001211,2025-05-01T13:30:00,2025-05-01T13:43:00,android,tablet,GB,False
S0005737,U000742,2025-07-21T17:59:00,2025-07-21T19:12:00,android,mobile,GB,False
S0005738,U003622,2025-11-11T16:19:00,2025-11-11T18:08:00,ctv,smart_tv,GB,False
S0005739,U001336,2025-09-02T14:38:00,2025-09-02T16:17:00,web,tablet,GB,False
S0005740,U002218,2025-03-30T13:52:00,2025-03-30T14:16:00,android,mobile,GB,False
S0005741,U001093,2025-09-27T20:08:00,2025-09-27T22:07:00,web,desktop,GB,False
S0005742,U003816,2025-05-13T15:56:00,2025-05-13T17:48:00,ios,mobile,GB,False
S0005743,U003331,2025-10-06T14:38:00,2025-10-06T16:10:00,android,tablet,GB,False
S0005744,U002088,2025-07-07T16:17:00,2025-07-07T17:41:00,web,tablet,GB,False
S0005745,U001144,2025-03-09T13:28:00,2025-03-09T14:29:00,ios,tablet,GB,False
S0005746,U001792,2025-07-05T17:24:00,2025-07-05T17:37:00,web,mobile,GB,False
S0005747,U003530,2025-07-18T12:19:00,2025-07-18T12:44:00,web,desktop,GB,False
S0005748,U002246,2025-08-13T11:11:00,2025-08-13T11:59:00,ios,tablet,GB,False
S0005749,U002007,2025-10-18T21:31:00,2025-10-18T22:40:00,ios,mobile,GB,False
S0005750,U001144,2025-10-09T10:19:00,2025-10-09T11:05:00,ios,mobile,GB,False
S0005751,U003927,2025-03-29T13:09:00,2025-03-29T13:18:00,ios,tablet,GB,False
S0005752,U002496,2025-12-31T16:58:00,2025-12-31T17:55:00,web,tablet,GB,False
S0005753,U002697,2025-10-03T06:02:00,2025-10-03T07:08:00,android,mobile,GB,False
S0005754,U003447,2025-06-24T16:34:00,2025-06-24T18:09:00,ios,mobile,GB,False
S0005755,U000674,2025-10-28T18:23:00,2025-10-28T19:18:00,web,mobile,GB,False
S0005756,U001373,2025-08-04T13:19:00,2025-08-04T13:48:00,ios,mobile,GB,False
S0005757,U002996,2025-01-30T16:42:00,2025-01-30T17:49:00,ctv,streaming_stick,GB,False
S0005758,U002489,2025-02-18T17:48:00,2025-02-18T19:42:00,web,tablet,GB,False
S0005759,U003299,2025-01-10T10:50:00,2025-01-10T10:59:00,ios,mobile,GB,False
S0005760,U000958,2025-07-05T17:00:00,2025-07-05T17:58:00,android,mobile,GB,False
S0005761,U002030,2025-05-07T13:02:00,2025-05-07T13:39:00,web,mobile,GB,False
S0005762,U002200,2025-02-15T15:50:00,2025-02-15T16:51:00,android,mobile,GB,False
S0005763,U001873,2025-09-05T10:41:00,2025-09-05T12:20:00,ios,tablet,GB,False
S0005764,U001942,2025-05-07T16:07:00,2025-05-07T17:12:00,ios,tablet,GB,False
S0005765,U002298,2025-08-17T13:37:00,2025-08-17T14:50:00,web,tablet,GB,False
S0005766,U002874,2025-12-02T22:32:00,2025-12-03T00:14:00,web,tablet,GB,False
S0005767,U003164,2025-11-03T14:12:00,2025-11-03T15:24:00,ctv,streaming_stick,GB,False
S0005768,U002260,2025-07-12T09:54:00,2025-07-12T11:39:00,ctv,smart_tv,GB,False
S0005769,U002377,2025-07-24T16:28:00,2025-07-24T18:02:00,ctv,smart_tv,GB,False
S0005770,U001409,2025-02-13T15:47:00,2025-02-13T17:33:00,ios,mobile,GB,False
S0005771,U000685,2025-10-21T20:39:00,2025-10-21T21:41:00,android,tablet,GB,False
S0005772,U000381,2025-09-05T19:49:00,2025-09-05T21:36:00,ios,mobile,GB,True
S0005773,U002867,2025-11-27T12:48:00,2025-11-27T12:54:00,ctv,streaming_stick,GB,False
S0005774,U000207,2025-07-03T15:46:00,2025-07-03T15:52:00,web,tablet,GB,False
S0005775,U000607,2025-10-29T09:16:00,2025-10-29T10:45:00,web,desktop,GB,False
S0005776,U001995,2025-05-29T14:31:00,2025-05-29T16:22:00,ios,tablet,GB,False
S0005777,U001307,2025-03-16T08:38:00,2025-03-16T09:51:00,ctv,streaming_stick,GB,False
S0005778,U001605,2025-01-31T15:31:00,2025-01-31T16:01:00,android,tablet,GB,False
S0005779,U002104,2025-05-18T18:10:00,2025-05-18T18:24:00,ctv,streaming_stick,GB,True
S0005780,U002754,2025-01-20T23:40:00,2025-01-20T23:56:00,web,tablet,GB,False
S0005781,U001179,2025-04-18T14:05:00,2025-04-18T15:29:00,android,tablet,GB,False
S0005782,U000814,2025-06-01T06:33:00,2025-06-01T07:21:00,ios,mobile,GB,False
S0005783,U002301,2025-12-21T20:33:00,2025-12-21T22:11:00,android,mobile,GB,False
S0005784,U000829,2025-05-10T14:44:00,2025-05-10T15:23:00,ios,mobile,GB,False
S0005785,U003683,2025-12-13T15:50:00,2025-12-13T16:52:00,web,desktop,GB,True
S0005786,U001358,2025-10-07T23:44:00,2025-10-08T00:19:00,ctv,smart_tv,GB,False
S0005787,U003366,2025-08-20T16:54:00,2025-08-20T17:01:00,ctv,streaming_stick,GB,False
S0005788,U003825,2025-01-05T16:25:00,2025-01-05T17:43:00,web,desktop,GB,False
S0005789,U003254,2025-02-02T15:18:00,2025-02-02T16:42:00,android,tablet,GB,False
S0005790,U001515,2025-07-02T11:19:00,2025-07-02T12:17:00,ios,mobile,GB,True
S0005791,U002217,2025-02-18T21:20:00,2025-02-18T21:42:00,android,mobile,GB,False
S0005792,U001688,2025-08-13T13:19:00,2025-08-13T13:47:00,web,mobile,GB,False
S0005793,U003416,2025-03-17T21:50:00,2025-03-17T22:26:00,android,mobile,GB,False
S0005794,U002187,2025-12-17T13:12:00,2025-12-17T13:41:00,ios,tablet,GB,False
S0005795,U001097,2025-10-23T18:45:00,2025-10-23T20:17:00,android,mobile,GB,True
S0005796,U003980,2025-09-02T08:50:00,2025-09-02T09:20:00,android,tablet,GB,False
S0005797,U003444,2025-08-10T12:06:00,2025-08-10T12:59:00,android,mobile,GB,True
S0005798,U002081,2025-11-22T19:23:00,2025-11-22T20:56:00,ctv,smart_tv,GB,False
S0005799,U002286,2025-04-11T16:03:00,2025-04-11T17:42:00,web,tablet,GB,False
S0005800,U002877,2025-10-02T10:04:00,2025-10-02T11:16:00,ios,mobile,GB,False
S0005801,U001993,2025-05-08T18:36:00,2025-05-08T18:45:00,ios,tablet,GB,False
S0005802,U003750,2025-04-01T13:12:00,2025-04-01T14:08:00,web,tablet,GB,False
S0005803,U000512,2025-08-06T20:58:00,2025-08-06T21:28:00,ctv,smart_tv,GB,True
S0005804,U003881,2025-05-02T21:55:00,2025-05-02T23:35:00,web,tablet,GB,False
S0005805,U001567,2025-12-11T13:24:00,2025-12-11T15:06:00,android,mobile,GB,False
S0005806,U003026,2025-05-27T18:27:00,2025-05-27T18:40:00,ios,mobile,GB,False
S0005807,U001175,2025-04-27T16:28:00,2025-04-27T17:24:00,ctv,streaming_stick,GB,False
S0005808,U002143,2025-11-19T14:18:00,2025-11-19T14:49:00,ctv,streaming_stick,GB,False
S0005809,U002880,2025-09-08T17:24:00,2025-09-08T17:31:00,web,mobile,GB,False
S0005810,U000085,2025-12-15T15:10:00,2025-12-15T15:38:00,ios,mobile,GB,False
S0005811,U001259,2025-11-13T16:06:00,2025-11-13T17:44:00,ctv,smart_tv,GB,True
S0005812,U003698,2025-09-10T19:50:00,2025-09-10T20:36:00,web,desktop,GB,False
S0005813,U000880,2025-06-16T06:51:00,2025-06-16T08:50:00,android,mobile,GB,False
S0005814,U000052,2025-04-14T17:50:00,2025-04-14T18:11:00,ios,mobile,GB,False
S0005815,U002167,2025-11-02T14:31:00,2025-11-02T15:24:00,web,mobile,GB,False
S0005816,U001223,2025-10-10T14:35:00,2025-10-10T15:49:00,android,mobile,GB,False
S0005817,U001937,2025-12-28T18:12:00,2025-12-28T19:21:00,ios,tablet,GB,True
S0005818,U000639,2025-07-08T23:31:00,2025-07-09T01:25:00,android,tablet,GB,False
S0005819,U002706,2025-05-20T16:08:00,2025-05-20T18:07:00,web,desktop,GB,False
S0005820,U002318,2025-07-07T16:24:00,2025-07-07T18:07:00,ctv,smart_tv,GB,False
S0005821,U001779,2025-02-11T15:35:00,2025-02-11T16:55:00,ios,mobile,GB,True
S0005822,U002432,2025-12-30T12:43:00,2025-12-30T13:11:00,android,mobile,GB,False
S0005823,U001984,2025-04-11T11:03:00,2025-04-11T12:50:00,android,mobile,GB,False
S0005824,U003428,2025-12-27T21:19:00,2025-12-27T22:18:00,android,tablet,GB,False
S0005825,U002827,2025-04-09T19:08:00,2025-04-09T20:18:00,ios,mobile,GB,False
S0005826,U002445,2025-03-14T10:59:00,2025-03-14T12:07:00,android,mobile,GB,False
S0005827,U003493,2025-04-03T18:19:00,2025-04-03T20:15:00,web,mobile,GB,False
S0005828,U002201,2025-03-15T21:04:00,2025-03-15T22:10:00,ios,mobile,GB,False
S0005829,U002743,2025-08-15T22:29:00,2025-08-16T00:07:00,ios,mobile,GB,False
S0005830,U001094,2025-02-03T11:24:00,2025-02-03T12:03:00,ios,tablet,GB,False
S0005831,U003545,2025-01-27T14:59:00,2025-01-27T15:34:00,ios,tablet,GB,False
S0005832,U003176,2025-08-01T15:03:00,2025-08-01T15:22:00,ios,tablet,GB,False
S0005833,U003799,2025-10-06T09:17:00,2025-10-06T10:21:00,android,mobile,GB,False
S0005834,U003452,2025-02-14T13:56:00,2025-02-14T15:56:00,web,desktop,GB,False
S0005835,U000323,2025-07-03T10:50:00,2025-07-03T11:45:00,web,tablet,GB,False
S0005836,U000824,2025-08-20T19:39:00,2025-08-20T21:35:00,web,mobile,GB,False
S0005837,U003699,2025-06-20T14:27:00,2025-06-20T15:38:00,ios,tablet,GB,False
S0005838,U003614,2025-03-22T15:53:00,2025-03-22T17:00:00,ios,tablet,GB,False
S0005839,U000511,2025-11-30T13:27:00,2025-11-30T14:40:00,ctv,streaming_stick,GB,False
S0005840,U001994,2025-10-12T13:17:00,2025-10-12T14:07:00,web,desktop,GB,False
S0005841,U003846,2025-04-25T14:28:00,2025-04-25T16:07:00,android,mobile,GB,False
S0005842,U000303,2025-01-29T13:31:00,2025-01-29T14:03:00,ios,tablet,GB,False
S0005843,U000665,2025-04-07T23:25:00,2025-04-07T23:44:00,android,tablet,GB,False
S0005844,U002172,2025-05-07T10:57:00,2025-05-07T11:31:00,web,mobile,GB,True
S0005845,U003364,2025-03-30T08:25:00,2025-03-30T09:35:00,android,mobile,GB,True
S0005846,U000887,2025-03-08T12:39:00,2025-03-08T14:10:00,ios,mobile,GB,False
S0005847,U000408,2025-04-20T16:47:00,2025-04-20T17:54:00,android,tablet,GB,False
S0005848,U001026,2025-03-12T13:15:00,2025-03-12T13:39:00,android,mobile,GB,False
S0005849,U003587,2025-10-22T09:15:00,2025-10-22T11:01:00,ios,tablet,GB,False
S0005850,U003072,2025-11-25T16:14:00,2025-11-25T17:19:00,ctv,smart_tv,GB,False
S0005851,U004000,2025-05-24T23:40:00,2025-05-25T01:26:00,ios,mobile,GB,False
S0005852,U003683,2025-03-08T17:26:00,2025-03-08T19:23:00,ios,mobile,GB,False
S0005853,U001036,2025-02-27T20:06:00,2025-02-27T20:11:00,android,tablet,GB,False
S0005854,U000260,2025-04-23T17:17:00,2025-04-23T17:27:00,android,mobile,GB,False
S0005855,U000259,2025-08-08T17:25:00,2025-08-08T18:01:00,ios,mobile,GB,False
S0005856,U002013,2025-05-16T15:20:00,2025-05-16T16:11:00,ios,mobile,GB,False
S0005857,U003912,2025-11-13T21:34:00,2025-11-13T23:18:00,ios,tablet,GB,False
S0005858,U002840,2025-05-05T11:15:00,2025-05-05T12:26:00,android,tablet,GB,False
S0005859,U001748,2025-10-20T23:42:00,2025-10-21T01:39:00,ctv,smart_tv,GB,False
S0005860,U000638,2025-06-09T09:56:00,2025-06-09T11:33:00,ctv,streaming_stick,GB,False
S0005861,U001435,2025-11-02T18:27:00,2025-11-02T20:21:00,web,tablet,GB,False
S0005862,U001483,2025-03-03T18:09:00,2025-03-03T19:16:00,web,desktop,GB,False
S0005863,U001374,2025-01-31T15:44:00,2025-01-31T17:04:00,android,mobile,GB,True
S0005864,U001202,2025-07-29T15:54:00,2025-07-29T17:19:00,ios,tablet,GB,False
S0005865,U003768,2025-01-19T11:04:00,2025-01-19T11:42:00,android,tablet,GB,False
S0005866,U003333,2025-06-11T20:57:00,2025-06-11T21:12:00,ios,tablet,GB,False
S0005867,U003038,2025-04-16T19:42:00,2025-04-16T20:44:00,android,mobile,GB,False
S0005868,U002311,2025-05-18T23:42:00,2025-05-19T01:15:00,web,tablet,GB,False
S0005869,U001158,2025-01-29T22:31:00,2025-01-30T00:17:00,web,mobile,GB,False
S0005870,U001584,2025-01-09T17:36:00,2025-01-09T18:35:00,ios,tablet,GB,False
S0005871,U003015,2025-09-22T14:45:00,2025-09-22T14:56:00,android,mobile,GB,False
S0005872,U001319,2025-11-28T17:53:00,2025-11-28T18:02:00,android,mobile,GB,True
S0005873,U001089,2025-11-29T15:58:00,2025-11-29T16:03:00,web,mobile,GB,False
S0005874,U001084,2025-03-27T20:16:00,2025-03-27T20:27:00,ctv,smart_tv,GB,False
S0005875,U002696,2025-08-11T18:01:00,2025-08-11T19:45:00,android,tablet,GB,False
S0005876,U003275,2025-07-12T13:10:00,2025-07-12T14:14:00,ios,mobile,GB,False
S0005877,U003460,2025-07-28T12:00:00,2025-07-28T12:05:00,android,tablet,GB,False
S0005878,U000426,2025-07-08T16:29:00,2025-07-08T17:38:00,web,mobile,GB,True
S0005879,U001854,2025-12-07T14:15:00,2025-12-07T14:34:00,ios,tablet,GB,False
S0005880,U002798,2025-10-29T15:23:00,2025-10-29T16:10:00,android,mobile,GB,False
S0005881,U001752,2025-10-29T16:50:00,2025-10-29T18:23:00,ctv,smart_tv,GB,False
S0005882,U003574,2025-12-28T10:13:00,2025-12-28T11:33:00,ios,mobile,GB,False
S0005883,U001114,2025-06-16T13:42:00,2025-06-16T15:13:00,web,desktop,GB,True
S0005884,U003384,2025-06-16T22:23:00,2025-06-16T23:58:00,ctv,smart_tv,GB,False
S0005885,U003228,2025-09-11T20:32:00,2025-09-11T21:28:00,android,mobile,GB,False
S0005886,U001955,2025-10-08T16:29:00,2025-10-08T18:12:00,ctv,smart_tv,GB,False
S0005887,U000114,2025-01-01T17:22:00,2025-01-01T17:54:00,ios,mobile,GB,False
S0005888,U003854,2025-11-11T13:20:00,2025-11-11T14:29:00,web,tablet,GB,True
S0005889,U000108,2025-04-10T09:02:00,2025-04-10T10:46:00,ctv,streaming_stick,GB,False
S0005890,U002347,2025-05-05T11:04:00,2025-05-05T12:00:00,ios,tablet,GB,False
S0005891,U003957,2025-08-20T12:57:00,2025-08-20T13:42:00,ios,mobile,GB,True
S0005892,U000134,2025-01-06T14:44:00,2025-01-06T16:05:00,ctv,smart_tv,GB,False
S0005893,U003117,2025-01-04T10:11:00,2025-01-04T12:01:00,android,mobile,GB,False
S0005894,U001138,2025-05-03T13:11:00,2025-05-03T13:35:00,ctv,smart_tv,GB,False
S0005895,U001214,2025-12-02T23:44:00,2025-12-03T00:04:00,ios,tablet,GB,False
S0005896,U001383,2025-09-20T20:18:00,2025-09-20T21:34:00,ctv,smart_tv,GB,False
S0005897,U001454,2025-02-17T09:58:00,2025-02-17T10:55:00,android,tablet,GB,False
S0005898,U002494,2025-03-06T10:14:00,2025-03-06T11:25:00,android,mobile,GB,False
S0005899,U001624,2025-11-21T21:06:00,2025-11-21T22:43:00,android,mobile,GB,False
S0005900,U002225,2025-11-16T15:20:00,2025-11-16T15:43:00,web,mobile,GB,False
S0005901,U003941,2025-10-25T17:57:00,2025-10-25T18:03:00,android,mobile,GB,False
S0005902,U001176,2025-09-12T13:06:00,2025-09-12T14:29:00,web,desktop,GB,False
S0005903,U001737,2025-04-30T12:30:00,2025-04-30T13:00:00,android,tablet,GB,True
S0005904,U000206,2025-07-24T11:38:00,2025-07-24T13:15:00,web,desktop,GB,False
S0005905,U003528,2025-05-13T09:41:00,2025-05-13T11:40:00,android,mobile,GB,False
S0005906,U003502,2025-04-29T12:17:00,2025-04-29T13:21:00,ctv,streaming_stick,GB,False
S0005907,U002036,2025-11-10T09:18:00,2025-11-10T10:11:00,web,desktop,GB,True
S0005908,U002527,2025-06-10T16:22:00,2025-06-10T16:54:00,android,mobile,GB,False
S0005909,U002127,2025-05-09T14:04:00,2025-05-09T15:51:00,android,tablet,GB,False
S0005910,U002357,2025-11-27T17:46:00,2025-11-27T18:45:00,ios,mobile,GB,False
S0005911,U000430,2025-07-29T09:24:00,2025-07-29T10:11:00,android,mobile,GB,False
S0005912,U002082,2025-11-28T10:14:00,2025-11-28T10:39:00,ios,mobile,GB,False
S0005913,U002651,2025-09-02T17:49:00,2025-09-02T19:29:00,ios,mobile,GB,False
S0005914,U000840,2025-03-25T20:27:00,2025-03-25T20:58:00,ios,tablet,GB,False
S0005915,U003489,2025-06-20T19:44:00,2025-06-20T21:35:00,android,mobile,GB,False
S0005916,U000687,2025-05-15T21:54:00,2025-05-15T22:03:00,ios,tablet,GB,False
S0005917,U001621,2025-10-17T18:20:00,2025-10-17T20:17:00,ios,mobile,GB,False
S0005918,U002908,2025-11-23T21:20:00,2025-11-23T21:59:00,android,mobile,GB,False
S0005919,U001383,2025-08-20T23:19:00,2025-08-20T23:45:00,android,mobile,GB,False
S0005920,U003078,2025-09-03T12:16:00,2025-09-03T13:29:00,android,mobile,GB,False
S0005921,U002233,2025-02-08T06:03:00,2025-02-08T07:32:00,android,tablet,GB,False
S0005922,U002552,2025-08-31T22:48:00,2025-08-31T23:46:00,ios,mobile,GB,False
S0005923,U000159,2025-12-01T10:13:00,2025-12-01T10:29:00,ctv,streaming_stick,GB,False
S0005924,U001891,2025-06-26T15:03:00,2025-06-26T15:27:00,web,tablet,GB,False
S0005925,U000004,2025-12-21T17:25:00,2025-12-21T18:07:00,ios,mobile,GB,False
S0005926,U000095,2025-09-27T21:43:00,2025-09-27T23:08:00,ctv,smart_tv,GB,False
S0005927,U002120,2025-01-20T18:22:00,2025-01-20T20:11:00,ios,tablet,GB,False
S0005928,U000033,2025-11-09T19:34:00,2025-11-09T20:49:00,ios,mobile,GB,False
S0005929,U000342,2025-10-24T14:21:00,2025-10-24T16:10:00,android,tablet,GB,True
S0005930,U001228,2025-11-20T17:45:00,2025-11-20T17:56:00,ios,tablet,GB,False
S0005931,U000746,2025-12-06T15:58:00,2025-12-06T17:40:00,ctv,streaming_stick,GB,False
S0005932,U003897,2025-04-26T16:02:00,2025-04-26T17:21:00,web,mobile,GB,False
S0005933,U003702,2025-04-26T15:19:00,2025-04-26T16:21:00,android,tablet,GB,False
S0005934,U001598,2025-05-28T21:49:00,2025-05-28T23:24:00,android,mobile,GB,False
S0005935,U000295,2025-10-02T21:13:00,2025-10-02T22:20:00,web,mobile,GB,False
S0005936,U001272,2025-01-21T08:23:00,2025-01-21T10:19:00,android,tablet,GB,False
S0005937,U000572,2025-11-29T15:03:00,2025-11-29T16:51:00,ios,tablet,GB,False
S0005938,U001437,2025-09-19T16:14:00,2025-09-19T17:33:00,web,mobile,GB,False
S0005939,U003375,2025-11-07T21:59:00,2025-11-07T22:16:00,ios,mobile,GB,False
S0005940,U001186,2025-06-18T23:53:00,2025-06-19T01:36:00,android,mobile,GB,False
S0005941,U003150,2025-10-20T21:02:00,2025-10-20T22:59:00,ios,tablet,GB,False
S0005942,U002511,2025-12-09T21:28:00,2025-12-09T23:08:00,ios,mobile,GB,False
S0005943,U003953,2025-09-30T18:06:00,2025-09-30T18:42:00,android,mobile,GB,True
S0005944,U001798,2025-02-21T07:12:00,2025-02-21T07:29:00,ios,tablet,GB,False
S0005945,U002397,2025-03-21T09:46:00,2025-03-21T11:33:00,android,tablet,GB,False
S0005946,U002349,2025-03-03T14:05:00,2025-03-03T14:43:00,web,tablet,GB,False
S0005947,U002586,2025-11-06T13:58:00,2025-11-06T14:23:00,ios,mobile,GB,False
S0005948,U000626,2025-01-05T14:21:00,2025-01-05T14:52:00,ios,tablet,GB,False
S0005949,U001253,2025-06-03T15:38:00,2025-06-03T17:20:00,ctv,smart_tv,GB,False
S0005950,U002622,2025-11-05T15:21:00,2025-11-05T16:23:00,android,mobile,GB,False
S0005951,U002227,2025-09-23T14:15:00,2025-09-23T16:04:00,android,mobile,GB,False
S0005952,U003136,2025-11-09T14:10:00,2025-11-09T14:27:00,android,mobile,GB,False
S0005953,U001351,2025-10-05T17:31:00,2025-10-05T17:41:00,ios,tablet,GB,False
S0005954,U001276,2025-09-07T23:03:00,2025-09-08T00:56:00,android,tablet,GB,False
S0005955,U002774,2025-04-21T13:49:00,2025-04-21T14:42:00,ios,tablet,GB,False
S0005956,U001015,2025-10-03T11:11:00,2025-10-03T12:37:00,android,mobile,GB,False
S0005957,U000449,2025-01-08T15:11:00,2025-01-08T16:54:00,web,mobile,GB,False
S0005958,U003936,2025-11-27T09:06:00,2025-11-27T09:49:00,ios,tablet,GB,True
S0005959,U000892,2025-09-05T15:17:00,2025-09-05T15:33:00,ios,tablet,GB,False
S0005960,U003333,2025-05-27T15:22:00,2025-05-27T16:11:00,android,tablet,GB,False
S0005961,U001872,2025-09-13T14:49:00,2025-09-13T15:03:00,ios,tablet,GB,False
S0005962,U003284,2025-06-05T21:17:00,2025-06-05T22:25:00,android,mobile,GB,False
S0005963,U002269,2025-02-12T19:05:00,2025-02-12T20:23:00,ios,mobile,GB,False
S0005964,U001415,2025-05-08T08:41:00,2025-05-08T10:17:00,ctv,streaming_stick,GB,False
S0005965,U001333,2025-09-13T13:55:00,2025-09-13T15:48:00,web,desktop,GB,False
S0005966,U002038,2025-02-08T12:53:00,2025-02-08T14:47:00,ctv,smart_tv,GB,False
S0005967,U002371,2025-07-30T09:42:00,2025-07-30T10:03:00,ios,mobile,GB,False
S0005968,U003154,2025-12-05T21:40:00,2025-12-05T23:02:00,web,tablet,GB,False
S0005969,U000951,2025-07-09T08:28:00,2025-07-09T09:15:00,web,tablet,GB,False
S0005970,U000245,2025-06-06T17:53:00,2025-06-06T18:13:00,android,tablet,GB,False
S0005971,U000510,2025-01-16T09:52:00,2025-01-16T11:19:00,ios,tablet,GB,False
S0005972,U002804,2025-11-04T14:39:00,2025-11-04T16:33:00,web,mobile,GB,False
S0005973,U003529,2025-12-22T09:46:00,2025-12-22T10:47:00,ios,tablet,GB,False
S0005974,U000355,2025-08-17T16:55:00,2025-08-17T18:52:00,ios,tablet,GB,False
S0005975,U001243,2025-11-10T15:53:00,2025-11-10T16:46:00,android,mobile,GB,False
S0005976,U000342,2025-09-21T16:44:00,2025-09-21T18:29:00,android,mobile,GB,False
S0005977,U002000,2025-12-30T13:10:00,2025-12-30T13:20:00,ctv,streaming_stick,GB,False
S0005978,U004000,2025-04-30T22:36:00,2025-05-01T00:10:00,android,mobile,GB,False
S0005979,U003089,2025-11-07T06:31:00,2025-11-07T07:32:00,android,mobile,GB,False
S0005980,U001773,2025-01-03T15:47:00,2025-01-03T17:12:00,android,mobile,GB,False
S0005981,U001551,2025-11-24T11:05:00,2025-11-24T11:55:00,web,tablet,GB,False
S0005982,U003314,2025-02-12T15:38:00,2025-02-12T17:08:00,ios,mobile,GB,False
S0005983,U000419,2025-08-10T13:08:00,2025-08-10T13:54:00,web,tablet,GB,False
S0005984,U003673,2025-03-02T15:59:00,2025-03-02T16:47:00,android,tablet,GB,True
S0005985,U003589,2025-07-24T13:30:00,2025-07-24T15:03:00,web,tablet,GB,False
S0005986,U000827,2025-11-23T16:24:00,2025-11-23T17:09:00,ctv,streaming_stick,GB,False
S0005987,U002356,2025-11-27T14:55:00,2025-11-27T16:39:00,web,tablet,GB,False
S0005988,U000570,2025-05-31T17:00:00,2025-05-31T17:40:00,ios,tablet,GB,False
S0005989,U001348,2025-04-26T20:54:00,2025-04-26T22:20:00,ios,tablet,GB,False
S0005990,U001875,2025-07-04T19:48:00,2025-07-04T21:01:00,android,mobile,GB,False
S0005991,U000731,2025-01-02T14:52:00,2025-01-02T16:40:00,android,mobile,GB,False
S0005992,U003665,2025-11-11T11:38:00,2025-11-11T13:35:00,android,mobile,GB,False
S0005993,U000693,2025-07-11T13:44:00,2025-07-11T15:41:00,android,mobile,GB,False
S0005994,U003205,2025-09-15T15:35:00,2025-09-15T16:46:00,ctv,streaming_stick,GB,False
S0005995,U000061,2025-03-10T08:56:00,2025-03-10T10:22:00,ctv,smart_tv,GB,False
S0005996,U003268,2025-06-09T09:27:00,2025-06-09T11:10:00,ios,tablet,GB,False
S0005997,U001558,2025-06-23T16:32:00,2025-06-23T17:03:00,ios,tablet,GB,False
S0005998,U000121,2025-04-21T16:53:00,2025-04-21T17:13:00,ios,mobile,GB,False
S0005999,U002815,2025-03-16T23:37:00,2025-03-17T00:42:00,ios,mobile,GB,False
S0006000,U003032,2025-03-20T16:06:00,2025-03-20T16:20:00,ios,tablet,GB,False
